source_row_id,event_id,subscriber_id,site_id,event_time,usage_type,usage_value,usage_unit,charge_amount,updated_at
usage_events-000001,EV-0000001,SU-00001,ST-0001,2026-01-01T00:00:00Z,voice,498.0,minutes,4.41,2026-01-01T00:00:00Z
usage_events-000002,EV-0000002,SU-00002,ST-0002,2026-01-01T00:07:00Z,voice,105.9,minutes,0.64,2026-01-01T00:07:00Z
usage_events-000003,EV-0000003,SU-00003,ST-0003,2026-01-01T00:14:00Z,voice,458.2,minutes,4.36,2026-01-01T00:14:00Z
usage_events-000004,EV-0000004,SU-00004,ST-0004,2026-01-01T00:21:00Z,sms,402.2,messages,0.67,2026-01-01T00:21:00Z
usage_events-000005,EV-0000005,SU-00005,ST-0005,2026-01-01T00:28:00Z,data,479.8,mb,3.47,2026-01-01T00:28:00Z
usage_events-000006,EV-0000006,SU-00006,ST-0006,2026-01-01T00:35:00Z,voice,388.5,minutes,2.41,2026-01-01T00:35:00Z
usage_events-000007,EV-0000007,SU-00007,ST-0007,2026-01-01T00:42:00Z,voice,316.4,minutes,2.70,2026-01-01T00:42:00Z
usage_events-000008,EV-0000008,SU-00008,ST-0008,2026-01-01T00:49:00Z,data,125.1,mb,3.21,2026-01-01T00:49:00Z
usage_events-000009,EV-0000009,SU-00009,ST-0009,2026-01-01T00:56:00Z,data,352.8,mb,3.20,2026-01-01T00:56:00Z
usage_events-000010,EV-0000010,SU-00010,ST-0010,2026-01-01T01:03:00Z,voice,149.6,minutes,1.43,2026-01-01T01:03:00Z
usage_events-000011,EV-0000011,SU-00011,ST-0011,2026-01-01T01:10:00Z,data,461.2,mb,0.75,2026-01-01T01:10:00Z
usage_events-000012,EV-0000012,SU-00012,ST-0012,2026-01-01T01:17:00Z,data,205.3,mb,2.49,2026-01-01T01:17:00Z
usage_events-000013,EV-0000013,SU-00013,ST-0013,2026-01-01T01:24:00Z,data,63.4,mb,3.98,2026-01-01T01:24:00Z
usage_events-000014,EV-0000014,SU-00014,ST-0014,2026-01-01T01:31:00Z,voice,468.4,minutes,3.48,2026-01-01T01:31:00Z
usage_events-000015,EV-0000015,SU-00015,ST-0015,2026-01-01T01:38:00Z,voice,266.0,minutes,3.99,2026-01-01T01:38:00Z
usage_events-000016,EV-0000016,SU-00016,ST-0016,2026-01-01T01:45:00Z,voice,299.5,minutes,0.46,2026-01-01T01:45:00Z
usage_events-000017,EV-0000017,SU-00017,ST-0017,2026-01-01T01:52:00Z,sms,295.6,messages,1.38,2026-01-01T01:52:00Z
usage_events-000018,EV-0000018,SU-00018,ST-0018,2026-01-01T01:59:00Z,sms,343.0,messages,0.20,2026-01-01T01:59:00Z
usage_events-000019,EV-0000019,SU-00019,ST-0019,2026-01-01T02:06:00Z,data,58.6,mb,3.55,2026-01-01T02:06:00Z
usage_events-000020,EV-0000020,SU-00020,ST-0020,2026-01-01T02:13:00Z,data,372.9,mb,3.03,2026-01-01T02:13:00Z
usage_events-000021,EV-0000021,SU-00021,ST-0021,2026-01-01T02:20:00Z,sms,149.0,messages,2.73,2026-01-01T02:20:00Z
usage_events-000022,EV-0000022,SU-00022,ST-0022,2026-01-01T02:27:00Z,data,212.9,mb,4.78,2026-01-01T02:27:00Z
usage_events-000023,EV-0000023,SU-00023,ST-0023,2026-01-01T02:34:00Z,voice,390.2,minutes,4.02,2026-01-01T02:34:00Z
usage_events-000024,EV-0000024,SU-00024,ST-0024,2026-01-01T02:41:00Z,sms,142.6,messages,1.57,2026-01-01T02:41:00Z
usage_events-000025,EV-0000025,SU-00025,ST-0025,2026-01-01T02:48:00Z,sms,35.3,messages,4.42,2026-01-01T02:48:00Z
usage_events-000026,EV-0000026,SU-00026,ST-0026,2026-01-01T02:55:00Z,sms,18.5,messages,1.38,2026-01-01T02:55:00Z
usage_events-000027,EV-0000027,SU-00027,ST-0027,2026-01-01T03:02:00Z,voice,422.5,minutes,0.28,2026-01-01T03:02:00Z
usage_events-000028,EV-0000028,SU-00028,ST-0028,2026-01-01T03:09:00Z,voice,100.6,minutes,0.50,2026-01-01T03:09:00Z
usage_events-000029,EV-0000029,SU-00029,ST-0029,2026-01-01T03:16:00Z,data,1.4,mb,4.01,2026-01-01T03:16:00Z
usage_events-000030,EV-0000030,SU-00030,ST-0030,2026-01-01T03:23:00Z,voice,449.1,minutes,2.82,2026-01-01T03:23:00Z
usage_events-000031,EV-0000031,SU-00031,ST-0001,2026-01-01T03:30:00Z,voice,402.0,minutes,1.15,2026-01-01T03:30:00Z
usage_events-000032,EV-0000032,SU-00032,ST-0002,2026-01-01T03:37:00Z,sms,490.3,messages,0.84,2026-01-01T03:37:00Z
usage_events-000033,EV-0000033,SU-00033,ST-0003,2026-01-01T03:44:00Z,voice,314.8,minutes,3.46,2026-01-01T03:44:00Z
usage_events-000034,EV-0000034,SU-00034,ST-0004,2026-01-01T03:51:00Z,sms,35.5,messages,1.84,2026-01-01T03:51:00Z
usage_events-000035,EV-0000035,SU-00035,ST-0005,2026-01-01T03:58:00Z,sms,478.8,messages,1.83,2026-01-01T03:58:00Z
usage_events-000036,EV-0000036,SU-00036,ST-0006,2026-01-01T04:05:00Z,voice,53.7,minutes,1.77,2026-01-01T04:05:00Z
usage_events-000037,EV-0000037,SU-00037,ST-0007,2026-01-01T04:12:00Z,data,56.7,mb,2.68,2026-01-01T04:12:00Z
usage_events-000038,EV-0000038,SU-00038,ST-0008,2026-01-01T04:19:00Z,voice,117.4,minutes,0.61,2026-01-01T04:19:00Z
usage_events-000039,EV-0000039,SU-00039,ST-0009,2026-01-01T04:26:00Z,data,227.7,mb,2.86,2026-01-01T04:26:00Z
usage_events-000040,EV-0000040,SU-00040,ST-0010,2026-01-01T04:33:00Z,data,30.8,mb,1.65,2026-01-01T04:33:00Z
usage_events-000041,EV-0000041,SU-00041,ST-0011,2026-01-01T04:40:00Z,sms,383.6,messages,0.94,2026-01-01T04:40:00Z
usage_events-000042,EV-0000042,SU-00042,ST-0012,2026-01-01T04:47:00Z,data,319.9,mb,0.38,2026-01-01T04:47:00Z
usage_events-000043,EV-0000043,SU-00043,ST-0013,2026-01-01T04:54:00Z,data,470.4,mb,0.61,2026-01-01T04:54:00Z
usage_events-000044,EV-0000044,SU-00044,ST-0014,2026-01-01T05:01:00Z,voice,125.6,minutes,1.51,2026-01-01T05:01:00Z
usage_events-000045,EV-0000045,SU-00045,ST-0015,2026-01-01T05:08:00Z,voice,79.3,minutes,3.39,2026-01-01T05:08:00Z
usage_events-000046,EV-0000046,SU-00046,ST-0016,2026-01-01T05:15:00Z,voice,400.6,minutes,4.61,2026-01-01T05:15:00Z
usage_events-000047,EV-0000047,SU-00047,ST-0017,2026-01-01T05:22:00Z,sms,384.2,messages,0.39,2026-01-01T05:22:00Z
usage_events-000048,EV-0000048,SU-00048,ST-0018,2026-01-01T05:29:00Z,voice,387.1,minutes,4.62,2026-01-01T05:29:00Z
usage_events-000049,EV-0000049,SU-00049,ST-0019,2026-01-01T05:36:00Z,sms,260.3,messages,1.50,2026-01-01T05:36:00Z
usage_events-000050,EV-0000050,SU-00050,ST-0020,2026-01-01T05:43:00Z,data,3.7,mb,4.57,2026-01-01T05:43:00Z
usage_events-000051,EV-0000051,SU-00051,ST-0021,2026-01-01T05:50:00Z,sms,93.5,messages,4.05,2026-01-01T05:50:00Z
usage_events-000052,EV-0000052,SU-00052,ST-0022,2026-01-01T05:57:00Z,data,465.5,mb,2.04,2026-01-01T05:57:00Z
usage_events-000053,EV-0000053,SU-00053,ST-0023,2026-01-01T06:04:00Z,sms,3.2,messages,0.04,2026-01-01T06:04:00Z
usage_events-000054,EV-0000054,SU-00054,ST-0024,2026-01-01T06:11:00Z,data,101.3,mb,2.94,2026-01-01T06:11:00Z
usage_events-000055,EV-0000055,SU-00055,ST-0025,2026-01-01T06:18:00Z,sms,152.8,messages,0.71,2026-01-01T06:18:00Z
usage_events-000056,EV-0000056,SU-00056,ST-0026,2026-01-01T06:25:00Z,data,396.9,mb,3.10,2026-01-01T06:25:00Z
usage_events-000057,EV-0000057,SU-00057,ST-0027,2026-01-01T06:32:00Z,data,281.8,mb,4.51,2026-01-01T06:32:00Z
usage_events-000058,EV-0000058,SU-00058,ST-0028,2026-01-01T06:39:00Z,sms,27.0,messages,0.16,2026-01-01T06:39:00Z
usage_events-000059,EV-0000059,SU-00059,ST-0029,2026-01-01T06:46:00Z,voice,487.0,minutes,0.77,2026-01-01T06:46:00Z
usage_events-000060,EV-0000060,SU-00060,ST-0030,2026-01-01T06:53:00Z,sms,384.0,messages,1.55,2026-01-01T06:53:00Z
usage_events-000061,EV-0000061,SU-00061,ST-0001,2026-01-01T07:00:00Z,sms,4.4,messages,2.62,2026-01-01T07:00:00Z
usage_events-000062,EV-0000062,SU-00062,ST-0002,2026-01-01T07:07:00Z,sms,275.5,messages,2.07,2026-01-01T07:07:00Z
usage_events-000063,EV-0000063,SU-00063,ST-0003,2026-01-01T07:14:00Z,sms,152.5,messages,3.86,2026-01-01T07:14:00Z
usage_events-000064,EV-0000064,SU-00064,ST-0004,2026-01-01T07:21:00Z,sms,347.8,messages,4.46,2026-01-01T07:21:00Z
usage_events-000065,EV-0000065,SU-00065,ST-0005,2026-01-01T07:28:00Z,sms,77.6,messages,3.20,2026-01-01T07:28:00Z
usage_events-000066,EV-0000066,SU-00066,ST-0006,2026-01-01T07:35:00Z,voice,362.9,minutes,1.73,2026-01-01T07:35:00Z
usage_events-000067,EV-0000067,SU-00067,ST-0007,2026-01-01T07:42:00Z,voice,286.3,minutes,1.69,2026-01-01T07:42:00Z
usage_events-000068,EV-0000068,SU-00068,ST-0008,2026-01-01T07:49:00Z,voice,324.2,minutes,0.21,2026-01-01T07:49:00Z
usage_events-000069,EV-0000069,SU-00069,ST-0009,2026-01-01T07:56:00Z,data,194.4,mb,3.02,2026-01-01T07:56:00Z
usage_events-000070,EV-0000070,SU-00070,ST-0010,2026-01-01T08:03:00Z,data,94.6,mb,0.74,2026-01-01T08:03:00Z
usage_events-000071,EV-0000071,SU-00071,ST-0011,2026-01-01T08:10:00Z,data,252.3,mb,0.27,2026-01-01T08:10:00Z
usage_events-000072,EV-0000072,SU-00072,ST-0012,2026-01-01T08:17:00Z,voice,252.1,minutes,1.85,2026-01-01T08:17:00Z
usage_events-000073,EV-0000073,SU-00073,ST-0013,2026-01-01T08:24:00Z,data,42.6,mb,4.63,2026-01-01T08:24:00Z
usage_events-000074,EV-0000074,SU-00074,ST-0014,2026-01-01T08:31:00Z,voice,92.8,minutes,1.05,2026-01-01T08:31:00Z
usage_events-000075,EV-0000075,SU-00075,ST-0015,2026-01-01T08:38:00Z,sms,179.8,messages,0.54,2026-01-01T08:38:00Z
usage_events-000076,EV-0000076,SU-00076,ST-0016,2026-01-01T08:45:00Z,voice,41.5,minutes,3.44,2026-01-01T08:45:00Z
usage_events-000077,EV-0000077,SU-00077,ST-0017,2026-01-01T08:52:00Z,data,3.8,mb,3.06,2026-01-01T08:52:00Z
usage_events-000078,EV-0000078,SU-00078,ST-0018,2026-01-01T08:59:00Z,data,478.2,mb,4.60,2026-01-01T08:59:00Z
usage_events-000079,EV-0000079,SU-00079,ST-0019,2026-01-01T09:06:00Z,sms,206.2,messages,1.39,2026-01-01T09:06:00Z
usage_events-000080,EV-0000080,SU-00080,ST-0020,2026-01-01T09:13:00Z,sms,298.4,messages,2.84,2026-01-01T09:13:00Z
usage_events-000081,EV-0000081,SU-00081,ST-0021,2026-01-01T09:20:00Z,voice,419.5,minutes,0.45,2026-01-01T09:20:00Z
usage_events-000082,EV-0000082,SU-00082,ST-0022,2026-01-01T09:27:00Z,data,482.9,mb,1.00,2026-01-01T09:27:00Z
usage_events-000083,EV-0000083,SU-00083,ST-0023,2026-01-01T09:34:00Z,voice,176.6,minutes,1.90,2026-01-01T09:34:00Z
usage_events-000084,EV-0000084,SU-00084,ST-0024,2026-01-01T09:41:00Z,voice,405.5,minutes,0.00,2026-01-01T09:41:00Z
usage_events-000085,EV-0000085,SU-00085,ST-0025,2026-01-01T09:48:00Z,voice,15.6,minutes,3.63,2026-01-01T09:48:00Z
usage_events-000086,EV-0000086,SU-00086,ST-0026,2026-01-01T09:55:00Z,voice,190.2,minutes,1.73,2026-01-01T09:55:00Z
usage_events-000087,EV-0000087,SU-00087,ST-0027,2026-01-01T10:02:00Z,sms,91.9,messages,2.19,2026-01-01T10:02:00Z
usage_events-000088,EV-0000088,SU-00088,ST-0028,2026-01-01T10:09:00Z,data,398.8,mb,1.02,2026-01-01T10:09:00Z
usage_events-000089,EV-0000089,SU-00089,ST-0029,2026-01-01T10:16:00Z,voice,344.9,minutes,0.38,2026-01-01T10:16:00Z
usage_events-000090,EV-0000090,SU-00090,ST-0030,2026-01-01T10:23:00Z,voice,472.2,minutes,2.60,2026-01-01T10:23:00Z
usage_events-000091,EV-0000091,SU-00091,ST-0001,2026-01-01T10:30:00Z,data,272.2,mb,4.72,2026-01-01T10:30:00Z
usage_events-000092,EV-0000092,SU-00092,ST-0002,2026-01-01T10:37:00Z,data,470.2,mb,0.26,2026-01-01T10:37:00Z
usage_events-000093,EV-0000093,SU-00093,ST-0003,2026-01-01T10:44:00Z,voice,199.6,minutes,2.57,2026-01-01T10:44:00Z
usage_events-000094,EV-0000094,SU-00094,ST-0004,2026-01-01T10:51:00Z,sms,127.9,messages,4.93,2026-01-01T10:51:00Z
usage_events-000095,EV-0000095,SU-00095,ST-0005,2026-01-01T10:58:00Z,sms,377.5,messages,2.27,2026-01-01T10:58:00Z
usage_events-000096,EV-0000096,SU-00096,ST-0006,2026-01-01T11:05:00Z,data,137.0,mb,0.91,2026-01-01T11:05:00Z
usage_events-000097,EV-0000097,SU-00097,ST-0007,2026-01-01T11:12:00Z,data,26.1,mb,1.07,2026-01-01T11:12:00Z
usage_events-000098,EV-0000098,SU-00098,ST-0008,2026-01-01T11:19:00Z,sms,159.2,messages,3.51,2026-01-01T11:19:00Z
usage_events-000099,EV-0000099,SU-00099,ST-0009,2026-01-01T11:26:00Z,sms,277.3,messages,0.06,2026-01-01T11:26:00Z
usage_events-000100,EV-0000100,SU-00100,ST-0010,2026-01-01T11:33:00Z,data,413.1,mb,2.10,2026-01-01T11:33:00Z
usage_events-000101,EV-0000101,SU-00101,ST-0011,2026-01-01T11:40:00Z,voice,51.2,minutes,4.51,2026-01-01T11:40:00Z
usage_events-000102,EV-0000102,SU-00102,ST-0012,2026-01-01T11:47:00Z,sms,21.0,messages,3.71,2026-01-01T11:47:00Z
usage_events-000103,EV-0000103,SU-00103,ST-0013,2026-01-01T11:54:00Z,sms,187.0,messages,3.18,2026-01-01T11:54:00Z
usage_events-000104,EV-0000104,SU-00104,ST-0014,2026-01-01T12:01:00Z,sms,198.3,messages,2.23,2026-01-01T12:01:00Z
usage_events-000105,EV-0000105,SU-00105,ST-0015,2026-01-01T12:08:00Z,sms,227.8,messages,3.11,2026-01-01T12:08:00Z
usage_events-000106,EV-0000106,SU-00106,ST-0016,2026-01-01T12:15:00Z,data,316.2,mb,2.36,2026-01-01T12:15:00Z
usage_events-000107,EV-0000107,SU-00107,ST-0017,2026-01-01T12:22:00Z,voice,108.7,minutes,2.00,2026-01-01T12:22:00Z
usage_events-000108,EV-0000108,SU-00108,ST-0018,2026-01-01T12:29:00Z,data,133.7,mb,0.52,2026-01-01T12:29:00Z
usage_events-000109,EV-0000109,SU-00109,ST-0019,2026-01-01T12:36:00Z,data,148.4,mb,0.75,2026-01-01T12:36:00Z
usage_events-000110,EV-0000110,SU-00110,ST-0020,2026-01-01T12:43:00Z,voice,436.0,minutes,4.07,2026-01-01T12:43:00Z
usage_events-000111,EV-0000111,SU-00111,ST-0021,2026-01-01T12:50:00Z,sms,444.0,messages,1.41,2026-01-01T12:50:00Z
usage_events-000112,EV-0000112,SU-00112,ST-0022,2026-01-01T12:57:00Z,data,165.9,mb,4.47,2026-01-01T12:57:00Z
usage_events-000113,EV-0000113,SU-00113,ST-0023,2026-01-01T13:04:00Z,voice,412.1,minutes,2.80,2026-01-01T13:04:00Z
usage_events-000114,EV-0000114,SU-00114,ST-0024,2026-01-01T13:11:00Z,data,419.0,mb,4.09,2026-01-01T13:11:00Z
usage_events-000115,EV-0000115,SU-00115,ST-0025,2026-01-01T13:18:00Z,data,42.9,mb,0.73,2026-01-01T13:18:00Z
usage_events-000116,EV-0000116,SU-00116,ST-0026,2026-01-01T13:25:00Z,voice,425.5,minutes,4.35,2026-01-01T13:25:00Z
usage_events-000117,EV-0000117,SU-00117,ST-0027,2026-01-01T13:32:00Z,data,188.9,mb,0.54,2026-01-01T13:32:00Z
usage_events-000118,EV-0000118,SU-00118,ST-0028,2026-01-01T13:39:00Z,sms,180.5,messages,4.70,2026-01-01T13:39:00Z
usage_events-000119,EV-0000119,SU-00119,ST-0029,2026-01-01T13:46:00Z,sms,65.3,messages,0.23,2026-01-01T13:46:00Z
usage_events-000120,EV-0000120,SU-00120,ST-0030,2026-01-01T13:53:00Z,voice,88.2,minutes,3.48,2026-01-01T13:53:00Z
usage_events-000121,EV-0000121,SU-00121,ST-0001,2026-01-01T14:00:00Z,data,171.6,mb,4.32,2026-01-01T14:00:00Z
usage_events-000122,EV-0000122,SU-00122,ST-0002,2026-01-01T14:07:00Z,sms,400.6,messages,0.80,2026-01-01T14:07:00Z
usage_events-000123,EV-0000123,SU-00123,ST-0003,2026-01-01T14:14:00Z,data,175.8,mb,3.74,2026-01-01T14:14:00Z
usage_events-000124,EV-0000124,SU-00124,ST-0004,2026-01-01T14:21:00Z,voice,353.7,minutes,0.69,2026-01-01T14:21:00Z
usage_events-000125,EV-0000125,SU-00125,ST-0005,2026-01-01T14:28:00Z,data,62.7,mb,1.73,2026-01-01T14:28:00Z
usage_events-000126,EV-0000126,SU-00126,ST-0006,2026-01-01T14:35:00Z,data,454.2,mb,3.10,2026-01-01T14:35:00Z
usage_events-000127,EV-0000127,SU-00127,ST-0007,2026-01-01T14:42:00Z,sms,109.5,messages,2.50,2026-01-01T14:42:00Z
usage_events-000128,EV-0000128,SU-00128,ST-0008,2026-01-01T14:49:00Z,voice,475.4,minutes,2.09,2026-01-01T14:49:00Z
usage_events-000129,EV-0000129,SU-00129,ST-0009,2026-01-01T14:56:00Z,sms,166.7,messages,0.82,2026-01-01T14:56:00Z
usage_events-000130,EV-0000130,SU-00130,ST-0010,2026-01-01T15:03:00Z,data,162.4,mb,4.90,2026-01-01T15:03:00Z
usage_events-000131,EV-0000131,SU-00131,ST-0011,2026-01-01T15:10:00Z,data,419.7,mb,2.03,2026-01-01T15:10:00Z
usage_events-000132,EV-0000132,SU-00132,ST-0012,2026-01-01T15:17:00Z,data,276.3,mb,4.50,2026-01-01T15:17:00Z
usage_events-000133,EV-0000133,SU-00133,ST-0013,2026-01-01T15:24:00Z,sms,145.1,messages,3.54,2026-01-01T15:24:00Z
usage_events-000134,EV-0000134,SU-00134,ST-0014,2026-01-01T15:31:00Z,voice,191.2,minutes,3.99,2026-01-01T15:31:00Z
usage_events-000135,EV-0000135,SU-00135,ST-0015,2026-01-01T15:38:00Z,sms,274.1,messages,0.12,2026-01-01T15:38:00Z
usage_events-000136,EV-0000136,SU-00136,ST-0016,2026-01-01T15:45:00Z,sms,229.1,messages,4.38,2026-01-01T15:45:00Z
usage_events-000137,EV-0000137,SU-00137,ST-0017,2026-01-01T15:52:00Z,data,22.8,mb,4.42,2026-01-01T15:52:00Z
usage_events-000138,EV-0000138,SU-00138,ST-0018,2026-01-01T15:59:00Z,data,484.0,mb,4.88,2026-01-01T15:59:00Z
usage_events-000139,EV-0000139,SU-00139,ST-0019,2026-01-01T16:06:00Z,data,172.3,mb,2.08,2026-01-01T16:06:00Z
usage_events-000140,EV-0000140,SU-00140,ST-0020,2026-01-01T16:13:00Z,voice,430.6,minutes,0.91,2026-01-01T16:13:00Z
usage_events-000141,EV-0000141,SU-00141,ST-0021,2026-01-01T16:20:00Z,voice,254.2,minutes,2.28,2026-01-01T16:20:00Z
usage_events-000142,EV-0000142,SU-00142,ST-0022,2026-01-01T16:27:00Z,voice,129.4,minutes,4.56,2026-01-01T16:27:00Z
usage_events-000143,EV-0000143,SU-00143,ST-0023,2026-01-01T16:34:00Z,sms,199.6,messages,1.14,2026-01-01T16:34:00Z
usage_events-000144,EV-0000144,SU-00144,ST-0024,2026-01-01T16:41:00Z,sms,41.1,messages,1.77,2026-01-01T16:41:00Z
usage_events-000145,EV-0000145,SU-00145,ST-0025,2026-01-01T16:48:00Z,sms,331.3,messages,2.46,2026-01-01T16:48:00Z
usage_events-000146,EV-0000146,SU-00146,ST-0026,2026-01-01T16:55:00Z,voice,121.9,minutes,4.47,2026-01-01T16:55:00Z
usage_events-000147,EV-0000147,SU-00147,ST-0027,2026-01-01T17:02:00Z,voice,377.5,minutes,3.26,2026-01-01T17:02:00Z
usage_events-000148,EV-0000148,SU-00148,ST-0028,2026-01-01T17:09:00Z,data,132.0,mb,1.59,2026-01-01T17:09:00Z
usage_events-000149,EV-0000149,SU-00149,ST-0029,2026-01-01T17:16:00Z,data,277.8,mb,4.48,2026-01-01T17:16:00Z
usage_events-000150,EV-0000150,SU-00150,ST-0030,2026-01-01T17:23:00Z,voice,227.3,minutes,3.25,2026-01-01T17:23:00Z
usage_events-000151,EV-0000151,SU-00151,ST-0001,2026-01-01T17:30:00Z,data,241.1,mb,4.13,2026-01-01T17:30:00Z
usage_events-000152,EV-0000152,SU-00152,ST-0002,2026-01-01T17:37:00Z,voice,138.7,minutes,1.98,2026-01-01T17:37:00Z
usage_events-000153,EV-0000153,SU-00153,ST-0003,2026-01-01T17:44:00Z,data,267.0,mb,0.94,2026-01-01T17:44:00Z
usage_events-000154,EV-0000154,SU-00154,ST-0004,2026-01-01T17:51:00Z,sms,195.6,messages,4.36,2026-01-01T17:51:00Z
usage_events-000155,EV-0000155,SU-00155,ST-0005,2026-01-01T17:58:00Z,data,297.8,mb,0.95,2026-01-01T17:58:00Z
usage_events-000156,EV-0000156,SU-00156,ST-0006,2026-01-01T18:05:00Z,sms,380.5,messages,1.22,2026-01-01T18:05:00Z
usage_events-000157,EV-0000157,SU-00157,ST-0007,2026-01-01T18:12:00Z,voice,349.1,minutes,1.89,2026-01-01T18:12:00Z
usage_events-000158,EV-0000158,SU-00158,ST-0008,2026-01-01T18:19:00Z,voice,434.9,minutes,3.03,2026-01-01T18:19:00Z
usage_events-000159,EV-0000159,SU-00159,ST-0009,2026-01-01T18:26:00Z,sms,243.8,messages,2.35,2026-01-01T18:26:00Z
usage_events-000160,EV-0000160,SU-00160,ST-0010,2026-01-01T18:33:00Z,sms,408.0,messages,2.98,2026-01-01T18:33:00Z
usage_events-000161,EV-0000161,SU-00161,ST-0011,2026-01-01T18:40:00Z,sms,427.6,messages,3.39,2026-01-01T18:40:00Z
usage_events-000162,EV-0000162,SU-00162,ST-0012,2026-01-01T18:47:00Z,data,391.6,mb,3.12,2026-01-01T18:47:00Z
usage_events-000163,EV-0000163,SU-00163,ST-0013,2026-01-01T18:54:00Z,sms,292.2,messages,3.04,2026-01-01T18:54:00Z
usage_events-000164,EV-0000164,SU-00164,ST-0014,2026-01-01T19:01:00Z,voice,380.8,minutes,4.45,2026-01-01T19:01:00Z
usage_events-000165,EV-0000165,SU-00165,ST-0015,2026-01-01T19:08:00Z,sms,326.4,messages,4.35,2026-01-01T19:08:00Z
usage_events-000166,EV-0000166,SU-00166,ST-0016,2026-01-01T19:15:00Z,sms,132.4,messages,1.11,2026-01-01T19:15:00Z
usage_events-000167,EV-0000167,SU-00167,ST-0017,2026-01-01T19:22:00Z,sms,223.3,messages,0.32,2026-01-01T19:22:00Z
usage_events-000168,EV-0000168,SU-00168,ST-0018,2026-01-01T19:29:00Z,sms,102.1,messages,2.18,2026-01-01T19:29:00Z
usage_events-000169,EV-0000169,SU-00169,ST-0019,2026-01-01T19:36:00Z,sms,408.0,messages,1.48,2026-01-01T19:36:00Z
usage_events-000170,EV-0000170,SU-00170,ST-0020,2026-01-01T19:43:00Z,voice,362.7,minutes,2.32,2026-01-01T19:43:00Z
usage_events-000171,EV-0000171,SU-00171,ST-0021,2026-01-01T19:50:00Z,sms,376.5,messages,4.13,2026-01-01T19:50:00Z
usage_events-000172,EV-0000172,SU-00172,ST-0022,2026-01-01T19:57:00Z,sms,179.4,messages,2.48,2026-01-01T19:57:00Z
usage_events-000173,EV-0000173,SU-00173,ST-0023,2026-01-01T20:04:00Z,data,282.1,mb,2.96,2026-01-01T20:04:00Z
usage_events-000174,EV-0000174,SU-00174,ST-0024,2026-01-01T20:11:00Z,data,373.5,mb,1.57,2026-01-01T20:11:00Z
usage_events-000175,EV-0000175,SU-00175,ST-0025,2026-01-01T20:18:00Z,data,200.3,mb,1.72,2026-01-01T20:18:00Z
usage_events-000176,EV-0000176,SU-00176,ST-0026,2026-01-01T20:25:00Z,sms,196.0,messages,3.79,2026-01-01T20:25:00Z
usage_events-000177,EV-0000177,SU-00177,ST-0027,2026-01-01T20:32:00Z,voice,332.6,minutes,4.01,2026-01-01T20:32:00Z
usage_events-000178,EV-0000178,SU-00178,ST-0028,2026-01-01T20:39:00Z,voice,492.7,minutes,1.76,2026-01-01T20:39:00Z
usage_events-000179,EV-0000179,SU-00179,ST-0029,2026-01-01T20:46:00Z,voice,384.7,minutes,2.86,2026-01-01T20:46:00Z
usage_events-000180,EV-0000180,SU-00180,ST-0030,2026-01-01T20:53:00Z,sms,302.1,messages,4.22,2026-01-01T20:53:00Z
usage_events-000181,EV-0000181,SU-00181,ST-0001,2026-01-01T21:00:00Z,data,194.5,mb,0.76,2026-01-01T21:00:00Z
usage_events-000182,EV-0000182,SU-00182,ST-0002,2026-01-01T21:07:00Z,voice,270.1,minutes,4.40,2026-01-01T21:07:00Z
usage_events-000183,EV-0000183,SU-00183,ST-0003,2026-01-01T21:14:00Z,voice,280.1,minutes,2.63,2026-01-01T21:14:00Z
usage_events-000184,EV-0000184,SU-00184,ST-0004,2026-01-01T21:21:00Z,data,317.3,mb,4.27,2026-01-01T21:21:00Z
usage_events-000185,EV-0000185,SU-00185,ST-0005,2026-01-01T21:28:00Z,data,473.1,mb,3.78,2026-01-01T21:28:00Z
usage_events-000186,EV-0000186,SU-00186,ST-0006,2026-01-01T21:35:00Z,data,369.0,mb,4.23,2026-01-01T21:35:00Z
usage_events-000187,EV-0000187,SU-00187,ST-0007,2026-01-01T21:42:00Z,sms,427.6,messages,2.01,2026-01-01T21:42:00Z
usage_events-000188,EV-0000188,SU-00188,ST-0008,2026-01-01T21:49:00Z,sms,319.3,messages,3.55,2026-01-01T21:49:00Z
usage_events-000189,EV-0000189,SU-00189,ST-0009,2026-01-01T21:56:00Z,sms,318.7,messages,2.39,2026-01-01T21:56:00Z
usage_events-000190,EV-0000190,SU-00190,ST-0010,2026-01-01T22:03:00Z,sms,85.5,messages,0.33,2026-01-01T22:03:00Z
usage_events-000191,EV-0000191,SU-00191,ST-0011,2026-01-01T22:10:00Z,sms,34.7,messages,2.15,2026-01-01T22:10:00Z
usage_events-000192,EV-0000192,SU-00192,ST-0012,2026-01-01T22:17:00Z,voice,206.7,minutes,1.30,2026-01-01T22:17:00Z
usage_events-000193,EV-0000193,SU-00193,ST-0013,2026-01-01T22:24:00Z,voice,150.9,minutes,2.42,2026-01-01T22:24:00Z
usage_events-000194,EV-0000194,SU-00194,ST-0014,2026-01-01T22:31:00Z,sms,435.9,messages,4.82,2026-01-01T22:31:00Z
usage_events-000195,EV-0000195,SU-00195,ST-0015,2026-01-01T22:38:00Z,voice,128.4,minutes,1.45,2026-01-01T22:38:00Z
usage_events-000196,EV-0000196,SU-00196,ST-0016,2026-01-01T22:45:00Z,voice,285.2,minutes,0.99,2026-01-01T22:45:00Z
usage_events-000197,EV-0000197,SU-00197,ST-0017,2026-01-01T22:52:00Z,data,297.6,mb,4.39,2026-01-01T22:52:00Z
usage_events-000198,EV-0000198,SU-00198,ST-0018,2026-01-01T22:59:00Z,voice,491.5,minutes,4.66,2026-01-01T22:59:00Z
usage_events-000199,EV-0000199,SU-00199,ST-0019,2026-01-01T23:06:00Z,data,155.2,mb,0.05,2026-01-01T23:06:00Z
usage_events-000200,EV-0000200,SU-00200,ST-0020,2026-01-01T23:13:00Z,data,388.2,mb,4.20,2026-01-01T23:13:00Z
usage_events-000201,EV-0000201,SU-00201,ST-0021,2026-01-01T23:20:00Z,sms,56.7,messages,3.17,2026-01-01T23:20:00Z
usage_events-000202,EV-0000202,SU-00202,ST-0022,2026-01-01T23:27:00Z,voice,170.7,minutes,4.04,2026-01-01T23:27:00Z
usage_events-000203,EV-0000203,SU-00203,ST-0023,2026-01-01T23:34:00Z,data,326.1,mb,3.18,2026-01-01T23:34:00Z
usage_events-000204,EV-0000204,SU-00204,ST-0024,2026-01-01T23:41:00Z,sms,282.0,messages,0.04,2026-01-01T23:41:00Z
usage_events-000205,EV-0000205,SU-00205,ST-0025,2026-01-01T23:48:00Z,sms,160.8,messages,1.32,2026-01-01T23:48:00Z
usage_events-000206,EV-0000206,SU-00206,ST-0026,2026-01-01T23:55:00Z,data,56.6,mb,0.93,2026-01-01T23:55:00Z
usage_events-000207,EV-0000207,SU-00207,ST-0027,2026-01-02T00:02:00Z,data,404.4,mb,2.06,2026-01-02T00:02:00Z
usage_events-000208,EV-0000208,SU-00208,ST-0028,2026-01-02T00:09:00Z,data,52.6,mb,0.51,2026-01-02T00:09:00Z
usage_events-000209,EV-0000209,SU-00209,ST-0029,2026-01-02T00:16:00Z,data,384.0,mb,2.92,2026-01-02T00:16:00Z
usage_events-000210,EV-0000210,SU-00210,ST-0030,2026-01-02T00:23:00Z,data,93.8,mb,2.03,2026-01-02T00:23:00Z
usage_events-000211,EV-0000211,SU-00211,ST-0001,2026-01-02T00:30:00Z,data,292.1,mb,0.19,2026-01-02T00:30:00Z
usage_events-000212,EV-0000212,SU-00212,ST-0002,2026-01-02T00:37:00Z,sms,401.1,messages,3.41,2026-01-02T00:37:00Z
usage_events-000213,EV-0000213,SU-00213,ST-0003,2026-01-02T00:44:00Z,voice,291.6,minutes,1.57,2026-01-02T00:44:00Z
usage_events-000214,EV-0000214,SU-00214,ST-0004,2026-01-02T00:51:00Z,data,166.1,mb,4.03,2026-01-02T00:51:00Z
usage_events-000215,EV-0000215,SU-00215,ST-0005,2026-01-02T00:58:00Z,data,156.4,mb,2.04,2026-01-02T00:58:00Z
usage_events-000216,EV-0000216,SU-00216,ST-0006,2026-01-02T01:05:00Z,voice,308.1,minutes,2.11,2026-01-02T01:05:00Z
usage_events-000217,EV-0000217,SU-00217,ST-0007,2026-01-02T01:12:00Z,data,146.2,mb,4.28,2026-01-02T01:12:00Z
usage_events-000218,EV-0000218,SU-00218,ST-0008,2026-01-02T01:19:00Z,voice,240.2,minutes,4.80,2026-01-02T01:19:00Z
usage_events-000219,EV-0000219,SU-00219,ST-0009,2026-01-02T01:26:00Z,data,463.3,mb,1.65,2026-01-02T01:26:00Z
usage_events-000220,EV-0000220,SU-00220,ST-0010,2026-01-02T01:33:00Z,sms,399.3,messages,3.26,2026-01-02T01:33:00Z
usage_events-000221,EV-0000221,SU-00221,ST-0011,2026-01-02T01:40:00Z,data,17.9,mb,1.27,2026-01-02T01:40:00Z
usage_events-000222,EV-0000222,SU-00222,ST-0012,2026-01-02T01:47:00Z,data,489.4,mb,4.01,2026-01-02T01:47:00Z
usage_events-000223,EV-0000223,SU-00223,ST-0013,2026-01-02T01:54:00Z,voice,363.7,minutes,2.87,2026-01-02T01:54:00Z
usage_events-000224,EV-0000224,SU-00224,ST-0014,2026-01-02T02:01:00Z,voice,193.4,minutes,4.65,2026-01-02T02:01:00Z
usage_events-000225,EV-0000225,SU-00225,ST-0015,2026-01-02T02:08:00Z,sms,37.3,messages,0.96,2026-01-02T02:08:00Z
usage_events-000226,EV-0000226,SU-00226,ST-0016,2026-01-02T02:15:00Z,data,72.4,mb,3.28,2026-01-02T02:15:00Z
usage_events-000227,EV-0000227,SU-00227,ST-0017,2026-01-02T02:22:00Z,data,210.8,mb,0.25,2026-01-02T02:22:00Z
usage_events-000228,EV-0000228,SU-00228,ST-0018,2026-01-02T02:29:00Z,data,33.6,mb,1.35,2026-01-02T02:29:00Z
usage_events-000229,EV-0000229,SU-00229,ST-0019,2026-01-02T02:36:00Z,sms,431.8,messages,2.85,2026-01-02T02:36:00Z
usage_events-000230,EV-0000230,SU-00230,ST-0020,2026-01-02T02:43:00Z,sms,265.5,messages,4.58,2026-01-02T02:43:00Z
usage_events-000231,EV-0000231,SU-00231,ST-0021,2026-01-02T02:50:00Z,sms,12.7,messages,2.84,2026-01-02T02:50:00Z
usage_events-000232,EV-0000232,SU-00232,ST-0022,2026-01-02T02:57:00Z,sms,349.3,messages,1.27,2026-01-02T02:57:00Z
usage_events-000233,EV-0000233,SU-00233,ST-0023,2026-01-02T03:04:00Z,data,499.8,mb,2.00,2026-01-02T03:04:00Z
usage_events-000234,EV-0000234,SU-00234,ST-0024,2026-01-02T03:11:00Z,voice,479.7,minutes,0.21,2026-01-02T03:11:00Z
usage_events-000235,EV-0000235,SU-00235,ST-0025,2026-01-02T03:18:00Z,sms,51.0,messages,0.10,2026-01-02T03:18:00Z
usage_events-000236,EV-0000236,SU-00236,ST-0026,2026-01-02T03:25:00Z,sms,388.2,messages,3.27,2026-01-02T03:25:00Z
usage_events-000237,EV-0000237,SU-00237,ST-0027,2026-01-02T03:32:00Z,voice,408.8,minutes,4.96,2026-01-02T03:32:00Z
usage_events-000238,EV-0000238,SU-00238,ST-0028,2026-01-02T03:39:00Z,sms,410.1,messages,0.48,2026-01-02T03:39:00Z
usage_events-000239,EV-0000239,SU-00239,ST-0029,2026-01-02T03:46:00Z,voice,299.8,minutes,3.29,2026-01-02T03:46:00Z
usage_events-000240,EV-0000240,SU-00240,ST-0030,2026-01-02T03:53:00Z,sms,143.9,messages,2.87,2026-01-02T03:53:00Z
usage_events-000241,EV-0000241,SU-00241,ST-0001,2026-01-02T04:00:00Z,voice,362.2,minutes,3.04,2026-01-02T04:00:00Z
usage_events-000242,EV-0000242,SU-00242,ST-0002,2026-01-02T04:07:00Z,sms,221.3,messages,3.52,2026-01-02T04:07:00Z
usage_events-000243,EV-0000243,SU-00243,ST-0003,2026-01-02T04:14:00Z,sms,327.3,messages,3.44,2026-01-02T04:14:00Z
usage_events-000244,EV-0000244,SU-00244,ST-0004,2026-01-02T04:21:00Z,data,69.6,mb,1.88,2026-01-02T04:21:00Z
usage_events-000245,EV-0000245,SU-00245,ST-0005,2026-01-02T04:28:00Z,voice,141.9,minutes,0.31,2026-01-02T04:28:00Z
usage_events-000246,EV-0000246,SU-00246,ST-0006,2026-01-02T04:35:00Z,voice,143.7,minutes,4.05,2026-01-02T04:35:00Z
usage_events-000247,EV-0000247,SU-00247,ST-0007,2026-01-02T04:42:00Z,data,311.9,mb,2.36,2026-01-02T04:42:00Z
usage_events-000248,EV-0000248,SU-00248,ST-0008,2026-01-02T04:49:00Z,data,383.4,mb,4.43,2026-01-02T04:49:00Z
usage_events-000249,EV-0000249,SU-00249,ST-0009,2026-01-02T04:56:00Z,voice,462.6,minutes,0.69,2026-01-02T04:56:00Z
usage_events-000250,EV-0000250,SU-00250,ST-0010,2026-01-02T05:03:00Z,sms,387.7,messages,3.03,2026-01-02T05:03:00Z
usage_events-000251,EV-0000251,SU-00001,ST-0011,2026-01-02T05:10:00Z,voice,475.1,minutes,1.17,2026-01-02T05:10:00Z
usage_events-000252,EV-0000252,SU-00002,ST-0012,2026-01-02T05:17:00Z,sms,296.3,messages,3.91,2026-01-02T05:17:00Z
usage_events-000253,EV-0000253,SU-00003,ST-0013,2026-01-02T05:24:00Z,data,406.5,mb,1.34,2026-01-02T05:24:00Z
usage_events-000254,EV-0000254,SU-00004,ST-0014,2026-01-02T05:31:00Z,data,359.5,mb,0.05,2026-01-02T05:31:00Z
usage_events-000255,EV-0000255,SU-00005,ST-0015,2026-01-02T05:38:00Z,data,332.1,mb,4.92,2026-01-02T05:38:00Z
usage_events-000256,EV-0000256,SU-00006,ST-0016,2026-01-02T05:45:00Z,data,84.7,mb,4.16,2026-01-02T05:45:00Z
usage_events-000257,EV-0000257,SU-00007,ST-0017,2026-01-02T05:52:00Z,voice,114.7,minutes,0.57,2026-01-02T05:52:00Z
usage_events-000258,EV-0000258,SU-00008,ST-0018,2026-01-02T05:59:00Z,voice,205.3,minutes,1.55,2026-01-02T05:59:00Z
usage_events-000259,EV-0000259,SU-00009,ST-0019,2026-01-02T06:06:00Z,voice,304.5,minutes,2.06,2026-01-02T06:06:00Z
usage_events-000260,EV-0000260,SU-00010,ST-0020,2026-01-02T06:13:00Z,data,321.7,mb,4.47,2026-01-02T06:13:00Z
usage_events-000261,EV-0000261,SU-00011,ST-0021,2026-01-02T06:20:00Z,sms,401.0,messages,2.15,2026-01-02T06:20:00Z
usage_events-000262,EV-0000262,SU-00012,ST-0022,2026-01-02T06:27:00Z,sms,27.9,messages,3.94,2026-01-02T06:27:00Z
usage_events-000263,EV-0000263,SU-00013,ST-0023,2026-01-02T06:34:00Z,data,358.9,mb,3.33,2026-01-02T06:34:00Z
usage_events-000264,EV-0000264,SU-00014,ST-0024,2026-01-02T06:41:00Z,data,452.5,mb,2.96,2026-01-02T06:41:00Z
usage_events-000265,EV-0000265,SU-00015,ST-0025,2026-01-02T06:48:00Z,sms,53.9,messages,0.53,2026-01-02T06:48:00Z
usage_events-000266,EV-0000266,SU-00016,ST-0026,2026-01-02T06:55:00Z,data,166.3,mb,4.54,2026-01-02T06:55:00Z
usage_events-000267,EV-0000267,SU-00017,ST-0027,2026-01-02T07:02:00Z,sms,310.4,messages,3.35,2026-01-02T07:02:00Z
usage_events-000268,EV-0000268,SU-00018,ST-0028,2026-01-02T07:09:00Z,voice,54.5,minutes,2.49,2026-01-02T07:09:00Z
usage_events-000269,EV-0000269,SU-00019,ST-0029,2026-01-02T07:16:00Z,sms,453.6,messages,3.51,2026-01-02T07:16:00Z
usage_events-000270,EV-0000270,SU-00020,ST-0030,2026-01-02T07:23:00Z,data,363.7,mb,3.13,2026-01-02T07:23:00Z
usage_events-000271,EV-0000271,SU-00021,ST-0001,2026-01-02T07:30:00Z,sms,121.2,messages,0.60,2026-01-02T07:30:00Z
usage_events-000272,EV-0000272,SU-00022,ST-0002,2026-01-02T07:37:00Z,data,78.1,mb,1.19,2026-01-02T07:37:00Z
usage_events-000273,EV-0000273,SU-00023,ST-0003,2026-01-02T07:44:00Z,data,185.5,mb,0.79,2026-01-02T07:44:00Z
usage_events-000274,EV-0000274,SU-00024,ST-0004,2026-01-02T07:51:00Z,sms,175.8,messages,2.65,2026-01-02T07:51:00Z
usage_events-000275,EV-0000275,SU-00025,ST-0005,2026-01-02T07:58:00Z,sms,167.9,messages,2.15,2026-01-02T07:58:00Z
usage_events-000276,EV-0000276,SU-00026,ST-0006,2026-01-02T08:05:00Z,voice,410.6,minutes,2.46,2026-01-02T08:05:00Z
usage_events-000277,EV-0000277,SU-00027,ST-0007,2026-01-02T08:12:00Z,data,288.4,mb,4.79,2026-01-02T08:12:00Z
usage_events-000278,EV-0000278,SU-00028,ST-0008,2026-01-02T08:19:00Z,data,325.0,mb,3.85,2026-01-02T08:19:00Z
usage_events-000279,EV-0000279,SU-00029,ST-0009,2026-01-02T08:26:00Z,voice,398.3,minutes,3.99,2026-01-02T08:26:00Z
usage_events-000280,EV-0000280,SU-00030,ST-0010,2026-01-02T08:33:00Z,data,474.4,mb,4.62,2026-01-02T08:33:00Z
usage_events-000281,EV-0000281,SU-00031,ST-0011,2026-01-02T08:40:00Z,data,491.4,mb,4.12,2026-01-02T08:40:00Z
usage_events-000282,EV-0000282,SU-00032,ST-0012,2026-01-02T08:47:00Z,data,299.8,mb,0.77,2026-01-02T08:47:00Z
usage_events-000283,EV-0000283,SU-00033,ST-0013,2026-01-02T08:54:00Z,voice,335.2,minutes,2.88,2026-01-02T08:54:00Z
usage_events-000284,EV-0000284,SU-00034,ST-0014,2026-01-02T09:01:00Z,voice,493.9,minutes,1.73,2026-01-02T09:01:00Z
usage_events-000285,EV-0000285,SU-00035,ST-0015,2026-01-02T09:08:00Z,data,129.5,mb,3.68,2026-01-02T09:08:00Z
usage_events-000286,EV-0000286,SU-00036,ST-0016,2026-01-02T09:15:00Z,voice,462.2,minutes,3.40,2026-01-02T09:15:00Z
usage_events-000287,EV-0000287,SU-00037,ST-0017,2026-01-02T09:22:00Z,data,341.6,mb,0.31,2026-01-02T09:22:00Z
usage_events-000288,EV-0000288,SU-00038,ST-0018,2026-01-02T09:29:00Z,sms,456.1,messages,1.29,2026-01-02T09:29:00Z
usage_events-000289,EV-0000289,SU-00039,ST-0019,2026-01-02T09:36:00Z,data,285.6,mb,1.09,2026-01-02T09:36:00Z
usage_events-000290,EV-0000290,SU-00040,ST-0020,2026-01-02T09:43:00Z,voice,310.0,minutes,0.72,2026-01-02T09:43:00Z
usage_events-000291,EV-0000291,SU-00041,ST-0021,2026-01-02T09:50:00Z,data,423.5,mb,0.05,2026-01-02T09:50:00Z
usage_events-000292,EV-0000292,SU-00042,ST-0022,2026-01-02T09:57:00Z,data,422.2,mb,4.13,2026-01-02T09:57:00Z
usage_events-000293,EV-0000293,SU-00043,ST-0023,2026-01-02T10:04:00Z,sms,74.5,messages,0.52,2026-01-02T10:04:00Z
usage_events-000294,EV-0000294,SU-00044,ST-0024,2026-01-02T10:11:00Z,data,389.4,mb,2.22,2026-01-02T10:11:00Z
usage_events-000295,EV-0000295,SU-00045,ST-0025,2026-01-02T10:18:00Z,voice,14.1,minutes,0.06,2026-01-02T10:18:00Z
usage_events-000296,EV-0000296,SU-00046,ST-0026,2026-01-02T10:25:00Z,voice,77.8,minutes,1.13,2026-01-02T10:25:00Z
usage_events-000297,EV-0000297,SU-00047,ST-0027,2026-01-02T10:32:00Z,data,130.3,mb,1.90,2026-01-02T10:32:00Z
usage_events-000298,EV-0000298,SU-00048,ST-0028,2026-01-02T10:39:00Z,sms,59.7,messages,1.40,2026-01-02T10:39:00Z
usage_events-000299,EV-0000299,SU-00049,ST-0029,2026-01-02T10:46:00Z,data,422.8,mb,3.84,2026-01-02T10:46:00Z
usage_events-000300,EV-0000300,SU-00050,ST-0030,2026-01-02T10:53:00Z,data,124.6,mb,4.68,2026-01-02T10:53:00Z
usage_events-000301,EV-0000301,SU-00051,ST-0001,2026-01-02T11:00:00Z,sms,181.2,messages,2.27,2026-01-02T11:00:00Z
usage_events-000302,EV-0000302,SU-00052,ST-0002,2026-01-02T11:07:00Z,data,463.9,mb,3.35,2026-01-02T11:07:00Z
usage_events-000303,EV-0000303,SU-00053,ST-0003,2026-01-02T11:14:00Z,voice,468.2,minutes,3.64,2026-01-02T11:14:00Z
usage_events-000304,EV-0000304,SU-00054,ST-0004,2026-01-02T11:21:00Z,sms,382.9,messages,0.79,2026-01-02T11:21:00Z
usage_events-000305,EV-0000305,SU-00055,ST-0005,2026-01-02T11:28:00Z,data,218.4,mb,3.33,2026-01-02T11:28:00Z
usage_events-000306,EV-0000306,SU-00056,ST-0006,2026-01-02T11:35:00Z,data,14.0,mb,1.24,2026-01-02T11:35:00Z
usage_events-000307,EV-0000307,SU-00057,ST-0007,2026-01-02T11:42:00Z,voice,470.9,minutes,0.88,2026-01-02T11:42:00Z
usage_events-000308,EV-0000308,SU-00058,ST-0008,2026-01-02T11:49:00Z,voice,125.3,minutes,4.51,2026-01-02T11:49:00Z
usage_events-000309,EV-0000309,SU-00059,ST-0009,2026-01-02T11:56:00Z,sms,275.9,messages,3.52,2026-01-02T11:56:00Z
usage_events-000310,EV-0000310,SU-00060,ST-0010,2026-01-02T12:03:00Z,data,126.1,mb,0.12,2026-01-02T12:03:00Z
usage_events-000311,EV-0000311,SU-00061,ST-0011,2026-01-02T12:10:00Z,voice,168.6,minutes,2.62,2026-01-02T12:10:00Z
usage_events-000312,EV-0000312,SU-00062,ST-0012,2026-01-02T12:17:00Z,sms,85.3,messages,3.28,2026-01-02T12:17:00Z
usage_events-000313,EV-0000313,SU-00063,ST-0013,2026-01-02T12:24:00Z,voice,470.9,minutes,2.51,2026-01-02T12:24:00Z
usage_events-000314,EV-0000314,SU-00064,ST-0014,2026-01-02T12:31:00Z,data,374.7,mb,0.08,2026-01-02T12:31:00Z
usage_events-000315,EV-0000315,SU-00065,ST-0015,2026-01-02T12:38:00Z,sms,116.9,messages,2.57,2026-01-02T12:38:00Z
usage_events-000316,EV-0000316,SU-00066,ST-0016,2026-01-02T12:45:00Z,data,363.0,mb,2.54,2026-01-02T12:45:00Z
usage_events-000317,EV-0000317,SU-00067,ST-0017,2026-01-02T12:52:00Z,data,30.8,mb,2.80,2026-01-02T12:52:00Z
usage_events-000318,EV-0000318,SU-00068,ST-0018,2026-01-02T12:59:00Z,sms,43.9,messages,0.95,2026-01-02T12:59:00Z
usage_events-000319,EV-0000319,SU-00069,ST-0019,2026-01-02T13:06:00Z,sms,64.8,messages,0.58,2026-01-02T13:06:00Z
usage_events-000320,EV-0000320,SU-00070,ST-0020,2026-01-02T13:13:00Z,sms,344.4,messages,3.81,2026-01-02T13:13:00Z
usage_events-000321,EV-0000321,SU-00071,ST-0021,2026-01-02T13:20:00Z,data,139.6,mb,1.84,2026-01-02T13:20:00Z
usage_events-000322,EV-0000322,SU-00072,ST-0022,2026-01-02T13:27:00Z,voice,322.6,minutes,2.34,2026-01-02T13:27:00Z
usage_events-000323,EV-0000323,SU-00073,ST-0023,2026-01-02T13:34:00Z,data,219.5,mb,1.38,2026-01-02T13:34:00Z
usage_events-000324,EV-0000324,SU-00074,ST-0024,2026-01-02T13:41:00Z,voice,312.2,minutes,4.68,2026-01-02T13:41:00Z
usage_events-000325,EV-0000325,SU-00075,ST-0025,2026-01-02T13:48:00Z,data,33.4,mb,0.25,2026-01-02T13:48:00Z
usage_events-000326,EV-0000326,SU-00076,ST-0026,2026-01-02T13:55:00Z,data,70.9,mb,1.10,2026-01-02T13:55:00Z
usage_events-000327,EV-0000327,SU-00077,ST-0027,2026-01-02T14:02:00Z,sms,355.3,messages,2.98,2026-01-02T14:02:00Z
usage_events-000328,EV-0000328,SU-00078,ST-0028,2026-01-02T14:09:00Z,voice,69.1,minutes,3.92,2026-01-02T14:09:00Z
usage_events-000329,EV-0000329,SU-00079,ST-0029,2026-01-02T14:16:00Z,data,177.3,mb,2.72,2026-01-02T14:16:00Z
usage_events-000330,EV-0000330,SU-00080,ST-0030,2026-01-02T14:23:00Z,sms,202.2,messages,2.57,2026-01-02T14:23:00Z
usage_events-000331,EV-0000331,SU-00081,ST-0001,2026-01-02T14:30:00Z,sms,307.1,messages,2.54,2026-01-02T14:30:00Z
usage_events-000332,EV-0000332,SU-00082,ST-0002,2026-01-02T14:37:00Z,sms,210.7,messages,3.55,2026-01-02T14:37:00Z
usage_events-000333,EV-0000333,SU-00083,ST-0003,2026-01-02T14:44:00Z,voice,180.6,minutes,4.60,2026-01-02T14:44:00Z
usage_events-000334,EV-0000334,SU-00084,ST-0004,2026-01-02T14:51:00Z,sms,299.1,messages,3.48,2026-01-02T14:51:00Z
usage_events-000335,EV-0000335,SU-00085,ST-0005,2026-01-02T14:58:00Z,voice,247.9,minutes,3.70,2026-01-02T14:58:00Z
usage_events-000336,EV-0000336,SU-00086,ST-0006,2026-01-02T15:05:00Z,voice,205.5,minutes,1.94,2026-01-02T15:05:00Z
usage_events-000337,EV-0000337,SU-00087,ST-0007,2026-01-02T15:12:00Z,data,356.3,mb,0.11,2026-01-02T15:12:00Z
usage_events-000338,EV-0000338,SU-00088,ST-0008,2026-01-02T15:19:00Z,sms,54.8,messages,2.47,2026-01-02T15:19:00Z
usage_events-000339,EV-0000339,SU-00089,ST-0009,2026-01-02T15:26:00Z,sms,195.4,messages,0.39,2026-01-02T15:26:00Z
usage_events-000340,EV-0000340,SU-00090,ST-0010,2026-01-02T15:33:00Z,sms,455.1,messages,3.40,2026-01-02T15:33:00Z
usage_events-000341,EV-0000341,SU-00091,ST-0011,2026-01-02T15:40:00Z,data,178.4,mb,3.77,2026-01-02T15:40:00Z
usage_events-000342,EV-0000342,SU-00092,ST-0012,2026-01-02T15:47:00Z,sms,10.9,messages,4.76,2026-01-02T15:47:00Z
usage_events-000343,EV-0000343,SU-00093,ST-0013,2026-01-02T15:54:00Z,sms,62.3,messages,1.07,2026-01-02T15:54:00Z
usage_events-000344,EV-0000344,SU-00094,ST-0014,2026-01-02T16:01:00Z,voice,148.5,minutes,3.24,2026-01-02T16:01:00Z
usage_events-000345,EV-0000345,SU-00095,ST-0015,2026-01-02T16:08:00Z,data,107.6,mb,4.13,2026-01-02T16:08:00Z
usage_events-000346,EV-0000346,SU-00096,ST-0016,2026-01-02T16:15:00Z,data,437.0,mb,1.86,2026-01-02T16:15:00Z
usage_events-000347,EV-0000347,SU-00097,ST-0017,2026-01-02T16:22:00Z,data,366.0,mb,0.82,2026-01-02T16:22:00Z
usage_events-000348,EV-0000348,SU-00098,ST-0018,2026-01-02T16:29:00Z,sms,99.0,messages,3.56,2026-01-02T16:29:00Z
usage_events-000349,EV-0000349,SU-00099,ST-0019,2026-01-02T16:36:00Z,data,110.8,mb,3.48,2026-01-02T16:36:00Z
usage_events-000350,EV-0000350,SU-00100,ST-0020,2026-01-02T16:43:00Z,data,230.8,mb,2.93,2026-01-02T16:43:00Z
usage_events-000351,EV-0000351,SU-00101,ST-0021,2026-01-02T16:50:00Z,sms,492.1,messages,3.59,2026-01-02T16:50:00Z
usage_events-000352,EV-0000352,SU-00102,ST-0022,2026-01-02T16:57:00Z,sms,8.8,messages,2.95,2026-01-02T16:57:00Z
usage_events-000353,EV-0000353,SU-00103,ST-0023,2026-01-02T17:04:00Z,data,290.7,mb,4.39,2026-01-02T17:04:00Z
usage_events-000354,EV-0000354,SU-00104,ST-0024,2026-01-02T17:11:00Z,sms,253.9,messages,0.20,2026-01-02T17:11:00Z
usage_events-000355,EV-0000355,SU-00105,ST-0025,2026-01-02T17:18:00Z,data,454.7,mb,2.10,2026-01-02T17:18:00Z
usage_events-000356,EV-0000356,SU-00106,ST-0026,2026-01-02T17:25:00Z,voice,28.2,minutes,0.02,2026-01-02T17:25:00Z
usage_events-000357,EV-0000357,SU-00107,ST-0027,2026-01-02T17:32:00Z,sms,391.3,messages,1.89,2026-01-02T17:32:00Z
usage_events-000358,EV-0000358,SU-00108,ST-0028,2026-01-02T17:39:00Z,data,311.5,mb,1.00,2026-01-02T17:39:00Z
usage_events-000359,EV-0000359,SU-00109,ST-0029,2026-01-02T17:46:00Z,sms,412.3,messages,4.34,2026-01-02T17:46:00Z
usage_events-000360,EV-0000360,SU-00110,ST-0030,2026-01-02T17:53:00Z,sms,491.7,messages,0.84,2026-01-02T17:53:00Z
usage_events-000361,EV-0000361,SU-00111,ST-0001,2026-01-02T18:00:00Z,data,143.7,mb,0.22,2026-01-02T18:00:00Z
usage_events-000362,EV-0000362,SU-00112,ST-0002,2026-01-02T18:07:00Z,voice,83.5,minutes,3.37,2026-01-02T18:07:00Z
usage_events-000363,EV-0000363,SU-00113,ST-0003,2026-01-02T18:14:00Z,data,123.0,mb,4.97,2026-01-02T18:14:00Z
usage_events-000364,EV-0000364,SU-00114,ST-0004,2026-01-02T18:21:00Z,sms,453.7,messages,0.23,2026-01-02T18:21:00Z
usage_events-000365,EV-0000365,SU-00115,ST-0005,2026-01-02T18:28:00Z,sms,375.7,messages,2.74,2026-01-02T18:28:00Z
usage_events-000366,EV-0000366,SU-00116,ST-0006,2026-01-02T18:35:00Z,sms,323.7,messages,4.70,2026-01-02T18:35:00Z
usage_events-000367,EV-0000367,SU-00117,ST-0007,2026-01-02T18:42:00Z,voice,258.8,minutes,4.74,2026-01-02T18:42:00Z
usage_events-000368,EV-0000368,SU-00118,ST-0008,2026-01-02T18:49:00Z,data,45.8,mb,1.60,2026-01-02T18:49:00Z
usage_events-000369,EV-0000369,SU-00119,ST-0009,2026-01-02T18:56:00Z,data,203.6,mb,4.62,2026-01-02T18:56:00Z
usage_events-000370,EV-0000370,SU-00120,ST-0010,2026-01-02T19:03:00Z,data,311.7,mb,1.22,2026-01-02T19:03:00Z
usage_events-000371,EV-0000371,SU-00121,ST-0011,2026-01-02T19:10:00Z,sms,299.8,messages,0.30,2026-01-02T19:10:00Z
usage_events-000372,EV-0000372,SU-00122,ST-0012,2026-01-02T19:17:00Z,data,226.1,mb,0.40,2026-01-02T19:17:00Z
usage_events-000373,EV-0000373,SU-00123,ST-0013,2026-01-02T19:24:00Z,data,104.6,mb,1.79,2026-01-02T19:24:00Z
usage_events-000374,EV-0000374,SU-00124,ST-0014,2026-01-02T19:31:00Z,data,311.3,mb,4.60,2026-01-02T19:31:00Z
usage_events-000375,EV-0000375,SU-00125,ST-0015,2026-01-02T19:38:00Z,sms,294.3,messages,2.35,2026-01-02T19:38:00Z
usage_events-000376,EV-0000376,SU-00126,ST-0016,2026-01-02T19:45:00Z,data,41.9,mb,0.19,2026-01-02T19:45:00Z
usage_events-000377,EV-0000377,SU-00127,ST-0017,2026-01-02T19:52:00Z,sms,456.8,messages,3.90,2026-01-02T19:52:00Z
usage_events-000378,EV-0000378,SU-00128,ST-0018,2026-01-02T19:59:00Z,voice,266.2,minutes,2.20,2026-01-02T19:59:00Z
usage_events-000379,EV-0000379,SU-00129,ST-0019,2026-01-02T20:06:00Z,data,203.4,mb,1.54,2026-01-02T20:06:00Z
usage_events-000380,EV-0000380,SU-00130,ST-0020,2026-01-02T20:13:00Z,voice,487.1,minutes,0.95,2026-01-02T20:13:00Z
usage_events-000381,EV-0000381,SU-00131,ST-0021,2026-01-02T20:20:00Z,voice,440.5,minutes,3.17,2026-01-02T20:20:00Z
usage_events-000382,EV-0000382,SU-00132,ST-0022,2026-01-02T20:27:00Z,data,465.1,mb,0.97,2026-01-02T20:27:00Z
usage_events-000383,EV-0000383,SU-00133,ST-0023,2026-01-02T20:34:00Z,sms,125.0,messages,0.77,2026-01-02T20:34:00Z
usage_events-000384,EV-0000384,SU-00134,ST-0024,2026-01-02T20:41:00Z,voice,472.4,minutes,2.19,2026-01-02T20:41:00Z
usage_events-000385,EV-0000385,SU-00135,ST-0025,2026-01-02T20:48:00Z,sms,348.4,messages,2.79,2026-01-02T20:48:00Z
usage_events-000386,EV-0000386,SU-00136,ST-0026,2026-01-02T20:55:00Z,voice,29.9,minutes,2.96,2026-01-02T20:55:00Z
usage_events-000387,EV-0000387,SU-00137,ST-0027,2026-01-02T21:02:00Z,voice,137.2,minutes,1.55,2026-01-02T21:02:00Z
usage_events-000388,EV-0000388,SU-00138,ST-0028,2026-01-02T21:09:00Z,data,13.1,mb,0.23,2026-01-02T21:09:00Z
usage_events-000389,EV-0000389,SU-00139,ST-0029,2026-01-02T21:16:00Z,voice,211.9,minutes,1.06,2026-01-02T21:16:00Z
usage_events-000390,EV-0000390,SU-00140,ST-0030,2026-01-02T21:23:00Z,voice,339.4,minutes,2.25,2026-01-02T21:23:00Z
usage_events-000391,EV-0000391,SU-00141,ST-0001,2026-01-02T21:30:00Z,voice,370.9,minutes,1.92,2026-01-02T21:30:00Z
usage_events-000392,EV-0000392,SU-00142,ST-0002,2026-01-02T21:37:00Z,sms,300.3,messages,3.87,2026-01-02T21:37:00Z
usage_events-000393,EV-0000393,SU-00143,ST-0003,2026-01-02T21:44:00Z,voice,153.7,minutes,3.40,2026-01-02T21:44:00Z
usage_events-000394,EV-0000394,SU-00144,ST-0004,2026-01-02T21:51:00Z,voice,360.4,minutes,1.11,2026-01-02T21:51:00Z
usage_events-000395,EV-0000395,SU-00145,ST-0005,2026-01-02T21:58:00Z,voice,161.4,minutes,2.29,2026-01-02T21:58:00Z
usage_events-000396,EV-0000396,SU-00146,ST-0006,2026-01-02T22:05:00Z,data,43.3,mb,1.85,2026-01-02T22:05:00Z
usage_events-000397,EV-0000397,SU-00147,ST-0007,2026-01-02T22:12:00Z,sms,463.6,messages,1.95,2026-01-02T22:12:00Z
usage_events-000398,EV-0000398,SU-00148,ST-0008,2026-01-02T22:19:00Z,data,283.0,mb,4.45,2026-01-02T22:19:00Z
usage_events-000399,EV-0000399,SU-00149,ST-0009,2026-01-02T22:26:00Z,sms,0.8,messages,0.85,2026-01-02T22:26:00Z
usage_events-000400,EV-0000400,SU-00150,ST-0010,2026-01-02T22:33:00Z,sms,6.9,messages,3.71,2026-01-02T22:33:00Z
usage_events-000401,EV-0000401,SU-00151,ST-0011,2026-01-02T22:40:00Z,data,122.1,mb,4.43,2026-01-02T22:40:00Z
usage_events-000402,EV-0000402,SU-00152,ST-0012,2026-01-02T22:47:00Z,voice,13.3,minutes,2.30,2026-01-02T22:47:00Z
usage_events-000403,EV-0000403,SU-00153,ST-0013,2026-01-02T22:54:00Z,sms,403.7,messages,4.95,2026-01-02T22:54:00Z
usage_events-000404,EV-0000404,SU-00154,ST-0014,2026-01-02T23:01:00Z,data,273.6,mb,0.79,2026-01-02T23:01:00Z
usage_events-000405,EV-0000405,SU-00155,ST-0015,2026-01-02T23:08:00Z,data,466.8,mb,2.99,2026-01-02T23:08:00Z
usage_events-000406,EV-0000406,SU-00156,ST-0016,2026-01-02T23:15:00Z,voice,250.1,minutes,4.34,2026-01-02T23:15:00Z
usage_events-000407,EV-0000407,SU-00157,ST-0017,2026-01-02T23:22:00Z,sms,247.7,messages,4.10,2026-01-02T23:22:00Z
usage_events-000408,EV-0000408,SU-00158,ST-0018,2026-01-02T23:29:00Z,data,386.2,mb,1.98,2026-01-02T23:29:00Z
usage_events-000409,EV-0000409,SU-00159,ST-0019,2026-01-02T23:36:00Z,sms,11.6,messages,3.15,2026-01-02T23:36:00Z
usage_events-000410,EV-0000410,SU-00160,ST-0020,2026-01-02T23:43:00Z,sms,85.4,messages,3.91,2026-01-02T23:43:00Z
usage_events-000411,EV-0000411,SU-00161,ST-0021,2026-01-02T23:50:00Z,sms,275.7,messages,0.51,2026-01-02T23:50:00Z
usage_events-000412,EV-0000412,SU-00162,ST-0022,2026-01-02T23:57:00Z,sms,496.1,messages,3.18,2026-01-02T23:57:00Z
usage_events-000413,EV-0000413,SU-00163,ST-0023,2026-01-03T00:04:00Z,voice,184.0,minutes,0.70,2026-01-03T00:04:00Z
usage_events-000414,EV-0000414,SU-00164,ST-0024,2026-01-03T00:11:00Z,sms,77.4,messages,3.25,2026-01-03T00:11:00Z
usage_events-000415,EV-0000415,SU-00165,ST-0025,2026-01-03T00:18:00Z,data,178.6,mb,4.24,2026-01-03T00:18:00Z
usage_events-000416,EV-0000416,SU-00166,ST-0026,2026-01-03T00:25:00Z,data,478.1,mb,2.43,2026-01-03T00:25:00Z
usage_events-000417,EV-0000417,SU-00167,ST-0027,2026-01-03T00:32:00Z,voice,259.2,minutes,3.18,2026-01-03T00:32:00Z
usage_events-000418,EV-0000418,SU-00168,ST-0028,2026-01-03T00:39:00Z,sms,131.6,messages,2.92,2026-01-03T00:39:00Z
usage_events-000419,EV-0000419,SU-00169,ST-0029,2026-01-03T00:46:00Z,sms,446.6,messages,1.17,2026-01-03T00:46:00Z
usage_events-000420,EV-0000420,SU-00170,ST-0030,2026-01-03T00:53:00Z,voice,131.9,minutes,3.41,2026-01-03T00:53:00Z
usage_events-000421,EV-0000421,SU-00171,ST-0001,2026-01-03T01:00:00Z,data,412.1,mb,4.51,2026-01-03T01:00:00Z
usage_events-000422,EV-0000422,SU-00172,ST-0002,2026-01-03T01:07:00Z,voice,375.6,minutes,1.20,2026-01-03T01:07:00Z
usage_events-000423,EV-0000423,SU-00173,ST-0003,2026-01-03T01:14:00Z,sms,248.4,messages,1.47,2026-01-03T01:14:00Z
usage_events-000424,EV-0000424,SU-00174,ST-0004,2026-01-03T01:21:00Z,voice,394.0,minutes,4.26,2026-01-03T01:21:00Z
usage_events-000425,EV-0000425,SU-00175,ST-0005,2026-01-03T01:28:00Z,sms,174.1,messages,1.41,2026-01-03T01:28:00Z
usage_events-000426,EV-0000426,SU-00176,ST-0006,2026-01-03T01:35:00Z,sms,328.4,messages,4.11,2026-01-03T01:35:00Z
usage_events-000427,EV-0000427,SU-00177,ST-0007,2026-01-03T01:42:00Z,sms,235.8,messages,1.79,2026-01-03T01:42:00Z
usage_events-000428,EV-0000428,SU-00178,ST-0008,2026-01-03T01:49:00Z,sms,124.1,messages,4.32,2026-01-03T01:49:00Z
usage_events-000429,EV-0000429,SU-00179,ST-0009,2026-01-03T01:56:00Z,data,307.9,mb,0.92,2026-01-03T01:56:00Z
usage_events-000430,EV-0000430,SU-00180,ST-0010,2026-01-03T02:03:00Z,sms,23.9,messages,2.47,2026-01-03T02:03:00Z
usage_events-000431,EV-0000431,SU-00181,ST-0011,2026-01-03T02:10:00Z,data,218.1,mb,4.33,2026-01-03T02:10:00Z
usage_events-000432,EV-0000432,SU-00182,ST-0012,2026-01-03T02:17:00Z,voice,389.4,minutes,3.45,2026-01-03T02:17:00Z
usage_events-000433,EV-0000433,SU-00183,ST-0013,2026-01-03T02:24:00Z,sms,164.4,messages,3.73,2026-01-03T02:24:00Z
usage_events-000434,EV-0000434,SU-00184,ST-0014,2026-01-03T02:31:00Z,voice,225.9,minutes,0.11,2026-01-03T02:31:00Z
usage_events-000435,EV-0000435,SU-00185,ST-0015,2026-01-03T02:38:00Z,sms,255.4,messages,0.81,2026-01-03T02:38:00Z
usage_events-000436,EV-0000436,SU-00186,ST-0016,2026-01-03T02:45:00Z,voice,233.9,minutes,0.11,2026-01-03T02:45:00Z
usage_events-000437,EV-0000437,SU-00187,ST-0017,2026-01-03T02:52:00Z,voice,277.2,minutes,0.76,2026-01-03T02:52:00Z
usage_events-000438,EV-0000438,SU-00188,ST-0018,2026-01-03T02:59:00Z,data,269.6,mb,3.52,2026-01-03T02:59:00Z
usage_events-000439,EV-0000439,SU-00189,ST-0019,2026-01-03T03:06:00Z,voice,70.9,minutes,1.36,2026-01-03T03:06:00Z
usage_events-000440,EV-0000440,SU-00190,ST-0020,2026-01-03T03:13:00Z,voice,485.0,minutes,2.38,2026-01-03T03:13:00Z
usage_events-000441,EV-0000441,SU-00191,ST-0021,2026-01-03T03:20:00Z,sms,418.1,messages,3.30,2026-01-03T03:20:00Z
usage_events-000442,EV-0000442,SU-00192,ST-0022,2026-01-03T03:27:00Z,data,99.2,mb,1.72,2026-01-03T03:27:00Z
usage_events-000443,EV-0000443,SU-00193,ST-0023,2026-01-03T03:34:00Z,sms,232.9,messages,1.05,2026-01-03T03:34:00Z
usage_events-000444,EV-0000444,SU-00194,ST-0024,2026-01-03T03:41:00Z,data,402.8,mb,0.50,2026-01-03T03:41:00Z
usage_events-000445,EV-0000445,SU-00195,ST-0025,2026-01-03T03:48:00Z,sms,345.7,messages,2.59,2026-01-03T03:48:00Z
usage_events-000446,EV-0000446,SU-00196,ST-0026,2026-01-03T03:55:00Z,data,49.6,mb,1.60,2026-01-03T03:55:00Z
usage_events-000447,EV-0000447,SU-00197,ST-0027,2026-01-03T04:02:00Z,data,291.5,mb,1.09,2026-01-03T04:02:00Z
usage_events-000448,EV-0000448,SU-00198,ST-0028,2026-01-03T04:09:00Z,data,22.1,mb,2.11,2026-01-03T04:09:00Z
usage_events-000449,EV-0000449,SU-00199,ST-0029,2026-01-03T04:16:00Z,data,199.0,mb,2.35,2026-01-03T04:16:00Z
usage_events-000450,EV-0000450,SU-00200,ST-0030,2026-01-03T04:23:00Z,sms,260.6,messages,3.48,2026-01-03T04:23:00Z
usage_events-000451,EV-0000451,SU-00201,ST-0001,2026-01-03T04:30:00Z,voice,13.9,minutes,2.78,2026-01-03T04:30:00Z
usage_events-000452,EV-0000452,SU-00202,ST-0002,2026-01-03T04:37:00Z,sms,133.2,messages,2.60,2026-01-03T04:37:00Z
usage_events-000453,EV-0000453,SU-00203,ST-0003,2026-01-03T04:44:00Z,data,82.9,mb,3.10,2026-01-03T04:44:00Z
usage_events-000454,EV-0000454,SU-00204,ST-0004,2026-01-03T04:51:00Z,voice,134.4,minutes,4.92,2026-01-03T04:51:00Z
usage_events-000455,EV-0000455,SU-00205,ST-0005,2026-01-03T04:58:00Z,sms,60.0,messages,4.03,2026-01-03T04:58:00Z
usage_events-000456,EV-0000456,SU-00206,ST-0006,2026-01-03T05:05:00Z,sms,249.4,messages,4.71,2026-01-03T05:05:00Z
usage_events-000457,EV-0000457,SU-00207,ST-0007,2026-01-03T05:12:00Z,sms,458.9,messages,1.04,2026-01-03T05:12:00Z
usage_events-000458,EV-0000458,SU-00208,ST-0008,2026-01-03T05:19:00Z,sms,132.1,messages,4.33,2026-01-03T05:19:00Z
usage_events-000459,EV-0000459,SU-00209,ST-0009,2026-01-03T05:26:00Z,sms,97.8,messages,3.68,2026-01-03T05:26:00Z
usage_events-000460,EV-0000460,SU-00210,ST-0010,2026-01-03T05:33:00Z,sms,492.0,messages,1.42,2026-01-03T05:33:00Z
usage_events-000461,EV-0000461,SU-00211,ST-0011,2026-01-03T05:40:00Z,voice,100.5,minutes,1.48,2026-01-03T05:40:00Z
usage_events-000462,EV-0000462,SU-00212,ST-0012,2026-01-03T05:47:00Z,data,46.8,mb,0.25,2026-01-03T05:47:00Z
usage_events-000463,EV-0000463,SU-00213,ST-0013,2026-01-03T05:54:00Z,sms,185.7,messages,1.05,2026-01-03T05:54:00Z
usage_events-000464,EV-0000464,SU-00214,ST-0014,2026-01-03T06:01:00Z,sms,79.0,messages,1.28,2026-01-03T06:01:00Z
usage_events-000465,EV-0000465,SU-00215,ST-0015,2026-01-03T06:08:00Z,data,450.1,mb,3.96,2026-01-03T06:08:00Z
usage_events-000466,EV-0000466,SU-00216,ST-0016,2026-01-03T06:15:00Z,sms,86.5,messages,0.08,2026-01-03T06:15:00Z
usage_events-000467,EV-0000467,SU-00217,ST-0017,2026-01-03T06:22:00Z,data,251.7,mb,4.03,2026-01-03T06:22:00Z
usage_events-000468,EV-0000468,SU-00218,ST-0018,2026-01-03T06:29:00Z,sms,219.0,messages,0.17,2026-01-03T06:29:00Z
usage_events-000469,EV-0000469,SU-00219,ST-0019,2026-01-03T06:36:00Z,sms,358.4,messages,0.28,2026-01-03T06:36:00Z
usage_events-000470,EV-0000470,SU-00220,ST-0020,2026-01-03T06:43:00Z,sms,35.1,messages,0.39,2026-01-03T06:43:00Z
usage_events-000471,EV-0000471,SU-00221,ST-0021,2026-01-03T06:50:00Z,sms,85.6,messages,1.86,2026-01-03T06:50:00Z
usage_events-000472,EV-0000472,SU-00222,ST-0022,2026-01-03T06:57:00Z,voice,363.8,minutes,0.73,2026-01-03T06:57:00Z
usage_events-000473,EV-0000473,SU-00223,ST-0023,2026-01-03T07:04:00Z,voice,293.9,minutes,4.43,2026-01-03T07:04:00Z
usage_events-000474,EV-0000474,SU-00224,ST-0024,2026-01-03T07:11:00Z,data,382.8,mb,1.59,2026-01-03T07:11:00Z
usage_events-000475,EV-0000475,SU-00225,ST-0025,2026-01-03T07:18:00Z,voice,383.7,minutes,1.54,2026-01-03T07:18:00Z
usage_events-000476,EV-0000476,SU-00226,ST-0026,2026-01-03T07:25:00Z,sms,336.1,messages,1.30,2026-01-03T07:25:00Z
usage_events-000477,EV-0000477,SU-00227,ST-0027,2026-01-03T07:32:00Z,sms,18.0,messages,2.16,2026-01-03T07:32:00Z
usage_events-000478,EV-0000478,SU-00228,ST-0028,2026-01-03T07:39:00Z,sms,296.4,messages,2.61,2026-01-03T07:39:00Z
usage_events-000479,EV-0000479,SU-00229,ST-0029,2026-01-03T07:46:00Z,voice,149.7,minutes,0.81,2026-01-03T07:46:00Z
usage_events-000480,EV-0000480,SU-00230,ST-0030,2026-01-03T07:53:00Z,voice,307.5,minutes,2.38,2026-01-03T07:53:00Z
usage_events-000481,EV-0000481,SU-00231,ST-0001,2026-01-03T08:00:00Z,voice,244.8,minutes,1.67,2026-01-03T08:00:00Z
usage_events-000482,EV-0000482,SU-00232,ST-0002,2026-01-03T08:07:00Z,sms,175.6,messages,0.78,2026-01-03T08:07:00Z
usage_events-000483,EV-0000483,SU-00233,ST-0003,2026-01-03T08:14:00Z,data,426.1,mb,4.92,2026-01-03T08:14:00Z
usage_events-000484,EV-0000484,SU-00234,ST-0004,2026-01-03T08:21:00Z,data,199.4,mb,2.20,2026-01-03T08:21:00Z
usage_events-000485,EV-0000485,SU-00235,ST-0005,2026-01-03T08:28:00Z,voice,376.6,minutes,3.77,2026-01-03T08:28:00Z
usage_events-000486,EV-0000486,SU-00236,ST-0006,2026-01-03T08:35:00Z,data,341.1,mb,1.87,2026-01-03T08:35:00Z
usage_events-000487,EV-0000487,SU-00237,ST-0007,2026-01-03T08:42:00Z,sms,154.6,messages,3.67,2026-01-03T08:42:00Z
usage_events-000488,EV-0000488,SU-00238,ST-0008,2026-01-03T08:49:00Z,voice,320.2,minutes,0.50,2026-01-03T08:49:00Z
usage_events-000489,EV-0000489,SU-00239,ST-0009,2026-01-03T08:56:00Z,data,233.9,mb,0.98,2026-01-03T08:56:00Z
usage_events-000490,EV-0000490,SU-00240,ST-0010,2026-01-03T09:03:00Z,sms,106.5,messages,0.50,2026-01-03T09:03:00Z
usage_events-000491,EV-0000491,SU-00241,ST-0011,2026-01-03T09:10:00Z,voice,72.2,minutes,3.79,2026-01-03T09:10:00Z
usage_events-000492,EV-0000492,SU-00242,ST-0012,2026-01-03T09:17:00Z,sms,122.7,messages,3.33,2026-01-03T09:17:00Z
usage_events-000493,EV-0000493,SU-00243,ST-0013,2026-01-03T09:24:00Z,voice,328.1,minutes,2.81,2026-01-03T09:24:00Z
usage_events-000494,EV-0000494,SU-00244,ST-0014,2026-01-03T09:31:00Z,sms,108.6,messages,2.75,2026-01-03T09:31:00Z
usage_events-000495,EV-0000495,SU-00245,ST-0015,2026-01-03T09:38:00Z,sms,391.2,messages,2.99,2026-01-03T09:38:00Z
usage_events-000496,EV-0000496,SU-00246,ST-0016,2026-01-03T09:45:00Z,voice,47.2,minutes,3.87,2026-01-03T09:45:00Z
usage_events-000497,EV-0000497,SU-00247,ST-0017,2026-01-03T09:52:00Z,data,277.9,mb,3.90,2026-01-03T09:52:00Z
usage_events-000498,EV-0000498,SU-00248,ST-0018,2026-01-03T09:59:00Z,voice,265.2,minutes,3.00,2026-01-03T09:59:00Z
usage_events-000499,EV-0000499,SU-00249,ST-0019,2026-01-03T10:06:00Z,sms,488.8,messages,4.20,2026-01-03T10:06:00Z
usage_events-000500,EV-0000500,SU-00250,ST-0020,2026-01-03T10:13:00Z,sms,305.6,messages,4.26,2026-01-03T10:13:00Z
usage_events-000501,EV-0000501,SU-00001,ST-0021,2026-01-03T10:20:00Z,voice,49.8,minutes,1.49,2026-01-03T10:20:00Z
usage_events-000502,EV-0000502,SU-00002,ST-0022,2026-01-03T10:27:00Z,voice,91.9,minutes,1.42,2026-01-03T10:27:00Z
usage_events-000503,EV-0000503,SU-00003,ST-0023,2026-01-03T10:34:00Z,voice,413.2,minutes,1.22,2026-01-03T10:34:00Z
usage_events-000504,EV-0000504,SU-00004,ST-0024,2026-01-03T10:41:00Z,data,254.5,mb,2.18,2026-01-03T10:41:00Z
usage_events-000505,EV-0000505,SU-00005,ST-0025,2026-01-03T10:48:00Z,sms,320.6,messages,3.03,2026-01-03T10:48:00Z
usage_events-000506,EV-0000506,SU-00006,ST-0026,2026-01-03T10:55:00Z,sms,259.0,messages,3.67,2026-01-03T10:55:00Z
usage_events-000507,EV-0000507,SU-00007,ST-0027,2026-01-03T11:02:00Z,data,72.6,mb,0.75,2026-01-03T11:02:00Z
usage_events-000508,EV-0000508,SU-00008,ST-0028,2026-01-03T11:09:00Z,voice,14.2,minutes,3.94,2026-01-03T11:09:00Z
usage_events-000509,EV-0000509,SU-00009,ST-0029,2026-01-03T11:16:00Z,voice,76.4,minutes,0.78,2026-01-03T11:16:00Z
usage_events-000510,EV-0000510,SU-00010,ST-0030,2026-01-03T11:23:00Z,sms,79.1,messages,4.22,2026-01-03T11:23:00Z
usage_events-000511,EV-0000511,SU-00011,ST-0001,2026-01-03T11:30:00Z,data,104.7,mb,4.92,2026-01-03T11:30:00Z
usage_events-000512,EV-0000512,SU-00012,ST-0002,2026-01-03T11:37:00Z,sms,115.5,messages,0.65,2026-01-03T11:37:00Z
usage_events-000513,EV-0000513,SU-00013,ST-0003,2026-01-03T11:44:00Z,voice,322.7,minutes,3.18,2026-01-03T11:44:00Z
usage_events-000514,EV-0000514,SU-00014,ST-0004,2026-01-03T11:51:00Z,voice,414.6,minutes,3.76,2026-01-03T11:51:00Z
usage_events-000515,EV-0000515,SU-00015,ST-0005,2026-01-03T11:58:00Z,data,145.9,mb,2.79,2026-01-03T11:58:00Z
usage_events-000516,EV-0000516,SU-00016,ST-0006,2026-01-03T12:05:00Z,voice,333.3,minutes,2.36,2026-01-03T12:05:00Z
usage_events-000517,EV-0000517,SU-00017,ST-0007,2026-01-03T12:12:00Z,voice,121.6,minutes,4.36,2026-01-03T12:12:00Z
usage_events-000518,EV-0000518,SU-00018,ST-0008,2026-01-03T12:19:00Z,sms,69.0,messages,1.61,2026-01-03T12:19:00Z
usage_events-000519,EV-0000519,SU-00019,ST-0009,2026-01-03T12:26:00Z,voice,25.6,minutes,4.08,2026-01-03T12:26:00Z
usage_events-000520,EV-0000520,SU-00020,ST-0010,2026-01-03T12:33:00Z,data,278.2,mb,3.93,2026-01-03T12:33:00Z
usage_events-000521,EV-0000521,SU-00021,ST-0011,2026-01-03T12:40:00Z,sms,432.5,messages,2.37,2026-01-03T12:40:00Z
usage_events-000522,EV-0000522,SU-00022,ST-0012,2026-01-03T12:47:00Z,sms,78.3,messages,0.68,2026-01-03T12:47:00Z
usage_events-000523,EV-0000523,SU-00023,ST-0013,2026-01-03T12:54:00Z,data,117.3,mb,2.81,2026-01-03T12:54:00Z
usage_events-000524,EV-0000524,SU-00024,ST-0014,2026-01-03T13:01:00Z,voice,491.0,minutes,2.38,2026-01-03T13:01:00Z
usage_events-000525,EV-0000525,SU-00025,ST-0015,2026-01-03T13:08:00Z,voice,140.3,minutes,3.10,2026-01-03T13:08:00Z
usage_events-000526,EV-0000526,SU-00026,ST-0016,2026-01-03T13:15:00Z,sms,10.3,messages,0.73,2026-01-03T13:15:00Z
usage_events-000527,EV-0000527,SU-00027,ST-0017,2026-01-03T13:22:00Z,sms,263.7,messages,4.63,2026-01-03T13:22:00Z
usage_events-000528,EV-0000528,SU-00028,ST-0018,2026-01-03T13:29:00Z,data,368.9,mb,0.27,2026-01-03T13:29:00Z
usage_events-000529,EV-0000529,SU-00029,ST-0019,2026-01-03T13:36:00Z,voice,424.8,minutes,3.69,2026-01-03T13:36:00Z
usage_events-000530,EV-0000530,SU-00030,ST-0020,2026-01-03T13:43:00Z,sms,172.5,messages,0.35,2026-01-03T13:43:00Z
usage_events-000531,EV-0000531,SU-00031,ST-0021,2026-01-03T13:50:00Z,sms,71.0,messages,1.29,2026-01-03T13:50:00Z
usage_events-000532,EV-0000532,SU-00032,ST-0022,2026-01-03T13:57:00Z,sms,195.3,messages,3.09,2026-01-03T13:57:00Z
usage_events-000533,EV-0000533,SU-00033,ST-0023,2026-01-03T14:04:00Z,data,286.6,mb,3.97,2026-01-03T14:04:00Z
usage_events-000534,EV-0000534,SU-00034,ST-0024,2026-01-03T14:11:00Z,data,428.3,mb,1.84,2026-01-03T14:11:00Z
usage_events-000535,EV-0000535,SU-00035,ST-0025,2026-01-03T14:18:00Z,voice,226.0,minutes,0.94,2026-01-03T14:18:00Z
usage_events-000536,EV-0000536,SU-00036,ST-0026,2026-01-03T14:25:00Z,voice,61.3,minutes,4.72,2026-01-03T14:25:00Z
usage_events-000537,EV-0000537,SU-00037,ST-0027,2026-01-03T14:32:00Z,sms,468.7,messages,4.15,2026-01-03T14:32:00Z
usage_events-000538,EV-0000538,SU-00038,ST-0028,2026-01-03T14:39:00Z,sms,471.7,messages,3.47,2026-01-03T14:39:00Z
usage_events-000539,EV-0000539,SU-00039,ST-0029,2026-01-03T14:46:00Z,sms,120.4,messages,2.11,2026-01-03T14:46:00Z
usage_events-000540,EV-0000540,SU-00040,ST-0030,2026-01-03T14:53:00Z,sms,122.1,messages,0.09,2026-01-03T14:53:00Z
usage_events-000541,EV-0000541,SU-00041,ST-0001,2026-01-03T15:00:00Z,sms,118.8,messages,2.57,2026-01-03T15:00:00Z
usage_events-000542,EV-0000542,SU-00042,ST-0002,2026-01-03T15:07:00Z,voice,434.7,minutes,3.89,2026-01-03T15:07:00Z
usage_events-000543,EV-0000543,SU-00043,ST-0003,2026-01-03T15:14:00Z,data,159.0,mb,2.79,2026-01-03T15:14:00Z
usage_events-000544,EV-0000544,SU-00044,ST-0004,2026-01-03T15:21:00Z,sms,381.4,messages,0.36,2026-01-03T15:21:00Z
usage_events-000545,EV-0000545,SU-00045,ST-0005,2026-01-03T15:28:00Z,data,324.7,mb,0.78,2026-01-03T15:28:00Z
usage_events-000546,EV-0000546,SU-00046,ST-0006,2026-01-03T15:35:00Z,voice,448.9,minutes,2.52,2026-01-03T15:35:00Z
usage_events-000547,EV-0000547,SU-00047,ST-0007,2026-01-03T15:42:00Z,voice,384.9,minutes,4.12,2026-01-03T15:42:00Z
usage_events-000548,EV-0000548,SU-00048,ST-0008,2026-01-03T15:49:00Z,data,419.0,mb,0.38,2026-01-03T15:49:00Z
usage_events-000549,EV-0000549,SU-00049,ST-0009,2026-01-03T15:56:00Z,data,116.9,mb,2.64,2026-01-03T15:56:00Z
usage_events-000550,EV-0000550,SU-00050,ST-0010,2026-01-03T16:03:00Z,voice,81.4,minutes,0.11,2026-01-03T16:03:00Z
usage_events-000551,EV-0000551,SU-00051,ST-0011,2026-01-03T16:10:00Z,voice,123.7,minutes,4.28,2026-01-03T16:10:00Z
usage_events-000552,EV-0000552,SU-00052,ST-0012,2026-01-03T16:17:00Z,data,192.7,mb,2.25,2026-01-03T16:17:00Z
usage_events-000553,EV-0000553,SU-00053,ST-0013,2026-01-03T16:24:00Z,voice,73.1,minutes,3.40,2026-01-03T16:24:00Z
usage_events-000554,EV-0000554,SU-00054,ST-0014,2026-01-03T16:31:00Z,data,212.1,mb,0.14,2026-01-03T16:31:00Z
usage_events-000555,EV-0000555,SU-00055,ST-0015,2026-01-03T16:38:00Z,voice,332.6,minutes,2.78,2026-01-03T16:38:00Z
usage_events-000556,EV-0000556,SU-00056,ST-0016,2026-01-03T16:45:00Z,data,323.8,mb,3.42,2026-01-03T16:45:00Z
usage_events-000557,EV-0000557,SU-00057,ST-0017,2026-01-03T16:52:00Z,data,247.2,mb,0.91,2026-01-03T16:52:00Z
usage_events-000558,EV-0000558,SU-00058,ST-0018,2026-01-03T16:59:00Z,sms,29.5,messages,0.12,2026-01-03T16:59:00Z
usage_events-000559,EV-0000559,SU-00059,ST-0019,2026-01-03T17:06:00Z,data,29.3,mb,0.71,2026-01-03T17:06:00Z
usage_events-000560,EV-0000560,SU-00060,ST-0020,2026-01-03T17:13:00Z,sms,62.3,messages,2.01,2026-01-03T17:13:00Z
usage_events-000561,EV-0000561,SU-00061,ST-0021,2026-01-03T17:20:00Z,sms,389.9,messages,1.18,2026-01-03T17:20:00Z
usage_events-000562,EV-0000562,SU-00062,ST-0022,2026-01-03T17:27:00Z,sms,233.1,messages,2.24,2026-01-03T17:27:00Z
usage_events-000563,EV-0000563,SU-00063,ST-0023,2026-01-03T17:34:00Z,data,315.5,mb,4.10,2026-01-03T17:34:00Z
usage_events-000564,EV-0000564,SU-00064,ST-0024,2026-01-03T17:41:00Z,sms,119.4,messages,0.96,2026-01-03T17:41:00Z
usage_events-000565,EV-0000565,SU-00065,ST-0025,2026-01-03T17:48:00Z,sms,73.2,messages,0.37,2026-01-03T17:48:00Z
usage_events-000566,EV-0000566,SU-00066,ST-0026,2026-01-03T17:55:00Z,data,443.1,mb,0.32,2026-01-03T17:55:00Z
usage_events-000567,EV-0000567,SU-00067,ST-0027,2026-01-03T18:02:00Z,sms,214.2,messages,4.65,2026-01-03T18:02:00Z
usage_events-000568,EV-0000568,SU-00068,ST-0028,2026-01-03T18:09:00Z,sms,497.3,messages,1.90,2026-01-03T18:09:00Z
usage_events-000569,EV-0000569,SU-00069,ST-0029,2026-01-03T18:16:00Z,data,77.3,mb,0.10,2026-01-03T18:16:00Z
usage_events-000570,EV-0000570,SU-00070,ST-0030,2026-01-03T18:23:00Z,data,148.3,mb,0.71,2026-01-03T18:23:00Z
usage_events-000571,EV-0000571,SU-00071,ST-0001,2026-01-03T18:30:00Z,voice,442.5,minutes,3.45,2026-01-03T18:30:00Z
usage_events-000572,EV-0000572,SU-00072,ST-0002,2026-01-03T18:37:00Z,sms,158.6,messages,4.82,2026-01-03T18:37:00Z
usage_events-000573,EV-0000573,SU-00073,ST-0003,2026-01-03T18:44:00Z,voice,59.2,minutes,2.45,2026-01-03T18:44:00Z
usage_events-000574,EV-0000574,SU-00074,ST-0004,2026-01-03T18:51:00Z,data,401.9,mb,0.00,2026-01-03T18:51:00Z
usage_events-000575,EV-0000575,SU-00075,ST-0005,2026-01-03T18:58:00Z,sms,110.2,messages,3.71,2026-01-03T18:58:00Z
usage_events-000576,EV-0000576,SU-00076,ST-0006,2026-01-03T19:05:00Z,sms,205.6,messages,0.25,2026-01-03T19:05:00Z
usage_events-000577,EV-0000577,SU-00077,ST-0007,2026-01-03T19:12:00Z,voice,249.7,minutes,4.43,2026-01-03T19:12:00Z
usage_events-000578,EV-0000578,SU-00078,ST-0008,2026-01-03T19:19:00Z,sms,298.7,messages,0.10,2026-01-03T19:19:00Z
usage_events-000579,EV-0000579,SU-00079,ST-0009,2026-01-03T19:26:00Z,sms,348.9,messages,3.82,2026-01-03T19:26:00Z
usage_events-000580,EV-0000580,SU-00080,ST-0010,2026-01-03T19:33:00Z,voice,35.6,minutes,3.93,2026-01-03T19:33:00Z
usage_events-000581,EV-0000581,SU-00081,ST-0011,2026-01-03T19:40:00Z,voice,304.8,minutes,3.77,2026-01-03T19:40:00Z
usage_events-000582,EV-0000582,SU-00082,ST-0012,2026-01-03T19:47:00Z,voice,190.9,minutes,4.90,2026-01-03T19:47:00Z
usage_events-000583,EV-0000583,SU-00083,ST-0013,2026-01-03T19:54:00Z,sms,467.0,messages,3.87,2026-01-03T19:54:00Z
usage_events-000584,EV-0000584,SU-00084,ST-0014,2026-01-03T20:01:00Z,voice,193.1,minutes,4.11,2026-01-03T20:01:00Z
usage_events-000585,EV-0000585,SU-00085,ST-0015,2026-01-03T20:08:00Z,sms,272.2,messages,2.94,2026-01-03T20:08:00Z
usage_events-000586,EV-0000586,SU-00086,ST-0016,2026-01-03T20:15:00Z,data,334.2,mb,3.58,2026-01-03T20:15:00Z
usage_events-000587,EV-0000587,SU-00087,ST-0017,2026-01-03T20:22:00Z,data,98.6,mb,0.86,2026-01-03T20:22:00Z
usage_events-000588,EV-0000588,SU-00088,ST-0018,2026-01-03T20:29:00Z,sms,235.4,messages,3.30,2026-01-03T20:29:00Z
usage_events-000589,EV-0000589,SU-00089,ST-0019,2026-01-03T20:36:00Z,data,2.0,mb,2.42,2026-01-03T20:36:00Z
usage_events-000590,EV-0000590,SU-00090,ST-0020,2026-01-03T20:43:00Z,data,456.9,mb,0.24,2026-01-03T20:43:00Z
usage_events-000591,EV-0000591,SU-00091,ST-0021,2026-01-03T20:50:00Z,voice,344.2,minutes,0.64,2026-01-03T20:50:00Z
usage_events-000592,EV-0000592,SU-00092,ST-0022,2026-01-03T20:57:00Z,sms,339.7,messages,0.03,2026-01-03T20:57:00Z
usage_events-000593,EV-0000593,SU-00093,ST-0023,2026-01-03T21:04:00Z,data,194.7,mb,3.93,2026-01-03T21:04:00Z
usage_events-000594,EV-0000594,SU-00094,ST-0024,2026-01-03T21:11:00Z,voice,107.9,minutes,0.64,2026-01-03T21:11:00Z
usage_events-000595,EV-0000595,SU-00095,ST-0025,2026-01-03T21:18:00Z,sms,24.6,messages,2.18,2026-01-03T21:18:00Z
usage_events-000596,EV-0000596,SU-00096,ST-0026,2026-01-03T21:25:00Z,sms,309.3,messages,1.90,2026-01-03T21:25:00Z
usage_events-000597,EV-0000597,SU-00097,ST-0027,2026-01-03T21:32:00Z,voice,27.7,minutes,2.75,2026-01-03T21:32:00Z
usage_events-000598,EV-0000598,SU-00098,ST-0028,2026-01-03T21:39:00Z,voice,231.9,minutes,0.46,2026-01-03T21:39:00Z
usage_events-000599,EV-0000599,SU-00099,ST-0029,2026-01-03T21:46:00Z,sms,167.7,messages,3.71,2026-01-03T21:46:00Z
usage_events-000600,EV-0000600,SU-00100,ST-0030,2026-01-03T21:53:00Z,data,449.4,mb,2.78,2026-01-03T21:53:00Z
usage_events-000601,EV-0000601,SU-00101,ST-0001,2026-01-03T22:00:00Z,voice,194.0,minutes,4.90,2026-01-03T22:00:00Z
usage_events-000602,EV-0000602,SU-00102,ST-0002,2026-01-03T22:07:00Z,voice,230.8,minutes,0.06,2026-01-03T22:07:00Z
usage_events-000603,EV-0000603,SU-00103,ST-0003,2026-01-03T22:14:00Z,data,423.5,mb,1.11,2026-01-03T22:14:00Z
usage_events-000604,EV-0000604,SU-00104,ST-0004,2026-01-03T22:21:00Z,data,132.5,mb,2.29,2026-01-03T22:21:00Z
usage_events-000605,EV-0000605,SU-00105,ST-0005,2026-01-03T22:28:00Z,data,75.1,mb,0.13,2026-01-03T22:28:00Z
usage_events-000606,EV-0000606,SU-00106,ST-0006,2026-01-03T22:35:00Z,voice,127.5,minutes,4.32,2026-01-03T22:35:00Z
usage_events-000607,EV-0000607,SU-00107,ST-0007,2026-01-03T22:42:00Z,data,154.2,mb,1.64,2026-01-03T22:42:00Z
usage_events-000608,EV-0000608,SU-00108,ST-0008,2026-01-03T22:49:00Z,sms,428.5,messages,0.86,2026-01-03T22:49:00Z
usage_events-000609,EV-0000609,SU-00109,ST-0009,2026-01-03T22:56:00Z,sms,286.4,messages,3.91,2026-01-03T22:56:00Z
usage_events-000610,EV-0000610,SU-00110,ST-0010,2026-01-03T23:03:00Z,sms,152.4,messages,1.10,2026-01-03T23:03:00Z
usage_events-000611,EV-0000611,SU-00111,ST-0011,2026-01-03T23:10:00Z,voice,351.9,minutes,0.57,2026-01-03T23:10:00Z
usage_events-000612,EV-0000612,SU-00112,ST-0012,2026-01-03T23:17:00Z,data,236.5,mb,4.16,2026-01-03T23:17:00Z
usage_events-000613,EV-0000613,SU-00113,ST-0013,2026-01-03T23:24:00Z,sms,249.1,messages,1.76,2026-01-03T23:24:00Z
usage_events-000614,EV-0000614,SU-00114,ST-0014,2026-01-03T23:31:00Z,sms,199.4,messages,1.73,2026-01-03T23:31:00Z
usage_events-000615,EV-0000615,SU-00115,ST-0015,2026-01-03T23:38:00Z,data,148.0,mb,1.81,2026-01-03T23:38:00Z
usage_events-000616,EV-0000616,SU-00116,ST-0016,2026-01-03T23:45:00Z,voice,150.8,minutes,2.86,2026-01-03T23:45:00Z
usage_events-000617,EV-0000617,SU-00117,ST-0017,2026-01-03T23:52:00Z,sms,225.7,messages,0.29,2026-01-03T23:52:00Z
usage_events-000618,EV-0000618,SU-00118,ST-0018,2026-01-03T23:59:00Z,data,225.7,mb,2.37,2026-01-03T23:59:00Z
usage_events-000619,EV-0000619,SU-00119,ST-0019,2026-01-04T00:06:00Z,data,419.3,mb,2.78,2026-01-04T00:06:00Z
usage_events-000620,EV-0000620,SU-00120,ST-0020,2026-01-04T00:13:00Z,voice,147.4,minutes,0.86,2026-01-04T00:13:00Z
usage_events-000621,EV-0000621,SU-00121,ST-0021,2026-01-04T00:20:00Z,sms,77.8,messages,0.48,2026-01-04T00:20:00Z
usage_events-000622,EV-0000622,SU-00122,ST-0022,2026-01-04T00:27:00Z,sms,493.8,messages,2.17,2026-01-04T00:27:00Z
usage_events-000623,EV-0000623,SU-00123,ST-0023,2026-01-04T00:34:00Z,sms,380.7,messages,0.49,2026-01-04T00:34:00Z
usage_events-000624,EV-0000624,SU-00124,ST-0024,2026-01-04T00:41:00Z,data,434.7,mb,3.98,2026-01-04T00:41:00Z
usage_events-000625,EV-0000625,SU-00125,ST-0025,2026-01-04T00:48:00Z,sms,86.0,messages,0.34,2026-01-04T00:48:00Z
usage_events-000626,EV-0000626,SU-00126,ST-0026,2026-01-04T00:55:00Z,voice,137.2,minutes,4.40,2026-01-04T00:55:00Z
usage_events-000627,EV-0000627,SU-00127,ST-0027,2026-01-04T01:02:00Z,data,50.0,mb,3.74,2026-01-04T01:02:00Z
usage_events-000628,EV-0000628,SU-00128,ST-0028,2026-01-04T01:09:00Z,voice,445.6,minutes,0.24,2026-01-04T01:09:00Z
usage_events-000629,EV-0000629,SU-00129,ST-0029,2026-01-04T01:16:00Z,voice,422.0,minutes,3.80,2026-01-04T01:16:00Z
usage_events-000630,EV-0000630,SU-00130,ST-0030,2026-01-04T01:23:00Z,data,479.9,mb,3.94,2026-01-04T01:23:00Z
usage_events-000631,EV-0000631,SU-00131,ST-0001,2026-01-04T01:30:00Z,sms,261.6,messages,1.38,2026-01-04T01:30:00Z
usage_events-000632,EV-0000632,SU-00132,ST-0002,2026-01-04T01:37:00Z,voice,431.4,minutes,4.18,2026-01-04T01:37:00Z
usage_events-000633,EV-0000633,SU-00133,ST-0003,2026-01-04T01:44:00Z,voice,229.0,minutes,0.65,2026-01-04T01:44:00Z
usage_events-000634,EV-0000634,SU-00134,ST-0004,2026-01-04T01:51:00Z,sms,259.3,messages,3.96,2026-01-04T01:51:00Z
usage_events-000635,EV-0000635,SU-00135,ST-0005,2026-01-04T01:58:00Z,data,357.0,mb,4.79,2026-01-04T01:58:00Z
usage_events-000636,EV-0000636,SU-00136,ST-0006,2026-01-04T02:05:00Z,sms,315.3,messages,0.12,2026-01-04T02:05:00Z
usage_events-000637,EV-0000637,SU-00137,ST-0007,2026-01-04T02:12:00Z,voice,263.2,minutes,3.32,2026-01-04T02:12:00Z
usage_events-000638,EV-0000638,SU-00138,ST-0008,2026-01-04T02:19:00Z,sms,446.0,messages,1.09,2026-01-04T02:19:00Z
usage_events-000639,EV-0000639,SU-00139,ST-0009,2026-01-04T02:26:00Z,sms,55.6,messages,3.88,2026-01-04T02:26:00Z
usage_events-000640,EV-0000640,SU-00140,ST-0010,2026-01-04T02:33:00Z,sms,133.1,messages,2.66,2026-01-04T02:33:00Z
usage_events-000641,EV-0000641,SU-00141,ST-0011,2026-01-04T02:40:00Z,sms,46.5,messages,0.61,2026-01-04T02:40:00Z
usage_events-000642,EV-0000642,SU-00142,ST-0012,2026-01-04T02:47:00Z,data,77.4,mb,4.40,2026-01-04T02:47:00Z
usage_events-000643,EV-0000643,SU-00143,ST-0013,2026-01-04T02:54:00Z,sms,36.6,messages,1.29,2026-01-04T02:54:00Z
usage_events-000644,EV-0000644,SU-00144,ST-0014,2026-01-04T03:01:00Z,voice,210.8,minutes,3.07,2026-01-04T03:01:00Z
usage_events-000645,EV-0000645,SU-00145,ST-0015,2026-01-04T03:08:00Z,voice,72.3,minutes,0.08,2026-01-04T03:08:00Z
usage_events-000646,EV-0000646,SU-00146,ST-0016,2026-01-04T03:15:00Z,data,290.2,mb,0.43,2026-01-04T03:15:00Z
usage_events-000647,EV-0000647,SU-00147,ST-0017,2026-01-04T03:22:00Z,data,233.5,mb,3.90,2026-01-04T03:22:00Z
usage_events-000648,EV-0000648,SU-00148,ST-0018,2026-01-04T03:29:00Z,data,431.3,mb,4.54,2026-01-04T03:29:00Z
usage_events-000649,EV-0000649,SU-00149,ST-0019,2026-01-04T03:36:00Z,data,327.3,mb,0.11,2026-01-04T03:36:00Z
usage_events-000650,EV-0000650,SU-00150,ST-0020,2026-01-04T03:43:00Z,data,199.8,mb,2.55,2026-01-04T03:43:00Z
usage_events-000651,EV-0000651,SU-00151,ST-0021,2026-01-04T03:50:00Z,data,222.4,mb,1.62,2026-01-04T03:50:00Z
usage_events-000652,EV-0000652,SU-00152,ST-0022,2026-01-04T03:57:00Z,data,170.1,mb,4.72,2026-01-04T03:57:00Z
usage_events-000653,EV-0000653,SU-00153,ST-0023,2026-01-04T04:04:00Z,data,109.6,mb,1.16,2026-01-04T04:04:00Z
usage_events-000654,EV-0000654,SU-00154,ST-0024,2026-01-04T04:11:00Z,data,212.6,mb,1.47,2026-01-04T04:11:00Z
usage_events-000655,EV-0000655,SU-00155,ST-0025,2026-01-04T04:18:00Z,data,206.6,mb,2.42,2026-01-04T04:18:00Z
usage_events-000656,EV-0000656,SU-00156,ST-0026,2026-01-04T04:25:00Z,sms,239.6,messages,3.55,2026-01-04T04:25:00Z
usage_events-000657,EV-0000657,SU-00157,ST-0027,2026-01-04T04:32:00Z,data,300.5,mb,3.61,2026-01-04T04:32:00Z
usage_events-000658,EV-0000658,SU-00158,ST-0028,2026-01-04T04:39:00Z,voice,7.2,minutes,4.76,2026-01-04T04:39:00Z
usage_events-000659,EV-0000659,SU-00159,ST-0029,2026-01-04T04:46:00Z,data,402.8,mb,3.52,2026-01-04T04:46:00Z
usage_events-000660,EV-0000660,SU-00160,ST-0030,2026-01-04T04:53:00Z,sms,126.6,messages,1.06,2026-01-04T04:53:00Z
usage_events-000661,EV-0000661,SU-00161,ST-0001,2026-01-04T05:00:00Z,voice,260.0,minutes,1.92,2026-01-04T05:00:00Z
usage_events-000662,EV-0000662,SU-00162,ST-0002,2026-01-04T05:07:00Z,sms,134.5,messages,1.26,2026-01-04T05:07:00Z
usage_events-000663,EV-0000663,SU-00163,ST-0003,2026-01-04T05:14:00Z,voice,207.0,minutes,3.48,2026-01-04T05:14:00Z
usage_events-000664,EV-0000664,SU-00164,ST-0004,2026-01-04T05:21:00Z,sms,181.1,messages,2.21,2026-01-04T05:21:00Z
usage_events-000665,EV-0000665,SU-00165,ST-0005,2026-01-04T05:28:00Z,sms,110.6,messages,1.33,2026-01-04T05:28:00Z
usage_events-000666,EV-0000666,SU-00166,ST-0006,2026-01-04T05:35:00Z,sms,225.4,messages,4.77,2026-01-04T05:35:00Z
usage_events-000667,EV-0000667,SU-00167,ST-0007,2026-01-04T05:42:00Z,voice,368.6,minutes,3.36,2026-01-04T05:42:00Z
usage_events-000668,EV-0000668,SU-00168,ST-0008,2026-01-04T05:49:00Z,voice,494.6,minutes,0.41,2026-01-04T05:49:00Z
usage_events-000669,EV-0000669,SU-00169,ST-0009,2026-01-04T05:56:00Z,sms,373.0,messages,0.16,2026-01-04T05:56:00Z
usage_events-000670,EV-0000670,SU-00170,ST-0010,2026-01-04T06:03:00Z,data,433.9,mb,3.42,2026-01-04T06:03:00Z
usage_events-000671,EV-0000671,SU-00171,ST-0011,2026-01-04T06:10:00Z,data,131.0,mb,3.84,2026-01-04T06:10:00Z
usage_events-000672,EV-0000672,SU-00172,ST-0012,2026-01-04T06:17:00Z,data,422.2,mb,0.67,2026-01-04T06:17:00Z
usage_events-000673,EV-0000673,SU-00173,ST-0013,2026-01-04T06:24:00Z,voice,278.8,minutes,0.18,2026-01-04T06:24:00Z
usage_events-000674,EV-0000674,SU-00174,ST-0014,2026-01-04T06:31:00Z,data,57.0,mb,4.58,2026-01-04T06:31:00Z
usage_events-000675,EV-0000675,SU-00175,ST-0015,2026-01-04T06:38:00Z,data,295.1,mb,3.88,2026-01-04T06:38:00Z
usage_events-000676,EV-0000676,SU-00176,ST-0016,2026-01-04T06:45:00Z,voice,218.7,minutes,0.76,2026-01-04T06:45:00Z
usage_events-000677,EV-0000677,SU-00177,ST-0017,2026-01-04T06:52:00Z,voice,485.3,minutes,3.99,2026-01-04T06:52:00Z
usage_events-000678,EV-0000678,SU-00178,ST-0018,2026-01-04T06:59:00Z,data,408.5,mb,3.45,2026-01-04T06:59:00Z
usage_events-000679,EV-0000679,SU-00179,ST-0019,2026-01-04T07:06:00Z,data,106.4,mb,3.87,2026-01-04T07:06:00Z
usage_events-000680,EV-0000680,SU-00180,ST-0020,2026-01-04T07:13:00Z,data,497.1,mb,2.92,2026-01-04T07:13:00Z
usage_events-000681,EV-0000681,SU-00181,ST-0021,2026-01-04T07:20:00Z,data,497.1,mb,3.93,2026-01-04T07:20:00Z
usage_events-000682,EV-0000682,SU-00182,ST-0022,2026-01-04T07:27:00Z,voice,484.5,minutes,0.50,2026-01-04T07:27:00Z
usage_events-000683,EV-0000683,SU-00183,ST-0023,2026-01-04T07:34:00Z,sms,495.6,messages,1.26,2026-01-04T07:34:00Z
usage_events-000684,EV-0000684,SU-00184,ST-0024,2026-01-04T07:41:00Z,sms,8.9,messages,0.48,2026-01-04T07:41:00Z
usage_events-000685,EV-0000685,SU-00185,ST-0025,2026-01-04T07:48:00Z,sms,247.4,messages,4.33,2026-01-04T07:48:00Z
usage_events-000686,EV-0000686,SU-00186,ST-0026,2026-01-04T07:55:00Z,voice,384.6,minutes,4.43,2026-01-04T07:55:00Z
usage_events-000687,EV-0000687,SU-00187,ST-0027,2026-01-04T08:02:00Z,sms,400.3,messages,2.20,2026-01-04T08:02:00Z
usage_events-000688,EV-0000688,SU-00188,ST-0028,2026-01-04T08:09:00Z,sms,330.7,messages,2.02,2026-01-04T08:09:00Z
usage_events-000689,EV-0000689,SU-00189,ST-0029,2026-01-04T08:16:00Z,sms,468.2,messages,4.17,2026-01-04T08:16:00Z
usage_events-000690,EV-0000690,SU-00190,ST-0030,2026-01-04T08:23:00Z,data,206.1,mb,3.85,2026-01-04T08:23:00Z
usage_events-000691,EV-0000691,SU-00191,ST-0001,2026-01-04T08:30:00Z,voice,216.4,minutes,4.78,2026-01-04T08:30:00Z
usage_events-000692,EV-0000692,SU-00192,ST-0002,2026-01-04T08:37:00Z,data,8.4,mb,1.43,2026-01-04T08:37:00Z
usage_events-000693,EV-0000693,SU-00193,ST-0003,2026-01-04T08:44:00Z,sms,370.7,messages,2.20,2026-01-04T08:44:00Z
usage_events-000694,EV-0000694,SU-00194,ST-0004,2026-01-04T08:51:00Z,data,253.0,mb,2.84,2026-01-04T08:51:00Z
usage_events-000695,EV-0000695,SU-00195,ST-0005,2026-01-04T08:58:00Z,voice,244.7,minutes,2.43,2026-01-04T08:58:00Z
usage_events-000696,EV-0000696,SU-00196,ST-0006,2026-01-04T09:05:00Z,sms,370.0,messages,0.31,2026-01-04T09:05:00Z
usage_events-000697,EV-0000697,SU-00197,ST-0007,2026-01-04T09:12:00Z,voice,221.8,minutes,3.95,2026-01-04T09:12:00Z
usage_events-000698,EV-0000698,SU-00198,ST-0008,2026-01-04T09:19:00Z,sms,24.5,messages,0.33,2026-01-04T09:19:00Z
usage_events-000699,EV-0000699,SU-00199,ST-0009,2026-01-04T09:26:00Z,voice,50.7,minutes,3.89,2026-01-04T09:26:00Z
usage_events-000700,EV-0000700,SU-00200,ST-0010,2026-01-04T09:33:00Z,sms,298.6,messages,4.86,2026-01-04T09:33:00Z
usage_events-000701,EV-0000701,SU-00201,ST-0011,2026-01-04T09:40:00Z,voice,79.7,minutes,2.14,2026-01-04T09:40:00Z
usage_events-000702,EV-0000702,SU-00202,ST-0012,2026-01-04T09:47:00Z,sms,99.3,messages,1.11,2026-01-04T09:47:00Z
usage_events-000703,EV-0000703,SU-00203,ST-0013,2026-01-04T09:54:00Z,sms,93.9,messages,1.55,2026-01-04T09:54:00Z
usage_events-000704,EV-0000704,SU-00204,ST-0014,2026-01-04T10:01:00Z,voice,250.1,minutes,2.95,2026-01-04T10:01:00Z
usage_events-000705,EV-0000705,SU-00205,ST-0015,2026-01-04T10:08:00Z,voice,253.2,minutes,0.36,2026-01-04T10:08:00Z
usage_events-000706,EV-0000706,SU-00206,ST-0016,2026-01-04T10:15:00Z,sms,126.0,messages,2.35,2026-01-04T10:15:00Z
usage_events-000707,EV-0000707,SU-00207,ST-0017,2026-01-04T10:22:00Z,sms,170.0,messages,0.49,2026-01-04T10:22:00Z
usage_events-000708,EV-0000708,SU-00208,ST-0018,2026-01-04T10:29:00Z,voice,42.5,minutes,2.80,2026-01-04T10:29:00Z
usage_events-000709,EV-0000709,SU-00209,ST-0019,2026-01-04T10:36:00Z,data,385.1,mb,2.01,2026-01-04T10:36:00Z
usage_events-000710,EV-0000710,SU-00210,ST-0020,2026-01-04T10:43:00Z,data,199.0,mb,3.02,2026-01-04T10:43:00Z
usage_events-000711,EV-0000711,SU-00211,ST-0021,2026-01-04T10:50:00Z,data,293.8,mb,2.48,2026-01-04T10:50:00Z
usage_events-000712,EV-0000712,SU-00212,ST-0022,2026-01-04T10:57:00Z,sms,438.2,messages,3.53,2026-01-04T10:57:00Z
usage_events-000713,EV-0000713,SU-00213,ST-0023,2026-01-04T11:04:00Z,sms,268.8,messages,0.88,2026-01-04T11:04:00Z
usage_events-000714,EV-0000714,SU-00214,ST-0024,2026-01-04T11:11:00Z,data,242.3,mb,0.86,2026-01-04T11:11:00Z
usage_events-000715,EV-0000715,SU-00215,ST-0025,2026-01-04T11:18:00Z,sms,116.0,messages,4.52,2026-01-04T11:18:00Z
usage_events-000716,EV-0000716,SU-00216,ST-0026,2026-01-04T11:25:00Z,sms,171.3,messages,1.02,2026-01-04T11:25:00Z
usage_events-000717,EV-0000717,SU-00217,ST-0027,2026-01-04T11:32:00Z,voice,497.8,minutes,1.23,2026-01-04T11:32:00Z
usage_events-000718,EV-0000718,SU-00218,ST-0028,2026-01-04T11:39:00Z,sms,339.4,messages,3.17,2026-01-04T11:39:00Z
usage_events-000719,EV-0000719,SU-00219,ST-0029,2026-01-04T11:46:00Z,sms,286.0,messages,4.36,2026-01-04T11:46:00Z
usage_events-000720,EV-0000720,SU-00220,ST-0030,2026-01-04T11:53:00Z,voice,485.4,minutes,1.88,2026-01-04T11:53:00Z
usage_events-000721,EV-0000721,SU-00221,ST-0001,2026-01-04T12:00:00Z,voice,122.2,minutes,4.51,2026-01-04T12:00:00Z
usage_events-000722,EV-0000722,SU-00222,ST-0002,2026-01-04T12:07:00Z,sms,89.6,messages,4.69,2026-01-04T12:07:00Z
usage_events-000723,EV-0000723,SU-00223,ST-0003,2026-01-04T12:14:00Z,sms,136.6,messages,0.85,2026-01-04T12:14:00Z
usage_events-000724,EV-0000724,SU-00224,ST-0004,2026-01-04T12:21:00Z,data,77.5,mb,2.72,2026-01-04T12:21:00Z
usage_events-000725,EV-0000725,SU-00225,ST-0005,2026-01-04T12:28:00Z,voice,363.9,minutes,3.40,2026-01-04T12:28:00Z
usage_events-000726,EV-0000726,SU-00226,ST-0006,2026-01-04T12:35:00Z,data,283.4,mb,2.67,2026-01-04T12:35:00Z
usage_events-000727,EV-0000727,SU-00227,ST-0007,2026-01-04T12:42:00Z,voice,79.8,minutes,1.68,2026-01-04T12:42:00Z
usage_events-000728,EV-0000728,SU-00228,ST-0008,2026-01-04T12:49:00Z,sms,106.3,messages,4.37,2026-01-04T12:49:00Z
usage_events-000729,EV-0000729,SU-00229,ST-0009,2026-01-04T12:56:00Z,sms,375.2,messages,4.58,2026-01-04T12:56:00Z
usage_events-000730,EV-0000730,SU-00230,ST-0010,2026-01-04T13:03:00Z,voice,484.1,minutes,0.10,2026-01-04T13:03:00Z
usage_events-000731,EV-0000731,SU-00231,ST-0011,2026-01-04T13:10:00Z,sms,244.0,messages,1.51,2026-01-04T13:10:00Z
usage_events-000732,EV-0000732,SU-00232,ST-0012,2026-01-04T13:17:00Z,voice,353.4,minutes,0.25,2026-01-04T13:17:00Z
usage_events-000733,EV-0000733,SU-00233,ST-0013,2026-01-04T13:24:00Z,voice,282.2,minutes,3.13,2026-01-04T13:24:00Z
usage_events-000734,EV-0000734,SU-00234,ST-0014,2026-01-04T13:31:00Z,data,53.9,mb,0.37,2026-01-04T13:31:00Z
usage_events-000735,EV-0000735,SU-00235,ST-0015,2026-01-04T13:38:00Z,voice,241.3,minutes,4.36,2026-01-04T13:38:00Z
usage_events-000736,EV-0000736,SU-00236,ST-0016,2026-01-04T13:45:00Z,sms,80.5,messages,2.64,2026-01-04T13:45:00Z
usage_events-000737,EV-0000737,SU-00237,ST-0017,2026-01-04T13:52:00Z,data,24.7,mb,4.52,2026-01-04T13:52:00Z
usage_events-000738,EV-0000738,SU-00238,ST-0018,2026-01-04T13:59:00Z,voice,178.6,minutes,0.26,2026-01-04T13:59:00Z
usage_events-000739,EV-0000739,SU-00239,ST-0019,2026-01-04T14:06:00Z,data,301.3,mb,1.85,2026-01-04T14:06:00Z
usage_events-000740,EV-0000740,SU-00240,ST-0020,2026-01-04T14:13:00Z,voice,113.8,minutes,4.15,2026-01-04T14:13:00Z
usage_events-000741,EV-0000741,SU-00241,ST-0021,2026-01-04T14:20:00Z,voice,353.1,minutes,4.90,2026-01-04T14:20:00Z
usage_events-000742,EV-0000742,SU-00242,ST-0022,2026-01-04T14:27:00Z,voice,306.7,minutes,2.47,2026-01-04T14:27:00Z
usage_events-000743,EV-0000743,SU-00243,ST-0023,2026-01-04T14:34:00Z,voice,341.0,minutes,2.19,2026-01-04T14:34:00Z
usage_events-000744,EV-0000744,SU-00244,ST-0024,2026-01-04T14:41:00Z,sms,327.7,messages,3.17,2026-01-04T14:41:00Z
usage_events-000745,EV-0000745,SU-00245,ST-0025,2026-01-04T14:48:00Z,data,484.8,mb,1.10,2026-01-04T14:48:00Z
usage_events-000746,EV-0000746,SU-00246,ST-0026,2026-01-04T14:55:00Z,sms,420.0,messages,0.66,2026-01-04T14:55:00Z
usage_events-000747,EV-0000747,SU-00247,ST-0027,2026-01-04T15:02:00Z,sms,264.7,messages,0.03,2026-01-04T15:02:00Z
usage_events-000748,EV-0000748,SU-00248,ST-0028,2026-01-04T15:09:00Z,sms,259.4,messages,2.72,2026-01-04T15:09:00Z
usage_events-000749,EV-0000749,SU-00249,ST-0029,2026-01-04T15:16:00Z,sms,217.8,messages,1.04,2026-01-04T15:16:00Z
usage_events-000750,EV-0000750,SU-00250,ST-0030,2026-01-04T15:23:00Z,voice,392.3,minutes,1.32,2026-01-04T15:23:00Z
usage_events-000751,EV-0000751,SU-00001,ST-0001,2026-01-04T15:30:00Z,sms,165.2,messages,0.62,2026-01-04T15:30:00Z
usage_events-000752,EV-0000752,SU-00002,ST-0002,2026-01-04T15:37:00Z,data,21.6,mb,0.33,2026-01-04T15:37:00Z
usage_events-000753,EV-0000753,SU-00003,ST-0003,2026-01-04T15:44:00Z,sms,171.3,messages,0.68,2026-01-04T15:44:00Z
usage_events-000754,EV-0000754,SU-00004,ST-0004,2026-01-04T15:51:00Z,sms,399.3,messages,4.93,2026-01-04T15:51:00Z
usage_events-000755,EV-0000755,SU-00005,ST-0005,2026-01-04T15:58:00Z,voice,32.1,minutes,2.74,2026-01-04T15:58:00Z
usage_events-000756,EV-0000756,SU-00006,ST-0006,2026-01-04T16:05:00Z,sms,229.7,messages,1.07,2026-01-04T16:05:00Z
usage_events-000757,EV-0000757,SU-00007,ST-0007,2026-01-04T16:12:00Z,sms,229.0,messages,1.69,2026-01-04T16:12:00Z
usage_events-000758,EV-0000758,SU-00008,ST-0008,2026-01-04T16:19:00Z,data,278.0,mb,0.82,2026-01-04T16:19:00Z
usage_events-000759,EV-0000759,SU-00009,ST-0009,2026-01-04T16:26:00Z,voice,95.9,minutes,1.98,2026-01-04T16:26:00Z
usage_events-000760,EV-0000760,SU-00010,ST-0010,2026-01-04T16:33:00Z,voice,485.7,minutes,3.52,2026-01-04T16:33:00Z
usage_events-000761,EV-0000761,SU-00011,ST-0011,2026-01-04T16:40:00Z,data,31.7,mb,2.22,2026-01-04T16:40:00Z
usage_events-000762,EV-0000762,SU-00012,ST-0012,2026-01-04T16:47:00Z,data,4.1,mb,2.29,2026-01-04T16:47:00Z
usage_events-000763,EV-0000763,SU-00013,ST-0013,2026-01-04T16:54:00Z,voice,337.5,minutes,2.58,2026-01-04T16:54:00Z
usage_events-000764,EV-0000764,SU-00014,ST-0014,2026-01-04T17:01:00Z,sms,386.2,messages,0.17,2026-01-04T17:01:00Z
usage_events-000765,EV-0000765,SU-00015,ST-0015,2026-01-04T17:08:00Z,data,95.9,mb,4.95,2026-01-04T17:08:00Z
usage_events-000766,EV-0000766,SU-00016,ST-0016,2026-01-04T17:15:00Z,sms,56.5,messages,3.94,2026-01-04T17:15:00Z
usage_events-000767,EV-0000767,SU-00017,ST-0017,2026-01-04T17:22:00Z,voice,46.9,minutes,4.23,2026-01-04T17:22:00Z
usage_events-000768,EV-0000768,SU-00018,ST-0018,2026-01-04T17:29:00Z,sms,193.2,messages,0.60,2026-01-04T17:29:00Z
usage_events-000769,EV-0000769,SU-00019,ST-0019,2026-01-04T17:36:00Z,data,341.6,mb,2.56,2026-01-04T17:36:00Z
usage_events-000770,EV-0000770,SU-00020,ST-0020,2026-01-04T17:43:00Z,data,63.7,mb,3.02,2026-01-04T17:43:00Z
usage_events-000771,EV-0000771,SU-00021,ST-0021,2026-01-04T17:50:00Z,voice,143.7,minutes,3.69,2026-01-04T17:50:00Z
usage_events-000772,EV-0000772,SU-00022,ST-0022,2026-01-04T17:57:00Z,data,453.2,mb,3.63,2026-01-04T17:57:00Z
usage_events-000773,EV-0000773,SU-00023,ST-0023,2026-01-04T18:04:00Z,voice,240.6,minutes,2.51,2026-01-04T18:04:00Z
usage_events-000774,EV-0000774,SU-00024,ST-0024,2026-01-04T18:11:00Z,voice,330.9,minutes,4.83,2026-01-04T18:11:00Z
usage_events-000775,EV-0000775,SU-00025,ST-0025,2026-01-04T18:18:00Z,voice,170.6,minutes,3.30,2026-01-04T18:18:00Z
usage_events-000776,EV-0000776,SU-00026,ST-0026,2026-01-04T18:25:00Z,data,78.5,mb,2.99,2026-01-04T18:25:00Z
usage_events-000777,EV-0000777,SU-00027,ST-0027,2026-01-04T18:32:00Z,sms,7.1,messages,0.32,2026-01-04T18:32:00Z
usage_events-000778,EV-0000778,SU-00028,ST-0028,2026-01-04T18:39:00Z,voice,384.2,minutes,4.73,2026-01-04T18:39:00Z
usage_events-000779,EV-0000779,SU-00029,ST-0029,2026-01-04T18:46:00Z,voice,40.0,minutes,2.71,2026-01-04T18:46:00Z
usage_events-000780,EV-0000780,SU-00030,ST-0030,2026-01-04T18:53:00Z,data,20.1,mb,1.34,2026-01-04T18:53:00Z
usage_events-000781,EV-0000781,SU-00031,ST-0001,2026-01-04T19:00:00Z,sms,96.4,messages,4.77,2026-01-04T19:00:00Z
usage_events-000782,EV-0000782,SU-00032,ST-0002,2026-01-04T19:07:00Z,sms,337.4,messages,1.56,2026-01-04T19:07:00Z
usage_events-000783,EV-0000783,SU-00033,ST-0003,2026-01-04T19:14:00Z,data,163.9,mb,4.13,2026-01-04T19:14:00Z
usage_events-000784,EV-0000784,SU-00034,ST-0004,2026-01-04T19:21:00Z,voice,315.7,minutes,3.35,2026-01-04T19:21:00Z
usage_events-000785,EV-0000785,SU-00035,ST-0005,2026-01-04T19:28:00Z,sms,118.2,messages,1.44,2026-01-04T19:28:00Z
usage_events-000786,EV-0000786,SU-00036,ST-0006,2026-01-04T19:35:00Z,voice,16.1,minutes,1.44,2026-01-04T19:35:00Z
usage_events-000787,EV-0000787,SU-00037,ST-0007,2026-01-04T19:42:00Z,data,244.3,mb,2.52,2026-01-04T19:42:00Z
usage_events-000788,EV-0000788,SU-00038,ST-0008,2026-01-04T19:49:00Z,voice,174.9,minutes,2.41,2026-01-04T19:49:00Z
usage_events-000789,EV-0000789,SU-00039,ST-0009,2026-01-04T19:56:00Z,voice,438.6,minutes,0.08,2026-01-04T19:56:00Z
usage_events-000790,EV-0000790,SU-00040,ST-0010,2026-01-04T20:03:00Z,sms,53.5,messages,4.48,2026-01-04T20:03:00Z
usage_events-000791,EV-0000791,SU-00041,ST-0011,2026-01-04T20:10:00Z,voice,447.6,minutes,1.96,2026-01-04T20:10:00Z
usage_events-000792,EV-0000792,SU-00042,ST-0012,2026-01-04T20:17:00Z,sms,364.7,messages,2.82,2026-01-04T20:17:00Z
usage_events-000793,EV-0000793,SU-00043,ST-0013,2026-01-04T20:24:00Z,voice,409.7,minutes,0.97,2026-01-04T20:24:00Z
usage_events-000794,EV-0000794,SU-00044,ST-0014,2026-01-04T20:31:00Z,voice,418.5,minutes,0.00,2026-01-04T20:31:00Z
usage_events-000795,EV-0000795,SU-00045,ST-0015,2026-01-04T20:38:00Z,sms,117.9,messages,3.99,2026-01-04T20:38:00Z
usage_events-000796,EV-0000796,SU-00046,ST-0016,2026-01-04T20:45:00Z,sms,399.3,messages,0.09,2026-01-04T20:45:00Z
usage_events-000797,EV-0000797,SU-00047,ST-0017,2026-01-04T20:52:00Z,sms,313.1,messages,1.89,2026-01-04T20:52:00Z
usage_events-000798,EV-0000798,SU-00048,ST-0018,2026-01-04T20:59:00Z,voice,483.6,minutes,2.77,2026-01-04T20:59:00Z
usage_events-000799,EV-0000799,SU-00049,ST-0019,2026-01-04T21:06:00Z,data,364.7,mb,4.14,2026-01-04T21:06:00Z
usage_events-000800,EV-0000800,SU-00050,ST-0020,2026-01-04T21:13:00Z,voice,488.4,minutes,1.55,2026-01-04T21:13:00Z
usage_events-000801,EV-0000801,SU-00051,ST-0021,2026-01-04T21:20:00Z,data,182.3,mb,1.07,2026-01-04T21:20:00Z
usage_events-000802,EV-0000802,SU-00052,ST-0022,2026-01-04T21:27:00Z,voice,471.2,minutes,2.81,2026-01-04T21:27:00Z
usage_events-000803,EV-0000803,SU-00053,ST-0023,2026-01-04T21:34:00Z,data,414.1,mb,4.57,2026-01-04T21:34:00Z
usage_events-000804,EV-0000804,SU-00054,ST-0024,2026-01-04T21:41:00Z,data,152.6,mb,2.48,2026-01-04T21:41:00Z
usage_events-000805,EV-0000805,SU-00055,ST-0025,2026-01-04T21:48:00Z,sms,158.9,messages,3.37,2026-01-04T21:48:00Z
usage_events-000806,EV-0000806,SU-00056,ST-0026,2026-01-04T21:55:00Z,sms,243.4,messages,0.71,2026-01-04T21:55:00Z
usage_events-000807,EV-0000807,SU-00057,ST-0027,2026-01-04T22:02:00Z,data,95.5,mb,1.05,2026-01-04T22:02:00Z
usage_events-000808,EV-0000808,SU-00058,ST-0028,2026-01-04T22:09:00Z,sms,190.4,messages,2.07,2026-01-04T22:09:00Z
usage_events-000809,EV-0000809,SU-00059,ST-0029,2026-01-04T22:16:00Z,data,19.4,mb,2.09,2026-01-04T22:16:00Z
usage_events-000810,EV-0000810,SU-00060,ST-0030,2026-01-04T22:23:00Z,voice,282.6,minutes,4.52,2026-01-04T22:23:00Z
usage_events-000811,EV-0000811,SU-00061,ST-0001,2026-01-04T22:30:00Z,sms,346.7,messages,4.39,2026-01-04T22:30:00Z
usage_events-000812,EV-0000812,SU-00062,ST-0002,2026-01-04T22:37:00Z,sms,127.1,messages,1.98,2026-01-04T22:37:00Z
usage_events-000813,EV-0000813,SU-00063,ST-0003,2026-01-04T22:44:00Z,data,367.8,mb,0.53,2026-01-04T22:44:00Z
usage_events-000814,EV-0000814,SU-00064,ST-0004,2026-01-04T22:51:00Z,sms,486.4,messages,3.10,2026-01-04T22:51:00Z
usage_events-000815,EV-0000815,SU-00065,ST-0005,2026-01-04T22:58:00Z,data,175.1,mb,0.73,2026-01-04T22:58:00Z
usage_events-000816,EV-0000816,SU-00066,ST-0006,2026-01-04T23:05:00Z,sms,308.5,messages,0.91,2026-01-04T23:05:00Z
usage_events-000817,EV-0000817,SU-00067,ST-0007,2026-01-04T23:12:00Z,sms,55.2,messages,1.22,2026-01-04T23:12:00Z
usage_events-000818,EV-0000818,SU-00068,ST-0008,2026-01-04T23:19:00Z,sms,476.9,messages,1.74,2026-01-04T23:19:00Z
usage_events-000819,EV-0000819,SU-00069,ST-0009,2026-01-04T23:26:00Z,data,195.3,mb,2.13,2026-01-04T23:26:00Z
usage_events-000820,EV-0000820,SU-00070,ST-0010,2026-01-04T23:33:00Z,data,391.2,mb,2.12,2026-01-04T23:33:00Z
usage_events-000821,EV-0000821,SU-00071,ST-0011,2026-01-04T23:40:00Z,voice,305.3,minutes,0.50,2026-01-04T23:40:00Z
usage_events-000822,EV-0000822,SU-00072,ST-0012,2026-01-04T23:47:00Z,sms,64.2,messages,4.21,2026-01-04T23:47:00Z
usage_events-000823,EV-0000823,SU-00073,ST-0013,2026-01-04T23:54:00Z,sms,436.2,messages,1.40,2026-01-04T23:54:00Z
usage_events-000824,EV-0000824,SU-00074,ST-0014,2026-01-05T00:01:00Z,voice,173.1,minutes,2.60,2026-01-05T00:01:00Z
usage_events-000825,EV-0000825,SU-00075,ST-0015,2026-01-05T00:08:00Z,data,397.3,mb,2.15,2026-01-05T00:08:00Z
usage_events-000826,EV-0000826,SU-00076,ST-0016,2026-01-05T00:15:00Z,data,114.9,mb,0.89,2026-01-05T00:15:00Z
usage_events-000827,EV-0000827,SU-00077,ST-0017,2026-01-05T00:22:00Z,voice,479.3,minutes,1.17,2026-01-05T00:22:00Z
usage_events-000828,EV-0000828,SU-00078,ST-0018,2026-01-05T00:29:00Z,sms,57.1,messages,0.67,2026-01-05T00:29:00Z
usage_events-000829,EV-0000829,SU-00079,ST-0019,2026-01-05T00:36:00Z,sms,152.0,messages,3.60,2026-01-05T00:36:00Z
usage_events-000830,EV-0000830,SU-00080,ST-0020,2026-01-05T00:43:00Z,voice,349.1,minutes,3.21,2026-01-05T00:43:00Z
usage_events-000831,EV-0000831,SU-00081,ST-0021,2026-01-05T00:50:00Z,voice,399.1,minutes,0.71,2026-01-05T00:50:00Z
usage_events-000832,EV-0000832,SU-00082,ST-0022,2026-01-05T00:57:00Z,data,196.6,mb,3.15,2026-01-05T00:57:00Z
usage_events-000833,EV-0000833,SU-00083,ST-0023,2026-01-05T01:04:00Z,data,437.0,mb,0.42,2026-01-05T01:04:00Z
usage_events-000834,EV-0000834,SU-00084,ST-0024,2026-01-05T01:11:00Z,voice,19.2,minutes,4.98,2026-01-05T01:11:00Z
usage_events-000835,EV-0000835,SU-00085,ST-0025,2026-01-05T01:18:00Z,data,138.2,mb,0.98,2026-01-05T01:18:00Z
usage_events-000836,EV-0000836,SU-00086,ST-0026,2026-01-05T01:25:00Z,data,158.8,mb,2.58,2026-01-05T01:25:00Z
usage_events-000837,EV-0000837,SU-00087,ST-0027,2026-01-05T01:32:00Z,sms,103.5,messages,2.08,2026-01-05T01:32:00Z
usage_events-000838,EV-0000838,SU-00088,ST-0028,2026-01-05T01:39:00Z,sms,439.9,messages,3.40,2026-01-05T01:39:00Z
usage_events-000839,EV-0000839,SU-00089,ST-0029,2026-01-05T01:46:00Z,data,289.0,mb,4.44,2026-01-05T01:46:00Z
usage_events-000840,EV-0000840,SU-00090,ST-0030,2026-01-05T01:53:00Z,data,30.6,mb,4.75,2026-01-05T01:53:00Z
usage_events-000841,EV-0000841,SU-00091,ST-0001,2026-01-05T02:00:00Z,sms,297.2,messages,1.58,2026-01-05T02:00:00Z
usage_events-000842,EV-0000842,SU-00092,ST-0002,2026-01-05T02:07:00Z,data,39.7,mb,4.07,2026-01-05T02:07:00Z
usage_events-000843,EV-0000843,SU-00093,ST-0003,2026-01-05T02:14:00Z,data,369.2,mb,0.55,2026-01-05T02:14:00Z
usage_events-000844,EV-0000844,SU-00094,ST-0004,2026-01-05T02:21:00Z,voice,386.2,minutes,0.64,2026-01-05T02:21:00Z
usage_events-000845,EV-0000845,SU-00095,ST-0005,2026-01-05T02:28:00Z,data,43.9,mb,1.62,2026-01-05T02:28:00Z
usage_events-000846,EV-0000846,SU-00096,ST-0006,2026-01-05T02:35:00Z,voice,335.8,minutes,1.35,2026-01-05T02:35:00Z
usage_events-000847,EV-0000847,SU-00097,ST-0007,2026-01-05T02:42:00Z,sms,223.0,messages,4.85,2026-01-05T02:42:00Z
usage_events-000848,EV-0000848,SU-00098,ST-0008,2026-01-05T02:49:00Z,sms,449.6,messages,0.86,2026-01-05T02:49:00Z
usage_events-000849,EV-0000849,SU-00099,ST-0009,2026-01-05T02:56:00Z,data,73.3,mb,3.35,2026-01-05T02:56:00Z
usage_events-000850,EV-0000850,SU-00100,ST-0010,2026-01-05T03:03:00Z,sms,271.3,messages,2.78,2026-01-05T03:03:00Z
usage_events-000851,EV-0000851,SU-00101,ST-0011,2026-01-05T03:10:00Z,sms,128.0,messages,4.44,2026-01-05T03:10:00Z
usage_events-000852,EV-0000852,SU-00102,ST-0012,2026-01-05T03:17:00Z,voice,27.4,minutes,0.93,2026-01-05T03:17:00Z
usage_events-000853,EV-0000853,SU-00103,ST-0013,2026-01-05T03:24:00Z,voice,267.9,minutes,0.87,2026-01-05T03:24:00Z
usage_events-000854,EV-0000854,SU-00104,ST-0014,2026-01-05T03:31:00Z,data,318.1,mb,2.24,2026-01-05T03:31:00Z
usage_events-000855,EV-0000855,SU-00105,ST-0015,2026-01-05T03:38:00Z,voice,360.8,minutes,3.80,2026-01-05T03:38:00Z
usage_events-000856,EV-0000856,SU-00106,ST-0016,2026-01-05T03:45:00Z,voice,150.2,minutes,2.99,2026-01-05T03:45:00Z
usage_events-000857,EV-0000857,SU-00107,ST-0017,2026-01-05T03:52:00Z,data,341.8,mb,2.39,2026-01-05T03:52:00Z
usage_events-000858,EV-0000858,SU-00108,ST-0018,2026-01-05T03:59:00Z,voice,341.8,minutes,0.09,2026-01-05T03:59:00Z
usage_events-000859,EV-0000859,SU-00109,ST-0019,2026-01-05T04:06:00Z,data,120.8,mb,2.63,2026-01-05T04:06:00Z
usage_events-000860,EV-0000860,SU-00110,ST-0020,2026-01-05T04:13:00Z,sms,174.9,messages,4.75,2026-01-05T04:13:00Z
usage_events-000861,EV-0000861,SU-00111,ST-0021,2026-01-05T04:20:00Z,sms,461.7,messages,0.44,2026-01-05T04:20:00Z
usage_events-000862,EV-0000862,SU-00112,ST-0022,2026-01-05T04:27:00Z,voice,109.5,minutes,0.92,2026-01-05T04:27:00Z
usage_events-000863,EV-0000863,SU-00113,ST-0023,2026-01-05T04:34:00Z,data,40.5,mb,0.75,2026-01-05T04:34:00Z
usage_events-000864,EV-0000864,SU-00114,ST-0024,2026-01-05T04:41:00Z,data,217.9,mb,1.95,2026-01-05T04:41:00Z
usage_events-000865,EV-0000865,SU-00115,ST-0025,2026-01-05T04:48:00Z,data,180.9,mb,2.09,2026-01-05T04:48:00Z
usage_events-000866,EV-0000866,SU-00116,ST-0026,2026-01-05T04:55:00Z,voice,159.6,minutes,1.44,2026-01-05T04:55:00Z
usage_events-000867,EV-0000867,SU-00117,ST-0027,2026-01-05T05:02:00Z,data,309.8,mb,2.26,2026-01-05T05:02:00Z
usage_events-000868,EV-0000868,SU-00118,ST-0028,2026-01-05T05:09:00Z,voice,117.8,minutes,3.53,2026-01-05T05:09:00Z
usage_events-000869,EV-0000869,SU-00119,ST-0029,2026-01-05T05:16:00Z,sms,139.3,messages,2.52,2026-01-05T05:16:00Z
usage_events-000870,EV-0000870,SU-00120,ST-0030,2026-01-05T05:23:00Z,sms,389.2,messages,2.37,2026-01-05T05:23:00Z
usage_events-000871,EV-0000871,SU-00121,ST-0001,2026-01-05T05:30:00Z,sms,206.5,messages,3.30,2026-01-05T05:30:00Z
usage_events-000872,EV-0000872,SU-00122,ST-0002,2026-01-05T05:37:00Z,sms,423.2,messages,4.74,2026-01-05T05:37:00Z
usage_events-000873,EV-0000873,SU-00123,ST-0003,2026-01-05T05:44:00Z,voice,82.8,minutes,3.63,2026-01-05T05:44:00Z
usage_events-000874,EV-0000874,SU-00124,ST-0004,2026-01-05T05:51:00Z,voice,472.3,minutes,0.18,2026-01-05T05:51:00Z
usage_events-000875,EV-0000875,SU-00125,ST-0005,2026-01-05T05:58:00Z,voice,93.0,minutes,0.47,2026-01-05T05:58:00Z
usage_events-000876,EV-0000876,SU-00126,ST-0006,2026-01-05T06:05:00Z,data,198.9,mb,2.38,2026-01-05T06:05:00Z
usage_events-000877,EV-0000877,SU-00127,ST-0007,2026-01-05T06:12:00Z,data,378.4,mb,0.97,2026-01-05T06:12:00Z
usage_events-000878,EV-0000878,SU-00128,ST-0008,2026-01-05T06:19:00Z,voice,209.0,minutes,3.47,2026-01-05T06:19:00Z
usage_events-000879,EV-0000879,SU-00129,ST-0009,2026-01-05T06:26:00Z,data,48.9,mb,2.00,2026-01-05T06:26:00Z
usage_events-000880,EV-0000880,SU-00130,ST-0010,2026-01-05T06:33:00Z,data,166.2,mb,2.72,2026-01-05T06:33:00Z
usage_events-000881,EV-0000881,SU-00131,ST-0011,2026-01-05T06:40:00Z,voice,294.5,minutes,2.86,2026-01-05T06:40:00Z
usage_events-000882,EV-0000882,SU-00132,ST-0012,2026-01-05T06:47:00Z,sms,313.2,messages,4.26,2026-01-05T06:47:00Z
usage_events-000883,EV-0000883,SU-00133,ST-0013,2026-01-05T06:54:00Z,sms,234.4,messages,0.00,2026-01-05T06:54:00Z
usage_events-000884,EV-0000884,SU-00134,ST-0014,2026-01-05T07:01:00Z,data,473.5,mb,0.42,2026-01-05T07:01:00Z
usage_events-000885,EV-0000885,SU-00135,ST-0015,2026-01-05T07:08:00Z,data,402.5,mb,3.82,2026-01-05T07:08:00Z
usage_events-000886,EV-0000886,SU-00136,ST-0016,2026-01-05T07:15:00Z,voice,322.1,minutes,3.43,2026-01-05T07:15:00Z
usage_events-000887,EV-0000887,SU-00137,ST-0017,2026-01-05T07:22:00Z,sms,70.6,messages,4.60,2026-01-05T07:22:00Z
usage_events-000888,EV-0000888,SU-00138,ST-0018,2026-01-05T07:29:00Z,data,416.6,mb,2.66,2026-01-05T07:29:00Z
usage_events-000889,EV-0000889,SU-00139,ST-0019,2026-01-05T07:36:00Z,data,106.7,mb,1.65,2026-01-05T07:36:00Z
usage_events-000890,EV-0000890,SU-00140,ST-0020,2026-01-05T07:43:00Z,sms,387.0,messages,1.47,2026-01-05T07:43:00Z
usage_events-000891,EV-0000891,SU-00141,ST-0021,2026-01-05T07:50:00Z,sms,108.0,messages,0.46,2026-01-05T07:50:00Z
usage_events-000892,EV-0000892,SU-00142,ST-0022,2026-01-05T07:57:00Z,voice,230.3,minutes,2.43,2026-01-05T07:57:00Z
usage_events-000893,EV-0000893,SU-00143,ST-0023,2026-01-05T08:04:00Z,voice,204.3,minutes,4.70,2026-01-05T08:04:00Z
usage_events-000894,EV-0000894,SU-00144,ST-0024,2026-01-05T08:11:00Z,voice,4.0,minutes,0.00,2026-01-05T08:11:00Z
usage_events-000895,EV-0000895,SU-00145,ST-0025,2026-01-05T08:18:00Z,data,27.9,mb,3.70,2026-01-05T08:18:00Z
usage_events-000896,EV-0000896,SU-00146,ST-0026,2026-01-05T08:25:00Z,voice,434.6,minutes,3.74,2026-01-05T08:25:00Z
usage_events-000897,EV-0000897,SU-00147,ST-0027,2026-01-05T08:32:00Z,data,94.3,mb,3.82,2026-01-05T08:32:00Z
usage_events-000898,EV-0000898,SU-00148,ST-0028,2026-01-05T08:39:00Z,sms,75.5,messages,1.35,2026-01-05T08:39:00Z
usage_events-000899,EV-0000899,SU-00149,ST-0029,2026-01-05T08:46:00Z,data,118.3,mb,0.96,2026-01-05T08:46:00Z
usage_events-000900,EV-0000900,SU-00150,ST-0030,2026-01-05T08:53:00Z,sms,255.3,messages,0.56,2026-01-05T08:53:00Z
usage_events-000901,EV-0000901,SU-00151,ST-0001,2026-01-05T09:00:00Z,data,473.8,mb,2.16,2026-01-05T09:00:00Z
usage_events-000902,EV-0000902,SU-00152,ST-0002,2026-01-05T09:07:00Z,data,188.8,mb,0.89,2026-01-05T09:07:00Z
usage_events-000903,EV-0000903,SU-00153,ST-0003,2026-01-05T09:14:00Z,voice,33.9,minutes,1.89,2026-01-05T09:14:00Z
usage_events-000904,EV-0000904,SU-00154,ST-0004,2026-01-05T09:21:00Z,data,62.9,mb,0.02,2026-01-05T09:21:00Z
usage_events-000905,EV-0000905,SU-00155,ST-0005,2026-01-05T09:28:00Z,sms,183.9,messages,3.87,2026-01-05T09:28:00Z
usage_events-000906,EV-0000906,SU-00156,ST-0006,2026-01-05T09:35:00Z,sms,332.0,messages,2.56,2026-01-05T09:35:00Z
usage_events-000907,EV-0000907,SU-00157,ST-0007,2026-01-05T09:42:00Z,sms,85.6,messages,3.98,2026-01-05T09:42:00Z
usage_events-000908,EV-0000908,SU-00158,ST-0008,2026-01-05T09:49:00Z,voice,142.7,minutes,2.03,2026-01-05T09:49:00Z
usage_events-000909,EV-0000909,SU-00159,ST-0009,2026-01-05T09:56:00Z,data,361.3,mb,1.10,2026-01-05T09:56:00Z
usage_events-000910,EV-0000910,SU-00160,ST-0010,2026-01-05T10:03:00Z,data,470.1,mb,1.14,2026-01-05T10:03:00Z
usage_events-000911,EV-0000911,SU-00161,ST-0011,2026-01-05T10:10:00Z,sms,305.7,messages,1.70,2026-01-05T10:10:00Z
usage_events-000912,EV-0000912,SU-00162,ST-0012,2026-01-05T10:17:00Z,sms,105.1,messages,1.59,2026-01-05T10:17:00Z
usage_events-000913,EV-0000913,SU-00163,ST-0013,2026-01-05T10:24:00Z,data,120.5,mb,3.20,2026-01-05T10:24:00Z
usage_events-000914,EV-0000914,SU-00164,ST-0014,2026-01-05T10:31:00Z,voice,274.0,minutes,2.90,2026-01-05T10:31:00Z
usage_events-000915,EV-0000915,SU-00165,ST-0015,2026-01-05T10:38:00Z,sms,326.0,messages,1.76,2026-01-05T10:38:00Z
usage_events-000916,EV-0000916,SU-00166,ST-0016,2026-01-05T10:45:00Z,sms,229.4,messages,1.82,2026-01-05T10:45:00Z
usage_events-000917,EV-0000917,SU-00167,ST-0017,2026-01-05T10:52:00Z,sms,437.2,messages,3.54,2026-01-05T10:52:00Z
usage_events-000918,EV-0000918,SU-00168,ST-0018,2026-01-05T10:59:00Z,sms,420.6,messages,1.99,2026-01-05T10:59:00Z
usage_events-000919,EV-0000919,SU-00169,ST-0019,2026-01-05T11:06:00Z,data,10.6,mb,1.16,2026-01-05T11:06:00Z
usage_events-000920,EV-0000920,SU-00170,ST-0020,2026-01-05T11:13:00Z,data,84.0,mb,3.60,2026-01-05T11:13:00Z
usage_events-000921,EV-0000921,SU-00171,ST-0021,2026-01-05T11:20:00Z,data,301.4,mb,0.52,2026-01-05T11:20:00Z
usage_events-000922,EV-0000922,SU-00172,ST-0022,2026-01-05T11:27:00Z,data,494.1,mb,4.23,2026-01-05T11:27:00Z
usage_events-000923,EV-0000923,SU-00173,ST-0023,2026-01-05T11:34:00Z,data,314.8,mb,2.56,2026-01-05T11:34:00Z
usage_events-000924,EV-0000924,SU-00174,ST-0024,2026-01-05T11:41:00Z,data,302.8,mb,2.50,2026-01-05T11:41:00Z
usage_events-000925,EV-0000925,SU-00175,ST-0025,2026-01-05T11:48:00Z,voice,217.8,minutes,4.91,2026-01-05T11:48:00Z
usage_events-000926,EV-0000926,SU-00176,ST-0026,2026-01-05T11:55:00Z,sms,316.8,messages,2.07,2026-01-05T11:55:00Z
usage_events-000927,EV-0000927,SU-00177,ST-0027,2026-01-05T12:02:00Z,sms,130.3,messages,4.58,2026-01-05T12:02:00Z
usage_events-000928,EV-0000928,SU-00178,ST-0028,2026-01-05T12:09:00Z,sms,109.5,messages,0.89,2026-01-05T12:09:00Z
usage_events-000929,EV-0000929,SU-00179,ST-0029,2026-01-05T12:16:00Z,sms,158.9,messages,2.09,2026-01-05T12:16:00Z
usage_events-000930,EV-0000930,SU-00180,ST-0030,2026-01-05T12:23:00Z,sms,233.4,messages,1.92,2026-01-05T12:23:00Z
usage_events-000931,EV-0000931,SU-00181,ST-0001,2026-01-05T12:30:00Z,voice,358.5,minutes,0.87,2026-01-05T12:30:00Z
usage_events-000932,EV-0000932,SU-00182,ST-0002,2026-01-05T12:37:00Z,voice,117.5,minutes,3.80,2026-01-05T12:37:00Z
usage_events-000933,EV-0000933,SU-00183,ST-0003,2026-01-05T12:44:00Z,voice,429.0,minutes,1.92,2026-01-05T12:44:00Z
usage_events-000934,EV-0000934,SU-00184,ST-0004,2026-01-05T12:51:00Z,data,102.5,mb,4.98,2026-01-05T12:51:00Z
usage_events-000935,EV-0000935,SU-00185,ST-0005,2026-01-05T12:58:00Z,voice,192.6,minutes,3.65,2026-01-05T12:58:00Z
usage_events-000936,EV-0000936,SU-00186,ST-0006,2026-01-05T13:05:00Z,sms,318.7,messages,3.48,2026-01-05T13:05:00Z
usage_events-000937,EV-0000937,SU-00187,ST-0007,2026-01-05T13:12:00Z,voice,362.2,minutes,2.29,2026-01-05T13:12:00Z
usage_events-000938,EV-0000938,SU-00188,ST-0008,2026-01-05T13:19:00Z,sms,330.4,messages,3.02,2026-01-05T13:19:00Z
usage_events-000939,EV-0000939,SU-00189,ST-0009,2026-01-05T13:26:00Z,sms,160.4,messages,3.24,2026-01-05T13:26:00Z
usage_events-000940,EV-0000940,SU-00190,ST-0010,2026-01-05T13:33:00Z,data,11.3,mb,3.06,2026-01-05T13:33:00Z
usage_events-000941,EV-0000941,SU-00191,ST-0011,2026-01-05T13:40:00Z,voice,30.4,minutes,4.96,2026-01-05T13:40:00Z
usage_events-000942,EV-0000942,SU-00192,ST-0012,2026-01-05T13:47:00Z,sms,117.1,messages,4.85,2026-01-05T13:47:00Z
usage_events-000943,EV-0000943,SU-00193,ST-0013,2026-01-05T13:54:00Z,voice,311.2,minutes,1.69,2026-01-05T13:54:00Z
usage_events-000944,EV-0000944,SU-00194,ST-0014,2026-01-05T14:01:00Z,voice,229.4,minutes,4.37,2026-01-05T14:01:00Z
usage_events-000945,EV-0000945,SU-00195,ST-0015,2026-01-05T14:08:00Z,data,363.2,mb,2.76,2026-01-05T14:08:00Z
usage_events-000946,EV-0000946,SU-00196,ST-0016,2026-01-05T14:15:00Z,data,8.9,mb,4.80,2026-01-05T14:15:00Z
usage_events-000947,EV-0000947,SU-00197,ST-0017,2026-01-05T14:22:00Z,data,497.5,mb,1.07,2026-01-05T14:22:00Z
usage_events-000948,EV-0000948,SU-00198,ST-0018,2026-01-05T14:29:00Z,voice,30.8,minutes,2.68,2026-01-05T14:29:00Z
usage_events-000949,EV-0000949,SU-00199,ST-0019,2026-01-05T14:36:00Z,data,106.3,mb,3.80,2026-01-05T14:36:00Z
usage_events-000950,EV-0000950,SU-00200,ST-0020,2026-01-05T14:43:00Z,voice,435.7,minutes,4.33,2026-01-05T14:43:00Z
usage_events-000951,EV-0000951,SU-00201,ST-0021,2026-01-05T14:50:00Z,sms,240.7,messages,0.35,2026-01-05T14:50:00Z
usage_events-000952,EV-0000952,SU-00202,ST-0022,2026-01-05T14:57:00Z,data,313.0,mb,4.87,2026-01-05T14:57:00Z
usage_events-000953,EV-0000953,SU-00203,ST-0023,2026-01-05T15:04:00Z,sms,15.9,messages,1.55,2026-01-05T15:04:00Z
usage_events-000954,EV-0000954,SU-00204,ST-0024,2026-01-05T15:11:00Z,voice,486.3,minutes,4.35,2026-01-05T15:11:00Z
usage_events-000955,EV-0000955,SU-00205,ST-0025,2026-01-05T15:18:00Z,data,487.8,mb,3.15,2026-01-05T15:18:00Z
usage_events-000956,EV-0000956,SU-00206,ST-0026,2026-01-05T15:25:00Z,data,191.8,mb,0.52,2026-01-05T15:25:00Z
usage_events-000957,EV-0000957,SU-00207,ST-0027,2026-01-05T15:32:00Z,data,443.8,mb,4.08,2026-01-05T15:32:00Z
usage_events-000958,EV-0000958,SU-00208,ST-0028,2026-01-05T15:39:00Z,voice,402.0,minutes,3.22,2026-01-05T15:39:00Z
usage_events-000959,EV-0000959,SU-00209,ST-0029,2026-01-05T15:46:00Z,voice,212.2,minutes,0.34,2026-01-05T15:46:00Z
usage_events-000960,EV-0000960,SU-00210,ST-0030,2026-01-05T15:53:00Z,sms,24.6,messages,4.00,2026-01-05T15:53:00Z
usage_events-000961,EV-0000961,SU-00211,ST-0001,2026-01-05T16:00:00Z,data,308.1,mb,2.73,2026-01-05T16:00:00Z
usage_events-000962,EV-0000962,SU-00212,ST-0002,2026-01-05T16:07:00Z,data,173.6,mb,0.47,2026-01-05T16:07:00Z
usage_events-000963,EV-0000963,SU-00213,ST-0003,2026-01-05T16:14:00Z,voice,497.6,minutes,0.10,2026-01-05T16:14:00Z
usage_events-000964,EV-0000964,SU-00214,ST-0004,2026-01-05T16:21:00Z,sms,83.1,messages,1.99,2026-01-05T16:21:00Z
usage_events-000965,EV-0000965,SU-00215,ST-0005,2026-01-05T16:28:00Z,sms,362.4,messages,2.76,2026-01-05T16:28:00Z
usage_events-000966,EV-0000966,SU-00216,ST-0006,2026-01-05T16:35:00Z,voice,358.3,minutes,4.12,2026-01-05T16:35:00Z
usage_events-000967,EV-0000967,SU-00217,ST-0007,2026-01-05T16:42:00Z,voice,207.5,minutes,1.61,2026-01-05T16:42:00Z
usage_events-000968,EV-0000968,SU-00218,ST-0008,2026-01-05T16:49:00Z,sms,179.0,messages,1.08,2026-01-05T16:49:00Z
usage_events-000969,EV-0000969,SU-00219,ST-0009,2026-01-05T16:56:00Z,voice,175.1,minutes,0.58,2026-01-05T16:56:00Z
usage_events-000970,EV-0000970,SU-00220,ST-0010,2026-01-05T17:03:00Z,data,325.2,mb,2.47,2026-01-05T17:03:00Z
usage_events-000971,EV-0000971,SU-00221,ST-0011,2026-01-05T17:10:00Z,voice,33.9,minutes,4.12,2026-01-05T17:10:00Z
usage_events-000972,EV-0000972,SU-00222,ST-0012,2026-01-05T17:17:00Z,data,8.0,mb,2.80,2026-01-05T17:17:00Z
usage_events-000973,EV-0000973,SU-00223,ST-0013,2026-01-05T17:24:00Z,sms,485.3,messages,2.41,2026-01-05T17:24:00Z
usage_events-000974,EV-0000974,SU-00224,ST-0014,2026-01-05T17:31:00Z,data,409.6,mb,2.35,2026-01-05T17:31:00Z
usage_events-000975,EV-0000975,SU-00225,ST-0015,2026-01-05T17:38:00Z,sms,145.9,messages,2.90,2026-01-05T17:38:00Z
usage_events-000976,EV-0000976,SU-00226,ST-0016,2026-01-05T17:45:00Z,data,363.2,mb,4.49,2026-01-05T17:45:00Z
usage_events-000977,EV-0000977,SU-00227,ST-0017,2026-01-05T17:52:00Z,voice,40.0,minutes,3.77,2026-01-05T17:52:00Z
usage_events-000978,EV-0000978,SU-00228,ST-0018,2026-01-05T17:59:00Z,voice,264.4,minutes,0.91,2026-01-05T17:59:00Z
usage_events-000979,EV-0000979,SU-00229,ST-0019,2026-01-05T18:06:00Z,voice,99.4,minutes,4.49,2026-01-05T18:06:00Z
usage_events-000980,EV-0000980,SU-00230,ST-0020,2026-01-05T18:13:00Z,data,81.0,mb,2.78,2026-01-05T18:13:00Z
usage_events-000981,EV-0000981,SU-00231,ST-0021,2026-01-05T18:20:00Z,sms,38.9,messages,2.73,2026-01-05T18:20:00Z
usage_events-000982,EV-0000982,SU-00232,ST-0022,2026-01-05T18:27:00Z,voice,336.6,minutes,1.15,2026-01-05T18:27:00Z
usage_events-000983,EV-0000983,SU-00233,ST-0023,2026-01-05T18:34:00Z,voice,52.8,minutes,3.89,2026-01-05T18:34:00Z
usage_events-000984,EV-0000984,SU-00234,ST-0024,2026-01-05T18:41:00Z,voice,58.9,minutes,0.56,2026-01-05T18:41:00Z
usage_events-000985,EV-0000985,SU-00235,ST-0025,2026-01-05T18:48:00Z,voice,364.5,minutes,2.24,2026-01-05T18:48:00Z
usage_events-000986,EV-0000986,SU-00236,ST-0026,2026-01-05T18:55:00Z,voice,224.1,minutes,0.74,2026-01-05T18:55:00Z
usage_events-000987,EV-0000987,SU-00237,ST-0027,2026-01-05T19:02:00Z,data,121.0,mb,1.75,2026-01-05T19:02:00Z
usage_events-000988,EV-0000988,SU-00238,ST-0028,2026-01-05T19:09:00Z,sms,489.8,messages,2.72,2026-01-05T19:09:00Z
usage_events-000989,EV-0000989,SU-00239,ST-0029,2026-01-05T19:16:00Z,sms,185.5,messages,2.26,2026-01-05T19:16:00Z
usage_events-000990,EV-0000990,SU-00240,ST-0030,2026-01-05T19:23:00Z,sms,161.5,messages,4.66,2026-01-05T19:23:00Z
usage_events-000991,EV-0000991,SU-00241,ST-0001,2026-01-05T19:30:00Z,voice,289.9,minutes,2.97,2026-01-05T19:30:00Z
usage_events-000992,EV-0000992,SU-00242,ST-0002,2026-01-05T19:37:00Z,voice,485.6,minutes,1.40,2026-01-05T19:37:00Z
usage_events-000993,EV-0000993,SU-00243,ST-0003,2026-01-05T19:44:00Z,data,352.3,mb,3.91,2026-01-05T19:44:00Z
usage_events-000994,EV-0000994,SU-00244,ST-0004,2026-01-05T19:51:00Z,data,6.2,mb,4.00,2026-01-05T19:51:00Z
usage_events-000995,EV-0000995,SU-00245,ST-0005,2026-01-05T19:58:00Z,voice,94.9,minutes,0.42,2026-01-05T19:58:00Z
usage_events-000996,EV-0000996,SU-00246,ST-0006,2026-01-05T20:05:00Z,sms,27.7,messages,2.99,2026-01-05T20:05:00Z
usage_events-000997,EV-0000997,SU-00247,ST-0007,2026-01-05T20:12:00Z,sms,28.7,messages,0.96,2026-01-05T20:12:00Z
usage_events-000998,EV-0000998,SU-00248,ST-0008,2026-01-05T20:19:00Z,sms,99.2,messages,4.74,2026-01-05T20:19:00Z
usage_events-000999,EV-0000999,SU-00249,ST-0009,2026-01-05T20:26:00Z,voice,452.8,minutes,0.37,2026-01-05T20:26:00Z
usage_events-001000,EV-0001000,SU-00250,ST-0010,2026-01-05T20:33:00Z,sms,377.6,messages,3.95,2026-01-05T20:33:00Z
usage_events-001001,EV-0001001,SU-00001,ST-0011,2026-01-05T20:40:00Z,sms,360.3,messages,3.76,2026-01-05T20:40:00Z
usage_events-001002,EV-0001002,SU-00002,ST-0012,2026-01-05T20:47:00Z,voice,174.0,minutes,3.39,2026-01-05T20:47:00Z
usage_events-001003,EV-0001003,SU-00003,ST-0013,2026-01-05T20:54:00Z,sms,253.6,messages,3.67,2026-01-05T20:54:00Z
usage_events-001004,EV-0001004,SU-00004,ST-0014,2026-01-05T21:01:00Z,voice,385.6,minutes,3.13,2026-01-05T21:01:00Z
usage_events-001005,EV-0001005,SU-00005,ST-0015,2026-01-05T21:08:00Z,voice,282.0,minutes,1.78,2026-01-05T21:08:00Z
usage_events-001006,EV-0001006,SU-00006,ST-0016,2026-01-05T21:15:00Z,voice,389.2,minutes,0.64,2026-01-05T21:15:00Z
usage_events-001007,EV-0001007,SU-00007,ST-0017,2026-01-05T21:22:00Z,sms,343.4,messages,4.05,2026-01-05T21:22:00Z
usage_events-001008,EV-0001008,SU-00008,ST-0018,2026-01-05T21:29:00Z,data,161.7,mb,0.43,2026-01-05T21:29:00Z
usage_events-001009,EV-0001009,SU-00009,ST-0019,2026-01-05T21:36:00Z,data,307.9,mb,3.75,2026-01-05T21:36:00Z
usage_events-001010,EV-0001010,SU-00010,ST-0020,2026-01-05T21:43:00Z,voice,246.3,minutes,4.34,2026-01-05T21:43:00Z
usage_events-001011,EV-0001011,SU-00011,ST-0021,2026-01-05T21:50:00Z,sms,338.2,messages,3.74,2026-01-05T21:50:00Z
usage_events-001012,EV-0001012,SU-00012,ST-0022,2026-01-05T21:57:00Z,voice,360.5,minutes,1.94,2026-01-05T21:57:00Z
usage_events-001013,EV-0001013,SU-00013,ST-0023,2026-01-05T22:04:00Z,voice,431.0,minutes,1.45,2026-01-05T22:04:00Z
usage_events-001014,EV-0001014,SU-00014,ST-0024,2026-01-05T22:11:00Z,voice,33.6,minutes,2.37,2026-01-05T22:11:00Z
usage_events-001015,EV-0001015,SU-00015,ST-0025,2026-01-05T22:18:00Z,voice,52.2,minutes,4.92,2026-01-05T22:18:00Z
usage_events-001016,EV-0001016,SU-00016,ST-0026,2026-01-05T22:25:00Z,voice,165.1,minutes,3.38,2026-01-05T22:25:00Z
usage_events-001017,EV-0001017,SU-00017,ST-0027,2026-01-05T22:32:00Z,data,24.3,mb,4.78,2026-01-05T22:32:00Z
usage_events-001018,EV-0001018,SU-00018,ST-0028,2026-01-05T22:39:00Z,voice,389.1,minutes,4.48,2026-01-05T22:39:00Z
usage_events-001019,EV-0001019,SU-00019,ST-0029,2026-01-05T22:46:00Z,sms,144.7,messages,2.12,2026-01-05T22:46:00Z
usage_events-001020,EV-0001020,SU-00020,ST-0030,2026-01-05T22:53:00Z,voice,472.0,minutes,0.29,2026-01-05T22:53:00Z
usage_events-001021,EV-0001021,SU-00021,ST-0001,2026-01-05T23:00:00Z,data,449.7,mb,3.30,2026-01-05T23:00:00Z
usage_events-001022,EV-0001022,SU-00022,ST-0002,2026-01-05T23:07:00Z,sms,288.6,messages,0.20,2026-01-05T23:07:00Z
usage_events-001023,EV-0001023,SU-00023,ST-0003,2026-01-05T23:14:00Z,voice,244.2,minutes,1.23,2026-01-05T23:14:00Z
usage_events-001024,EV-0001024,SU-00024,ST-0004,2026-01-05T23:21:00Z,sms,280.6,messages,0.70,2026-01-05T23:21:00Z
usage_events-001025,EV-0001025,SU-00025,ST-0005,2026-01-05T23:28:00Z,sms,138.4,messages,4.93,2026-01-05T23:28:00Z
usage_events-001026,EV-0001026,SU-00026,ST-0006,2026-01-05T23:35:00Z,sms,368.6,messages,3.56,2026-01-05T23:35:00Z
usage_events-001027,EV-0001027,SU-00027,ST-0007,2026-01-05T23:42:00Z,voice,114.5,minutes,2.28,2026-01-05T23:42:00Z
usage_events-001028,EV-0001028,SU-00028,ST-0008,2026-01-05T23:49:00Z,data,207.2,mb,1.08,2026-01-05T23:49:00Z
usage_events-001029,EV-0001029,SU-00029,ST-0009,2026-01-05T23:56:00Z,sms,314.8,messages,4.28,2026-01-05T23:56:00Z
usage_events-001030,EV-0001030,SU-00030,ST-0010,2026-01-06T00:03:00Z,voice,480.3,minutes,1.73,2026-01-06T00:03:00Z
usage_events-001031,EV-0001031,SU-00031,ST-0011,2026-01-06T00:10:00Z,voice,145.1,minutes,2.61,2026-01-06T00:10:00Z
usage_events-001032,EV-0001032,SU-00032,ST-0012,2026-01-06T00:17:00Z,sms,466.7,messages,4.00,2026-01-06T00:17:00Z
usage_events-001033,EV-0001033,SU-00033,ST-0013,2026-01-06T00:24:00Z,data,438.2,mb,1.71,2026-01-06T00:24:00Z
usage_events-001034,EV-0001034,SU-00034,ST-0014,2026-01-06T00:31:00Z,data,45.3,mb,2.81,2026-01-06T00:31:00Z
usage_events-001035,EV-0001035,SU-00035,ST-0015,2026-01-06T00:38:00Z,sms,70.6,messages,4.33,2026-01-06T00:38:00Z
usage_events-001036,EV-0001036,SU-00036,ST-0016,2026-01-06T00:45:00Z,voice,106.1,minutes,3.71,2026-01-06T00:45:00Z
usage_events-001037,EV-0001037,SU-00037,ST-0017,2026-01-06T00:52:00Z,data,300.8,mb,2.23,2026-01-06T00:52:00Z
usage_events-001038,EV-0001038,SU-00038,ST-0018,2026-01-06T00:59:00Z,data,250.6,mb,3.99,2026-01-06T00:59:00Z
usage_events-001039,EV-0001039,SU-00039,ST-0019,2026-01-06T01:06:00Z,sms,182.4,messages,3.05,2026-01-06T01:06:00Z
usage_events-001040,EV-0001040,SU-00040,ST-0020,2026-01-06T01:13:00Z,sms,331.6,messages,2.96,2026-01-06T01:13:00Z
usage_events-001041,EV-0001041,SU-00041,ST-0021,2026-01-06T01:20:00Z,sms,162.2,messages,0.03,2026-01-06T01:20:00Z
usage_events-001042,EV-0001042,SU-00042,ST-0022,2026-01-06T01:27:00Z,voice,151.9,minutes,1.16,2026-01-06T01:27:00Z
usage_events-001043,EV-0001043,SU-00043,ST-0023,2026-01-06T01:34:00Z,data,321.9,mb,4.43,2026-01-06T01:34:00Z
usage_events-001044,EV-0001044,SU-00044,ST-0024,2026-01-06T01:41:00Z,sms,384.4,messages,0.64,2026-01-06T01:41:00Z
usage_events-001045,EV-0001045,SU-00045,ST-0025,2026-01-06T01:48:00Z,voice,205.2,minutes,3.22,2026-01-06T01:48:00Z
usage_events-001046,EV-0001046,SU-00046,ST-0026,2026-01-06T01:55:00Z,sms,9.4,messages,4.29,2026-01-06T01:55:00Z
usage_events-001047,EV-0001047,SU-00047,ST-0027,2026-01-06T02:02:00Z,data,483.4,mb,2.17,2026-01-06T02:02:00Z
usage_events-001048,EV-0001048,SU-00048,ST-0028,2026-01-06T02:09:00Z,voice,369.6,minutes,0.54,2026-01-06T02:09:00Z
usage_events-001049,EV-0001049,SU-00049,ST-0029,2026-01-06T02:16:00Z,data,351.1,mb,1.03,2026-01-06T02:16:00Z
usage_events-001050,EV-0001050,SU-00050,ST-0030,2026-01-06T02:23:00Z,voice,375.5,minutes,4.07,2026-01-06T02:23:00Z
usage_events-001051,EV-0001051,SU-00051,ST-0001,2026-01-06T02:30:00Z,voice,488.2,minutes,2.84,2026-01-06T02:30:00Z
usage_events-001052,EV-0001052,SU-00052,ST-0002,2026-01-06T02:37:00Z,voice,84.3,minutes,1.02,2026-01-06T02:37:00Z
usage_events-001053,EV-0001053,SU-00053,ST-0003,2026-01-06T02:44:00Z,voice,423.4,minutes,2.36,2026-01-06T02:44:00Z
usage_events-001054,EV-0001054,SU-00054,ST-0004,2026-01-06T02:51:00Z,data,139.0,mb,0.07,2026-01-06T02:51:00Z
usage_events-001055,EV-0001055,SU-00055,ST-0005,2026-01-06T02:58:00Z,sms,129.2,messages,4.09,2026-01-06T02:58:00Z
usage_events-001056,EV-0001056,SU-00056,ST-0006,2026-01-06T03:05:00Z,voice,461.0,minutes,3.08,2026-01-06T03:05:00Z
usage_events-001057,EV-0001057,SU-00057,ST-0007,2026-01-06T03:12:00Z,voice,311.7,minutes,3.99,2026-01-06T03:12:00Z
usage_events-001058,EV-0001058,SU-00058,ST-0008,2026-01-06T03:19:00Z,sms,199.3,messages,0.95,2026-01-06T03:19:00Z
usage_events-001059,EV-0001059,SU-00059,ST-0009,2026-01-06T03:26:00Z,data,283.7,mb,0.06,2026-01-06T03:26:00Z
usage_events-001060,EV-0001060,SU-00060,ST-0010,2026-01-06T03:33:00Z,sms,165.4,messages,4.53,2026-01-06T03:33:00Z
usage_events-001061,EV-0001061,SU-00061,ST-0011,2026-01-06T03:40:00Z,voice,40.9,minutes,4.80,2026-01-06T03:40:00Z
usage_events-001062,EV-0001062,SU-00062,ST-0012,2026-01-06T03:47:00Z,data,73.1,mb,1.51,2026-01-06T03:47:00Z
usage_events-001063,EV-0001063,SU-00063,ST-0013,2026-01-06T03:54:00Z,sms,136.9,messages,4.82,2026-01-06T03:54:00Z
usage_events-001064,EV-0001064,SU-00064,ST-0014,2026-01-06T04:01:00Z,data,26.5,mb,0.42,2026-01-06T04:01:00Z
usage_events-001065,EV-0001065,SU-00065,ST-0015,2026-01-06T04:08:00Z,data,473.9,mb,3.88,2026-01-06T04:08:00Z
usage_events-001066,EV-0001066,SU-00066,ST-0016,2026-01-06T04:15:00Z,voice,347.7,minutes,3.32,2026-01-06T04:15:00Z
usage_events-001067,EV-0001067,SU-00067,ST-0017,2026-01-06T04:22:00Z,sms,319.6,messages,3.65,2026-01-06T04:22:00Z
usage_events-001068,EV-0001068,SU-00068,ST-0018,2026-01-06T04:29:00Z,voice,411.8,minutes,0.61,2026-01-06T04:29:00Z
usage_events-001069,EV-0001069,SU-00069,ST-0019,2026-01-06T04:36:00Z,sms,294.9,messages,4.15,2026-01-06T04:36:00Z
usage_events-001070,EV-0001070,SU-00070,ST-0020,2026-01-06T04:43:00Z,sms,100.7,messages,0.50,2026-01-06T04:43:00Z
usage_events-001071,EV-0001071,SU-00071,ST-0021,2026-01-06T04:50:00Z,sms,90.0,messages,2.32,2026-01-06T04:50:00Z
usage_events-001072,EV-0001072,SU-00072,ST-0022,2026-01-06T04:57:00Z,sms,122.7,messages,0.16,2026-01-06T04:57:00Z
usage_events-001073,EV-0001073,SU-00073,ST-0023,2026-01-06T05:04:00Z,voice,207.7,minutes,3.06,2026-01-06T05:04:00Z
usage_events-001074,EV-0001074,SU-00074,ST-0024,2026-01-06T05:11:00Z,data,459.1,mb,2.69,2026-01-06T05:11:00Z
usage_events-001075,EV-0001075,SU-00075,ST-0025,2026-01-06T05:18:00Z,sms,53.9,messages,4.11,2026-01-06T05:18:00Z
usage_events-001076,EV-0001076,SU-00076,ST-0026,2026-01-06T05:25:00Z,data,319.2,mb,2.82,2026-01-06T05:25:00Z
usage_events-001077,EV-0001077,SU-00077,ST-0027,2026-01-06T05:32:00Z,voice,126.3,minutes,2.82,2026-01-06T05:32:00Z
usage_events-001078,EV-0001078,SU-00078,ST-0028,2026-01-06T05:39:00Z,sms,303.4,messages,2.75,2026-01-06T05:39:00Z
usage_events-001079,EV-0001079,SU-00079,ST-0029,2026-01-06T05:46:00Z,voice,396.3,minutes,4.92,2026-01-06T05:46:00Z
usage_events-001080,EV-0001080,SU-00080,ST-0030,2026-01-06T05:53:00Z,voice,455.0,minutes,3.37,2026-01-06T05:53:00Z
usage_events-001081,EV-0001081,SU-00081,ST-0001,2026-01-06T06:00:00Z,sms,470.9,messages,0.83,2026-01-06T06:00:00Z
usage_events-001082,EV-0001082,SU-00082,ST-0002,2026-01-06T06:07:00Z,data,358.2,mb,0.81,2026-01-06T06:07:00Z
usage_events-001083,EV-0001083,SU-00083,ST-0003,2026-01-06T06:14:00Z,sms,199.2,messages,1.46,2026-01-06T06:14:00Z
usage_events-001084,EV-0001084,SU-00084,ST-0004,2026-01-06T06:21:00Z,sms,293.8,messages,0.83,2026-01-06T06:21:00Z
usage_events-001085,EV-0001085,SU-00085,ST-0005,2026-01-06T06:28:00Z,sms,177.5,messages,1.39,2026-01-06T06:28:00Z
usage_events-001086,EV-0001086,SU-00086,ST-0006,2026-01-06T06:35:00Z,voice,255.1,minutes,4.15,2026-01-06T06:35:00Z
usage_events-001087,EV-0001087,SU-00087,ST-0007,2026-01-06T06:42:00Z,sms,72.0,messages,2.35,2026-01-06T06:42:00Z
usage_events-001088,EV-0001088,SU-00088,ST-0008,2026-01-06T06:49:00Z,sms,18.5,messages,2.20,2026-01-06T06:49:00Z
usage_events-001089,EV-0001089,SU-00089,ST-0009,2026-01-06T06:56:00Z,sms,226.4,messages,3.94,2026-01-06T06:56:00Z
usage_events-001090,EV-0001090,SU-00090,ST-0010,2026-01-06T07:03:00Z,data,157.0,mb,4.04,2026-01-06T07:03:00Z
usage_events-001091,EV-0001091,SU-00091,ST-0011,2026-01-06T07:10:00Z,sms,433.2,messages,4.36,2026-01-06T07:10:00Z
usage_events-001092,EV-0001092,SU-00092,ST-0012,2026-01-06T07:17:00Z,sms,329.5,messages,0.44,2026-01-06T07:17:00Z
usage_events-001093,EV-0001093,SU-00093,ST-0013,2026-01-06T07:24:00Z,data,23.9,mb,4.00,2026-01-06T07:24:00Z
usage_events-001094,EV-0001094,SU-00094,ST-0014,2026-01-06T07:31:00Z,voice,69.4,minutes,4.79,2026-01-06T07:31:00Z
usage_events-001095,EV-0001095,SU-00095,ST-0015,2026-01-06T07:38:00Z,sms,194.4,messages,3.89,2026-01-06T07:38:00Z
usage_events-001096,EV-0001096,SU-00096,ST-0016,2026-01-06T07:45:00Z,voice,228.3,minutes,3.87,2026-01-06T07:45:00Z
usage_events-001097,EV-0001097,SU-00097,ST-0017,2026-01-06T07:52:00Z,voice,280.6,minutes,0.42,2026-01-06T07:52:00Z
usage_events-001098,EV-0001098,SU-00098,ST-0018,2026-01-06T07:59:00Z,data,187.2,mb,1.77,2026-01-06T07:59:00Z
usage_events-001099,EV-0001099,SU-00099,ST-0019,2026-01-06T08:06:00Z,sms,430.1,messages,3.11,2026-01-06T08:06:00Z
usage_events-001100,EV-0001100,SU-00100,ST-0020,2026-01-06T08:13:00Z,voice,181.4,minutes,0.07,2026-01-06T08:13:00Z
usage_events-001101,EV-0001101,SU-00101,ST-0021,2026-01-06T08:20:00Z,voice,54.9,minutes,1.46,2026-01-06T08:20:00Z
usage_events-001102,EV-0001102,SU-00102,ST-0022,2026-01-06T08:27:00Z,sms,11.7,messages,3.82,2026-01-06T08:27:00Z
usage_events-001103,EV-0001103,SU-00103,ST-0023,2026-01-06T08:34:00Z,voice,454.6,minutes,4.45,2026-01-06T08:34:00Z
usage_events-001104,EV-0001104,SU-00104,ST-0024,2026-01-06T08:41:00Z,sms,69.6,messages,0.61,2026-01-06T08:41:00Z
usage_events-001105,EV-0001105,SU-00105,ST-0025,2026-01-06T08:48:00Z,voice,0.6,minutes,1.85,2026-01-06T08:48:00Z
usage_events-001106,EV-0001106,SU-00106,ST-0026,2026-01-06T08:55:00Z,data,111.3,mb,4.65,2026-01-06T08:55:00Z
usage_events-001107,EV-0001107,SU-00107,ST-0027,2026-01-06T09:02:00Z,sms,374.9,messages,4.29,2026-01-06T09:02:00Z
usage_events-001108,EV-0001108,SU-00108,ST-0028,2026-01-06T09:09:00Z,sms,223.6,messages,4.94,2026-01-06T09:09:00Z
usage_events-001109,EV-0001109,SU-00109,ST-0029,2026-01-06T09:16:00Z,voice,91.0,minutes,2.48,2026-01-06T09:16:00Z
usage_events-001110,EV-0001110,SU-00110,ST-0030,2026-01-06T09:23:00Z,voice,278.0,minutes,1.76,2026-01-06T09:23:00Z
usage_events-001111,EV-0001111,SU-00111,ST-0001,2026-01-06T09:30:00Z,voice,279.1,minutes,4.89,2026-01-06T09:30:00Z
usage_events-001112,EV-0001112,SU-00112,ST-0002,2026-01-06T09:37:00Z,sms,409.3,messages,2.02,2026-01-06T09:37:00Z
usage_events-001113,EV-0001113,SU-00113,ST-0003,2026-01-06T09:44:00Z,voice,285.3,minutes,4.07,2026-01-06T09:44:00Z
usage_events-001114,EV-0001114,SU-00114,ST-0004,2026-01-06T09:51:00Z,data,307.1,mb,0.25,2026-01-06T09:51:00Z
usage_events-001115,EV-0001115,SU-00115,ST-0005,2026-01-06T09:58:00Z,sms,327.5,messages,2.10,2026-01-06T09:58:00Z
usage_events-001116,EV-0001116,SU-00116,ST-0006,2026-01-06T10:05:00Z,voice,347.9,minutes,3.61,2026-01-06T10:05:00Z
usage_events-001117,EV-0001117,SU-00117,ST-0007,2026-01-06T10:12:00Z,data,318.0,mb,3.05,2026-01-06T10:12:00Z
usage_events-001118,EV-0001118,SU-00118,ST-0008,2026-01-06T10:19:00Z,voice,68.9,minutes,4.81,2026-01-06T10:19:00Z
usage_events-001119,EV-0001119,SU-00119,ST-0009,2026-01-06T10:26:00Z,voice,146.4,minutes,0.06,2026-01-06T10:26:00Z
usage_events-001120,EV-0001120,SU-00120,ST-0010,2026-01-06T10:33:00Z,voice,207.6,minutes,0.41,2026-01-06T10:33:00Z
usage_events-001121,EV-0001121,SU-00121,ST-0011,2026-01-06T10:40:00Z,sms,484.0,messages,2.41,2026-01-06T10:40:00Z
usage_events-001122,EV-0001122,SU-00122,ST-0012,2026-01-06T10:47:00Z,voice,481.1,minutes,4.36,2026-01-06T10:47:00Z
usage_events-001123,EV-0001123,SU-00123,ST-0013,2026-01-06T10:54:00Z,voice,466.7,minutes,3.12,2026-01-06T10:54:00Z
usage_events-001124,EV-0001124,SU-00124,ST-0014,2026-01-06T11:01:00Z,data,37.8,mb,4.91,2026-01-06T11:01:00Z
usage_events-001125,EV-0001125,SU-00125,ST-0015,2026-01-06T11:08:00Z,voice,143.8,minutes,3.16,2026-01-06T11:08:00Z
usage_events-001126,EV-0001126,SU-00126,ST-0016,2026-01-06T11:15:00Z,voice,176.4,minutes,4.34,2026-01-06T11:15:00Z
usage_events-001127,EV-0001127,SU-00127,ST-0017,2026-01-06T11:22:00Z,data,263.6,mb,1.37,2026-01-06T11:22:00Z
usage_events-001128,EV-0001128,SU-00128,ST-0018,2026-01-06T11:29:00Z,data,405.6,mb,1.65,2026-01-06T11:29:00Z
usage_events-001129,EV-0001129,SU-00129,ST-0019,2026-01-06T11:36:00Z,voice,196.1,minutes,3.78,2026-01-06T11:36:00Z
usage_events-001130,EV-0001130,SU-00130,ST-0020,2026-01-06T11:43:00Z,voice,212.7,minutes,1.71,2026-01-06T11:43:00Z
usage_events-001131,EV-0001131,SU-00131,ST-0021,2026-01-06T11:50:00Z,voice,165.9,minutes,0.79,2026-01-06T11:50:00Z
usage_events-001132,EV-0001132,SU-00132,ST-0022,2026-01-06T11:57:00Z,voice,91.3,minutes,4.97,2026-01-06T11:57:00Z
usage_events-001133,EV-0001133,SU-00133,ST-0023,2026-01-06T12:04:00Z,voice,384.1,minutes,1.44,2026-01-06T12:04:00Z
usage_events-001134,EV-0001134,SU-00134,ST-0024,2026-01-06T12:11:00Z,voice,251.2,minutes,2.42,2026-01-06T12:11:00Z
usage_events-001135,EV-0001135,SU-00135,ST-0025,2026-01-06T12:18:00Z,voice,43.0,minutes,3.85,2026-01-06T12:18:00Z
usage_events-001136,EV-0001136,SU-00136,ST-0026,2026-01-06T12:25:00Z,sms,352.1,messages,2.31,2026-01-06T12:25:00Z
usage_events-001137,EV-0001137,SU-00137,ST-0027,2026-01-06T12:32:00Z,voice,284.2,minutes,0.22,2026-01-06T12:32:00Z
usage_events-001138,EV-0001138,SU-00138,ST-0028,2026-01-06T12:39:00Z,data,382.9,mb,4.28,2026-01-06T12:39:00Z
usage_events-001139,EV-0001139,SU-00139,ST-0029,2026-01-06T12:46:00Z,voice,365.1,minutes,0.51,2026-01-06T12:46:00Z
usage_events-001140,EV-0001140,SU-00140,ST-0030,2026-01-06T12:53:00Z,data,195.8,mb,3.90,2026-01-06T12:53:00Z
usage_events-001141,EV-0001141,SU-00141,ST-0001,2026-01-06T13:00:00Z,data,150.3,mb,3.23,2026-01-06T13:00:00Z
usage_events-001142,EV-0001142,SU-00142,ST-0002,2026-01-06T13:07:00Z,data,385.9,mb,1.48,2026-01-06T13:07:00Z
usage_events-001143,EV-0001143,SU-00143,ST-0003,2026-01-06T13:14:00Z,sms,482.6,messages,1.90,2026-01-06T13:14:00Z
usage_events-001144,EV-0001144,SU-00144,ST-0004,2026-01-06T13:21:00Z,data,59.9,mb,3.06,2026-01-06T13:21:00Z
usage_events-001145,EV-0001145,SU-00145,ST-0005,2026-01-06T13:28:00Z,voice,365.6,minutes,4.96,2026-01-06T13:28:00Z
usage_events-001146,EV-0001146,SU-00146,ST-0006,2026-01-06T13:35:00Z,sms,84.7,messages,1.77,2026-01-06T13:35:00Z
usage_events-001147,EV-0001147,SU-00147,ST-0007,2026-01-06T13:42:00Z,voice,268.2,minutes,2.11,2026-01-06T13:42:00Z
usage_events-001148,EV-0001148,SU-00148,ST-0008,2026-01-06T13:49:00Z,voice,286.3,minutes,1.74,2026-01-06T13:49:00Z
usage_events-001149,EV-0001149,SU-00149,ST-0009,2026-01-06T13:56:00Z,data,246.2,mb,4.93,2026-01-06T13:56:00Z
usage_events-001150,EV-0001150,SU-00150,ST-0010,2026-01-06T14:03:00Z,voice,453.7,minutes,0.04,2026-01-06T14:03:00Z
usage_events-001151,EV-0001151,SU-00151,ST-0011,2026-01-06T14:10:00Z,data,320.1,mb,2.46,2026-01-06T14:10:00Z
usage_events-001152,EV-0001152,SU-00152,ST-0012,2026-01-06T14:17:00Z,sms,196.0,messages,4.77,2026-01-06T14:17:00Z
usage_events-001153,EV-0001153,SU-00153,ST-0013,2026-01-06T14:24:00Z,voice,282.1,minutes,1.70,2026-01-06T14:24:00Z
usage_events-001154,EV-0001154,SU-00154,ST-0014,2026-01-06T14:31:00Z,voice,359.3,minutes,1.03,2026-01-06T14:31:00Z
usage_events-001155,EV-0001155,SU-00155,ST-0015,2026-01-06T14:38:00Z,voice,239.3,minutes,2.76,2026-01-06T14:38:00Z
usage_events-001156,EV-0001156,SU-00156,ST-0016,2026-01-06T14:45:00Z,sms,335.7,messages,4.78,2026-01-06T14:45:00Z
usage_events-001157,EV-0001157,SU-00157,ST-0017,2026-01-06T14:52:00Z,data,324.2,mb,4.77,2026-01-06T14:52:00Z
usage_events-001158,EV-0001158,SU-00158,ST-0018,2026-01-06T14:59:00Z,sms,65.6,messages,4.42,2026-01-06T14:59:00Z
usage_events-001159,EV-0001159,SU-00159,ST-0019,2026-01-06T15:06:00Z,data,24.5,mb,2.27,2026-01-06T15:06:00Z
usage_events-001160,EV-0001160,SU-00160,ST-0020,2026-01-06T15:13:00Z,sms,354.1,messages,3.20,2026-01-06T15:13:00Z
usage_events-001161,EV-0001161,SU-00161,ST-0021,2026-01-06T15:20:00Z,voice,376.8,minutes,1.15,2026-01-06T15:20:00Z
usage_events-001162,EV-0001162,SU-00162,ST-0022,2026-01-06T15:27:00Z,voice,303.7,minutes,4.33,2026-01-06T15:27:00Z
usage_events-001163,EV-0001163,SU-00163,ST-0023,2026-01-06T15:34:00Z,voice,155.5,minutes,1.75,2026-01-06T15:34:00Z
usage_events-001164,EV-0001164,SU-00164,ST-0024,2026-01-06T15:41:00Z,voice,410.3,minutes,1.78,2026-01-06T15:41:00Z
usage_events-001165,EV-0001165,SU-00165,ST-0025,2026-01-06T15:48:00Z,voice,378.2,minutes,0.74,2026-01-06T15:48:00Z
usage_events-001166,EV-0001166,SU-00166,ST-0026,2026-01-06T15:55:00Z,sms,35.1,messages,1.47,2026-01-06T15:55:00Z
usage_events-001167,EV-0001167,SU-00167,ST-0027,2026-01-06T16:02:00Z,voice,410.9,minutes,1.59,2026-01-06T16:02:00Z
usage_events-001168,EV-0001168,SU-00168,ST-0028,2026-01-06T16:09:00Z,data,372.1,mb,0.53,2026-01-06T16:09:00Z
usage_events-001169,EV-0001169,SU-00169,ST-0029,2026-01-06T16:16:00Z,voice,291.0,minutes,1.63,2026-01-06T16:16:00Z
usage_events-001170,EV-0001170,SU-00170,ST-0030,2026-01-06T16:23:00Z,data,214.1,mb,1.37,2026-01-06T16:23:00Z
usage_events-001171,EV-0001171,SU-00171,ST-0001,2026-01-06T16:30:00Z,voice,254.4,minutes,4.04,2026-01-06T16:30:00Z
usage_events-001172,EV-0001172,SU-00172,ST-0002,2026-01-06T16:37:00Z,voice,309.6,minutes,4.67,2026-01-06T16:37:00Z
usage_events-001173,EV-0001173,SU-00173,ST-0003,2026-01-06T16:44:00Z,sms,10.6,messages,0.17,2026-01-06T16:44:00Z
usage_events-001174,EV-0001174,SU-00174,ST-0004,2026-01-06T16:51:00Z,data,185.6,mb,1.97,2026-01-06T16:51:00Z
usage_events-001175,EV-0001175,SU-00175,ST-0005,2026-01-06T16:58:00Z,sms,93.7,messages,4.67,2026-01-06T16:58:00Z
usage_events-001176,EV-0001176,SU-00176,ST-0006,2026-01-06T17:05:00Z,data,468.3,mb,1.61,2026-01-06T17:05:00Z
usage_events-001177,EV-0001177,SU-00177,ST-0007,2026-01-06T17:12:00Z,data,266.4,mb,2.66,2026-01-06T17:12:00Z
usage_events-001178,EV-0001178,SU-00178,ST-0008,2026-01-06T17:19:00Z,voice,108.4,minutes,3.05,2026-01-06T17:19:00Z
usage_events-001179,EV-0001179,SU-00179,ST-0009,2026-01-06T17:26:00Z,sms,437.3,messages,0.52,2026-01-06T17:26:00Z
usage_events-001180,EV-0001180,SU-00180,ST-0010,2026-01-06T17:33:00Z,data,414.6,mb,1.73,2026-01-06T17:33:00Z
usage_events-001181,EV-0001181,SU-00181,ST-0011,2026-01-06T17:40:00Z,voice,245.7,minutes,3.91,2026-01-06T17:40:00Z
usage_events-001182,EV-0001182,SU-00182,ST-0012,2026-01-06T17:47:00Z,data,5.9,mb,0.21,2026-01-06T17:47:00Z
usage_events-001183,EV-0001183,SU-00183,ST-0013,2026-01-06T17:54:00Z,sms,76.5,messages,3.61,2026-01-06T17:54:00Z
usage_events-001184,EV-0001184,SU-00184,ST-0014,2026-01-06T18:01:00Z,sms,210.3,messages,3.25,2026-01-06T18:01:00Z
usage_events-001185,EV-0001185,SU-00185,ST-0015,2026-01-06T18:08:00Z,voice,100.0,minutes,0.04,2026-01-06T18:08:00Z
usage_events-001186,EV-0001186,SU-00186,ST-0016,2026-01-06T18:15:00Z,data,67.0,mb,1.15,2026-01-06T18:15:00Z
usage_events-001187,EV-0001187,SU-00187,ST-0017,2026-01-06T18:22:00Z,data,130.3,mb,2.35,2026-01-06T18:22:00Z
usage_events-001188,EV-0001188,SU-00188,ST-0018,2026-01-06T18:29:00Z,data,347.0,mb,4.78,2026-01-06T18:29:00Z
usage_events-001189,EV-0001189,SU-00189,ST-0019,2026-01-06T18:36:00Z,data,189.2,mb,0.62,2026-01-06T18:36:00Z
usage_events-001190,EV-0001190,SU-00190,ST-0020,2026-01-06T18:43:00Z,sms,361.8,messages,4.29,2026-01-06T18:43:00Z
usage_events-001191,EV-0001191,SU-00191,ST-0021,2026-01-06T18:50:00Z,voice,392.3,minutes,3.84,2026-01-06T18:50:00Z
usage_events-001192,EV-0001192,SU-00192,ST-0022,2026-01-06T18:57:00Z,voice,458.5,minutes,4.47,2026-01-06T18:57:00Z
usage_events-001193,EV-0001193,SU-00193,ST-0023,2026-01-06T19:04:00Z,voice,441.1,minutes,1.18,2026-01-06T19:04:00Z
usage_events-001194,EV-0001194,SU-00194,ST-0024,2026-01-06T19:11:00Z,voice,134.8,minutes,4.42,2026-01-06T19:11:00Z
usage_events-001195,EV-0001195,SU-00195,ST-0025,2026-01-06T19:18:00Z,voice,340.2,minutes,4.75,2026-01-06T19:18:00Z
usage_events-001196,EV-0001196,SU-00196,ST-0026,2026-01-06T19:25:00Z,sms,461.9,messages,3.59,2026-01-06T19:25:00Z
usage_events-001197,EV-0001197,SU-00197,ST-0027,2026-01-06T19:32:00Z,sms,151.7,messages,0.57,2026-01-06T19:32:00Z
usage_events-001198,EV-0001198,SU-00198,ST-0028,2026-01-06T19:39:00Z,data,471.8,mb,0.00,2026-01-06T19:39:00Z
usage_events-001199,EV-0001199,SU-00199,ST-0029,2026-01-06T19:46:00Z,data,150.0,mb,2.99,2026-01-06T19:46:00Z
usage_events-001200,EV-0001200,SU-00200,ST-0030,2026-01-06T19:53:00Z,sms,161.4,messages,3.86,2026-01-06T19:53:00Z
usage_events-001201,EV-0001201,SU-00201,ST-0001,2026-01-06T20:00:00Z,voice,336.9,minutes,0.72,2026-01-06T20:00:00Z
usage_events-001202,EV-0001202,SU-00202,ST-0002,2026-01-06T20:07:00Z,sms,242.6,messages,2.96,2026-01-06T20:07:00Z
usage_events-001203,EV-0001203,SU-00203,ST-0003,2026-01-06T20:14:00Z,sms,402.7,messages,1.66,2026-01-06T20:14:00Z
usage_events-001204,EV-0001204,SU-00204,ST-0004,2026-01-06T20:21:00Z,data,405.3,mb,3.31,2026-01-06T20:21:00Z
usage_events-001205,EV-0001205,SU-00205,ST-0005,2026-01-06T20:28:00Z,voice,109.5,minutes,2.97,2026-01-06T20:28:00Z
usage_events-001206,EV-0001206,SU-00206,ST-0006,2026-01-06T20:35:00Z,sms,107.7,messages,4.74,2026-01-06T20:35:00Z
usage_events-001207,EV-0001207,SU-00207,ST-0007,2026-01-06T20:42:00Z,sms,479.0,messages,4.25,2026-01-06T20:42:00Z
usage_events-001208,EV-0001208,SU-00208,ST-0008,2026-01-06T20:49:00Z,data,232.3,mb,2.12,2026-01-06T20:49:00Z
usage_events-001209,EV-0001209,SU-00209,ST-0009,2026-01-06T20:56:00Z,data,307.4,mb,4.19,2026-01-06T20:56:00Z
usage_events-001210,EV-0001210,SU-00210,ST-0010,2026-01-06T21:03:00Z,voice,427.4,minutes,3.42,2026-01-06T21:03:00Z
usage_events-001211,EV-0001211,SU-00211,ST-0011,2026-01-06T21:10:00Z,data,153.6,mb,1.54,2026-01-06T21:10:00Z
usage_events-001212,EV-0001212,SU-00212,ST-0012,2026-01-06T21:17:00Z,voice,323.0,minutes,0.73,2026-01-06T21:17:00Z
usage_events-001213,EV-0001213,SU-00213,ST-0013,2026-01-06T21:24:00Z,data,12.3,mb,3.78,2026-01-06T21:24:00Z
usage_events-001214,EV-0001214,SU-00214,ST-0014,2026-01-06T21:31:00Z,sms,232.7,messages,4.01,2026-01-06T21:31:00Z
usage_events-001215,EV-0001215,SU-00215,ST-0015,2026-01-06T21:38:00Z,voice,44.7,minutes,0.28,2026-01-06T21:38:00Z
usage_events-001216,EV-0001216,SU-00216,ST-0016,2026-01-06T21:45:00Z,voice,288.8,minutes,5.00,2026-01-06T21:45:00Z
usage_events-001217,EV-0001217,SU-00217,ST-0017,2026-01-06T21:52:00Z,sms,206.7,messages,0.94,2026-01-06T21:52:00Z
usage_events-001218,EV-0001218,SU-00218,ST-0018,2026-01-06T21:59:00Z,data,344.1,mb,2.24,2026-01-06T21:59:00Z
usage_events-001219,EV-0001219,SU-00219,ST-0019,2026-01-06T22:06:00Z,sms,141.5,messages,4.28,2026-01-06T22:06:00Z
usage_events-001220,EV-0001220,SU-00220,ST-0020,2026-01-06T22:13:00Z,sms,156.3,messages,2.99,2026-01-06T22:13:00Z
usage_events-001221,EV-0001221,SU-00221,ST-0021,2026-01-06T22:20:00Z,voice,319.8,minutes,2.28,2026-01-06T22:20:00Z
usage_events-001222,EV-0001222,SU-00222,ST-0022,2026-01-06T22:27:00Z,data,439.0,mb,3.47,2026-01-06T22:27:00Z
usage_events-001223,EV-0001223,SU-00223,ST-0023,2026-01-06T22:34:00Z,sms,93.2,messages,3.63,2026-01-06T22:34:00Z
usage_events-001224,EV-0001224,SU-00224,ST-0024,2026-01-06T22:41:00Z,voice,336.4,minutes,2.11,2026-01-06T22:41:00Z
usage_events-001225,EV-0001225,SU-00225,ST-0025,2026-01-06T22:48:00Z,data,200.0,mb,2.05,2026-01-06T22:48:00Z
usage_events-001226,EV-0001226,SU-00226,ST-0026,2026-01-06T22:55:00Z,sms,253.1,messages,3.19,2026-01-06T22:55:00Z
usage_events-001227,EV-0001227,SU-00227,ST-0027,2026-01-06T23:02:00Z,voice,369.9,minutes,2.28,2026-01-06T23:02:00Z
usage_events-001228,EV-0001228,SU-00228,ST-0028,2026-01-06T23:09:00Z,voice,348.6,minutes,3.84,2026-01-06T23:09:00Z
usage_events-001229,EV-0001229,SU-00229,ST-0029,2026-01-06T23:16:00Z,data,368.9,mb,3.27,2026-01-06T23:16:00Z
usage_events-001230,EV-0001230,SU-00230,ST-0030,2026-01-06T23:23:00Z,data,217.2,mb,3.60,2026-01-06T23:23:00Z
usage_events-001231,EV-0001231,SU-00231,ST-0001,2026-01-06T23:30:00Z,voice,142.3,minutes,2.40,2026-01-06T23:30:00Z
usage_events-001232,EV-0001232,SU-00232,ST-0002,2026-01-06T23:37:00Z,voice,309.1,minutes,4.27,2026-01-06T23:37:00Z
usage_events-001233,EV-0001233,SU-00233,ST-0003,2026-01-06T23:44:00Z,voice,380.3,minutes,2.95,2026-01-06T23:44:00Z
usage_events-001234,EV-0001234,SU-00234,ST-0004,2026-01-06T23:51:00Z,voice,485.0,minutes,1.50,2026-01-06T23:51:00Z
usage_events-001235,EV-0001235,SU-00235,ST-0005,2026-01-06T23:58:00Z,sms,146.7,messages,4.61,2026-01-06T23:58:00Z
usage_events-001236,EV-0001236,SU-00236,ST-0006,2026-01-07T00:05:00Z,data,493.4,mb,2.13,2026-01-07T00:05:00Z
usage_events-001237,EV-0001237,SU-00237,ST-0007,2026-01-07T00:12:00Z,voice,278.0,minutes,3.39,2026-01-07T00:12:00Z
usage_events-001238,EV-0001238,SU-00238,ST-0008,2026-01-07T00:19:00Z,data,15.6,mb,1.12,2026-01-07T00:19:00Z
usage_events-001239,EV-0001239,SU-00239,ST-0009,2026-01-07T00:26:00Z,data,241.0,mb,0.37,2026-01-07T00:26:00Z
usage_events-001240,EV-0001240,SU-00240,ST-0010,2026-01-07T00:33:00Z,sms,263.3,messages,4.45,2026-01-07T00:33:00Z
usage_events-001241,EV-0001241,SU-00241,ST-0011,2026-01-07T00:40:00Z,sms,45.3,messages,0.95,2026-01-07T00:40:00Z
usage_events-001242,EV-0001242,SU-00242,ST-0012,2026-01-07T00:47:00Z,voice,358.2,minutes,4.55,2026-01-07T00:47:00Z
usage_events-001243,EV-0001243,SU-00243,ST-0013,2026-01-07T00:54:00Z,data,275.5,mb,4.63,2026-01-07T00:54:00Z
usage_events-001244,EV-0001244,SU-00244,ST-0014,2026-01-07T01:01:00Z,data,30.4,mb,4.22,2026-01-07T01:01:00Z
usage_events-001245,EV-0001245,SU-00245,ST-0015,2026-01-07T01:08:00Z,sms,27.5,messages,4.70,2026-01-07T01:08:00Z
usage_events-001246,EV-0001246,SU-00246,ST-0016,2026-01-07T01:15:00Z,data,14.3,mb,4.34,2026-01-07T01:15:00Z
usage_events-001247,EV-0001247,SU-00247,ST-0017,2026-01-07T01:22:00Z,voice,241.2,minutes,2.82,2026-01-07T01:22:00Z
usage_events-001248,EV-0001248,SU-00248,ST-0018,2026-01-07T01:29:00Z,data,232.9,mb,3.86,2026-01-07T01:29:00Z
usage_events-001249,EV-0001249,SU-00249,ST-0019,2026-01-07T01:36:00Z,data,415.2,mb,4.40,2026-01-07T01:36:00Z
usage_events-001250,EV-0001250,SU-00250,ST-0020,2026-01-07T01:43:00Z,data,12.6,mb,1.99,2026-01-07T01:43:00Z
usage_events-001251,EV-0001251,SU-00001,ST-0021,2026-01-07T01:50:00Z,data,294.3,mb,1.34,2026-01-07T01:50:00Z
usage_events-001252,EV-0001252,SU-00002,ST-0022,2026-01-07T01:57:00Z,sms,434.3,messages,1.74,2026-01-07T01:57:00Z
usage_events-001253,EV-0001253,SU-00003,ST-0023,2026-01-07T02:04:00Z,voice,125.4,minutes,0.28,2026-01-07T02:04:00Z
usage_events-001254,EV-0001254,SU-00004,ST-0024,2026-01-07T02:11:00Z,sms,195.4,messages,0.28,2026-01-07T02:11:00Z
usage_events-001255,EV-0001255,SU-00005,ST-0025,2026-01-07T02:18:00Z,voice,139.0,minutes,1.48,2026-01-07T02:18:00Z
usage_events-001256,EV-0001256,SU-00006,ST-0026,2026-01-07T02:25:00Z,voice,362.3,minutes,4.76,2026-01-07T02:25:00Z
usage_events-001257,EV-0001257,SU-00007,ST-0027,2026-01-07T02:32:00Z,data,222.3,mb,3.09,2026-01-07T02:32:00Z
usage_events-001258,EV-0001258,SU-00008,ST-0028,2026-01-07T02:39:00Z,data,408.1,mb,4.36,2026-01-07T02:39:00Z
usage_events-001259,EV-0001259,SU-00009,ST-0029,2026-01-07T02:46:00Z,sms,485.9,messages,3.74,2026-01-07T02:46:00Z
usage_events-001260,EV-0001260,SU-00010,ST-0030,2026-01-07T02:53:00Z,data,460.3,mb,4.65,2026-01-07T02:53:00Z
usage_events-001261,EV-0001261,SU-00011,ST-0001,2026-01-07T03:00:00Z,voice,51.6,minutes,4.77,2026-01-07T03:00:00Z
usage_events-001262,EV-0001262,SU-00012,ST-0002,2026-01-07T03:07:00Z,sms,336.2,messages,1.31,2026-01-07T03:07:00Z
usage_events-001263,EV-0001263,SU-00013,ST-0003,2026-01-07T03:14:00Z,sms,203.3,messages,4.00,2026-01-07T03:14:00Z
usage_events-001264,EV-0001264,SU-00014,ST-0004,2026-01-07T03:21:00Z,data,98.4,mb,1.93,2026-01-07T03:21:00Z
usage_events-001265,EV-0001265,SU-00015,ST-0005,2026-01-07T03:28:00Z,voice,9.3,minutes,2.33,2026-01-07T03:28:00Z
usage_events-001266,EV-0001266,SU-00016,ST-0006,2026-01-07T03:35:00Z,sms,84.2,messages,3.12,2026-01-07T03:35:00Z
usage_events-001267,EV-0001267,SU-00017,ST-0007,2026-01-07T03:42:00Z,data,274.2,mb,3.09,2026-01-07T03:42:00Z
usage_events-001268,EV-0001268,SU-00018,ST-0008,2026-01-07T03:49:00Z,data,135.1,mb,4.71,2026-01-07T03:49:00Z
usage_events-001269,EV-0001269,SU-00019,ST-0009,2026-01-07T03:56:00Z,data,25.6,mb,1.13,2026-01-07T03:56:00Z
usage_events-001270,EV-0001270,SU-00020,ST-0010,2026-01-07T04:03:00Z,voice,130.4,minutes,3.58,2026-01-07T04:03:00Z
usage_events-001271,EV-0001271,SU-00021,ST-0011,2026-01-07T04:10:00Z,voice,66.0,minutes,3.05,2026-01-07T04:10:00Z
usage_events-001272,EV-0001272,SU-00022,ST-0012,2026-01-07T04:17:00Z,sms,479.6,messages,4.80,2026-01-07T04:17:00Z
usage_events-001273,EV-0001273,SU-00023,ST-0013,2026-01-07T04:24:00Z,sms,329.2,messages,1.57,2026-01-07T04:24:00Z
usage_events-001274,EV-0001274,SU-00024,ST-0014,2026-01-07T04:31:00Z,data,282.2,mb,3.94,2026-01-07T04:31:00Z
usage_events-001275,EV-0001275,SU-00025,ST-0015,2026-01-07T04:38:00Z,voice,0.2,minutes,1.12,2026-01-07T04:38:00Z
usage_events-001276,EV-0001276,SU-00026,ST-0016,2026-01-07T04:45:00Z,voice,93.5,minutes,4.44,2026-01-07T04:45:00Z
usage_events-001277,EV-0001277,SU-00027,ST-0017,2026-01-07T04:52:00Z,sms,111.4,messages,2.32,2026-01-07T04:52:00Z
usage_events-001278,EV-0001278,SU-00028,ST-0018,2026-01-07T04:59:00Z,sms,359.2,messages,4.36,2026-01-07T04:59:00Z
usage_events-001279,EV-0001279,SU-00029,ST-0019,2026-01-07T05:06:00Z,voice,346.7,minutes,1.88,2026-01-07T05:06:00Z
usage_events-001280,EV-0001280,SU-00030,ST-0020,2026-01-07T05:13:00Z,sms,348.3,messages,0.05,2026-01-07T05:13:00Z
usage_events-001281,EV-0001281,SU-00031,ST-0021,2026-01-07T05:20:00Z,voice,381.8,minutes,0.76,2026-01-07T05:20:00Z
usage_events-001282,EV-0001282,SU-00032,ST-0022,2026-01-07T05:27:00Z,data,178.1,mb,4.00,2026-01-07T05:27:00Z
usage_events-001283,EV-0001283,SU-00033,ST-0023,2026-01-07T05:34:00Z,voice,401.8,minutes,3.26,2026-01-07T05:34:00Z
usage_events-001284,EV-0001284,SU-00034,ST-0024,2026-01-07T05:41:00Z,voice,328.0,minutes,4.86,2026-01-07T05:41:00Z
usage_events-001285,EV-0001285,SU-00035,ST-0025,2026-01-07T05:48:00Z,data,101.1,mb,3.62,2026-01-07T05:48:00Z
usage_events-001286,EV-0001286,SU-00036,ST-0026,2026-01-07T05:55:00Z,data,268.7,mb,4.06,2026-01-07T05:55:00Z
usage_events-001287,EV-0001287,SU-00037,ST-0027,2026-01-07T06:02:00Z,sms,454.7,messages,4.39,2026-01-07T06:02:00Z
usage_events-001288,EV-0001288,SU-00038,ST-0028,2026-01-07T06:09:00Z,sms,249.7,messages,0.38,2026-01-07T06:09:00Z
usage_events-001289,EV-0001289,SU-00039,ST-0029,2026-01-07T06:16:00Z,voice,28.5,minutes,3.80,2026-01-07T06:16:00Z
usage_events-001290,EV-0001290,SU-00040,ST-0030,2026-01-07T06:23:00Z,voice,252.1,minutes,3.25,2026-01-07T06:23:00Z
usage_events-001291,EV-0001291,SU-00041,ST-0001,2026-01-07T06:30:00Z,voice,178.6,minutes,4.08,2026-01-07T06:30:00Z
usage_events-001292,EV-0001292,SU-00042,ST-0002,2026-01-07T06:37:00Z,sms,152.1,messages,2.01,2026-01-07T06:37:00Z
usage_events-001293,EV-0001293,SU-00043,ST-0003,2026-01-07T06:44:00Z,data,53.5,mb,2.90,2026-01-07T06:44:00Z
usage_events-001294,EV-0001294,SU-00044,ST-0004,2026-01-07T06:51:00Z,data,283.4,mb,4.49,2026-01-07T06:51:00Z
usage_events-001295,EV-0001295,SU-00045,ST-0005,2026-01-07T06:58:00Z,data,215.4,mb,1.51,2026-01-07T06:58:00Z
usage_events-001296,EV-0001296,SU-00046,ST-0006,2026-01-07T07:05:00Z,data,381.6,mb,0.11,2026-01-07T07:05:00Z
usage_events-001297,EV-0001297,SU-00047,ST-0007,2026-01-07T07:12:00Z,sms,336.4,messages,4.30,2026-01-07T07:12:00Z
usage_events-001298,EV-0001298,SU-00048,ST-0008,2026-01-07T07:19:00Z,data,123.6,mb,4.29,2026-01-07T07:19:00Z
usage_events-001299,EV-0001299,SU-00049,ST-0009,2026-01-07T07:26:00Z,voice,336.9,minutes,3.72,2026-01-07T07:26:00Z
usage_events-001300,EV-0001300,SU-00050,ST-0010,2026-01-07T07:33:00Z,voice,360.1,minutes,2.01,2026-01-07T07:33:00Z
usage_events-001301,EV-0001301,SU-00051,ST-0011,2026-01-07T07:40:00Z,voice,315.0,minutes,1.65,2026-01-07T07:40:00Z
usage_events-001302,EV-0001302,SU-00052,ST-0012,2026-01-07T07:47:00Z,data,351.6,mb,3.28,2026-01-07T07:47:00Z
usage_events-001303,EV-0001303,SU-00053,ST-0013,2026-01-07T07:54:00Z,sms,188.6,messages,3.63,2026-01-07T07:54:00Z
usage_events-001304,EV-0001304,SU-00054,ST-0014,2026-01-07T08:01:00Z,sms,318.0,messages,4.62,2026-01-07T08:01:00Z
usage_events-001305,EV-0001305,SU-00055,ST-0015,2026-01-07T08:08:00Z,sms,491.5,messages,2.96,2026-01-07T08:08:00Z
usage_events-001306,EV-0001306,SU-00056,ST-0016,2026-01-07T08:15:00Z,voice,204.6,minutes,2.79,2026-01-07T08:15:00Z
usage_events-001307,EV-0001307,SU-00057,ST-0017,2026-01-07T08:22:00Z,data,38.4,mb,1.58,2026-01-07T08:22:00Z
usage_events-001308,EV-0001308,SU-00058,ST-0018,2026-01-07T08:29:00Z,data,474.8,mb,1.12,2026-01-07T08:29:00Z
usage_events-001309,EV-0001309,SU-00059,ST-0019,2026-01-07T08:36:00Z,data,343.5,mb,2.63,2026-01-07T08:36:00Z
usage_events-001310,EV-0001310,SU-00060,ST-0020,2026-01-07T08:43:00Z,sms,253.3,messages,3.38,2026-01-07T08:43:00Z
usage_events-001311,EV-0001311,SU-00061,ST-0021,2026-01-07T08:50:00Z,sms,266.2,messages,3.26,2026-01-07T08:50:00Z
usage_events-001312,EV-0001312,SU-00062,ST-0022,2026-01-07T08:57:00Z,sms,20.0,messages,2.84,2026-01-07T08:57:00Z
usage_events-001313,EV-0001313,SU-00063,ST-0023,2026-01-07T09:04:00Z,data,142.5,mb,3.35,2026-01-07T09:04:00Z
usage_events-001314,EV-0001314,SU-00064,ST-0024,2026-01-07T09:11:00Z,voice,150.0,minutes,3.22,2026-01-07T09:11:00Z
usage_events-001315,EV-0001315,SU-00065,ST-0025,2026-01-07T09:18:00Z,data,334.7,mb,1.33,2026-01-07T09:18:00Z
usage_events-001316,EV-0001316,SU-00066,ST-0026,2026-01-07T09:25:00Z,data,348.7,mb,3.71,2026-01-07T09:25:00Z
usage_events-001317,EV-0001317,SU-00067,ST-0027,2026-01-07T09:32:00Z,voice,316.6,minutes,4.10,2026-01-07T09:32:00Z
usage_events-001318,EV-0001318,SU-00068,ST-0028,2026-01-07T09:39:00Z,data,157.7,mb,4.79,2026-01-07T09:39:00Z
usage_events-001319,EV-0001319,SU-00069,ST-0029,2026-01-07T09:46:00Z,sms,21.4,messages,1.84,2026-01-07T09:46:00Z
usage_events-001320,EV-0001320,SU-00070,ST-0030,2026-01-07T09:53:00Z,data,151.4,mb,3.40,2026-01-07T09:53:00Z
usage_events-001321,EV-0001321,SU-00071,ST-0001,2026-01-07T10:00:00Z,voice,335.3,minutes,2.33,2026-01-07T10:00:00Z
usage_events-001322,EV-0001322,SU-00072,ST-0002,2026-01-07T10:07:00Z,sms,178.4,messages,0.46,2026-01-07T10:07:00Z
usage_events-001323,EV-0001323,SU-00073,ST-0003,2026-01-07T10:14:00Z,sms,318.9,messages,2.53,2026-01-07T10:14:00Z
usage_events-001324,EV-0001324,SU-00074,ST-0004,2026-01-07T10:21:00Z,sms,454.2,messages,1.01,2026-01-07T10:21:00Z
usage_events-001325,EV-0001325,SU-00075,ST-0005,2026-01-07T10:28:00Z,sms,383.0,messages,1.47,2026-01-07T10:28:00Z
usage_events-001326,EV-0001326,SU-00076,ST-0006,2026-01-07T10:35:00Z,voice,486.4,minutes,4.84,2026-01-07T10:35:00Z
usage_events-001327,EV-0001327,SU-00077,ST-0007,2026-01-07T10:42:00Z,data,150.4,mb,2.36,2026-01-07T10:42:00Z
usage_events-001328,EV-0001328,SU-00078,ST-0008,2026-01-07T10:49:00Z,data,352.7,mb,3.18,2026-01-07T10:49:00Z
usage_events-001329,EV-0001329,SU-00079,ST-0009,2026-01-07T10:56:00Z,sms,46.1,messages,2.88,2026-01-07T10:56:00Z
usage_events-001330,EV-0001330,SU-00080,ST-0010,2026-01-07T11:03:00Z,voice,190.5,minutes,4.90,2026-01-07T11:03:00Z
usage_events-001331,EV-0001331,SU-00081,ST-0011,2026-01-07T11:10:00Z,data,442.0,mb,1.50,2026-01-07T11:10:00Z
usage_events-001332,EV-0001332,SU-00082,ST-0012,2026-01-07T11:17:00Z,sms,489.2,messages,2.27,2026-01-07T11:17:00Z
usage_events-001333,EV-0001333,SU-00083,ST-0013,2026-01-07T11:24:00Z,voice,194.8,minutes,1.22,2026-01-07T11:24:00Z
usage_events-001334,EV-0001334,SU-00084,ST-0014,2026-01-07T11:31:00Z,voice,195.2,minutes,0.72,2026-01-07T11:31:00Z
usage_events-001335,EV-0001335,SU-00085,ST-0015,2026-01-07T11:38:00Z,sms,274.9,messages,1.86,2026-01-07T11:38:00Z
usage_events-001336,EV-0001336,SU-00086,ST-0016,2026-01-07T11:45:00Z,data,96.9,mb,2.45,2026-01-07T11:45:00Z
usage_events-001337,EV-0001337,SU-00087,ST-0017,2026-01-07T11:52:00Z,sms,158.6,messages,4.70,2026-01-07T11:52:00Z
usage_events-001338,EV-0001338,SU-00088,ST-0018,2026-01-07T11:59:00Z,data,108.4,mb,3.80,2026-01-07T11:59:00Z
usage_events-001339,EV-0001339,SU-00089,ST-0019,2026-01-07T12:06:00Z,voice,38.2,minutes,0.57,2026-01-07T12:06:00Z
usage_events-001340,EV-0001340,SU-00090,ST-0020,2026-01-07T12:13:00Z,sms,124.5,messages,2.88,2026-01-07T12:13:00Z
usage_events-001341,EV-0001341,SU-00091,ST-0021,2026-01-07T12:20:00Z,voice,350.3,minutes,1.93,2026-01-07T12:20:00Z
usage_events-001342,EV-0001342,SU-00092,ST-0022,2026-01-07T12:27:00Z,voice,97.1,minutes,4.90,2026-01-07T12:27:00Z
usage_events-001343,EV-0001343,SU-00093,ST-0023,2026-01-07T12:34:00Z,data,101.1,mb,0.56,2026-01-07T12:34:00Z
usage_events-001344,EV-0001344,SU-00094,ST-0024,2026-01-07T12:41:00Z,voice,447.7,minutes,3.77,2026-01-07T12:41:00Z
usage_events-001345,EV-0001345,SU-00095,ST-0025,2026-01-07T12:48:00Z,data,337.0,mb,4.87,2026-01-07T12:48:00Z
usage_events-001346,EV-0001346,SU-00096,ST-0026,2026-01-07T12:55:00Z,voice,473.4,minutes,1.08,2026-01-07T12:55:00Z
usage_events-001347,EV-0001347,SU-00097,ST-0027,2026-01-07T13:02:00Z,data,299.2,mb,2.01,2026-01-07T13:02:00Z
usage_events-001348,EV-0001348,SU-00098,ST-0028,2026-01-07T13:09:00Z,data,133.4,mb,2.44,2026-01-07T13:09:00Z
usage_events-001349,EV-0001349,SU-00099,ST-0029,2026-01-07T13:16:00Z,sms,116.0,messages,1.14,2026-01-07T13:16:00Z
usage_events-001350,EV-0001350,SU-00100,ST-0030,2026-01-07T13:23:00Z,voice,247.2,minutes,1.74,2026-01-07T13:23:00Z
usage_events-001351,EV-0001351,SU-00101,ST-0001,2026-01-07T13:30:00Z,data,166.9,mb,1.52,2026-01-07T13:30:00Z
usage_events-001352,EV-0001352,SU-00102,ST-0002,2026-01-07T13:37:00Z,data,124.6,mb,4.64,2026-01-07T13:37:00Z
usage_events-001353,EV-0001353,SU-00103,ST-0003,2026-01-07T13:44:00Z,voice,452.1,minutes,2.90,2026-01-07T13:44:00Z
usage_events-001354,EV-0001354,SU-00104,ST-0004,2026-01-07T13:51:00Z,voice,417.4,minutes,0.62,2026-01-07T13:51:00Z
usage_events-001355,EV-0001355,SU-00105,ST-0005,2026-01-07T13:58:00Z,sms,157.6,messages,0.34,2026-01-07T13:58:00Z
usage_events-001356,EV-0001356,SU-00106,ST-0006,2026-01-07T14:05:00Z,data,452.5,mb,1.10,2026-01-07T14:05:00Z
usage_events-001357,EV-0001357,SU-00107,ST-0007,2026-01-07T14:12:00Z,sms,256.2,messages,1.74,2026-01-07T14:12:00Z
usage_events-001358,EV-0001358,SU-00108,ST-0008,2026-01-07T14:19:00Z,sms,351.5,messages,4.43,2026-01-07T14:19:00Z
usage_events-001359,EV-0001359,SU-00109,ST-0009,2026-01-07T14:26:00Z,sms,166.8,messages,3.87,2026-01-07T14:26:00Z
usage_events-001360,EV-0001360,SU-00110,ST-0010,2026-01-07T14:33:00Z,data,26.7,mb,0.63,2026-01-07T14:33:00Z
usage_events-001361,EV-0001361,SU-00111,ST-0011,2026-01-07T14:40:00Z,sms,457.3,messages,1.42,2026-01-07T14:40:00Z
usage_events-001362,EV-0001362,SU-00112,ST-0012,2026-01-07T14:47:00Z,data,362.9,mb,3.99,2026-01-07T14:47:00Z
usage_events-001363,EV-0001363,SU-00113,ST-0013,2026-01-07T14:54:00Z,data,55.5,mb,2.10,2026-01-07T14:54:00Z
usage_events-001364,EV-0001364,SU-00114,ST-0014,2026-01-07T15:01:00Z,data,391.4,mb,3.65,2026-01-07T15:01:00Z
usage_events-001365,EV-0001365,SU-00115,ST-0015,2026-01-07T15:08:00Z,voice,338.6,minutes,3.16,2026-01-07T15:08:00Z
usage_events-001366,EV-0001366,SU-00116,ST-0016,2026-01-07T15:15:00Z,voice,122.4,minutes,1.53,2026-01-07T15:15:00Z
usage_events-001367,EV-0001367,SU-00117,ST-0017,2026-01-07T15:22:00Z,sms,267.6,messages,2.36,2026-01-07T15:22:00Z
usage_events-001368,EV-0001368,SU-00118,ST-0018,2026-01-07T15:29:00Z,data,62.9,mb,0.41,2026-01-07T15:29:00Z
usage_events-001369,EV-0001369,SU-00119,ST-0019,2026-01-07T15:36:00Z,voice,75.2,minutes,0.19,2026-01-07T15:36:00Z
usage_events-001370,EV-0001370,SU-00120,ST-0020,2026-01-07T15:43:00Z,voice,195.9,minutes,4.95,2026-01-07T15:43:00Z
usage_events-001371,EV-0001371,SU-00121,ST-0021,2026-01-07T15:50:00Z,data,130.3,mb,2.37,2026-01-07T15:50:00Z
usage_events-001372,EV-0001372,SU-00122,ST-0022,2026-01-07T15:57:00Z,voice,352.8,minutes,3.04,2026-01-07T15:57:00Z
usage_events-001373,EV-0001373,SU-00123,ST-0023,2026-01-07T16:04:00Z,data,347.2,mb,2.35,2026-01-07T16:04:00Z
usage_events-001374,EV-0001374,SU-00124,ST-0024,2026-01-07T16:11:00Z,voice,206.8,minutes,0.77,2026-01-07T16:11:00Z
usage_events-001375,EV-0001375,SU-00125,ST-0025,2026-01-07T16:18:00Z,sms,127.4,messages,1.83,2026-01-07T16:18:00Z
usage_events-001376,EV-0001376,SU-00126,ST-0026,2026-01-07T16:25:00Z,data,373.5,mb,4.66,2026-01-07T16:25:00Z
usage_events-001377,EV-0001377,SU-00127,ST-0027,2026-01-07T16:32:00Z,voice,240.3,minutes,0.11,2026-01-07T16:32:00Z
usage_events-001378,EV-0001378,SU-00128,ST-0028,2026-01-07T16:39:00Z,voice,432.7,minutes,4.94,2026-01-07T16:39:00Z
usage_events-001379,EV-0001379,SU-00129,ST-0029,2026-01-07T16:46:00Z,voice,339.8,minutes,4.72,2026-01-07T16:46:00Z
usage_events-001380,EV-0001380,SU-00130,ST-0030,2026-01-07T16:53:00Z,data,455.9,mb,0.81,2026-01-07T16:53:00Z
usage_events-001381,EV-0001381,SU-00131,ST-0001,2026-01-07T17:00:00Z,data,304.0,mb,4.66,2026-01-07T17:00:00Z
usage_events-001382,EV-0001382,SU-00132,ST-0002,2026-01-07T17:07:00Z,voice,0.5,minutes,3.50,2026-01-07T17:07:00Z
usage_events-001383,EV-0001383,SU-00133,ST-0003,2026-01-07T17:14:00Z,data,386.0,mb,4.84,2026-01-07T17:14:00Z
usage_events-001384,EV-0001384,SU-00134,ST-0004,2026-01-07T17:21:00Z,sms,421.9,messages,3.08,2026-01-07T17:21:00Z
usage_events-001385,EV-0001385,SU-00135,ST-0005,2026-01-07T17:28:00Z,sms,344.3,messages,1.98,2026-01-07T17:28:00Z
usage_events-001386,EV-0001386,SU-00136,ST-0006,2026-01-07T17:35:00Z,sms,315.7,messages,4.02,2026-01-07T17:35:00Z
usage_events-001387,EV-0001387,SU-00137,ST-0007,2026-01-07T17:42:00Z,voice,414.9,minutes,1.63,2026-01-07T17:42:00Z
usage_events-001388,EV-0001388,SU-00138,ST-0008,2026-01-07T17:49:00Z,sms,253.6,messages,3.64,2026-01-07T17:49:00Z
usage_events-001389,EV-0001389,SU-00139,ST-0009,2026-01-07T17:56:00Z,sms,398.7,messages,0.84,2026-01-07T17:56:00Z
usage_events-001390,EV-0001390,SU-00140,ST-0010,2026-01-07T18:03:00Z,data,40.5,mb,4.37,2026-01-07T18:03:00Z
usage_events-001391,EV-0001391,SU-00141,ST-0011,2026-01-07T18:10:00Z,voice,363.9,minutes,4.01,2026-01-07T18:10:00Z
usage_events-001392,EV-0001392,SU-00142,ST-0012,2026-01-07T18:17:00Z,data,492.5,mb,2.34,2026-01-07T18:17:00Z
usage_events-001393,EV-0001393,SU-00143,ST-0013,2026-01-07T18:24:00Z,voice,1.8,minutes,2.48,2026-01-07T18:24:00Z
usage_events-001394,EV-0001394,SU-00144,ST-0014,2026-01-07T18:31:00Z,data,313.5,mb,0.89,2026-01-07T18:31:00Z
usage_events-001395,EV-0001395,SU-00145,ST-0015,2026-01-07T18:38:00Z,data,2.7,mb,4.86,2026-01-07T18:38:00Z
usage_events-001396,EV-0001396,SU-00146,ST-0016,2026-01-07T18:45:00Z,voice,203.0,minutes,0.95,2026-01-07T18:45:00Z
usage_events-001397,EV-0001397,SU-00147,ST-0017,2026-01-07T18:52:00Z,data,51.5,mb,0.23,2026-01-07T18:52:00Z
usage_events-001398,EV-0001398,SU-00148,ST-0018,2026-01-07T18:59:00Z,voice,373.2,minutes,0.89,2026-01-07T18:59:00Z
usage_events-001399,EV-0001399,SU-00149,ST-0019,2026-01-07T19:06:00Z,voice,314.1,minutes,2.17,2026-01-07T19:06:00Z
usage_events-001400,EV-0001400,SU-00150,ST-0020,2026-01-07T19:13:00Z,data,332.8,mb,2.62,2026-01-07T19:13:00Z
usage_events-001401,EV-0001401,SU-00151,ST-0021,2026-01-07T19:20:00Z,sms,228.1,messages,0.44,2026-01-07T19:20:00Z
usage_events-001402,EV-0001402,SU-00152,ST-0022,2026-01-07T19:27:00Z,data,369.4,mb,4.42,2026-01-07T19:27:00Z
usage_events-001403,EV-0001403,SU-00153,ST-0023,2026-01-07T19:34:00Z,data,233.5,mb,1.25,2026-01-07T19:34:00Z
usage_events-001404,EV-0001404,SU-00154,ST-0024,2026-01-07T19:41:00Z,data,442.4,mb,3.79,2026-01-07T19:41:00Z
usage_events-001405,EV-0001405,SU-00155,ST-0025,2026-01-07T19:48:00Z,data,190.7,mb,4.20,2026-01-07T19:48:00Z
usage_events-001406,EV-0001406,SU-00156,ST-0026,2026-01-07T19:55:00Z,data,23.9,mb,3.56,2026-01-07T19:55:00Z
usage_events-001407,EV-0001407,SU-00157,ST-0027,2026-01-07T20:02:00Z,data,239.0,mb,0.71,2026-01-07T20:02:00Z
usage_events-001408,EV-0001408,SU-00158,ST-0028,2026-01-07T20:09:00Z,data,189.4,mb,0.74,2026-01-07T20:09:00Z
usage_events-001409,EV-0001409,SU-00159,ST-0029,2026-01-07T20:16:00Z,voice,365.6,minutes,4.41,2026-01-07T20:16:00Z
usage_events-001410,EV-0001410,SU-00160,ST-0030,2026-01-07T20:23:00Z,data,343.1,mb,3.52,2026-01-07T20:23:00Z
usage_events-001411,EV-0001411,SU-00161,ST-0001,2026-01-07T20:30:00Z,voice,89.2,minutes,2.92,2026-01-07T20:30:00Z
usage_events-001412,EV-0001412,SU-00162,ST-0002,2026-01-07T20:37:00Z,sms,20.4,messages,0.71,2026-01-07T20:37:00Z
usage_events-001413,EV-0001413,SU-00163,ST-0003,2026-01-07T20:44:00Z,data,5.6,mb,0.58,2026-01-07T20:44:00Z
usage_events-001414,EV-0001414,SU-00164,ST-0004,2026-01-07T20:51:00Z,sms,309.0,messages,0.87,2026-01-07T20:51:00Z
usage_events-001415,EV-0001415,SU-00165,ST-0005,2026-01-07T20:58:00Z,sms,426.4,messages,3.24,2026-01-07T20:58:00Z
usage_events-001416,EV-0001416,SU-00166,ST-0006,2026-01-07T21:05:00Z,data,408.3,mb,2.14,2026-01-07T21:05:00Z
usage_events-001417,EV-0001417,SU-00167,ST-0007,2026-01-07T21:12:00Z,voice,469.9,minutes,0.58,2026-01-07T21:12:00Z
usage_events-001418,EV-0001418,SU-00168,ST-0008,2026-01-07T21:19:00Z,data,412.8,mb,0.24,2026-01-07T21:19:00Z
usage_events-001419,EV-0001419,SU-00169,ST-0009,2026-01-07T21:26:00Z,data,65.9,mb,2.12,2026-01-07T21:26:00Z
usage_events-001420,EV-0001420,SU-00170,ST-0010,2026-01-07T21:33:00Z,voice,480.1,minutes,3.90,2026-01-07T21:33:00Z
usage_events-001421,EV-0001421,SU-00171,ST-0011,2026-01-07T21:40:00Z,data,142.5,mb,2.33,2026-01-07T21:40:00Z
usage_events-001422,EV-0001422,SU-00172,ST-0012,2026-01-07T21:47:00Z,voice,156.3,minutes,2.06,2026-01-07T21:47:00Z
usage_events-001423,EV-0001423,SU-00173,ST-0013,2026-01-07T21:54:00Z,voice,136.5,minutes,3.83,2026-01-07T21:54:00Z
usage_events-001424,EV-0001424,SU-00174,ST-0014,2026-01-07T22:01:00Z,voice,77.6,minutes,2.05,2026-01-07T22:01:00Z
usage_events-001425,EV-0001425,SU-00175,ST-0015,2026-01-07T22:08:00Z,sms,382.7,messages,1.53,2026-01-07T22:08:00Z
usage_events-001426,EV-0001426,SU-00176,ST-0016,2026-01-07T22:15:00Z,voice,229.9,minutes,1.88,2026-01-07T22:15:00Z
usage_events-001427,EV-0001427,SU-00177,ST-0017,2026-01-07T22:22:00Z,voice,313.1,minutes,2.33,2026-01-07T22:22:00Z
usage_events-001428,EV-0001428,SU-00178,ST-0018,2026-01-07T22:29:00Z,voice,158.4,minutes,4.53,2026-01-07T22:29:00Z
usage_events-001429,EV-0001429,SU-00179,ST-0019,2026-01-07T22:36:00Z,data,22.6,mb,2.23,2026-01-07T22:36:00Z
usage_events-001430,EV-0001430,SU-00180,ST-0020,2026-01-07T22:43:00Z,data,316.7,mb,3.09,2026-01-07T22:43:00Z
usage_events-001431,EV-0001431,SU-00181,ST-0021,2026-01-07T22:50:00Z,voice,307.2,minutes,1.15,2026-01-07T22:50:00Z
usage_events-001432,EV-0001432,SU-00182,ST-0022,2026-01-07T22:57:00Z,voice,487.4,minutes,2.82,2026-01-07T22:57:00Z
usage_events-001433,EV-0001433,SU-00183,ST-0023,2026-01-07T23:04:00Z,sms,423.6,messages,4.35,2026-01-07T23:04:00Z
usage_events-001434,EV-0001434,SU-00184,ST-0024,2026-01-07T23:11:00Z,sms,466.6,messages,3.84,2026-01-07T23:11:00Z
usage_events-001435,EV-0001435,SU-00185,ST-0025,2026-01-07T23:18:00Z,voice,346.0,minutes,3.06,2026-01-07T23:18:00Z
usage_events-001436,EV-0001436,SU-00186,ST-0026,2026-01-07T23:25:00Z,sms,251.5,messages,2.71,2026-01-07T23:25:00Z
usage_events-001437,EV-0001437,SU-00187,ST-0027,2026-01-07T23:32:00Z,sms,337.5,messages,3.35,2026-01-07T23:32:00Z
usage_events-001438,EV-0001438,SU-00188,ST-0028,2026-01-07T23:39:00Z,sms,121.1,messages,1.34,2026-01-07T23:39:00Z
usage_events-001439,EV-0001439,SU-00189,ST-0029,2026-01-07T23:46:00Z,data,399.6,mb,1.64,2026-01-07T23:46:00Z
usage_events-001440,EV-0001440,SU-00190,ST-0030,2026-01-07T23:53:00Z,voice,289.7,minutes,1.90,2026-01-07T23:53:00Z
usage_events-001441,EV-0001441,SU-00191,ST-0001,2026-01-08T00:00:00Z,data,37.3,mb,4.73,2026-01-08T00:00:00Z
usage_events-001442,EV-0001442,SU-00192,ST-0002,2026-01-08T00:07:00Z,sms,195.0,messages,0.61,2026-01-08T00:07:00Z
usage_events-001443,EV-0001443,SU-00193,ST-0003,2026-01-08T00:14:00Z,sms,182.1,messages,3.63,2026-01-08T00:14:00Z
usage_events-001444,EV-0001444,SU-00194,ST-0004,2026-01-08T00:21:00Z,voice,60.9,minutes,2.07,2026-01-08T00:21:00Z
usage_events-001445,EV-0001445,SU-00195,ST-0005,2026-01-08T00:28:00Z,sms,242.1,messages,0.90,2026-01-08T00:28:00Z
usage_events-001446,EV-0001446,SU-00196,ST-0006,2026-01-08T00:35:00Z,data,480.6,mb,4.91,2026-01-08T00:35:00Z
usage_events-001447,EV-0001447,SU-00197,ST-0007,2026-01-08T00:42:00Z,voice,166.4,minutes,2.47,2026-01-08T00:42:00Z
usage_events-001448,EV-0001448,SU-00198,ST-0008,2026-01-08T00:49:00Z,sms,53.9,messages,0.85,2026-01-08T00:49:00Z
usage_events-001449,EV-0001449,SU-00199,ST-0009,2026-01-08T00:56:00Z,voice,130.4,minutes,4.54,2026-01-08T00:56:00Z
usage_events-001450,EV-0001450,SU-00200,ST-0010,2026-01-08T01:03:00Z,voice,384.9,minutes,2.20,2026-01-08T01:03:00Z
usage_events-001451,EV-0001451,SU-00201,ST-0011,2026-01-08T01:10:00Z,voice,360.9,minutes,1.84,2026-01-08T01:10:00Z
usage_events-001452,EV-0001452,SU-00202,ST-0012,2026-01-08T01:17:00Z,data,194.0,mb,3.47,2026-01-08T01:17:00Z
usage_events-001453,EV-0001453,SU-00203,ST-0013,2026-01-08T01:24:00Z,data,197.0,mb,1.34,2026-01-08T01:24:00Z
usage_events-001454,EV-0001454,SU-00204,ST-0014,2026-01-08T01:31:00Z,sms,322.7,messages,4.68,2026-01-08T01:31:00Z
usage_events-001455,EV-0001455,SU-00205,ST-0015,2026-01-08T01:38:00Z,sms,424.7,messages,0.30,2026-01-08T01:38:00Z
usage_events-001456,EV-0001456,SU-00206,ST-0016,2026-01-08T01:45:00Z,data,180.5,mb,4.90,2026-01-08T01:45:00Z
usage_events-001457,EV-0001457,SU-00207,ST-0017,2026-01-08T01:52:00Z,sms,270.2,messages,4.11,2026-01-08T01:52:00Z
usage_events-001458,EV-0001458,SU-00208,ST-0018,2026-01-08T01:59:00Z,voice,251.0,minutes,4.44,2026-01-08T01:59:00Z
usage_events-001459,EV-0001459,SU-00209,ST-0019,2026-01-08T02:06:00Z,sms,236.7,messages,0.46,2026-01-08T02:06:00Z
usage_events-001460,EV-0001460,SU-00210,ST-0020,2026-01-08T02:13:00Z,data,74.6,mb,3.48,2026-01-08T02:13:00Z
usage_events-001461,EV-0001461,SU-00211,ST-0021,2026-01-08T02:20:00Z,voice,267.0,minutes,4.37,2026-01-08T02:20:00Z
usage_events-001462,EV-0001462,SU-00212,ST-0022,2026-01-08T02:27:00Z,sms,195.5,messages,4.05,2026-01-08T02:27:00Z
usage_events-001463,EV-0001463,SU-00213,ST-0023,2026-01-08T02:34:00Z,sms,299.0,messages,0.56,2026-01-08T02:34:00Z
usage_events-001464,EV-0001464,SU-00214,ST-0024,2026-01-08T02:41:00Z,data,168.9,mb,2.85,2026-01-08T02:41:00Z
usage_events-001465,EV-0001465,SU-00215,ST-0025,2026-01-08T02:48:00Z,sms,94.0,messages,0.22,2026-01-08T02:48:00Z
usage_events-001466,EV-0001466,SU-00216,ST-0026,2026-01-08T02:55:00Z,data,69.7,mb,3.58,2026-01-08T02:55:00Z
usage_events-001467,EV-0001467,SU-00217,ST-0027,2026-01-08T03:02:00Z,voice,192.7,minutes,4.86,2026-01-08T03:02:00Z
usage_events-001468,EV-0001468,SU-00218,ST-0028,2026-01-08T03:09:00Z,sms,404.5,messages,2.85,2026-01-08T03:09:00Z
usage_events-001469,EV-0001469,SU-00219,ST-0029,2026-01-08T03:16:00Z,voice,195.8,minutes,3.47,2026-01-08T03:16:00Z
usage_events-001470,EV-0001470,SU-00220,ST-0030,2026-01-08T03:23:00Z,voice,218.2,minutes,0.38,2026-01-08T03:23:00Z
usage_events-001471,EV-0001471,SU-00221,ST-0001,2026-01-08T03:30:00Z,data,300.5,mb,4.36,2026-01-08T03:30:00Z
usage_events-001472,EV-0001472,SU-00222,ST-0002,2026-01-08T03:37:00Z,sms,446.8,messages,4.75,2026-01-08T03:37:00Z
usage_events-001473,EV-0001473,SU-00223,ST-0003,2026-01-08T03:44:00Z,data,323.6,mb,0.71,2026-01-08T03:44:00Z
usage_events-001474,EV-0001474,SU-00224,ST-0004,2026-01-08T03:51:00Z,sms,321.9,messages,4.08,2026-01-08T03:51:00Z
usage_events-001475,EV-0001475,SU-00225,ST-0005,2026-01-08T03:58:00Z,voice,282.5,minutes,3.36,2026-01-08T03:58:00Z
usage_events-001476,EV-0001476,SU-00226,ST-0006,2026-01-08T04:05:00Z,voice,346.0,minutes,1.69,2026-01-08T04:05:00Z
usage_events-001477,EV-0001477,SU-00227,ST-0007,2026-01-08T04:12:00Z,voice,255.0,minutes,1.19,2026-01-08T04:12:00Z
usage_events-001478,EV-0001478,SU-00228,ST-0008,2026-01-08T04:19:00Z,voice,375.7,minutes,0.37,2026-01-08T04:19:00Z
usage_events-001479,EV-0001479,SU-00229,ST-0009,2026-01-08T04:26:00Z,data,222.5,mb,0.49,2026-01-08T04:26:00Z
usage_events-001480,EV-0001480,SU-00230,ST-0010,2026-01-08T04:33:00Z,voice,154.8,minutes,4.85,2026-01-08T04:33:00Z
usage_events-001481,EV-0001481,SU-00231,ST-0011,2026-01-08T04:40:00Z,sms,372.9,messages,3.02,2026-01-08T04:40:00Z
usage_events-001482,EV-0001482,SU-00232,ST-0012,2026-01-08T04:47:00Z,data,403.3,mb,4.24,2026-01-08T04:47:00Z
usage_events-001483,EV-0001483,SU-00233,ST-0013,2026-01-08T04:54:00Z,voice,195.5,minutes,0.45,2026-01-08T04:54:00Z
usage_events-001484,EV-0001484,SU-00234,ST-0014,2026-01-08T05:01:00Z,voice,115.7,minutes,0.58,2026-01-08T05:01:00Z
usage_events-001485,EV-0001485,SU-00235,ST-0015,2026-01-08T05:08:00Z,sms,375.2,messages,4.35,2026-01-08T05:08:00Z
usage_events-001486,EV-0001486,SU-00236,ST-0016,2026-01-08T05:15:00Z,voice,22.5,minutes,1.81,2026-01-08T05:15:00Z
usage_events-001487,EV-0001487,SU-00237,ST-0017,2026-01-08T05:22:00Z,data,428.4,mb,3.02,2026-01-08T05:22:00Z
usage_events-001488,EV-0001488,SU-00238,ST-0018,2026-01-08T05:29:00Z,sms,439.8,messages,0.82,2026-01-08T05:29:00Z
usage_events-001489,EV-0001489,SU-00239,ST-0019,2026-01-08T05:36:00Z,voice,249.9,minutes,0.55,2026-01-08T05:36:00Z
usage_events-001490,EV-0001490,SU-00240,ST-0020,2026-01-08T05:43:00Z,data,166.0,mb,0.33,2026-01-08T05:43:00Z
usage_events-001491,EV-0001491,SU-00241,ST-0021,2026-01-08T05:50:00Z,data,13.8,mb,3.01,2026-01-08T05:50:00Z
usage_events-001492,EV-0001492,SU-00242,ST-0022,2026-01-08T05:57:00Z,voice,420.5,minutes,4.61,2026-01-08T05:57:00Z
usage_events-001493,EV-0001493,SU-00243,ST-0023,2026-01-08T06:04:00Z,data,198.7,mb,0.18,2026-01-08T06:04:00Z
usage_events-001494,EV-0001494,SU-00244,ST-0024,2026-01-08T06:11:00Z,data,121.7,mb,3.71,2026-01-08T06:11:00Z
usage_events-001495,EV-0001495,SU-00245,ST-0025,2026-01-08T06:18:00Z,voice,479.7,minutes,0.32,2026-01-08T06:18:00Z
usage_events-001496,EV-0001496,SU-00246,ST-0026,2026-01-08T06:25:00Z,data,223.6,mb,3.74,2026-01-08T06:25:00Z
usage_events-001497,EV-0001497,SU-00247,ST-0027,2026-01-08T06:32:00Z,voice,56.0,minutes,2.79,2026-01-08T06:32:00Z
usage_events-001498,EV-0001498,SU-00248,ST-0028,2026-01-08T06:39:00Z,data,228.5,mb,3.90,2026-01-08T06:39:00Z
usage_events-001499,EV-0001499,SU-00249,ST-0029,2026-01-08T06:46:00Z,sms,362.8,messages,1.84,2026-01-08T06:46:00Z
usage_events-001500,EV-0001500,SU-00250,ST-0030,2026-01-08T06:53:00Z,voice,146.4,minutes,3.05,2026-01-08T06:53:00Z
usage_events-001501,EV-0001501,SU-00001,ST-0001,2026-01-08T07:00:00Z,data,53.0,mb,4.93,2026-01-08T07:00:00Z
usage_events-001502,EV-0001502,SU-00002,ST-0002,2026-01-08T07:07:00Z,data,373.4,mb,1.87,2026-01-08T07:07:00Z
usage_events-001503,EV-0001503,SU-00003,ST-0003,2026-01-08T07:14:00Z,voice,472.6,minutes,2.12,2026-01-08T07:14:00Z
usage_events-001504,EV-0001504,SU-00004,ST-0004,2026-01-08T07:21:00Z,sms,68.4,messages,4.13,2026-01-08T07:21:00Z
usage_events-001505,EV-0001505,SU-00005,ST-0005,2026-01-08T07:28:00Z,data,332.4,mb,3.64,2026-01-08T07:28:00Z
usage_events-001506,EV-0001506,SU-00006,ST-0006,2026-01-08T07:35:00Z,data,60.7,mb,2.19,2026-01-08T07:35:00Z
usage_events-001507,EV-0001507,SU-00007,ST-0007,2026-01-08T07:42:00Z,voice,14.4,minutes,1.59,2026-01-08T07:42:00Z
usage_events-001508,EV-0001508,SU-00008,ST-0008,2026-01-08T07:49:00Z,sms,108.8,messages,3.84,2026-01-08T07:49:00Z
usage_events-001509,EV-0001509,SU-00009,ST-0009,2026-01-08T07:56:00Z,data,85.0,mb,4.01,2026-01-08T07:56:00Z
usage_events-001510,EV-0001510,SU-00010,ST-0010,2026-01-08T08:03:00Z,voice,472.4,minutes,3.31,2026-01-08T08:03:00Z
usage_events-001511,EV-0001511,SU-00011,ST-0011,2026-01-08T08:10:00Z,voice,8.0,minutes,0.27,2026-01-08T08:10:00Z
usage_events-001512,EV-0001512,SU-00012,ST-0012,2026-01-08T08:17:00Z,sms,27.0,messages,0.77,2026-01-08T08:17:00Z
usage_events-001513,EV-0001513,SU-00013,ST-0013,2026-01-08T08:24:00Z,voice,453.5,minutes,4.25,2026-01-08T08:24:00Z
usage_events-001514,EV-0001514,SU-00014,ST-0014,2026-01-08T08:31:00Z,voice,83.7,minutes,2.06,2026-01-08T08:31:00Z
usage_events-001515,EV-0001515,SU-00015,ST-0015,2026-01-08T08:38:00Z,voice,158.9,minutes,3.27,2026-01-08T08:38:00Z
usage_events-001516,EV-0001516,SU-00016,ST-0016,2026-01-08T08:45:00Z,voice,239.7,minutes,3.62,2026-01-08T08:45:00Z
usage_events-001517,EV-0001517,SU-00017,ST-0017,2026-01-08T08:52:00Z,sms,223.2,messages,1.16,2026-01-08T08:52:00Z
usage_events-001518,EV-0001518,SU-00018,ST-0018,2026-01-08T08:59:00Z,voice,302.9,minutes,4.67,2026-01-08T08:59:00Z
usage_events-001519,EV-0001519,SU-00019,ST-0019,2026-01-08T09:06:00Z,voice,5.8,minutes,2.76,2026-01-08T09:06:00Z
usage_events-001520,EV-0001520,SU-00020,ST-0020,2026-01-08T09:13:00Z,data,476.0,mb,1.24,2026-01-08T09:13:00Z
usage_events-001521,EV-0001521,SU-00021,ST-0021,2026-01-08T09:20:00Z,voice,431.6,minutes,0.62,2026-01-08T09:20:00Z
usage_events-001522,EV-0001522,SU-00022,ST-0022,2026-01-08T09:27:00Z,data,414.0,mb,0.79,2026-01-08T09:27:00Z
usage_events-001523,EV-0001523,SU-00023,ST-0023,2026-01-08T09:34:00Z,data,99.4,mb,1.39,2026-01-08T09:34:00Z
usage_events-001524,EV-0001524,SU-00024,ST-0024,2026-01-08T09:41:00Z,sms,482.1,messages,2.37,2026-01-08T09:41:00Z
usage_events-001525,EV-0001525,SU-00025,ST-0025,2026-01-08T09:48:00Z,voice,361.8,minutes,0.25,2026-01-08T09:48:00Z
usage_events-001526,EV-0001526,SU-00026,ST-0026,2026-01-08T09:55:00Z,data,235.6,mb,0.08,2026-01-08T09:55:00Z
usage_events-001527,EV-0001527,SU-00027,ST-0027,2026-01-08T10:02:00Z,sms,491.2,messages,1.82,2026-01-08T10:02:00Z
usage_events-001528,EV-0001528,SU-00028,ST-0028,2026-01-08T10:09:00Z,sms,50.5,messages,1.93,2026-01-08T10:09:00Z
usage_events-001529,EV-0001529,SU-00029,ST-0029,2026-01-08T10:16:00Z,sms,442.1,messages,0.40,2026-01-08T10:16:00Z
usage_events-001530,EV-0001530,SU-00030,ST-0030,2026-01-08T10:23:00Z,sms,306.8,messages,4.32,2026-01-08T10:23:00Z
usage_events-001531,EV-0001531,SU-00031,ST-0001,2026-01-08T10:30:00Z,voice,160.9,minutes,3.00,2026-01-08T10:30:00Z
usage_events-001532,EV-0001532,SU-00032,ST-0002,2026-01-08T10:37:00Z,data,85.1,mb,0.15,2026-01-08T10:37:00Z
usage_events-001533,EV-0001533,SU-00033,ST-0003,2026-01-08T10:44:00Z,data,276.5,mb,1.93,2026-01-08T10:44:00Z
usage_events-001534,EV-0001534,SU-00034,ST-0004,2026-01-08T10:51:00Z,data,461.1,mb,1.87,2026-01-08T10:51:00Z
usage_events-001535,EV-0001535,SU-00035,ST-0005,2026-01-08T10:58:00Z,sms,438.0,messages,0.45,2026-01-08T10:58:00Z
usage_events-001536,EV-0001536,SU-00036,ST-0006,2026-01-08T11:05:00Z,data,40.8,mb,2.37,2026-01-08T11:05:00Z
usage_events-001537,EV-0001537,SU-00037,ST-0007,2026-01-08T11:12:00Z,voice,388.9,minutes,2.91,2026-01-08T11:12:00Z
usage_events-001538,EV-0001538,SU-00038,ST-0008,2026-01-08T11:19:00Z,data,451.3,mb,4.01,2026-01-08T11:19:00Z
usage_events-001539,EV-0001539,SU-00039,ST-0009,2026-01-08T11:26:00Z,voice,454.6,minutes,0.79,2026-01-08T11:26:00Z
usage_events-001540,EV-0001540,SU-00040,ST-0010,2026-01-08T11:33:00Z,voice,5.6,minutes,1.77,2026-01-08T11:33:00Z
usage_events-001541,EV-0001541,SU-00041,ST-0011,2026-01-08T11:40:00Z,data,307.2,mb,0.87,2026-01-08T11:40:00Z
usage_events-001542,EV-0001542,SU-00042,ST-0012,2026-01-08T11:47:00Z,data,179.8,mb,4.94,2026-01-08T11:47:00Z
usage_events-001543,EV-0001543,SU-00043,ST-0013,2026-01-08T11:54:00Z,sms,258.5,messages,3.18,2026-01-08T11:54:00Z
usage_events-001544,EV-0001544,SU-00044,ST-0014,2026-01-08T12:01:00Z,sms,103.4,messages,4.94,2026-01-08T12:01:00Z
usage_events-001545,EV-0001545,SU-00045,ST-0015,2026-01-08T12:08:00Z,data,36.0,mb,1.21,2026-01-08T12:08:00Z
usage_events-001546,EV-0001546,SU-00046,ST-0016,2026-01-08T12:15:00Z,sms,95.6,messages,4.38,2026-01-08T12:15:00Z
usage_events-001547,EV-0001547,SU-00047,ST-0017,2026-01-08T12:22:00Z,data,399.9,mb,3.55,2026-01-08T12:22:00Z
usage_events-001548,EV-0001548,SU-00048,ST-0018,2026-01-08T12:29:00Z,sms,353.5,messages,2.44,2026-01-08T12:29:00Z
usage_events-001549,EV-0001549,SU-00049,ST-0019,2026-01-08T12:36:00Z,data,83.8,mb,1.76,2026-01-08T12:36:00Z
usage_events-001550,EV-0001550,SU-00050,ST-0020,2026-01-08T12:43:00Z,sms,395.5,messages,4.10,2026-01-08T12:43:00Z
usage_events-001551,EV-0001551,SU-00051,ST-0021,2026-01-08T12:50:00Z,voice,128.9,minutes,0.24,2026-01-08T12:50:00Z
usage_events-001552,EV-0001552,SU-00052,ST-0022,2026-01-08T12:57:00Z,sms,383.1,messages,2.96,2026-01-08T12:57:00Z
usage_events-001553,EV-0001553,SU-00053,ST-0023,2026-01-08T13:04:00Z,data,96.5,mb,2.72,2026-01-08T13:04:00Z
usage_events-001554,EV-0001554,SU-00054,ST-0024,2026-01-08T13:11:00Z,sms,451.2,messages,0.20,2026-01-08T13:11:00Z
usage_events-001555,EV-0001555,SU-00055,ST-0025,2026-01-08T13:18:00Z,voice,385.3,minutes,2.28,2026-01-08T13:18:00Z
usage_events-001556,EV-0001556,SU-00056,ST-0026,2026-01-08T13:25:00Z,voice,138.5,minutes,0.30,2026-01-08T13:25:00Z
usage_events-001557,EV-0001557,SU-00057,ST-0027,2026-01-08T13:32:00Z,data,196.5,mb,0.27,2026-01-08T13:32:00Z
usage_events-001558,EV-0001558,SU-00058,ST-0028,2026-01-08T13:39:00Z,voice,475.9,minutes,2.44,2026-01-08T13:39:00Z
usage_events-001559,EV-0001559,SU-00059,ST-0029,2026-01-08T13:46:00Z,sms,314.3,messages,1.09,2026-01-08T13:46:00Z
usage_events-001560,EV-0001560,SU-00060,ST-0030,2026-01-08T13:53:00Z,data,68.7,mb,3.43,2026-01-08T13:53:00Z
usage_events-001561,EV-0001561,SU-00061,ST-0001,2026-01-08T14:00:00Z,sms,101.0,messages,1.97,2026-01-08T14:00:00Z
usage_events-001562,EV-0001562,SU-00062,ST-0002,2026-01-08T14:07:00Z,voice,257.1,minutes,0.83,2026-01-08T14:07:00Z
usage_events-001563,EV-0001563,SU-00063,ST-0003,2026-01-08T14:14:00Z,voice,58.4,minutes,1.47,2026-01-08T14:14:00Z
usage_events-001564,EV-0001564,SU-00064,ST-0004,2026-01-08T14:21:00Z,sms,449.2,messages,2.81,2026-01-08T14:21:00Z
usage_events-001565,EV-0001565,SU-00065,ST-0005,2026-01-08T14:28:00Z,voice,340.2,minutes,0.19,2026-01-08T14:28:00Z
usage_events-001566,EV-0001566,SU-00066,ST-0006,2026-01-08T14:35:00Z,sms,274.7,messages,0.80,2026-01-08T14:35:00Z
usage_events-001567,EV-0001567,SU-00067,ST-0007,2026-01-08T14:42:00Z,sms,135.5,messages,2.44,2026-01-08T14:42:00Z
usage_events-001568,EV-0001568,SU-00068,ST-0008,2026-01-08T14:49:00Z,data,128.7,mb,2.18,2026-01-08T14:49:00Z
usage_events-001569,EV-0001569,SU-00069,ST-0009,2026-01-08T14:56:00Z,voice,339.4,minutes,2.99,2026-01-08T14:56:00Z
usage_events-001570,EV-0001570,SU-00070,ST-0010,2026-01-08T15:03:00Z,sms,491.1,messages,4.11,2026-01-08T15:03:00Z
usage_events-001571,EV-0001571,SU-00071,ST-0011,2026-01-08T15:10:00Z,voice,146.5,minutes,1.76,2026-01-08T15:10:00Z
usage_events-001572,EV-0001572,SU-00072,ST-0012,2026-01-08T15:17:00Z,data,140.4,mb,0.33,2026-01-08T15:17:00Z
usage_events-001573,EV-0001573,SU-00073,ST-0013,2026-01-08T15:24:00Z,sms,329.2,messages,1.84,2026-01-08T15:24:00Z
usage_events-001574,EV-0001574,SU-00074,ST-0014,2026-01-08T15:31:00Z,voice,482.1,minutes,1.04,2026-01-08T15:31:00Z
usage_events-001575,EV-0001575,SU-00075,ST-0015,2026-01-08T15:38:00Z,data,49.4,mb,4.35,2026-01-08T15:38:00Z
usage_events-001576,EV-0001576,SU-00076,ST-0016,2026-01-08T15:45:00Z,voice,290.0,minutes,4.12,2026-01-08T15:45:00Z
usage_events-001577,EV-0001577,SU-00077,ST-0017,2026-01-08T15:52:00Z,voice,341.7,minutes,3.96,2026-01-08T15:52:00Z
usage_events-001578,EV-0001578,SU-00078,ST-0018,2026-01-08T15:59:00Z,sms,156.8,messages,3.41,2026-01-08T15:59:00Z
usage_events-001579,EV-0001579,SU-00079,ST-0019,2026-01-08T16:06:00Z,voice,85.7,minutes,0.16,2026-01-08T16:06:00Z
usage_events-001580,EV-0001580,SU-00080,ST-0020,2026-01-08T16:13:00Z,sms,327.5,messages,0.50,2026-01-08T16:13:00Z
usage_events-001581,EV-0001581,SU-00081,ST-0021,2026-01-08T16:20:00Z,sms,454.1,messages,4.13,2026-01-08T16:20:00Z
usage_events-001582,EV-0001582,SU-00082,ST-0022,2026-01-08T16:27:00Z,data,56.7,mb,1.62,2026-01-08T16:27:00Z
usage_events-001583,EV-0001583,SU-00083,ST-0023,2026-01-08T16:34:00Z,sms,413.9,messages,3.85,2026-01-08T16:34:00Z
usage_events-001584,EV-0001584,SU-00084,ST-0024,2026-01-08T16:41:00Z,sms,83.0,messages,3.63,2026-01-08T16:41:00Z
usage_events-001585,EV-0001585,SU-00085,ST-0025,2026-01-08T16:48:00Z,data,412.1,mb,2.07,2026-01-08T16:48:00Z
usage_events-001586,EV-0001586,SU-00086,ST-0026,2026-01-08T16:55:00Z,sms,97.4,messages,2.60,2026-01-08T16:55:00Z
usage_events-001587,EV-0001587,SU-00087,ST-0027,2026-01-08T17:02:00Z,data,195.9,mb,3.61,2026-01-08T17:02:00Z
usage_events-001588,EV-0001588,SU-00088,ST-0028,2026-01-08T17:09:00Z,sms,174.5,messages,3.29,2026-01-08T17:09:00Z
usage_events-001589,EV-0001589,SU-00089,ST-0029,2026-01-08T17:16:00Z,voice,419.9,minutes,1.63,2026-01-08T17:16:00Z
usage_events-001590,EV-0001590,SU-00090,ST-0030,2026-01-08T17:23:00Z,sms,324.6,messages,3.21,2026-01-08T17:23:00Z
usage_events-001591,EV-0001591,SU-00091,ST-0001,2026-01-08T17:30:00Z,data,271.4,mb,1.87,2026-01-08T17:30:00Z
usage_events-001592,EV-0001592,SU-00092,ST-0002,2026-01-08T17:37:00Z,sms,101.4,messages,3.50,2026-01-08T17:37:00Z
usage_events-001593,EV-0001593,SU-00093,ST-0003,2026-01-08T17:44:00Z,data,122.6,mb,3.06,2026-01-08T17:44:00Z
usage_events-001594,EV-0001594,SU-00094,ST-0004,2026-01-08T17:51:00Z,sms,334.7,messages,2.32,2026-01-08T17:51:00Z
usage_events-001595,EV-0001595,SU-00095,ST-0005,2026-01-08T17:58:00Z,data,429.9,mb,2.91,2026-01-08T17:58:00Z
usage_events-001596,EV-0001596,SU-00096,ST-0006,2026-01-08T18:05:00Z,voice,96.9,minutes,2.26,2026-01-08T18:05:00Z
usage_events-001597,EV-0001597,SU-00097,ST-0007,2026-01-08T18:12:00Z,data,19.7,mb,2.95,2026-01-08T18:12:00Z
usage_events-001598,EV-0001598,SU-00098,ST-0008,2026-01-08T18:19:00Z,voice,14.1,minutes,1.03,2026-01-08T18:19:00Z
usage_events-001599,EV-0001599,SU-00099,ST-0009,2026-01-08T18:26:00Z,voice,384.8,minutes,2.92,2026-01-08T18:26:00Z
usage_events-001600,EV-0001600,SU-00100,ST-0010,2026-01-08T18:33:00Z,sms,182.8,messages,1.00,2026-01-08T18:33:00Z
usage_events-001601,EV-0001601,SU-00101,ST-0011,2026-01-08T18:40:00Z,data,401.8,mb,2.00,2026-01-08T18:40:00Z
usage_events-001602,EV-0001602,SU-00102,ST-0012,2026-01-08T18:47:00Z,sms,46.2,messages,2.07,2026-01-08T18:47:00Z
usage_events-001603,EV-0001603,SU-00103,ST-0013,2026-01-08T18:54:00Z,sms,170.7,messages,4.33,2026-01-08T18:54:00Z
usage_events-001604,EV-0001604,SU-00104,ST-0014,2026-01-08T19:01:00Z,sms,226.4,messages,0.66,2026-01-08T19:01:00Z
usage_events-001605,EV-0001605,SU-00105,ST-0015,2026-01-08T19:08:00Z,data,261.3,mb,1.87,2026-01-08T19:08:00Z
usage_events-001606,EV-0001606,SU-00106,ST-0016,2026-01-08T19:15:00Z,sms,405.3,messages,1.31,2026-01-08T19:15:00Z
usage_events-001607,EV-0001607,SU-00107,ST-0017,2026-01-08T19:22:00Z,data,221.9,mb,0.17,2026-01-08T19:22:00Z
usage_events-001608,EV-0001608,SU-00108,ST-0018,2026-01-08T19:29:00Z,voice,243.6,minutes,0.22,2026-01-08T19:29:00Z
usage_events-001609,EV-0001609,SU-00109,ST-0019,2026-01-08T19:36:00Z,data,172.0,mb,4.48,2026-01-08T19:36:00Z
usage_events-001610,EV-0001610,SU-00110,ST-0020,2026-01-08T19:43:00Z,voice,126.3,minutes,4.89,2026-01-08T19:43:00Z
usage_events-001611,EV-0001611,SU-00111,ST-0021,2026-01-08T19:50:00Z,sms,133.4,messages,2.83,2026-01-08T19:50:00Z
usage_events-001612,EV-0001612,SU-00112,ST-0022,2026-01-08T19:57:00Z,data,199.8,mb,0.22,2026-01-08T19:57:00Z
usage_events-001613,EV-0001613,SU-00113,ST-0023,2026-01-08T20:04:00Z,sms,369.3,messages,3.73,2026-01-08T20:04:00Z
usage_events-001614,EV-0001614,SU-00114,ST-0024,2026-01-08T20:11:00Z,sms,54.7,messages,3.31,2026-01-08T20:11:00Z
usage_events-001615,EV-0001615,SU-00115,ST-0025,2026-01-08T20:18:00Z,voice,359.1,minutes,4.29,2026-01-08T20:18:00Z
usage_events-001616,EV-0001616,SU-00116,ST-0026,2026-01-08T20:25:00Z,data,319.2,mb,2.05,2026-01-08T20:25:00Z
usage_events-001617,EV-0001617,SU-00117,ST-0027,2026-01-08T20:32:00Z,sms,83.1,messages,2.06,2026-01-08T20:32:00Z
usage_events-001618,EV-0001618,SU-00118,ST-0028,2026-01-08T20:39:00Z,voice,197.6,minutes,0.82,2026-01-08T20:39:00Z
usage_events-001619,EV-0001619,SU-00119,ST-0029,2026-01-08T20:46:00Z,voice,418.5,minutes,0.99,2026-01-08T20:46:00Z
usage_events-001620,EV-0001620,SU-00120,ST-0030,2026-01-08T20:53:00Z,data,455.0,mb,5.00,2026-01-08T20:53:00Z
usage_events-001621,EV-0001621,SU-00121,ST-0001,2026-01-08T21:00:00Z,sms,437.9,messages,4.71,2026-01-08T21:00:00Z
usage_events-001622,EV-0001622,SU-00122,ST-0002,2026-01-08T21:07:00Z,sms,294.9,messages,4.68,2026-01-08T21:07:00Z
usage_events-001623,EV-0001623,SU-00123,ST-0003,2026-01-08T21:14:00Z,sms,27.2,messages,4.06,2026-01-08T21:14:00Z
usage_events-001624,EV-0001624,SU-00124,ST-0004,2026-01-08T21:21:00Z,voice,261.3,minutes,2.02,2026-01-08T21:21:00Z
usage_events-001625,EV-0001625,SU-00125,ST-0005,2026-01-08T21:28:00Z,data,190.5,mb,3.75,2026-01-08T21:28:00Z
usage_events-001626,EV-0001626,SU-00126,ST-0006,2026-01-08T21:35:00Z,voice,331.4,minutes,1.43,2026-01-08T21:35:00Z
usage_events-001627,EV-0001627,SU-00127,ST-0007,2026-01-08T21:42:00Z,data,255.0,mb,0.80,2026-01-08T21:42:00Z
usage_events-001628,EV-0001628,SU-00128,ST-0008,2026-01-08T21:49:00Z,voice,25.2,minutes,1.25,2026-01-08T21:49:00Z
usage_events-001629,EV-0001629,SU-00129,ST-0009,2026-01-08T21:56:00Z,voice,319.2,minutes,0.24,2026-01-08T21:56:00Z
usage_events-001630,EV-0001630,SU-00130,ST-0010,2026-01-08T22:03:00Z,data,16.3,mb,1.65,2026-01-08T22:03:00Z
usage_events-001631,EV-0001631,SU-00131,ST-0011,2026-01-08T22:10:00Z,data,329.7,mb,0.60,2026-01-08T22:10:00Z
usage_events-001632,EV-0001632,SU-00132,ST-0012,2026-01-08T22:17:00Z,data,53.7,mb,1.29,2026-01-08T22:17:00Z
usage_events-001633,EV-0001633,SU-00133,ST-0013,2026-01-08T22:24:00Z,voice,451.9,minutes,4.12,2026-01-08T22:24:00Z
usage_events-001634,EV-0001634,SU-00134,ST-0014,2026-01-08T22:31:00Z,data,156.4,mb,3.37,2026-01-08T22:31:00Z
usage_events-001635,EV-0001635,SU-00135,ST-0015,2026-01-08T22:38:00Z,voice,242.0,minutes,0.85,2026-01-08T22:38:00Z
usage_events-001636,EV-0001636,SU-00136,ST-0016,2026-01-08T22:45:00Z,data,225.5,mb,4.17,2026-01-08T22:45:00Z
usage_events-001637,EV-0001637,SU-00137,ST-0017,2026-01-08T22:52:00Z,data,227.1,mb,3.34,2026-01-08T22:52:00Z
usage_events-001638,EV-0001638,SU-00138,ST-0018,2026-01-08T22:59:00Z,sms,495.6,messages,2.66,2026-01-08T22:59:00Z
usage_events-001639,EV-0001639,SU-00139,ST-0019,2026-01-08T23:06:00Z,data,155.5,mb,4.90,2026-01-08T23:06:00Z
usage_events-001640,EV-0001640,SU-00140,ST-0020,2026-01-08T23:13:00Z,voice,114.1,minutes,3.97,2026-01-08T23:13:00Z
usage_events-001641,EV-0001641,SU-00141,ST-0021,2026-01-08T23:20:00Z,data,431.4,mb,2.02,2026-01-08T23:20:00Z
usage_events-001642,EV-0001642,SU-00142,ST-0022,2026-01-08T23:27:00Z,voice,498.1,minutes,1.12,2026-01-08T23:27:00Z
usage_events-001643,EV-0001643,SU-00143,ST-0023,2026-01-08T23:34:00Z,data,214.8,mb,2.10,2026-01-08T23:34:00Z
usage_events-001644,EV-0001644,SU-00144,ST-0024,2026-01-08T23:41:00Z,sms,46.4,messages,3.75,2026-01-08T23:41:00Z
usage_events-001645,EV-0001645,SU-00145,ST-0025,2026-01-08T23:48:00Z,sms,374.4,messages,3.58,2026-01-08T23:48:00Z
usage_events-001646,EV-0001646,SU-00146,ST-0026,2026-01-08T23:55:00Z,voice,234.2,minutes,0.93,2026-01-08T23:55:00Z
usage_events-001647,EV-0001647,SU-00147,ST-0027,2026-01-09T00:02:00Z,sms,191.1,messages,4.55,2026-01-09T00:02:00Z
usage_events-001648,EV-0001648,SU-00148,ST-0028,2026-01-09T00:09:00Z,voice,104.5,minutes,3.69,2026-01-09T00:09:00Z
usage_events-001649,EV-0001649,SU-00149,ST-0029,2026-01-09T00:16:00Z,sms,290.1,messages,1.43,2026-01-09T00:16:00Z
usage_events-001650,EV-0001650,SU-00150,ST-0030,2026-01-09T00:23:00Z,voice,257.0,minutes,2.38,2026-01-09T00:23:00Z
usage_events-001651,EV-0001651,SU-00151,ST-0001,2026-01-09T00:30:00Z,data,486.4,mb,0.77,2026-01-09T00:30:00Z
usage_events-001652,EV-0001652,SU-00152,ST-0002,2026-01-09T00:37:00Z,voice,421.2,minutes,1.15,2026-01-09T00:37:00Z
usage_events-001653,EV-0001653,SU-00153,ST-0003,2026-01-09T00:44:00Z,voice,225.7,minutes,0.37,2026-01-09T00:44:00Z
usage_events-001654,EV-0001654,SU-00154,ST-0004,2026-01-09T00:51:00Z,voice,289.0,minutes,3.15,2026-01-09T00:51:00Z
usage_events-001655,EV-0001655,SU-00155,ST-0005,2026-01-09T00:58:00Z,sms,183.6,messages,3.93,2026-01-09T00:58:00Z
usage_events-001656,EV-0001656,SU-00156,ST-0006,2026-01-09T01:05:00Z,voice,337.6,minutes,4.79,2026-01-09T01:05:00Z
usage_events-001657,EV-0001657,SU-00157,ST-0007,2026-01-09T01:12:00Z,sms,224.6,messages,2.02,2026-01-09T01:12:00Z
usage_events-001658,EV-0001658,SU-00158,ST-0008,2026-01-09T01:19:00Z,voice,473.3,minutes,1.23,2026-01-09T01:19:00Z
usage_events-001659,EV-0001659,SU-00159,ST-0009,2026-01-09T01:26:00Z,data,168.5,mb,2.35,2026-01-09T01:26:00Z
usage_events-001660,EV-0001660,SU-00160,ST-0010,2026-01-09T01:33:00Z,data,289.2,mb,0.64,2026-01-09T01:33:00Z
usage_events-001661,EV-0001661,SU-00161,ST-0011,2026-01-09T01:40:00Z,voice,264.8,minutes,4.04,2026-01-09T01:40:00Z
usage_events-001662,EV-0001662,SU-00162,ST-0012,2026-01-09T01:47:00Z,voice,36.8,minutes,2.53,2026-01-09T01:47:00Z
usage_events-001663,EV-0001663,SU-00163,ST-0013,2026-01-09T01:54:00Z,voice,226.7,minutes,2.62,2026-01-09T01:54:00Z
usage_events-001664,EV-0001664,SU-00164,ST-0014,2026-01-09T02:01:00Z,voice,285.1,minutes,2.36,2026-01-09T02:01:00Z
usage_events-001665,EV-0001665,SU-00165,ST-0015,2026-01-09T02:08:00Z,data,245.8,mb,3.75,2026-01-09T02:08:00Z
usage_events-001666,EV-0001666,SU-00166,ST-0016,2026-01-09T02:15:00Z,voice,265.1,minutes,3.98,2026-01-09T02:15:00Z
usage_events-001667,EV-0001667,SU-00167,ST-0017,2026-01-09T02:22:00Z,voice,214.2,minutes,1.53,2026-01-09T02:22:00Z
usage_events-001668,EV-0001668,SU-00168,ST-0018,2026-01-09T02:29:00Z,voice,255.1,minutes,0.13,2026-01-09T02:29:00Z
usage_events-001669,EV-0001669,SU-00169,ST-0019,2026-01-09T02:36:00Z,data,7.8,mb,0.48,2026-01-09T02:36:00Z
usage_events-001670,EV-0001670,SU-00170,ST-0020,2026-01-09T02:43:00Z,sms,77.8,messages,1.90,2026-01-09T02:43:00Z
usage_events-001671,EV-0001671,SU-00171,ST-0021,2026-01-09T02:50:00Z,data,232.5,mb,4.57,2026-01-09T02:50:00Z
usage_events-001672,EV-0001672,SU-00172,ST-0022,2026-01-09T02:57:00Z,data,141.3,mb,1.89,2026-01-09T02:57:00Z
usage_events-001673,EV-0001673,SU-00173,ST-0023,2026-01-09T03:04:00Z,voice,2.6,minutes,2.27,2026-01-09T03:04:00Z
usage_events-001674,EV-0001674,SU-00174,ST-0024,2026-01-09T03:11:00Z,voice,261.0,minutes,4.31,2026-01-09T03:11:00Z
usage_events-001675,EV-0001675,SU-00175,ST-0025,2026-01-09T03:18:00Z,voice,243.1,minutes,0.62,2026-01-09T03:18:00Z
usage_events-001676,EV-0001676,SU-00176,ST-0026,2026-01-09T03:25:00Z,data,201.7,mb,1.27,2026-01-09T03:25:00Z
usage_events-001677,EV-0001677,SU-00177,ST-0027,2026-01-09T03:32:00Z,voice,43.4,minutes,4.78,2026-01-09T03:32:00Z
usage_events-001678,EV-0001678,SU-00178,ST-0028,2026-01-09T03:39:00Z,voice,70.3,minutes,1.85,2026-01-09T03:39:00Z
usage_events-001679,EV-0001679,SU-00179,ST-0029,2026-01-09T03:46:00Z,sms,31.7,messages,3.15,2026-01-09T03:46:00Z
usage_events-001680,EV-0001680,SU-00180,ST-0030,2026-01-09T03:53:00Z,sms,35.7,messages,0.19,2026-01-09T03:53:00Z
usage_events-001681,EV-0001681,SU-00181,ST-0001,2026-01-09T04:00:00Z,data,107.2,mb,0.58,2026-01-09T04:00:00Z
usage_events-001682,EV-0001682,SU-00182,ST-0002,2026-01-09T04:07:00Z,voice,121.5,minutes,2.11,2026-01-09T04:07:00Z
usage_events-001683,EV-0001683,SU-00183,ST-0003,2026-01-09T04:14:00Z,voice,5.6,minutes,3.59,2026-01-09T04:14:00Z
usage_events-001684,EV-0001684,SU-00184,ST-0004,2026-01-09T04:21:00Z,data,315.4,mb,3.14,2026-01-09T04:21:00Z
usage_events-001685,EV-0001685,SU-00185,ST-0005,2026-01-09T04:28:00Z,sms,165.0,messages,4.01,2026-01-09T04:28:00Z
usage_events-001686,EV-0001686,SU-00186,ST-0006,2026-01-09T04:35:00Z,data,368.9,mb,4.44,2026-01-09T04:35:00Z
usage_events-001687,EV-0001687,SU-00187,ST-0007,2026-01-09T04:42:00Z,voice,395.0,minutes,2.22,2026-01-09T04:42:00Z
usage_events-001688,EV-0001688,SU-00188,ST-0008,2026-01-09T04:49:00Z,voice,436.0,minutes,1.84,2026-01-09T04:49:00Z
usage_events-001689,EV-0001689,SU-00189,ST-0009,2026-01-09T04:56:00Z,data,481.4,mb,0.01,2026-01-09T04:56:00Z
usage_events-001690,EV-0001690,SU-00190,ST-0010,2026-01-09T05:03:00Z,data,111.0,mb,4.53,2026-01-09T05:03:00Z
usage_events-001691,EV-0001691,SU-00191,ST-0011,2026-01-09T05:10:00Z,sms,168.4,messages,4.22,2026-01-09T05:10:00Z
usage_events-001692,EV-0001692,SU-00192,ST-0012,2026-01-09T05:17:00Z,data,306.7,mb,1.51,2026-01-09T05:17:00Z
usage_events-001693,EV-0001693,SU-00193,ST-0013,2026-01-09T05:24:00Z,sms,193.1,messages,1.25,2026-01-09T05:24:00Z
usage_events-001694,EV-0001694,SU-00194,ST-0014,2026-01-09T05:31:00Z,voice,79.4,minutes,0.83,2026-01-09T05:31:00Z
usage_events-001695,EV-0001695,SU-00195,ST-0015,2026-01-09T05:38:00Z,voice,362.1,minutes,4.54,2026-01-09T05:38:00Z
usage_events-001696,EV-0001696,SU-00196,ST-0016,2026-01-09T05:45:00Z,data,174.2,mb,0.59,2026-01-09T05:45:00Z
usage_events-001697,EV-0001697,SU-00197,ST-0017,2026-01-09T05:52:00Z,data,408.0,mb,2.02,2026-01-09T05:52:00Z
usage_events-001698,EV-0001698,SU-00198,ST-0018,2026-01-09T05:59:00Z,voice,465.3,minutes,3.58,2026-01-09T05:59:00Z
usage_events-001699,EV-0001699,SU-00199,ST-0019,2026-01-09T06:06:00Z,data,183.3,mb,0.85,2026-01-09T06:06:00Z
usage_events-001700,EV-0001700,SU-00200,ST-0020,2026-01-09T06:13:00Z,voice,152.7,minutes,2.42,2026-01-09T06:13:00Z
usage_events-001701,EV-0001701,SU-00201,ST-0021,2026-01-09T06:20:00Z,data,123.3,mb,0.53,2026-01-09T06:20:00Z
usage_events-001702,EV-0001702,SU-00202,ST-0022,2026-01-09T06:27:00Z,data,443.3,mb,2.22,2026-01-09T06:27:00Z
usage_events-001703,EV-0001703,SU-00203,ST-0023,2026-01-09T06:34:00Z,sms,400.5,messages,3.66,2026-01-09T06:34:00Z
usage_events-001704,EV-0001704,SU-00204,ST-0024,2026-01-09T06:41:00Z,sms,247.6,messages,0.02,2026-01-09T06:41:00Z
usage_events-001705,EV-0001705,SU-00205,ST-0025,2026-01-09T06:48:00Z,voice,232.7,minutes,3.67,2026-01-09T06:48:00Z
usage_events-001706,EV-0001706,SU-00206,ST-0026,2026-01-09T06:55:00Z,voice,258.3,minutes,0.87,2026-01-09T06:55:00Z
usage_events-001707,EV-0001707,SU-00207,ST-0027,2026-01-09T07:02:00Z,sms,347.3,messages,0.72,2026-01-09T07:02:00Z
usage_events-001708,EV-0001708,SU-00208,ST-0028,2026-01-09T07:09:00Z,sms,123.4,messages,0.39,2026-01-09T07:09:00Z
usage_events-001709,EV-0001709,SU-00209,ST-0029,2026-01-09T07:16:00Z,sms,400.0,messages,0.50,2026-01-09T07:16:00Z
usage_events-001710,EV-0001710,SU-00210,ST-0030,2026-01-09T07:23:00Z,data,440.7,mb,1.74,2026-01-09T07:23:00Z
usage_events-001711,EV-0001711,SU-00211,ST-0001,2026-01-09T07:30:00Z,voice,231.1,minutes,0.92,2026-01-09T07:30:00Z
usage_events-001712,EV-0001712,SU-00212,ST-0002,2026-01-09T07:37:00Z,sms,481.8,messages,4.73,2026-01-09T07:37:00Z
usage_events-001713,EV-0001713,SU-00213,ST-0003,2026-01-09T07:44:00Z,data,308.9,mb,1.30,2026-01-09T07:44:00Z
usage_events-001714,EV-0001714,SU-00214,ST-0004,2026-01-09T07:51:00Z,data,239.3,mb,4.24,2026-01-09T07:51:00Z
usage_events-001715,EV-0001715,SU-00215,ST-0005,2026-01-09T07:58:00Z,data,397.3,mb,0.34,2026-01-09T07:58:00Z
usage_events-001716,EV-0001716,SU-00216,ST-0006,2026-01-09T08:05:00Z,data,14.4,mb,4.81,2026-01-09T08:05:00Z
usage_events-001717,EV-0001717,SU-00217,ST-0007,2026-01-09T08:12:00Z,voice,217.2,minutes,1.98,2026-01-09T08:12:00Z
usage_events-001718,EV-0001718,SU-00218,ST-0008,2026-01-09T08:19:00Z,data,269.5,mb,3.10,2026-01-09T08:19:00Z
usage_events-001719,EV-0001719,SU-00219,ST-0009,2026-01-09T08:26:00Z,sms,207.9,messages,2.78,2026-01-09T08:26:00Z
usage_events-001720,EV-0001720,SU-00220,ST-0010,2026-01-09T08:33:00Z,sms,359.0,messages,4.25,2026-01-09T08:33:00Z
usage_events-001721,EV-0001721,SU-00221,ST-0011,2026-01-09T08:40:00Z,voice,42.6,minutes,2.02,2026-01-09T08:40:00Z
usage_events-001722,EV-0001722,SU-00222,ST-0012,2026-01-09T08:47:00Z,data,488.9,mb,2.81,2026-01-09T08:47:00Z
usage_events-001723,EV-0001723,SU-00223,ST-0013,2026-01-09T08:54:00Z,data,484.9,mb,0.47,2026-01-09T08:54:00Z
usage_events-001724,EV-0001724,SU-00224,ST-0014,2026-01-09T09:01:00Z,voice,184.8,minutes,2.93,2026-01-09T09:01:00Z
usage_events-001725,EV-0001725,SU-00225,ST-0015,2026-01-09T09:08:00Z,voice,335.1,minutes,4.57,2026-01-09T09:08:00Z
usage_events-001726,EV-0001726,SU-00226,ST-0016,2026-01-09T09:15:00Z,data,416.4,mb,1.60,2026-01-09T09:15:00Z
usage_events-001727,EV-0001727,SU-00227,ST-0017,2026-01-09T09:22:00Z,data,222.4,mb,1.66,2026-01-09T09:22:00Z
usage_events-001728,EV-0001728,SU-00228,ST-0018,2026-01-09T09:29:00Z,voice,37.9,minutes,3.31,2026-01-09T09:29:00Z
usage_events-001729,EV-0001729,SU-00229,ST-0019,2026-01-09T09:36:00Z,sms,186.3,messages,3.83,2026-01-09T09:36:00Z
usage_events-001730,EV-0001730,SU-00230,ST-0020,2026-01-09T09:43:00Z,voice,132.3,minutes,4.76,2026-01-09T09:43:00Z
usage_events-001731,EV-0001731,SU-00231,ST-0021,2026-01-09T09:50:00Z,data,147.3,mb,2.92,2026-01-09T09:50:00Z
usage_events-001732,EV-0001732,SU-00232,ST-0022,2026-01-09T09:57:00Z,voice,92.2,minutes,1.48,2026-01-09T09:57:00Z
usage_events-001733,EV-0001733,SU-00233,ST-0023,2026-01-09T10:04:00Z,data,240.7,mb,0.03,2026-01-09T10:04:00Z
usage_events-001734,EV-0001734,SU-00234,ST-0024,2026-01-09T10:11:00Z,data,49.0,mb,2.81,2026-01-09T10:11:00Z
usage_events-001735,EV-0001735,SU-00235,ST-0025,2026-01-09T10:18:00Z,voice,318.3,minutes,0.22,2026-01-09T10:18:00Z
usage_events-001736,EV-0001736,SU-00236,ST-0026,2026-01-09T10:25:00Z,voice,224.3,minutes,0.28,2026-01-09T10:25:00Z
usage_events-001737,EV-0001737,SU-00237,ST-0027,2026-01-09T10:32:00Z,sms,146.1,messages,2.62,2026-01-09T10:32:00Z
usage_events-001738,EV-0001738,SU-00238,ST-0028,2026-01-09T10:39:00Z,sms,169.1,messages,1.79,2026-01-09T10:39:00Z
usage_events-001739,EV-0001739,SU-00239,ST-0029,2026-01-09T10:46:00Z,voice,115.8,minutes,0.04,2026-01-09T10:46:00Z
usage_events-001740,EV-0001740,SU-00240,ST-0030,2026-01-09T10:53:00Z,voice,191.3,minutes,3.59,2026-01-09T10:53:00Z
usage_events-001741,EV-0001741,SU-00241,ST-0001,2026-01-09T11:00:00Z,sms,99.4,messages,3.60,2026-01-09T11:00:00Z
usage_events-001742,EV-0001742,SU-00242,ST-0002,2026-01-09T11:07:00Z,voice,124.4,minutes,4.39,2026-01-09T11:07:00Z
usage_events-001743,EV-0001743,SU-00243,ST-0003,2026-01-09T11:14:00Z,voice,359.1,minutes,4.69,2026-01-09T11:14:00Z
usage_events-001744,EV-0001744,SU-00244,ST-0004,2026-01-09T11:21:00Z,sms,487.7,messages,0.55,2026-01-09T11:21:00Z
usage_events-001745,EV-0001745,SU-00245,ST-0005,2026-01-09T11:28:00Z,sms,3.3,messages,0.58,2026-01-09T11:28:00Z
usage_events-001746,EV-0001746,SU-00246,ST-0006,2026-01-09T11:35:00Z,data,317.4,mb,3.61,2026-01-09T11:35:00Z
usage_events-001747,EV-0001747,SU-00247,ST-0007,2026-01-09T11:42:00Z,sms,372.1,messages,4.28,2026-01-09T11:42:00Z
usage_events-001748,EV-0001748,SU-00248,ST-0008,2026-01-09T11:49:00Z,voice,185.6,minutes,2.67,2026-01-09T11:49:00Z
usage_events-001749,EV-0001749,SU-00249,ST-0009,2026-01-09T11:56:00Z,voice,182.0,minutes,0.24,2026-01-09T11:56:00Z
usage_events-001750,EV-0001750,SU-00250,ST-0010,2026-01-09T12:03:00Z,data,285.2,mb,0.93,2026-01-09T12:03:00Z
usage_events-001751,EV-0001751,SU-00001,ST-0011,2026-01-09T12:10:00Z,voice,356.3,minutes,0.70,2026-01-09T12:10:00Z
usage_events-001752,EV-0001752,SU-00002,ST-0012,2026-01-09T12:17:00Z,voice,131.3,minutes,1.53,2026-01-09T12:17:00Z
usage_events-001753,EV-0001753,SU-00003,ST-0013,2026-01-09T12:24:00Z,voice,160.2,minutes,1.02,2026-01-09T12:24:00Z
usage_events-001754,EV-0001754,SU-00004,ST-0014,2026-01-09T12:31:00Z,sms,67.0,messages,1.84,2026-01-09T12:31:00Z
usage_events-001755,EV-0001755,SU-00005,ST-0015,2026-01-09T12:38:00Z,data,196.8,mb,1.84,2026-01-09T12:38:00Z
usage_events-001756,EV-0001756,SU-00006,ST-0016,2026-01-09T12:45:00Z,sms,56.2,messages,2.34,2026-01-09T12:45:00Z
usage_events-001757,EV-0001757,SU-00007,ST-0017,2026-01-09T12:52:00Z,sms,388.9,messages,4.14,2026-01-09T12:52:00Z
usage_events-001758,EV-0001758,SU-00008,ST-0018,2026-01-09T12:59:00Z,sms,142.1,messages,0.61,2026-01-09T12:59:00Z
usage_events-001759,EV-0001759,SU-00009,ST-0019,2026-01-09T13:06:00Z,data,393.7,mb,3.94,2026-01-09T13:06:00Z
usage_events-001760,EV-0001760,SU-00010,ST-0020,2026-01-09T13:13:00Z,data,204.2,mb,0.82,2026-01-09T13:13:00Z
usage_events-001761,EV-0001761,SU-00011,ST-0021,2026-01-09T13:20:00Z,data,119.8,mb,3.20,2026-01-09T13:20:00Z
usage_events-001762,EV-0001762,SU-00012,ST-0022,2026-01-09T13:27:00Z,sms,387.0,messages,1.68,2026-01-09T13:27:00Z
usage_events-001763,EV-0001763,SU-00013,ST-0023,2026-01-09T13:34:00Z,data,433.1,mb,2.00,2026-01-09T13:34:00Z
usage_events-001764,EV-0001764,SU-00014,ST-0024,2026-01-09T13:41:00Z,voice,361.3,minutes,4.44,2026-01-09T13:41:00Z
usage_events-001765,EV-0001765,SU-00015,ST-0025,2026-01-09T13:48:00Z,voice,167.2,minutes,3.32,2026-01-09T13:48:00Z
usage_events-001766,EV-0001766,SU-00016,ST-0026,2026-01-09T13:55:00Z,voice,56.4,minutes,2.01,2026-01-09T13:55:00Z
usage_events-001767,EV-0001767,SU-00017,ST-0027,2026-01-09T14:02:00Z,data,113.9,mb,0.31,2026-01-09T14:02:00Z
usage_events-001768,EV-0001768,SU-00018,ST-0028,2026-01-09T14:09:00Z,data,72.3,mb,1.75,2026-01-09T14:09:00Z
usage_events-001769,EV-0001769,SU-00019,ST-0029,2026-01-09T14:16:00Z,data,323.3,mb,3.60,2026-01-09T14:16:00Z
usage_events-001770,EV-0001770,SU-00020,ST-0030,2026-01-09T14:23:00Z,voice,116.4,minutes,1.20,2026-01-09T14:23:00Z
usage_events-001771,EV-0001771,SU-00021,ST-0001,2026-01-09T14:30:00Z,data,435.8,mb,0.99,2026-01-09T14:30:00Z
usage_events-001772,EV-0001772,SU-00022,ST-0002,2026-01-09T14:37:00Z,voice,390.0,minutes,1.91,2026-01-09T14:37:00Z
usage_events-001773,EV-0001773,SU-00023,ST-0003,2026-01-09T14:44:00Z,voice,77.6,minutes,3.14,2026-01-09T14:44:00Z
usage_events-001774,EV-0001774,SU-00024,ST-0004,2026-01-09T14:51:00Z,voice,68.6,minutes,0.08,2026-01-09T14:51:00Z
usage_events-001775,EV-0001775,SU-00025,ST-0005,2026-01-09T14:58:00Z,voice,314.5,minutes,4.64,2026-01-09T14:58:00Z
usage_events-001776,EV-0001776,SU-00026,ST-0006,2026-01-09T15:05:00Z,sms,143.4,messages,1.40,2026-01-09T15:05:00Z
usage_events-001777,EV-0001777,SU-00027,ST-0007,2026-01-09T15:12:00Z,voice,447.7,minutes,2.59,2026-01-09T15:12:00Z
usage_events-001778,EV-0001778,SU-00028,ST-0008,2026-01-09T15:19:00Z,sms,276.4,messages,3.44,2026-01-09T15:19:00Z
usage_events-001779,EV-0001779,SU-00029,ST-0009,2026-01-09T15:26:00Z,voice,64.5,minutes,1.11,2026-01-09T15:26:00Z
usage_events-001780,EV-0001780,SU-00030,ST-0010,2026-01-09T15:33:00Z,sms,484.8,messages,2.58,2026-01-09T15:33:00Z
usage_events-001781,EV-0001781,SU-00031,ST-0011,2026-01-09T15:40:00Z,data,398.6,mb,0.21,2026-01-09T15:40:00Z
usage_events-001782,EV-0001782,SU-00032,ST-0012,2026-01-09T15:47:00Z,sms,44.5,messages,1.87,2026-01-09T15:47:00Z
usage_events-001783,EV-0001783,SU-00033,ST-0013,2026-01-09T15:54:00Z,data,347.8,mb,2.06,2026-01-09T15:54:00Z
usage_events-001784,EV-0001784,SU-00034,ST-0014,2026-01-09T16:01:00Z,voice,253.2,minutes,4.50,2026-01-09T16:01:00Z
usage_events-001785,EV-0001785,SU-00035,ST-0015,2026-01-09T16:08:00Z,sms,158.0,messages,2.25,2026-01-09T16:08:00Z
usage_events-001786,EV-0001786,SU-00036,ST-0016,2026-01-09T16:15:00Z,sms,187.0,messages,4.80,2026-01-09T16:15:00Z
usage_events-001787,EV-0001787,SU-00037,ST-0017,2026-01-09T16:22:00Z,voice,67.6,minutes,3.01,2026-01-09T16:22:00Z
usage_events-001788,EV-0001788,SU-00038,ST-0018,2026-01-09T16:29:00Z,voice,212.1,minutes,1.85,2026-01-09T16:29:00Z
usage_events-001789,EV-0001789,SU-00039,ST-0019,2026-01-09T16:36:00Z,sms,337.0,messages,2.27,2026-01-09T16:36:00Z
usage_events-001790,EV-0001790,SU-00040,ST-0020,2026-01-09T16:43:00Z,voice,99.5,minutes,2.50,2026-01-09T16:43:00Z
usage_events-001791,EV-0001791,SU-00041,ST-0021,2026-01-09T16:50:00Z,data,330.8,mb,2.43,2026-01-09T16:50:00Z
usage_events-001792,EV-0001792,SU-00042,ST-0022,2026-01-09T16:57:00Z,data,260.7,mb,2.90,2026-01-09T16:57:00Z
usage_events-001793,EV-0001793,SU-00043,ST-0023,2026-01-09T17:04:00Z,voice,483.4,minutes,2.15,2026-01-09T17:04:00Z
usage_events-001794,EV-0001794,SU-00044,ST-0024,2026-01-09T17:11:00Z,data,161.2,mb,1.38,2026-01-09T17:11:00Z
usage_events-001795,EV-0001795,SU-00045,ST-0025,2026-01-09T17:18:00Z,voice,346.7,minutes,4.59,2026-01-09T17:18:00Z
usage_events-001796,EV-0001796,SU-00046,ST-0026,2026-01-09T17:25:00Z,data,249.6,mb,0.11,2026-01-09T17:25:00Z
usage_events-001797,EV-0001797,SU-00047,ST-0027,2026-01-09T17:32:00Z,data,375.6,mb,1.97,2026-01-09T17:32:00Z
usage_events-001798,EV-0001798,SU-00048,ST-0028,2026-01-09T17:39:00Z,sms,421.4,messages,0.26,2026-01-09T17:39:00Z
usage_events-001799,EV-0001799,SU-00049,ST-0029,2026-01-09T17:46:00Z,voice,189.0,minutes,0.61,2026-01-09T17:46:00Z
usage_events-001800,EV-0001800,SU-00050,ST-0030,2026-01-09T17:53:00Z,sms,67.0,messages,2.38,2026-01-09T17:53:00Z
usage_events-001801,EV-0001801,SU-00051,ST-0001,2026-01-09T18:00:00Z,sms,314.1,messages,4.96,2026-01-09T18:00:00Z
usage_events-001802,EV-0001802,SU-00052,ST-0002,2026-01-09T18:07:00Z,sms,399.6,messages,4.47,2026-01-09T18:07:00Z
usage_events-001803,EV-0001803,SU-00053,ST-0003,2026-01-09T18:14:00Z,data,287.7,mb,3.43,2026-01-09T18:14:00Z
usage_events-001804,EV-0001804,SU-00054,ST-0004,2026-01-09T18:21:00Z,voice,215.6,minutes,2.70,2026-01-09T18:21:00Z
usage_events-001805,EV-0001805,SU-00055,ST-0005,2026-01-09T18:28:00Z,sms,449.9,messages,2.09,2026-01-09T18:28:00Z
usage_events-001806,EV-0001806,SU-00056,ST-0006,2026-01-09T18:35:00Z,data,191.8,mb,4.85,2026-01-09T18:35:00Z
usage_events-001807,EV-0001807,SU-00057,ST-0007,2026-01-09T18:42:00Z,data,462.1,mb,4.84,2026-01-09T18:42:00Z
usage_events-001808,EV-0001808,SU-00058,ST-0008,2026-01-09T18:49:00Z,sms,409.6,messages,1.00,2026-01-09T18:49:00Z
usage_events-001809,EV-0001809,SU-00059,ST-0009,2026-01-09T18:56:00Z,sms,256.9,messages,0.35,2026-01-09T18:56:00Z
usage_events-001810,EV-0001810,SU-00060,ST-0010,2026-01-09T19:03:00Z,sms,179.4,messages,0.23,2026-01-09T19:03:00Z
usage_events-001811,EV-0001811,SU-00061,ST-0011,2026-01-09T19:10:00Z,voice,334.5,minutes,1.63,2026-01-09T19:10:00Z
usage_events-001812,EV-0001812,SU-00062,ST-0012,2026-01-09T19:17:00Z,voice,252.2,minutes,0.62,2026-01-09T19:17:00Z
usage_events-001813,EV-0001813,SU-00063,ST-0013,2026-01-09T19:24:00Z,sms,257.3,messages,3.35,2026-01-09T19:24:00Z
usage_events-001814,EV-0001814,SU-00064,ST-0014,2026-01-09T19:31:00Z,voice,415.7,minutes,2.34,2026-01-09T19:31:00Z
usage_events-001815,EV-0001815,SU-00065,ST-0015,2026-01-09T19:38:00Z,data,112.7,mb,2.41,2026-01-09T19:38:00Z
usage_events-001816,EV-0001816,SU-00066,ST-0016,2026-01-09T19:45:00Z,sms,488.3,messages,0.61,2026-01-09T19:45:00Z
usage_events-001817,EV-0001817,SU-00067,ST-0017,2026-01-09T19:52:00Z,data,429.0,mb,3.24,2026-01-09T19:52:00Z
usage_events-001818,EV-0001818,SU-00068,ST-0018,2026-01-09T19:59:00Z,voice,413.1,minutes,1.61,2026-01-09T19:59:00Z
usage_events-001819,EV-0001819,SU-00069,ST-0019,2026-01-09T20:06:00Z,data,484.1,mb,0.38,2026-01-09T20:06:00Z
usage_events-001820,EV-0001820,SU-00070,ST-0020,2026-01-09T20:13:00Z,voice,370.9,minutes,0.01,2026-01-09T20:13:00Z
usage_events-001821,EV-0001821,SU-00071,ST-0021,2026-01-09T20:20:00Z,sms,91.3,messages,4.40,2026-01-09T20:20:00Z
usage_events-001822,EV-0001822,SU-00072,ST-0022,2026-01-09T20:27:00Z,voice,184.2,minutes,3.62,2026-01-09T20:27:00Z
usage_events-001823,EV-0001823,SU-00073,ST-0023,2026-01-09T20:34:00Z,sms,121.6,messages,0.37,2026-01-09T20:34:00Z
usage_events-001824,EV-0001824,SU-00074,ST-0024,2026-01-09T20:41:00Z,data,221.8,mb,1.36,2026-01-09T20:41:00Z
usage_events-001825,EV-0001825,SU-00075,ST-0025,2026-01-09T20:48:00Z,sms,94.4,messages,2.55,2026-01-09T20:48:00Z
usage_events-001826,EV-0001826,SU-00076,ST-0026,2026-01-09T20:55:00Z,sms,106.8,messages,0.96,2026-01-09T20:55:00Z
usage_events-001827,EV-0001827,SU-00077,ST-0027,2026-01-09T21:02:00Z,sms,145.6,messages,4.57,2026-01-09T21:02:00Z
usage_events-001828,EV-0001828,SU-00078,ST-0028,2026-01-09T21:09:00Z,voice,263.6,minutes,1.58,2026-01-09T21:09:00Z
usage_events-001829,EV-0001829,SU-00079,ST-0029,2026-01-09T21:16:00Z,sms,28.3,messages,3.96,2026-01-09T21:16:00Z
usage_events-001830,EV-0001830,SU-00080,ST-0030,2026-01-09T21:23:00Z,data,173.8,mb,1.99,2026-01-09T21:23:00Z
usage_events-001831,EV-0001831,SU-00081,ST-0001,2026-01-09T21:30:00Z,data,351.3,mb,1.56,2026-01-09T21:30:00Z
usage_events-001832,EV-0001832,SU-00082,ST-0002,2026-01-09T21:37:00Z,voice,8.7,minutes,2.51,2026-01-09T21:37:00Z
usage_events-001833,EV-0001833,SU-00083,ST-0003,2026-01-09T21:44:00Z,data,300.8,mb,3.33,2026-01-09T21:44:00Z
usage_events-001834,EV-0001834,SU-00084,ST-0004,2026-01-09T21:51:00Z,sms,474.1,messages,3.40,2026-01-09T21:51:00Z
usage_events-001835,EV-0001835,SU-00085,ST-0005,2026-01-09T21:58:00Z,data,178.9,mb,2.56,2026-01-09T21:58:00Z
usage_events-001836,EV-0001836,SU-00086,ST-0006,2026-01-09T22:05:00Z,sms,349.9,messages,4.13,2026-01-09T22:05:00Z
usage_events-001837,EV-0001837,SU-00087,ST-0007,2026-01-09T22:12:00Z,sms,236.3,messages,4.77,2026-01-09T22:12:00Z
usage_events-001838,EV-0001838,SU-00088,ST-0008,2026-01-09T22:19:00Z,sms,395.8,messages,2.01,2026-01-09T22:19:00Z
usage_events-001839,EV-0001839,SU-00089,ST-0009,2026-01-09T22:26:00Z,sms,445.4,messages,4.35,2026-01-09T22:26:00Z
usage_events-001840,EV-0001840,SU-00090,ST-0010,2026-01-09T22:33:00Z,data,298.4,mb,4.71,2026-01-09T22:33:00Z
usage_events-001841,EV-0001841,SU-00091,ST-0011,2026-01-09T22:40:00Z,sms,345.5,messages,4.80,2026-01-09T22:40:00Z
usage_events-001842,EV-0001842,SU-00092,ST-0012,2026-01-09T22:47:00Z,voice,70.7,minutes,4.93,2026-01-09T22:47:00Z
usage_events-001843,EV-0001843,SU-00093,ST-0013,2026-01-09T22:54:00Z,voice,103.3,minutes,2.16,2026-01-09T22:54:00Z
usage_events-001844,EV-0001844,SU-00094,ST-0014,2026-01-09T23:01:00Z,data,151.8,mb,3.54,2026-01-09T23:01:00Z
usage_events-001845,EV-0001845,SU-00095,ST-0015,2026-01-09T23:08:00Z,data,49.1,mb,0.65,2026-01-09T23:08:00Z
usage_events-001846,EV-0001846,SU-00096,ST-0016,2026-01-09T23:15:00Z,data,495.7,mb,3.63,2026-01-09T23:15:00Z
usage_events-001847,EV-0001847,SU-00097,ST-0017,2026-01-09T23:22:00Z,sms,459.6,messages,1.27,2026-01-09T23:22:00Z
usage_events-001848,EV-0001848,SU-00098,ST-0018,2026-01-09T23:29:00Z,data,411.7,mb,0.26,2026-01-09T23:29:00Z
usage_events-001849,EV-0001849,SU-00099,ST-0019,2026-01-09T23:36:00Z,data,71.0,mb,2.47,2026-01-09T23:36:00Z
usage_events-001850,EV-0001850,SU-00100,ST-0020,2026-01-09T23:43:00Z,data,347.3,mb,4.96,2026-01-09T23:43:00Z
usage_events-001851,EV-0001851,SU-00101,ST-0021,2026-01-09T23:50:00Z,data,398.8,mb,3.44,2026-01-09T23:50:00Z
usage_events-001852,EV-0001852,SU-00102,ST-0022,2026-01-09T23:57:00Z,voice,316.9,minutes,0.84,2026-01-09T23:57:00Z
usage_events-001853,EV-0001853,SU-00103,ST-0023,2026-01-10T00:04:00Z,data,412.6,mb,2.09,2026-01-10T00:04:00Z
usage_events-001854,EV-0001854,SU-00104,ST-0024,2026-01-10T00:11:00Z,voice,355.5,minutes,2.07,2026-01-10T00:11:00Z
usage_events-001855,EV-0001855,SU-00105,ST-0025,2026-01-10T00:18:00Z,sms,306.1,messages,2.13,2026-01-10T00:18:00Z
usage_events-001856,EV-0001856,SU-00106,ST-0026,2026-01-10T00:25:00Z,voice,222.5,minutes,2.64,2026-01-10T00:25:00Z
usage_events-001857,EV-0001857,SU-00107,ST-0027,2026-01-10T00:32:00Z,data,410.4,mb,4.26,2026-01-10T00:32:00Z
usage_events-001858,EV-0001858,SU-00108,ST-0028,2026-01-10T00:39:00Z,voice,141.3,minutes,1.31,2026-01-10T00:39:00Z
usage_events-001859,EV-0001859,SU-00109,ST-0029,2026-01-10T00:46:00Z,sms,243.9,messages,3.87,2026-01-10T00:46:00Z
usage_events-001860,EV-0001860,SU-00110,ST-0030,2026-01-10T00:53:00Z,voice,195.1,minutes,1.05,2026-01-10T00:53:00Z
usage_events-001861,EV-0001861,SU-00111,ST-0001,2026-01-10T01:00:00Z,voice,438.1,minutes,4.55,2026-01-10T01:00:00Z
usage_events-001862,EV-0001862,SU-00112,ST-0002,2026-01-10T01:07:00Z,data,363.8,mb,2.95,2026-01-10T01:07:00Z
usage_events-001863,EV-0001863,SU-00113,ST-0003,2026-01-10T01:14:00Z,data,199.9,mb,2.58,2026-01-10T01:14:00Z
usage_events-001864,EV-0001864,SU-00114,ST-0004,2026-01-10T01:21:00Z,voice,303.6,minutes,4.94,2026-01-10T01:21:00Z
usage_events-001865,EV-0001865,SU-00115,ST-0005,2026-01-10T01:28:00Z,sms,307.7,messages,3.26,2026-01-10T01:28:00Z
usage_events-001866,EV-0001866,SU-00116,ST-0006,2026-01-10T01:35:00Z,data,322.0,mb,4.36,2026-01-10T01:35:00Z
usage_events-001867,EV-0001867,SU-00117,ST-0007,2026-01-10T01:42:00Z,voice,387.5,minutes,3.08,2026-01-10T01:42:00Z
usage_events-001868,EV-0001868,SU-00118,ST-0008,2026-01-10T01:49:00Z,voice,61.4,minutes,3.12,2026-01-10T01:49:00Z
usage_events-001869,EV-0001869,SU-00119,ST-0009,2026-01-10T01:56:00Z,data,435.0,mb,1.83,2026-01-10T01:56:00Z
usage_events-001870,EV-0001870,SU-00120,ST-0010,2026-01-10T02:03:00Z,data,162.8,mb,2.60,2026-01-10T02:03:00Z
usage_events-001871,EV-0001871,SU-00121,ST-0011,2026-01-10T02:10:00Z,voice,320.0,minutes,0.32,2026-01-10T02:10:00Z
usage_events-001872,EV-0001872,SU-00122,ST-0012,2026-01-10T02:17:00Z,data,84.0,mb,1.67,2026-01-10T02:17:00Z
usage_events-001873,EV-0001873,SU-00123,ST-0013,2026-01-10T02:24:00Z,data,207.1,mb,3.46,2026-01-10T02:24:00Z
usage_events-001874,EV-0001874,SU-00124,ST-0014,2026-01-10T02:31:00Z,sms,118.5,messages,4.32,2026-01-10T02:31:00Z
usage_events-001875,EV-0001875,SU-00125,ST-0015,2026-01-10T02:38:00Z,voice,29.5,minutes,0.17,2026-01-10T02:38:00Z
usage_events-001876,EV-0001876,SU-00126,ST-0016,2026-01-10T02:45:00Z,data,342.1,mb,0.81,2026-01-10T02:45:00Z
usage_events-001877,EV-0001877,SU-00127,ST-0017,2026-01-10T02:52:00Z,sms,275.2,messages,3.70,2026-01-10T02:52:00Z
usage_events-001878,EV-0001878,SU-00128,ST-0018,2026-01-10T02:59:00Z,voice,66.0,minutes,3.44,2026-01-10T02:59:00Z
usage_events-001879,EV-0001879,SU-00129,ST-0019,2026-01-10T03:06:00Z,sms,273.2,messages,2.88,2026-01-10T03:06:00Z
usage_events-001880,EV-0001880,SU-00130,ST-0020,2026-01-10T03:13:00Z,data,296.1,mb,3.54,2026-01-10T03:13:00Z
usage_events-001881,EV-0001881,SU-00131,ST-0021,2026-01-10T03:20:00Z,voice,3.5,minutes,4.53,2026-01-10T03:20:00Z
usage_events-001882,EV-0001882,SU-00132,ST-0022,2026-01-10T03:27:00Z,voice,381.3,minutes,1.75,2026-01-10T03:27:00Z
usage_events-001883,EV-0001883,SU-00133,ST-0023,2026-01-10T03:34:00Z,data,143.5,mb,1.60,2026-01-10T03:34:00Z
usage_events-001884,EV-0001884,SU-00134,ST-0024,2026-01-10T03:41:00Z,data,192.8,mb,2.69,2026-01-10T03:41:00Z
usage_events-001885,EV-0001885,SU-00135,ST-0025,2026-01-10T03:48:00Z,data,84.5,mb,4.98,2026-01-10T03:48:00Z
usage_events-001886,EV-0001886,SU-00136,ST-0026,2026-01-10T03:55:00Z,data,163.6,mb,2.07,2026-01-10T03:55:00Z
usage_events-001887,EV-0001887,SU-00137,ST-0027,2026-01-10T04:02:00Z,sms,290.5,messages,3.98,2026-01-10T04:02:00Z
usage_events-001888,EV-0001888,SU-00138,ST-0028,2026-01-10T04:09:00Z,sms,14.5,messages,3.29,2026-01-10T04:09:00Z
usage_events-001889,EV-0001889,SU-00139,ST-0029,2026-01-10T04:16:00Z,voice,320.2,minutes,2.25,2026-01-10T04:16:00Z
usage_events-001890,EV-0001890,SU-00140,ST-0030,2026-01-10T04:23:00Z,data,331.3,mb,0.59,2026-01-10T04:23:00Z
usage_events-001891,EV-0001891,SU-00141,ST-0001,2026-01-10T04:30:00Z,voice,381.5,minutes,0.97,2026-01-10T04:30:00Z
usage_events-001892,EV-0001892,SU-00142,ST-0002,2026-01-10T04:37:00Z,voice,136.5,minutes,2.99,2026-01-10T04:37:00Z
usage_events-001893,EV-0001893,SU-00143,ST-0003,2026-01-10T04:44:00Z,data,170.5,mb,4.13,2026-01-10T04:44:00Z
usage_events-001894,EV-0001894,SU-00144,ST-0004,2026-01-10T04:51:00Z,sms,399.7,messages,2.90,2026-01-10T04:51:00Z
usage_events-001895,EV-0001895,SU-00145,ST-0005,2026-01-10T04:58:00Z,voice,395.1,minutes,2.38,2026-01-10T04:58:00Z
usage_events-001896,EV-0001896,SU-00146,ST-0006,2026-01-10T05:05:00Z,data,469.5,mb,2.64,2026-01-10T05:05:00Z
usage_events-001897,EV-0001897,SU-00147,ST-0007,2026-01-10T05:12:00Z,voice,24.7,minutes,0.37,2026-01-10T05:12:00Z
usage_events-001898,EV-0001898,SU-00148,ST-0008,2026-01-10T05:19:00Z,data,56.0,mb,2.50,2026-01-10T05:19:00Z
usage_events-001899,EV-0001899,SU-00149,ST-0009,2026-01-10T05:26:00Z,data,11.4,mb,0.67,2026-01-10T05:26:00Z
usage_events-001900,EV-0001900,SU-00150,ST-0010,2026-01-10T05:33:00Z,sms,56.2,messages,0.05,2026-01-10T05:33:00Z
usage_events-001901,EV-0001901,SU-00151,ST-0011,2026-01-10T05:40:00Z,voice,190.2,minutes,1.64,2026-01-10T05:40:00Z
usage_events-001902,EV-0001902,SU-00152,ST-0012,2026-01-10T05:47:00Z,data,297.4,mb,3.60,2026-01-10T05:47:00Z
usage_events-001903,EV-0001903,SU-00153,ST-0013,2026-01-10T05:54:00Z,data,378.9,mb,0.83,2026-01-10T05:54:00Z
usage_events-001904,EV-0001904,SU-00154,ST-0014,2026-01-10T06:01:00Z,data,211.6,mb,1.54,2026-01-10T06:01:00Z
usage_events-001905,EV-0001905,SU-00155,ST-0015,2026-01-10T06:08:00Z,voice,134.0,minutes,4.27,2026-01-10T06:08:00Z
usage_events-001906,EV-0001906,SU-00156,ST-0016,2026-01-10T06:15:00Z,data,180.2,mb,4.79,2026-01-10T06:15:00Z
usage_events-001907,EV-0001907,SU-00157,ST-0017,2026-01-10T06:22:00Z,voice,430.6,minutes,4.29,2026-01-10T06:22:00Z
usage_events-001908,EV-0001908,SU-00158,ST-0018,2026-01-10T06:29:00Z,sms,200.7,messages,2.75,2026-01-10T06:29:00Z
usage_events-001909,EV-0001909,SU-00159,ST-0019,2026-01-10T06:36:00Z,data,493.3,mb,1.50,2026-01-10T06:36:00Z
usage_events-001910,EV-0001910,SU-00160,ST-0020,2026-01-10T06:43:00Z,voice,297.2,minutes,4.85,2026-01-10T06:43:00Z
usage_events-001911,EV-0001911,SU-00161,ST-0021,2026-01-10T06:50:00Z,sms,361.4,messages,2.61,2026-01-10T06:50:00Z
usage_events-001912,EV-0001912,SU-00162,ST-0022,2026-01-10T06:57:00Z,voice,37.2,minutes,4.64,2026-01-10T06:57:00Z
usage_events-001913,EV-0001913,SU-00163,ST-0023,2026-01-10T07:04:00Z,sms,75.0,messages,1.02,2026-01-10T07:04:00Z
usage_events-001914,EV-0001914,SU-00164,ST-0024,2026-01-10T07:11:00Z,voice,432.0,minutes,3.49,2026-01-10T07:11:00Z
usage_events-001915,EV-0001915,SU-00165,ST-0025,2026-01-10T07:18:00Z,sms,271.6,messages,0.95,2026-01-10T07:18:00Z
usage_events-001916,EV-0001916,SU-00166,ST-0026,2026-01-10T07:25:00Z,data,31.9,mb,4.31,2026-01-10T07:25:00Z
usage_events-001917,EV-0001917,SU-00167,ST-0027,2026-01-10T07:32:00Z,data,27.8,mb,4.18,2026-01-10T07:32:00Z
usage_events-001918,EV-0001918,SU-00168,ST-0028,2026-01-10T07:39:00Z,data,271.1,mb,3.48,2026-01-10T07:39:00Z
usage_events-001919,EV-0001919,SU-00169,ST-0029,2026-01-10T07:46:00Z,voice,52.1,minutes,4.16,2026-01-10T07:46:00Z
usage_events-001920,EV-0001920,SU-00170,ST-0030,2026-01-10T07:53:00Z,sms,344.2,messages,2.09,2026-01-10T07:53:00Z
usage_events-001921,EV-0001921,SU-00171,ST-0001,2026-01-10T08:00:00Z,voice,85.7,minutes,3.04,2026-01-10T08:00:00Z
usage_events-001922,EV-0001922,SU-00172,ST-0002,2026-01-10T08:07:00Z,voice,289.4,minutes,3.29,2026-01-10T08:07:00Z
usage_events-001923,EV-0001923,SU-00173,ST-0003,2026-01-10T08:14:00Z,voice,87.6,minutes,3.14,2026-01-10T08:14:00Z
usage_events-001924,EV-0001924,SU-00174,ST-0004,2026-01-10T08:21:00Z,sms,168.1,messages,1.17,2026-01-10T08:21:00Z
usage_events-001925,EV-0001925,SU-00175,ST-0005,2026-01-10T08:28:00Z,sms,140.3,messages,0.83,2026-01-10T08:28:00Z
usage_events-001926,EV-0001926,SU-00176,ST-0006,2026-01-10T08:35:00Z,voice,203.6,minutes,2.90,2026-01-10T08:35:00Z
usage_events-001927,EV-0001927,SU-00177,ST-0007,2026-01-10T08:42:00Z,voice,220.5,minutes,0.16,2026-01-10T08:42:00Z
usage_events-001928,EV-0001928,SU-00178,ST-0008,2026-01-10T08:49:00Z,sms,31.9,messages,2.44,2026-01-10T08:49:00Z
usage_events-001929,EV-0001929,SU-00179,ST-0009,2026-01-10T08:56:00Z,voice,193.6,minutes,2.84,2026-01-10T08:56:00Z
usage_events-001930,EV-0001930,SU-00180,ST-0010,2026-01-10T09:03:00Z,data,259.8,mb,4.51,2026-01-10T09:03:00Z
usage_events-001931,EV-0001931,SU-00181,ST-0011,2026-01-10T09:10:00Z,data,492.6,mb,2.59,2026-01-10T09:10:00Z
usage_events-001932,EV-0001932,SU-00182,ST-0012,2026-01-10T09:17:00Z,voice,470.8,minutes,2.49,2026-01-10T09:17:00Z
usage_events-001933,EV-0001933,SU-00183,ST-0013,2026-01-10T09:24:00Z,sms,250.4,messages,1.91,2026-01-10T09:24:00Z
usage_events-001934,EV-0001934,SU-00184,ST-0014,2026-01-10T09:31:00Z,sms,329.7,messages,1.83,2026-01-10T09:31:00Z
usage_events-001935,EV-0001935,SU-00185,ST-0015,2026-01-10T09:38:00Z,data,203.1,mb,1.73,2026-01-10T09:38:00Z
usage_events-001936,EV-0001936,SU-00186,ST-0016,2026-01-10T09:45:00Z,data,99.1,mb,1.14,2026-01-10T09:45:00Z
usage_events-001937,EV-0001937,SU-00187,ST-0017,2026-01-10T09:52:00Z,data,76.1,mb,1.38,2026-01-10T09:52:00Z
usage_events-001938,EV-0001938,SU-00188,ST-0018,2026-01-10T09:59:00Z,voice,346.7,minutes,1.94,2026-01-10T09:59:00Z
usage_events-001939,EV-0001939,SU-00189,ST-0019,2026-01-10T10:06:00Z,sms,65.3,messages,0.21,2026-01-10T10:06:00Z
usage_events-001940,EV-0001940,SU-00190,ST-0020,2026-01-10T10:13:00Z,data,272.0,mb,1.79,2026-01-10T10:13:00Z
usage_events-001941,EV-0001941,SU-00191,ST-0021,2026-01-10T10:20:00Z,voice,473.6,minutes,3.60,2026-01-10T10:20:00Z
usage_events-001942,EV-0001942,SU-00192,ST-0022,2026-01-10T10:27:00Z,sms,71.7,messages,3.08,2026-01-10T10:27:00Z
usage_events-001943,EV-0001943,SU-00193,ST-0023,2026-01-10T10:34:00Z,voice,120.4,minutes,2.69,2026-01-10T10:34:00Z
usage_events-001944,EV-0001944,SU-00194,ST-0024,2026-01-10T10:41:00Z,sms,409.0,messages,1.42,2026-01-10T10:41:00Z
usage_events-001945,EV-0001945,SU-00195,ST-0025,2026-01-10T10:48:00Z,voice,108.3,minutes,3.61,2026-01-10T10:48:00Z
usage_events-001946,EV-0001946,SU-00196,ST-0026,2026-01-10T10:55:00Z,voice,185.9,minutes,0.69,2026-01-10T10:55:00Z
usage_events-001947,EV-0001947,SU-00197,ST-0027,2026-01-10T11:02:00Z,sms,384.5,messages,1.00,2026-01-10T11:02:00Z
usage_events-001948,EV-0001948,SU-00198,ST-0028,2026-01-10T11:09:00Z,data,448.4,mb,3.10,2026-01-10T11:09:00Z
usage_events-001949,EV-0001949,SU-00199,ST-0029,2026-01-10T11:16:00Z,data,259.0,mb,1.57,2026-01-10T11:16:00Z
usage_events-001950,EV-0001950,SU-00200,ST-0030,2026-01-10T11:23:00Z,data,249.4,mb,3.35,2026-01-10T11:23:00Z
usage_events-001951,EV-0001951,SU-00201,ST-0001,2026-01-10T11:30:00Z,voice,52.4,minutes,0.88,2026-01-10T11:30:00Z
usage_events-001952,EV-0001952,SU-00202,ST-0002,2026-01-10T11:37:00Z,data,313.5,mb,3.00,2026-01-10T11:37:00Z
usage_events-001953,EV-0001953,SU-00203,ST-0003,2026-01-10T11:44:00Z,data,115.0,mb,3.98,2026-01-10T11:44:00Z
usage_events-001954,EV-0001954,SU-00204,ST-0004,2026-01-10T11:51:00Z,sms,162.1,messages,0.87,2026-01-10T11:51:00Z
usage_events-001955,EV-0001955,SU-00205,ST-0005,2026-01-10T11:58:00Z,sms,449.7,messages,2.32,2026-01-10T11:58:00Z
usage_events-001956,EV-0001956,SU-00206,ST-0006,2026-01-10T12:05:00Z,voice,31.4,minutes,2.17,2026-01-10T12:05:00Z
usage_events-001957,EV-0001957,SU-00207,ST-0007,2026-01-10T12:12:00Z,voice,325.9,minutes,3.73,2026-01-10T12:12:00Z
usage_events-001958,EV-0001958,SU-00208,ST-0008,2026-01-10T12:19:00Z,data,388.6,mb,1.47,2026-01-10T12:19:00Z
usage_events-001959,EV-0001959,SU-00209,ST-0009,2026-01-10T12:26:00Z,voice,447.8,minutes,3.89,2026-01-10T12:26:00Z
usage_events-001960,EV-0001960,SU-00210,ST-0010,2026-01-10T12:33:00Z,sms,485.2,messages,3.10,2026-01-10T12:33:00Z
usage_events-001961,EV-0001961,SU-00211,ST-0011,2026-01-10T12:40:00Z,voice,364.6,minutes,4.69,2026-01-10T12:40:00Z
usage_events-001962,EV-0001962,SU-00212,ST-0012,2026-01-10T12:47:00Z,data,21.6,mb,2.29,2026-01-10T12:47:00Z
usage_events-001963,EV-0001963,SU-00213,ST-0013,2026-01-10T12:54:00Z,voice,233.6,minutes,1.35,2026-01-10T12:54:00Z
usage_events-001964,EV-0001964,SU-00214,ST-0014,2026-01-10T13:01:00Z,sms,495.8,messages,1.34,2026-01-10T13:01:00Z
usage_events-001965,EV-0001965,SU-00215,ST-0015,2026-01-10T13:08:00Z,data,461.6,mb,4.45,2026-01-10T13:08:00Z
usage_events-001966,EV-0001966,SU-00216,ST-0016,2026-01-10T13:15:00Z,voice,96.6,minutes,3.05,2026-01-10T13:15:00Z
usage_events-001967,EV-0001967,SU-00217,ST-0017,2026-01-10T13:22:00Z,voice,371.5,minutes,4.91,2026-01-10T13:22:00Z
usage_events-001968,EV-0001968,SU-00218,ST-0018,2026-01-10T13:29:00Z,sms,287.3,messages,4.41,2026-01-10T13:29:00Z
usage_events-001969,EV-0001969,SU-00219,ST-0019,2026-01-10T13:36:00Z,sms,53.3,messages,0.05,2026-01-10T13:36:00Z
usage_events-001970,EV-0001970,SU-00220,ST-0020,2026-01-10T13:43:00Z,voice,249.0,minutes,3.83,2026-01-10T13:43:00Z
usage_events-001971,EV-0001971,SU-00221,ST-0021,2026-01-10T13:50:00Z,voice,105.8,minutes,0.56,2026-01-10T13:50:00Z
usage_events-001972,EV-0001972,SU-00222,ST-0022,2026-01-10T13:57:00Z,sms,278.6,messages,4.11,2026-01-10T13:57:00Z
usage_events-001973,EV-0001973,SU-00223,ST-0023,2026-01-10T14:04:00Z,data,206.2,mb,3.71,2026-01-10T14:04:00Z
usage_events-001974,EV-0001974,SU-00224,ST-0024,2026-01-10T14:11:00Z,data,381.6,mb,3.47,2026-01-10T14:11:00Z
usage_events-001975,EV-0001975,SU-00225,ST-0025,2026-01-10T14:18:00Z,data,152.8,mb,2.05,2026-01-10T14:18:00Z
usage_events-001976,EV-0001976,SU-00226,ST-0026,2026-01-10T14:25:00Z,data,465.7,mb,0.88,2026-01-10T14:25:00Z
usage_events-001977,EV-0001977,SU-00227,ST-0027,2026-01-10T14:32:00Z,voice,205.9,minutes,3.94,2026-01-10T14:32:00Z
usage_events-001978,EV-0001978,SU-00228,ST-0028,2026-01-10T14:39:00Z,voice,280.1,minutes,1.35,2026-01-10T14:39:00Z
usage_events-001979,EV-0001979,SU-00229,ST-0029,2026-01-10T14:46:00Z,voice,128.3,minutes,3.03,2026-01-10T14:46:00Z
usage_events-001980,EV-0001980,SU-00230,ST-0030,2026-01-10T14:53:00Z,sms,302.4,messages,2.33,2026-01-10T14:53:00Z
usage_events-001981,EV-0001981,SU-00231,ST-0001,2026-01-10T15:00:00Z,data,264.8,mb,2.37,2026-01-10T15:00:00Z
usage_events-001982,EV-0001982,SU-00232,ST-0002,2026-01-10T15:07:00Z,data,100.7,mb,3.35,2026-01-10T15:07:00Z
usage_events-001983,EV-0001983,SU-00233,ST-0003,2026-01-10T15:14:00Z,voice,160.7,minutes,0.29,2026-01-10T15:14:00Z
usage_events-001984,EV-0001984,SU-00234,ST-0004,2026-01-10T15:21:00Z,voice,100.2,minutes,1.45,2026-01-10T15:21:00Z
usage_events-001985,EV-0001985,SU-00235,ST-0005,2026-01-10T15:28:00Z,data,320.0,mb,0.30,2026-01-10T15:28:00Z
usage_events-001986,EV-0001986,SU-00236,ST-0006,2026-01-10T15:35:00Z,sms,439.0,messages,0.60,2026-01-10T15:35:00Z
usage_events-001987,EV-0001987,SU-00237,ST-0007,2026-01-10T15:42:00Z,sms,61.2,messages,2.15,2026-01-10T15:42:00Z
usage_events-001988,EV-0001988,SU-00238,ST-0008,2026-01-10T15:49:00Z,sms,188.9,messages,2.12,2026-01-10T15:49:00Z
usage_events-001989,EV-0001989,SU-00239,ST-0009,2026-01-10T15:56:00Z,sms,49.7,messages,1.44,2026-01-10T15:56:00Z
usage_events-001990,EV-0001990,SU-00240,ST-0010,2026-01-10T16:03:00Z,voice,394.9,minutes,0.40,2026-01-10T16:03:00Z
usage_events-001991,EV-0001991,SU-00241,ST-0011,2026-01-10T16:10:00Z,sms,386.2,messages,1.14,2026-01-10T16:10:00Z
usage_events-001992,EV-0001992,SU-00242,ST-0012,2026-01-10T16:17:00Z,data,420.8,mb,2.12,2026-01-10T16:17:00Z
usage_events-001993,EV-0001993,SU-00243,ST-0013,2026-01-10T16:24:00Z,sms,209.7,messages,4.41,2026-01-10T16:24:00Z
usage_events-001994,EV-0001994,SU-00244,ST-0014,2026-01-10T16:31:00Z,data,284.7,mb,1.18,2026-01-10T16:31:00Z
usage_events-001995,EV-0001995,SU-00245,ST-0015,2026-01-10T16:38:00Z,voice,123.8,minutes,4.54,2026-01-10T16:38:00Z
usage_events-001996,EV-0001996,SU-00246,ST-0016,2026-01-10T16:45:00Z,data,345.5,mb,1.77,2026-01-10T16:45:00Z
usage_events-001997,EV-0001997,SU-00247,ST-0017,2026-01-10T16:52:00Z,voice,111.4,minutes,2.66,2026-01-10T16:52:00Z
usage_events-001998,EV-0001998,SU-00248,ST-0018,2026-01-10T16:59:00Z,voice,276.6,minutes,4.86,2026-01-10T16:59:00Z
usage_events-001999,EV-0001999,SU-00249,ST-0019,2026-01-10T17:06:00Z,sms,398.9,messages,2.26,2026-01-10T17:06:00Z
usage_events-002000,EV-0002000,SU-00250,ST-0020,2026-01-10T17:13:00Z,voice,203.5,minutes,2.50,2026-01-10T17:13:00Z
usage_events-002001,EV-0002001,SU-00001,ST-0021,2026-01-10T17:20:00Z,sms,75.7,messages,1.58,2026-01-10T17:20:00Z
usage_events-002002,EV-0002002,SU-00002,ST-0022,2026-01-10T17:27:00Z,sms,38.4,messages,0.26,2026-01-10T17:27:00Z
usage_events-002003,EV-0002003,SU-00003,ST-0023,2026-01-10T17:34:00Z,voice,194.0,minutes,1.55,2026-01-10T17:34:00Z
usage_events-002004,EV-0002004,SU-00004,ST-0024,2026-01-10T17:41:00Z,data,34.2,mb,0.38,2026-01-10T17:41:00Z
usage_events-002005,EV-0002005,SU-00005,ST-0025,2026-01-10T17:48:00Z,data,449.3,mb,2.37,2026-01-10T17:48:00Z
usage_events-002006,EV-0002006,SU-00006,ST-0026,2026-01-10T17:55:00Z,data,188.1,mb,1.80,2026-01-10T17:55:00Z
usage_events-002007,EV-0002007,SU-00007,ST-0027,2026-01-10T18:02:00Z,voice,265.8,minutes,2.30,2026-01-10T18:02:00Z
usage_events-002008,EV-0002008,SU-00008,ST-0028,2026-01-10T18:09:00Z,sms,273.6,messages,4.71,2026-01-10T18:09:00Z
usage_events-002009,EV-0002009,SU-00009,ST-0029,2026-01-10T18:16:00Z,voice,301.5,minutes,1.32,2026-01-10T18:16:00Z
usage_events-002010,EV-0002010,SU-00010,ST-0030,2026-01-10T18:23:00Z,data,270.4,mb,2.82,2026-01-10T18:23:00Z
usage_events-002011,EV-0002011,SU-00011,ST-0001,2026-01-10T18:30:00Z,voice,424.0,minutes,1.29,2026-01-10T18:30:00Z
usage_events-002012,EV-0002012,SU-00012,ST-0002,2026-01-10T18:37:00Z,voice,63.1,minutes,3.01,2026-01-10T18:37:00Z
usage_events-002013,EV-0002013,SU-00013,ST-0003,2026-01-10T18:44:00Z,voice,167.4,minutes,2.82,2026-01-10T18:44:00Z
usage_events-002014,EV-0002014,SU-00014,ST-0004,2026-01-10T18:51:00Z,data,186.3,mb,3.31,2026-01-10T18:51:00Z
usage_events-002015,EV-0002015,SU-00015,ST-0005,2026-01-10T18:58:00Z,sms,450.9,messages,0.18,2026-01-10T18:58:00Z
usage_events-002016,EV-0002016,SU-00016,ST-0006,2026-01-10T19:05:00Z,data,485.8,mb,2.20,2026-01-10T19:05:00Z
usage_events-002017,EV-0002017,SU-00017,ST-0007,2026-01-10T19:12:00Z,data,271.2,mb,2.76,2026-01-10T19:12:00Z
usage_events-002018,EV-0002018,SU-00018,ST-0008,2026-01-10T19:19:00Z,voice,284.6,minutes,4.78,2026-01-10T19:19:00Z
usage_events-002019,EV-0002019,SU-00019,ST-0009,2026-01-10T19:26:00Z,sms,300.2,messages,4.32,2026-01-10T19:26:00Z
usage_events-002020,EV-0002020,SU-00020,ST-0010,2026-01-10T19:33:00Z,sms,490.1,messages,1.19,2026-01-10T19:33:00Z
usage_events-002021,EV-0002021,SU-00021,ST-0011,2026-01-10T19:40:00Z,voice,400.7,minutes,2.88,2026-01-10T19:40:00Z
usage_events-002022,EV-0002022,SU-00022,ST-0012,2026-01-10T19:47:00Z,data,498.0,mb,2.46,2026-01-10T19:47:00Z
usage_events-002023,EV-0002023,SU-00023,ST-0013,2026-01-10T19:54:00Z,data,328.9,mb,4.02,2026-01-10T19:54:00Z
usage_events-002024,EV-0002024,SU-00024,ST-0014,2026-01-10T20:01:00Z,sms,348.7,messages,0.56,2026-01-10T20:01:00Z
usage_events-002025,EV-0002025,SU-00025,ST-0015,2026-01-10T20:08:00Z,data,152.1,mb,2.07,2026-01-10T20:08:00Z
usage_events-002026,EV-0002026,SU-00026,ST-0016,2026-01-10T20:15:00Z,data,200.8,mb,0.98,2026-01-10T20:15:00Z
usage_events-002027,EV-0002027,SU-00027,ST-0017,2026-01-10T20:22:00Z,sms,26.7,messages,0.37,2026-01-10T20:22:00Z
usage_events-002028,EV-0002028,SU-00028,ST-0018,2026-01-10T20:29:00Z,voice,62.3,minutes,1.65,2026-01-10T20:29:00Z
usage_events-002029,EV-0002029,SU-00029,ST-0019,2026-01-10T20:36:00Z,data,377.2,mb,0.40,2026-01-10T20:36:00Z
usage_events-002030,EV-0002030,SU-00030,ST-0020,2026-01-10T20:43:00Z,voice,373.1,minutes,3.35,2026-01-10T20:43:00Z
usage_events-002031,EV-0002031,SU-00031,ST-0021,2026-01-10T20:50:00Z,voice,164.1,minutes,3.12,2026-01-10T20:50:00Z
usage_events-002032,EV-0002032,SU-00032,ST-0022,2026-01-10T20:57:00Z,data,107.4,mb,4.43,2026-01-10T20:57:00Z
usage_events-002033,EV-0002033,SU-00033,ST-0023,2026-01-10T21:04:00Z,sms,20.6,messages,4.75,2026-01-10T21:04:00Z
usage_events-002034,EV-0002034,SU-00034,ST-0024,2026-01-10T21:11:00Z,data,484.4,mb,0.93,2026-01-10T21:11:00Z
usage_events-002035,EV-0002035,SU-00035,ST-0025,2026-01-10T21:18:00Z,sms,14.9,messages,0.45,2026-01-10T21:18:00Z
usage_events-002036,EV-0002036,SU-00036,ST-0026,2026-01-10T21:25:00Z,data,461.0,mb,3.43,2026-01-10T21:25:00Z
usage_events-002037,EV-0002037,SU-00037,ST-0027,2026-01-10T21:32:00Z,data,475.0,mb,2.42,2026-01-10T21:32:00Z
usage_events-002038,EV-0002038,SU-00038,ST-0028,2026-01-10T21:39:00Z,sms,59.2,messages,0.22,2026-01-10T21:39:00Z
usage_events-002039,EV-0002039,SU-00039,ST-0029,2026-01-10T21:46:00Z,sms,487.5,messages,2.17,2026-01-10T21:46:00Z
usage_events-002040,EV-0002040,SU-00040,ST-0030,2026-01-10T21:53:00Z,voice,59.0,minutes,4.50,2026-01-10T21:53:00Z
usage_events-002041,EV-0002041,SU-00041,ST-0001,2026-01-10T22:00:00Z,sms,315.0,messages,3.52,2026-01-10T22:00:00Z
usage_events-002042,EV-0002042,SU-00042,ST-0002,2026-01-10T22:07:00Z,voice,483.3,minutes,3.15,2026-01-10T22:07:00Z
usage_events-002043,EV-0002043,SU-00043,ST-0003,2026-01-10T22:14:00Z,voice,423.8,minutes,4.44,2026-01-10T22:14:00Z
usage_events-002044,EV-0002044,SU-00044,ST-0004,2026-01-10T22:21:00Z,sms,382.3,messages,0.36,2026-01-10T22:21:00Z
usage_events-002045,EV-0002045,SU-00045,ST-0005,2026-01-10T22:28:00Z,data,79.5,mb,2.34,2026-01-10T22:28:00Z
usage_events-002046,EV-0002046,SU-00046,ST-0006,2026-01-10T22:35:00Z,sms,137.4,messages,2.30,2026-01-10T22:35:00Z
usage_events-002047,EV-0002047,SU-00047,ST-0007,2026-01-10T22:42:00Z,data,114.8,mb,3.11,2026-01-10T22:42:00Z
usage_events-002048,EV-0002048,SU-00048,ST-0008,2026-01-10T22:49:00Z,voice,340.6,minutes,3.29,2026-01-10T22:49:00Z
usage_events-002049,EV-0002049,SU-00049,ST-0009,2026-01-10T22:56:00Z,voice,311.4,minutes,0.24,2026-01-10T22:56:00Z
usage_events-002050,EV-0002050,SU-00050,ST-0010,2026-01-10T23:03:00Z,data,11.9,mb,4.71,2026-01-10T23:03:00Z
usage_events-002051,EV-0002051,SU-00051,ST-0011,2026-01-10T23:10:00Z,voice,111.4,minutes,3.09,2026-01-10T23:10:00Z
usage_events-002052,EV-0002052,SU-00052,ST-0012,2026-01-10T23:17:00Z,sms,79.7,messages,1.67,2026-01-10T23:17:00Z
usage_events-002053,EV-0002053,SU-00053,ST-0013,2026-01-10T23:24:00Z,data,298.9,mb,5.00,2026-01-10T23:24:00Z
usage_events-002054,EV-0002054,SU-00054,ST-0014,2026-01-10T23:31:00Z,voice,327.5,minutes,0.37,2026-01-10T23:31:00Z
usage_events-002055,EV-0002055,SU-00055,ST-0015,2026-01-10T23:38:00Z,sms,371.3,messages,3.71,2026-01-10T23:38:00Z
usage_events-002056,EV-0002056,SU-00056,ST-0016,2026-01-10T23:45:00Z,voice,109.8,minutes,3.52,2026-01-10T23:45:00Z
usage_events-002057,EV-0002057,SU-00057,ST-0017,2026-01-10T23:52:00Z,sms,14.7,messages,4.69,2026-01-10T23:52:00Z
usage_events-002058,EV-0002058,SU-00058,ST-0018,2026-01-10T23:59:00Z,voice,209.0,minutes,1.07,2026-01-10T23:59:00Z
usage_events-002059,EV-0002059,SU-00059,ST-0019,2026-01-11T00:06:00Z,voice,374.6,minutes,4.19,2026-01-11T00:06:00Z
usage_events-002060,EV-0002060,SU-00060,ST-0020,2026-01-11T00:13:00Z,sms,158.5,messages,1.30,2026-01-11T00:13:00Z
usage_events-002061,EV-0002061,SU-00061,ST-0021,2026-01-11T00:20:00Z,data,12.2,mb,1.18,2026-01-11T00:20:00Z
usage_events-002062,EV-0002062,SU-00062,ST-0022,2026-01-11T00:27:00Z,data,118.8,mb,1.43,2026-01-11T00:27:00Z
usage_events-002063,EV-0002063,SU-00063,ST-0023,2026-01-11T00:34:00Z,sms,152.6,messages,2.08,2026-01-11T00:34:00Z
usage_events-002064,EV-0002064,SU-00064,ST-0024,2026-01-11T00:41:00Z,data,225.9,mb,3.47,2026-01-11T00:41:00Z
usage_events-002065,EV-0002065,SU-00065,ST-0025,2026-01-11T00:48:00Z,sms,411.8,messages,0.66,2026-01-11T00:48:00Z
usage_events-002066,EV-0002066,SU-00066,ST-0026,2026-01-11T00:55:00Z,voice,117.7,minutes,3.59,2026-01-11T00:55:00Z
usage_events-002067,EV-0002067,SU-00067,ST-0027,2026-01-11T01:02:00Z,data,498.5,mb,2.70,2026-01-11T01:02:00Z
usage_events-002068,EV-0002068,SU-00068,ST-0028,2026-01-11T01:09:00Z,data,384.4,mb,1.46,2026-01-11T01:09:00Z
usage_events-002069,EV-0002069,SU-00069,ST-0029,2026-01-11T01:16:00Z,data,394.0,mb,2.74,2026-01-11T01:16:00Z
usage_events-002070,EV-0002070,SU-00070,ST-0030,2026-01-11T01:23:00Z,sms,181.9,messages,2.50,2026-01-11T01:23:00Z
usage_events-002071,EV-0002071,SU-00071,ST-0001,2026-01-11T01:30:00Z,voice,498.6,minutes,0.25,2026-01-11T01:30:00Z
usage_events-002072,EV-0002072,SU-00072,ST-0002,2026-01-11T01:37:00Z,voice,322.6,minutes,1.47,2026-01-11T01:37:00Z
usage_events-002073,EV-0002073,SU-00073,ST-0003,2026-01-11T01:44:00Z,voice,307.3,minutes,2.45,2026-01-11T01:44:00Z
usage_events-002074,EV-0002074,SU-00074,ST-0004,2026-01-11T01:51:00Z,sms,337.8,messages,4.02,2026-01-11T01:51:00Z
usage_events-002075,EV-0002075,SU-00075,ST-0005,2026-01-11T01:58:00Z,voice,145.0,minutes,3.62,2026-01-11T01:58:00Z
usage_events-002076,EV-0002076,SU-00076,ST-0006,2026-01-11T02:05:00Z,data,439.7,mb,3.06,2026-01-11T02:05:00Z
usage_events-002077,EV-0002077,SU-00077,ST-0007,2026-01-11T02:12:00Z,voice,296.2,minutes,1.01,2026-01-11T02:12:00Z
usage_events-002078,EV-0002078,SU-00078,ST-0008,2026-01-11T02:19:00Z,sms,48.3,messages,1.43,2026-01-11T02:19:00Z
usage_events-002079,EV-0002079,SU-00079,ST-0009,2026-01-11T02:26:00Z,data,392.9,mb,3.16,2026-01-11T02:26:00Z
usage_events-002080,EV-0002080,SU-00080,ST-0010,2026-01-11T02:33:00Z,sms,38.6,messages,2.41,2026-01-11T02:33:00Z
usage_events-002081,EV-0002081,SU-00081,ST-0011,2026-01-11T02:40:00Z,data,70.2,mb,4.91,2026-01-11T02:40:00Z
usage_events-002082,EV-0002082,SU-00082,ST-0012,2026-01-11T02:47:00Z,sms,461.2,messages,1.32,2026-01-11T02:47:00Z
usage_events-002083,EV-0002083,SU-00083,ST-0013,2026-01-11T02:54:00Z,voice,308.5,minutes,0.07,2026-01-11T02:54:00Z
usage_events-002084,EV-0002084,SU-00084,ST-0014,2026-01-11T03:01:00Z,data,160.2,mb,1.47,2026-01-11T03:01:00Z
usage_events-002085,EV-0002085,SU-00085,ST-0015,2026-01-11T03:08:00Z,voice,219.2,minutes,4.16,2026-01-11T03:08:00Z
usage_events-002086,EV-0002086,SU-00086,ST-0016,2026-01-11T03:15:00Z,data,329.5,mb,4.55,2026-01-11T03:15:00Z
usage_events-002087,EV-0002087,SU-00087,ST-0017,2026-01-11T03:22:00Z,sms,120.8,messages,4.08,2026-01-11T03:22:00Z
usage_events-002088,EV-0002088,SU-00088,ST-0018,2026-01-11T03:29:00Z,data,293.9,mb,0.25,2026-01-11T03:29:00Z
usage_events-002089,EV-0002089,SU-00089,ST-0019,2026-01-11T03:36:00Z,voice,106.1,minutes,1.96,2026-01-11T03:36:00Z
usage_events-002090,EV-0002090,SU-00090,ST-0020,2026-01-11T03:43:00Z,voice,314.6,minutes,2.92,2026-01-11T03:43:00Z
usage_events-002091,EV-0002091,SU-00091,ST-0021,2026-01-11T03:50:00Z,voice,130.9,minutes,2.80,2026-01-11T03:50:00Z
usage_events-002092,EV-0002092,SU-00092,ST-0022,2026-01-11T03:57:00Z,sms,446.1,messages,3.24,2026-01-11T03:57:00Z
usage_events-002093,EV-0002093,SU-00093,ST-0023,2026-01-11T04:04:00Z,data,97.0,mb,4.29,2026-01-11T04:04:00Z
usage_events-002094,EV-0002094,SU-00094,ST-0024,2026-01-11T04:11:00Z,voice,209.6,minutes,2.30,2026-01-11T04:11:00Z
usage_events-002095,EV-0002095,SU-00095,ST-0025,2026-01-11T04:18:00Z,data,8.7,mb,4.96,2026-01-11T04:18:00Z
usage_events-002096,EV-0002096,SU-00096,ST-0026,2026-01-11T04:25:00Z,voice,283.8,minutes,4.52,2026-01-11T04:25:00Z
usage_events-002097,EV-0002097,SU-00097,ST-0027,2026-01-11T04:32:00Z,sms,302.5,messages,4.40,2026-01-11T04:32:00Z
usage_events-002098,EV-0002098,SU-00098,ST-0028,2026-01-11T04:39:00Z,data,107.4,mb,1.83,2026-01-11T04:39:00Z
usage_events-002099,EV-0002099,SU-00099,ST-0029,2026-01-11T04:46:00Z,voice,460.5,minutes,1.30,2026-01-11T04:46:00Z
usage_events-002100,EV-0002100,SU-00100,ST-0030,2026-01-11T04:53:00Z,data,321.3,mb,1.00,2026-01-11T04:53:00Z
usage_events-002101,EV-0002101,SU-00101,ST-0001,2026-01-11T05:00:00Z,sms,169.6,messages,1.86,2026-01-11T05:00:00Z
usage_events-002102,EV-0002102,SU-00102,ST-0002,2026-01-11T05:07:00Z,data,206.8,mb,0.60,2026-01-11T05:07:00Z
usage_events-002103,EV-0002103,SU-00103,ST-0003,2026-01-11T05:14:00Z,voice,222.6,minutes,0.34,2026-01-11T05:14:00Z
usage_events-002104,EV-0002104,SU-00104,ST-0004,2026-01-11T05:21:00Z,sms,153.3,messages,3.74,2026-01-11T05:21:00Z
usage_events-002105,EV-0002105,SU-00105,ST-0005,2026-01-11T05:28:00Z,voice,463.5,minutes,0.37,2026-01-11T05:28:00Z
usage_events-002106,EV-0002106,SU-00106,ST-0006,2026-01-11T05:35:00Z,data,432.7,mb,4.25,2026-01-11T05:35:00Z
usage_events-002107,EV-0002107,SU-00107,ST-0007,2026-01-11T05:42:00Z,voice,8.4,minutes,3.23,2026-01-11T05:42:00Z
usage_events-002108,EV-0002108,SU-00108,ST-0008,2026-01-11T05:49:00Z,data,376.8,mb,2.90,2026-01-11T05:49:00Z
usage_events-002109,EV-0002109,SU-00109,ST-0009,2026-01-11T05:56:00Z,voice,365.7,minutes,1.64,2026-01-11T05:56:00Z
usage_events-002110,EV-0002110,SU-00110,ST-0010,2026-01-11T06:03:00Z,voice,495.4,minutes,3.15,2026-01-11T06:03:00Z
usage_events-002111,EV-0002111,SU-00111,ST-0011,2026-01-11T06:10:00Z,sms,321.0,messages,0.41,2026-01-11T06:10:00Z
usage_events-002112,EV-0002112,SU-00112,ST-0012,2026-01-11T06:17:00Z,voice,329.3,minutes,1.48,2026-01-11T06:17:00Z
usage_events-002113,EV-0002113,SU-00113,ST-0013,2026-01-11T06:24:00Z,sms,220.8,messages,2.28,2026-01-11T06:24:00Z
usage_events-002114,EV-0002114,SU-00114,ST-0014,2026-01-11T06:31:00Z,data,447.8,mb,0.47,2026-01-11T06:31:00Z
usage_events-002115,EV-0002115,SU-00115,ST-0015,2026-01-11T06:38:00Z,voice,418.3,minutes,0.62,2026-01-11T06:38:00Z
usage_events-002116,EV-0002116,SU-00116,ST-0016,2026-01-11T06:45:00Z,voice,270.4,minutes,3.28,2026-01-11T06:45:00Z
usage_events-002117,EV-0002117,SU-00117,ST-0017,2026-01-11T06:52:00Z,sms,240.3,messages,3.11,2026-01-11T06:52:00Z
usage_events-002118,EV-0002118,SU-00118,ST-0018,2026-01-11T06:59:00Z,voice,459.7,minutes,4.13,2026-01-11T06:59:00Z
usage_events-002119,EV-0002119,SU-00119,ST-0019,2026-01-11T07:06:00Z,sms,36.3,messages,2.92,2026-01-11T07:06:00Z
usage_events-002120,EV-0002120,SU-00120,ST-0020,2026-01-11T07:13:00Z,sms,443.0,messages,0.90,2026-01-11T07:13:00Z
usage_events-002121,EV-0002121,SU-00121,ST-0021,2026-01-11T07:20:00Z,data,194.3,mb,2.34,2026-01-11T07:20:00Z
usage_events-002122,EV-0002122,SU-00122,ST-0022,2026-01-11T07:27:00Z,data,98.2,mb,3.17,2026-01-11T07:27:00Z
usage_events-002123,EV-0002123,SU-00123,ST-0023,2026-01-11T07:34:00Z,sms,240.1,messages,1.72,2026-01-11T07:34:00Z
usage_events-002124,EV-0002124,SU-00124,ST-0024,2026-01-11T07:41:00Z,sms,155.2,messages,0.40,2026-01-11T07:41:00Z
usage_events-002125,EV-0002125,SU-00125,ST-0025,2026-01-11T07:48:00Z,voice,2.0,minutes,1.50,2026-01-11T07:48:00Z
usage_events-002126,EV-0002126,SU-00126,ST-0026,2026-01-11T07:55:00Z,data,127.8,mb,1.08,2026-01-11T07:55:00Z
usage_events-002127,EV-0002127,SU-00127,ST-0027,2026-01-11T08:02:00Z,data,79.6,mb,1.34,2026-01-11T08:02:00Z
usage_events-002128,EV-0002128,SU-00128,ST-0028,2026-01-11T08:09:00Z,voice,27.4,minutes,4.06,2026-01-11T08:09:00Z
usage_events-002129,EV-0002129,SU-00129,ST-0029,2026-01-11T08:16:00Z,data,89.0,mb,4.94,2026-01-11T08:16:00Z
usage_events-002130,EV-0002130,SU-00130,ST-0030,2026-01-11T08:23:00Z,data,111.5,mb,2.54,2026-01-11T08:23:00Z
usage_events-002131,EV-0002131,SU-00131,ST-0001,2026-01-11T08:30:00Z,sms,391.2,messages,3.91,2026-01-11T08:30:00Z
usage_events-002132,EV-0002132,SU-00132,ST-0002,2026-01-11T08:37:00Z,sms,288.5,messages,1.93,2026-01-11T08:37:00Z
usage_events-002133,EV-0002133,SU-00133,ST-0003,2026-01-11T08:44:00Z,sms,44.4,messages,0.99,2026-01-11T08:44:00Z
usage_events-002134,EV-0002134,SU-00134,ST-0004,2026-01-11T08:51:00Z,sms,239.1,messages,1.76,2026-01-11T08:51:00Z
usage_events-002135,EV-0002135,SU-00135,ST-0005,2026-01-11T08:58:00Z,sms,451.5,messages,4.67,2026-01-11T08:58:00Z
usage_events-002136,EV-0002136,SU-00136,ST-0006,2026-01-11T09:05:00Z,data,143.2,mb,2.69,2026-01-11T09:05:00Z
usage_events-002137,EV-0002137,SU-00137,ST-0007,2026-01-11T09:12:00Z,data,447.9,mb,4.39,2026-01-11T09:12:00Z
usage_events-002138,EV-0002138,SU-00138,ST-0008,2026-01-11T09:19:00Z,voice,35.2,minutes,2.58,2026-01-11T09:19:00Z
usage_events-002139,EV-0002139,SU-00139,ST-0009,2026-01-11T09:26:00Z,data,48.9,mb,3.79,2026-01-11T09:26:00Z
usage_events-002140,EV-0002140,SU-00140,ST-0010,2026-01-11T09:33:00Z,voice,267.0,minutes,3.75,2026-01-11T09:33:00Z
usage_events-002141,EV-0002141,SU-00141,ST-0011,2026-01-11T09:40:00Z,sms,39.5,messages,2.30,2026-01-11T09:40:00Z
usage_events-002142,EV-0002142,SU-00142,ST-0012,2026-01-11T09:47:00Z,voice,48.0,minutes,4.36,2026-01-11T09:47:00Z
usage_events-002143,EV-0002143,SU-00143,ST-0013,2026-01-11T09:54:00Z,sms,165.9,messages,3.93,2026-01-11T09:54:00Z
usage_events-002144,EV-0002144,SU-00144,ST-0014,2026-01-11T10:01:00Z,data,353.2,mb,3.89,2026-01-11T10:01:00Z
usage_events-002145,EV-0002145,SU-00145,ST-0015,2026-01-11T10:08:00Z,voice,167.9,minutes,2.93,2026-01-11T10:08:00Z
usage_events-002146,EV-0002146,SU-00146,ST-0016,2026-01-11T10:15:00Z,sms,107.3,messages,4.52,2026-01-11T10:15:00Z
usage_events-002147,EV-0002147,SU-00147,ST-0017,2026-01-11T10:22:00Z,data,147.6,mb,3.67,2026-01-11T10:22:00Z
usage_events-002148,EV-0002148,SU-00148,ST-0018,2026-01-11T10:29:00Z,sms,124.0,messages,3.33,2026-01-11T10:29:00Z
usage_events-002149,EV-0002149,SU-00149,ST-0019,2026-01-11T10:36:00Z,voice,208.0,minutes,3.43,2026-01-11T10:36:00Z
usage_events-002150,EV-0002150,SU-00150,ST-0020,2026-01-11T10:43:00Z,voice,35.8,minutes,3.04,2026-01-11T10:43:00Z
usage_events-002151,EV-0002151,SU-00151,ST-0021,2026-01-11T10:50:00Z,sms,141.5,messages,2.00,2026-01-11T10:50:00Z
usage_events-002152,EV-0002152,SU-00152,ST-0022,2026-01-11T10:57:00Z,data,137.4,mb,1.81,2026-01-11T10:57:00Z
usage_events-002153,EV-0002153,SU-00153,ST-0023,2026-01-11T11:04:00Z,sms,178.4,messages,1.46,2026-01-11T11:04:00Z
usage_events-002154,EV-0002154,SU-00154,ST-0024,2026-01-11T11:11:00Z,sms,39.3,messages,4.59,2026-01-11T11:11:00Z
usage_events-002155,EV-0002155,SU-00155,ST-0025,2026-01-11T11:18:00Z,sms,184.4,messages,4.24,2026-01-11T11:18:00Z
usage_events-002156,EV-0002156,SU-00156,ST-0026,2026-01-11T11:25:00Z,voice,12.5,minutes,0.86,2026-01-11T11:25:00Z
usage_events-002157,EV-0002157,SU-00157,ST-0027,2026-01-11T11:32:00Z,data,297.1,mb,1.09,2026-01-11T11:32:00Z
usage_events-002158,EV-0002158,SU-00158,ST-0028,2026-01-11T11:39:00Z,voice,444.5,minutes,0.91,2026-01-11T11:39:00Z
usage_events-002159,EV-0002159,SU-00159,ST-0029,2026-01-11T11:46:00Z,data,152.2,mb,2.83,2026-01-11T11:46:00Z
usage_events-002160,EV-0002160,SU-00160,ST-0030,2026-01-11T11:53:00Z,data,465.3,mb,1.03,2026-01-11T11:53:00Z
usage_events-002161,EV-0002161,SU-00161,ST-0001,2026-01-11T12:00:00Z,voice,204.6,minutes,1.16,2026-01-11T12:00:00Z
usage_events-002162,EV-0002162,SU-00162,ST-0002,2026-01-11T12:07:00Z,data,364.8,mb,3.78,2026-01-11T12:07:00Z
usage_events-002163,EV-0002163,SU-00163,ST-0003,2026-01-11T12:14:00Z,voice,488.1,minutes,0.34,2026-01-11T12:14:00Z
usage_events-002164,EV-0002164,SU-00164,ST-0004,2026-01-11T12:21:00Z,sms,74.6,messages,3.92,2026-01-11T12:21:00Z
usage_events-002165,EV-0002165,SU-00165,ST-0005,2026-01-11T12:28:00Z,data,5.7,mb,4.07,2026-01-11T12:28:00Z
usage_events-002166,EV-0002166,SU-00166,ST-0006,2026-01-11T12:35:00Z,data,278.3,mb,1.10,2026-01-11T12:35:00Z
usage_events-002167,EV-0002167,SU-00167,ST-0007,2026-01-11T12:42:00Z,sms,317.5,messages,0.25,2026-01-11T12:42:00Z
usage_events-002168,EV-0002168,SU-00168,ST-0008,2026-01-11T12:49:00Z,voice,191.7,minutes,4.33,2026-01-11T12:49:00Z
usage_events-002169,EV-0002169,SU-00169,ST-0009,2026-01-11T12:56:00Z,data,33.4,mb,3.85,2026-01-11T12:56:00Z
usage_events-002170,EV-0002170,SU-00170,ST-0010,2026-01-11T13:03:00Z,sms,447.0,messages,3.43,2026-01-11T13:03:00Z
usage_events-002171,EV-0002171,SU-00171,ST-0011,2026-01-11T13:10:00Z,voice,238.8,minutes,4.88,2026-01-11T13:10:00Z
usage_events-002172,EV-0002172,SU-00172,ST-0012,2026-01-11T13:17:00Z,voice,70.7,minutes,3.33,2026-01-11T13:17:00Z
usage_events-002173,EV-0002173,SU-00173,ST-0013,2026-01-11T13:24:00Z,sms,13.6,messages,2.82,2026-01-11T13:24:00Z
usage_events-002174,EV-0002174,SU-00174,ST-0014,2026-01-11T13:31:00Z,data,116.5,mb,4.08,2026-01-11T13:31:00Z
usage_events-002175,EV-0002175,SU-00175,ST-0015,2026-01-11T13:38:00Z,data,304.9,mb,3.14,2026-01-11T13:38:00Z
usage_events-002176,EV-0002176,SU-00176,ST-0016,2026-01-11T13:45:00Z,data,361.1,mb,1.30,2026-01-11T13:45:00Z
usage_events-002177,EV-0002177,SU-00177,ST-0017,2026-01-11T13:52:00Z,data,96.4,mb,1.80,2026-01-11T13:52:00Z
usage_events-002178,EV-0002178,SU-00178,ST-0018,2026-01-11T13:59:00Z,voice,482.0,minutes,4.99,2026-01-11T13:59:00Z
usage_events-002179,EV-0002179,SU-00179,ST-0019,2026-01-11T14:06:00Z,voice,63.2,minutes,0.09,2026-01-11T14:06:00Z
usage_events-002180,EV-0002180,SU-00180,ST-0020,2026-01-11T14:13:00Z,sms,282.8,messages,1.38,2026-01-11T14:13:00Z
usage_events-002181,EV-0002181,SU-00181,ST-0021,2026-01-11T14:20:00Z,data,201.5,mb,1.35,2026-01-11T14:20:00Z
usage_events-002182,EV-0002182,SU-00182,ST-0022,2026-01-11T14:27:00Z,data,253.8,mb,3.89,2026-01-11T14:27:00Z
usage_events-002183,EV-0002183,SU-00183,ST-0023,2026-01-11T14:34:00Z,data,446.2,mb,4.18,2026-01-11T14:34:00Z
usage_events-002184,EV-0002184,SU-00184,ST-0024,2026-01-11T14:41:00Z,data,388.1,mb,4.13,2026-01-11T14:41:00Z
usage_events-002185,EV-0002185,SU-00185,ST-0025,2026-01-11T14:48:00Z,voice,335.0,minutes,2.13,2026-01-11T14:48:00Z
usage_events-002186,EV-0002186,SU-00186,ST-0026,2026-01-11T14:55:00Z,data,399.8,mb,0.11,2026-01-11T14:55:00Z
usage_events-002187,EV-0002187,SU-00187,ST-0027,2026-01-11T15:02:00Z,data,19.7,mb,3.45,2026-01-11T15:02:00Z
usage_events-002188,EV-0002188,SU-00188,ST-0028,2026-01-11T15:09:00Z,voice,465.0,minutes,2.33,2026-01-11T15:09:00Z
usage_events-002189,EV-0002189,SU-00189,ST-0029,2026-01-11T15:16:00Z,sms,305.2,messages,2.68,2026-01-11T15:16:00Z
usage_events-002190,EV-0002190,SU-00190,ST-0030,2026-01-11T15:23:00Z,data,215.3,mb,2.89,2026-01-11T15:23:00Z
usage_events-002191,EV-0002191,SU-00191,ST-0001,2026-01-11T15:30:00Z,data,112.5,mb,0.95,2026-01-11T15:30:00Z
usage_events-002192,EV-0002192,SU-00192,ST-0002,2026-01-11T15:37:00Z,sms,197.7,messages,4.70,2026-01-11T15:37:00Z
usage_events-002193,EV-0002193,SU-00193,ST-0003,2026-01-11T15:44:00Z,data,46.8,mb,4.74,2026-01-11T15:44:00Z
usage_events-002194,EV-0002194,SU-00194,ST-0004,2026-01-11T15:51:00Z,data,33.8,mb,1.31,2026-01-11T15:51:00Z
usage_events-002195,EV-0002195,SU-00195,ST-0005,2026-01-11T15:58:00Z,voice,280.2,minutes,0.77,2026-01-11T15:58:00Z
usage_events-002196,EV-0002196,SU-00196,ST-0006,2026-01-11T16:05:00Z,sms,23.7,messages,4.44,2026-01-11T16:05:00Z
usage_events-002197,EV-0002197,SU-00197,ST-0007,2026-01-11T16:12:00Z,data,123.7,mb,4.33,2026-01-11T16:12:00Z
usage_events-002198,EV-0002198,SU-00198,ST-0008,2026-01-11T16:19:00Z,voice,406.5,minutes,0.50,2026-01-11T16:19:00Z
usage_events-002199,EV-0002199,SU-00199,ST-0009,2026-01-11T16:26:00Z,data,478.5,mb,3.37,2026-01-11T16:26:00Z
usage_events-002200,EV-0002200,SU-00200,ST-0010,2026-01-11T16:33:00Z,voice,304.8,minutes,3.55,2026-01-11T16:33:00Z
usage_events-002201,EV-0002201,SU-00201,ST-0011,2026-01-11T16:40:00Z,voice,275.4,minutes,4.91,2026-01-11T16:40:00Z
usage_events-002202,EV-0002202,SU-00202,ST-0012,2026-01-11T16:47:00Z,sms,396.7,messages,4.35,2026-01-11T16:47:00Z
usage_events-002203,EV-0002203,SU-00203,ST-0013,2026-01-11T16:54:00Z,voice,40.6,minutes,2.43,2026-01-11T16:54:00Z
usage_events-002204,EV-0002204,SU-00204,ST-0014,2026-01-11T17:01:00Z,data,258.1,mb,2.50,2026-01-11T17:01:00Z
usage_events-002205,EV-0002205,SU-00205,ST-0015,2026-01-11T17:08:00Z,voice,170.3,minutes,4.18,2026-01-11T17:08:00Z
usage_events-002206,EV-0002206,SU-00206,ST-0016,2026-01-11T17:15:00Z,voice,256.6,minutes,0.72,2026-01-11T17:15:00Z
usage_events-002207,EV-0002207,SU-00207,ST-0017,2026-01-11T17:22:00Z,sms,47.5,messages,1.39,2026-01-11T17:22:00Z
usage_events-002208,EV-0002208,SU-00208,ST-0018,2026-01-11T17:29:00Z,sms,400.2,messages,2.05,2026-01-11T17:29:00Z
usage_events-002209,EV-0002209,SU-00209,ST-0019,2026-01-11T17:36:00Z,sms,304.7,messages,3.85,2026-01-11T17:36:00Z
usage_events-002210,EV-0002210,SU-00210,ST-0020,2026-01-11T17:43:00Z,voice,148.6,minutes,1.06,2026-01-11T17:43:00Z
usage_events-002211,EV-0002211,SU-00211,ST-0021,2026-01-11T17:50:00Z,data,92.9,mb,2.40,2026-01-11T17:50:00Z
usage_events-002212,EV-0002212,SU-00212,ST-0022,2026-01-11T17:57:00Z,data,216.2,mb,3.44,2026-01-11T17:57:00Z
usage_events-002213,EV-0002213,SU-00213,ST-0023,2026-01-11T18:04:00Z,data,343.0,mb,3.36,2026-01-11T18:04:00Z
usage_events-002214,EV-0002214,SU-00214,ST-0024,2026-01-11T18:11:00Z,voice,2.7,minutes,0.44,2026-01-11T18:11:00Z
usage_events-002215,EV-0002215,SU-00215,ST-0025,2026-01-11T18:18:00Z,voice,58.9,minutes,3.70,2026-01-11T18:18:00Z
usage_events-002216,EV-0002216,SU-00216,ST-0026,2026-01-11T18:25:00Z,data,410.6,mb,1.56,2026-01-11T18:25:00Z
usage_events-002217,EV-0002217,SU-00217,ST-0027,2026-01-11T18:32:00Z,sms,303.4,messages,4.40,2026-01-11T18:32:00Z
usage_events-002218,EV-0002218,SU-00218,ST-0028,2026-01-11T18:39:00Z,data,448.5,mb,4.74,2026-01-11T18:39:00Z
usage_events-002219,EV-0002219,SU-00219,ST-0029,2026-01-11T18:46:00Z,data,491.9,mb,0.79,2026-01-11T18:46:00Z
usage_events-002220,EV-0002220,SU-00220,ST-0030,2026-01-11T18:53:00Z,sms,132.8,messages,2.21,2026-01-11T18:53:00Z
usage_events-002221,EV-0002221,SU-00221,ST-0001,2026-01-11T19:00:00Z,voice,179.5,minutes,3.84,2026-01-11T19:00:00Z
usage_events-002222,EV-0002222,SU-00222,ST-0002,2026-01-11T19:07:00Z,voice,336.2,minutes,1.45,2026-01-11T19:07:00Z
usage_events-002223,EV-0002223,SU-00223,ST-0003,2026-01-11T19:14:00Z,sms,240.2,messages,1.81,2026-01-11T19:14:00Z
usage_events-002224,EV-0002224,SU-00224,ST-0004,2026-01-11T19:21:00Z,voice,168.8,minutes,4.19,2026-01-11T19:21:00Z
usage_events-002225,EV-0002225,SU-00225,ST-0005,2026-01-11T19:28:00Z,voice,26.5,minutes,4.48,2026-01-11T19:28:00Z
usage_events-002226,EV-0002226,SU-00226,ST-0006,2026-01-11T19:35:00Z,voice,154.3,minutes,3.66,2026-01-11T19:35:00Z
usage_events-002227,EV-0002227,SU-00227,ST-0007,2026-01-11T19:42:00Z,voice,150.8,minutes,1.10,2026-01-11T19:42:00Z
usage_events-002228,EV-0002228,SU-00228,ST-0008,2026-01-11T19:49:00Z,data,396.8,mb,3.08,2026-01-11T19:49:00Z
usage_events-002229,EV-0002229,SU-00229,ST-0009,2026-01-11T19:56:00Z,sms,92.6,messages,0.67,2026-01-11T19:56:00Z
usage_events-002230,EV-0002230,SU-00230,ST-0010,2026-01-11T20:03:00Z,voice,459.9,minutes,4.13,2026-01-11T20:03:00Z
usage_events-002231,EV-0002231,SU-00231,ST-0011,2026-01-11T20:10:00Z,data,297.4,mb,3.69,2026-01-11T20:10:00Z
usage_events-002232,EV-0002232,SU-00232,ST-0012,2026-01-11T20:17:00Z,data,33.6,mb,0.85,2026-01-11T20:17:00Z
usage_events-002233,EV-0002233,SU-00233,ST-0013,2026-01-11T20:24:00Z,sms,35.1,messages,1.23,2026-01-11T20:24:00Z
usage_events-002234,EV-0002234,SU-00234,ST-0014,2026-01-11T20:31:00Z,data,23.5,mb,0.09,2026-01-11T20:31:00Z
usage_events-002235,EV-0002235,SU-00235,ST-0015,2026-01-11T20:38:00Z,data,117.6,mb,4.23,2026-01-11T20:38:00Z
usage_events-002236,EV-0002236,SU-00236,ST-0016,2026-01-11T20:45:00Z,sms,319.0,messages,1.59,2026-01-11T20:45:00Z
usage_events-002237,EV-0002237,SU-00237,ST-0017,2026-01-11T20:52:00Z,data,451.2,mb,1.21,2026-01-11T20:52:00Z
usage_events-002238,EV-0002238,SU-00238,ST-0018,2026-01-11T20:59:00Z,voice,88.0,minutes,0.32,2026-01-11T20:59:00Z
usage_events-002239,EV-0002239,SU-00239,ST-0019,2026-01-11T21:06:00Z,sms,374.1,messages,4.76,2026-01-11T21:06:00Z
usage_events-002240,EV-0002240,SU-00240,ST-0020,2026-01-11T21:13:00Z,sms,97.3,messages,4.88,2026-01-11T21:13:00Z
usage_events-002241,EV-0002241,SU-00241,ST-0021,2026-01-11T21:20:00Z,voice,309.3,minutes,3.62,2026-01-11T21:20:00Z
usage_events-002242,EV-0002242,SU-00242,ST-0022,2026-01-11T21:27:00Z,sms,226.8,messages,1.11,2026-01-11T21:27:00Z
usage_events-002243,EV-0002243,SU-00243,ST-0023,2026-01-11T21:34:00Z,sms,109.0,messages,1.31,2026-01-11T21:34:00Z
usage_events-002244,EV-0002244,SU-00244,ST-0024,2026-01-11T21:41:00Z,sms,492.8,messages,2.18,2026-01-11T21:41:00Z
usage_events-002245,EV-0002245,SU-00245,ST-0025,2026-01-11T21:48:00Z,sms,437.7,messages,4.31,2026-01-11T21:48:00Z
usage_events-002246,EV-0002246,SU-00246,ST-0026,2026-01-11T21:55:00Z,voice,295.8,minutes,2.04,2026-01-11T21:55:00Z
usage_events-002247,EV-0002247,SU-00247,ST-0027,2026-01-11T22:02:00Z,data,348.1,mb,3.84,2026-01-11T22:02:00Z
usage_events-002248,EV-0002248,SU-00248,ST-0028,2026-01-11T22:09:00Z,data,19.0,mb,2.84,2026-01-11T22:09:00Z
usage_events-002249,EV-0002249,SU-00249,ST-0029,2026-01-11T22:16:00Z,voice,177.2,minutes,1.74,2026-01-11T22:16:00Z
usage_events-002250,EV-0002250,SU-00250,ST-0030,2026-01-11T22:23:00Z,sms,173.9,messages,1.44,2026-01-11T22:23:00Z
usage_events-002251,EV-0002251,SU-00001,ST-0001,2026-01-11T22:30:00Z,sms,142.8,messages,3.50,2026-01-11T22:30:00Z
usage_events-002252,EV-0002252,SU-00002,ST-0002,2026-01-11T22:37:00Z,data,373.5,mb,1.00,2026-01-11T22:37:00Z
usage_events-002253,EV-0002253,SU-00003,ST-0003,2026-01-11T22:44:00Z,voice,243.0,minutes,1.07,2026-01-11T22:44:00Z
usage_events-002254,EV-0002254,SU-00004,ST-0004,2026-01-11T22:51:00Z,voice,162.3,minutes,2.68,2026-01-11T22:51:00Z
usage_events-002255,EV-0002255,SU-00005,ST-0005,2026-01-11T22:58:00Z,data,83.2,mb,0.49,2026-01-11T22:58:00Z
usage_events-002256,EV-0002256,SU-00006,ST-0006,2026-01-11T23:05:00Z,voice,320.3,minutes,2.69,2026-01-11T23:05:00Z
usage_events-002257,EV-0002257,SU-00007,ST-0007,2026-01-11T23:12:00Z,voice,106.3,minutes,4.39,2026-01-11T23:12:00Z
usage_events-002258,EV-0002258,SU-00008,ST-0008,2026-01-11T23:19:00Z,voice,310.1,minutes,1.47,2026-01-11T23:19:00Z
usage_events-002259,EV-0002259,SU-00009,ST-0009,2026-01-11T23:26:00Z,data,245.1,mb,2.13,2026-01-11T23:26:00Z
usage_events-002260,EV-0002260,SU-00010,ST-0010,2026-01-11T23:33:00Z,data,115.0,mb,3.38,2026-01-11T23:33:00Z
usage_events-002261,EV-0002261,SU-00011,ST-0011,2026-01-11T23:40:00Z,sms,284.6,messages,3.75,2026-01-11T23:40:00Z
usage_events-002262,EV-0002262,SU-00012,ST-0012,2026-01-11T23:47:00Z,voice,203.3,minutes,4.45,2026-01-11T23:47:00Z
usage_events-002263,EV-0002263,SU-00013,ST-0013,2026-01-11T23:54:00Z,voice,181.6,minutes,0.75,2026-01-11T23:54:00Z
usage_events-002264,EV-0002264,SU-00014,ST-0014,2026-01-12T00:01:00Z,voice,490.7,minutes,1.34,2026-01-12T00:01:00Z
usage_events-002265,EV-0002265,SU-00015,ST-0015,2026-01-12T00:08:00Z,voice,63.3,minutes,4.51,2026-01-12T00:08:00Z
usage_events-002266,EV-0002266,SU-00016,ST-0016,2026-01-12T00:15:00Z,sms,153.8,messages,3.35,2026-01-12T00:15:00Z
usage_events-002267,EV-0002267,SU-00017,ST-0017,2026-01-12T00:22:00Z,data,122.1,mb,4.24,2026-01-12T00:22:00Z
usage_events-002268,EV-0002268,SU-00018,ST-0018,2026-01-12T00:29:00Z,data,137.6,mb,2.99,2026-01-12T00:29:00Z
usage_events-002269,EV-0002269,SU-00019,ST-0019,2026-01-12T00:36:00Z,data,10.7,mb,4.87,2026-01-12T00:36:00Z
usage_events-002270,EV-0002270,SU-00020,ST-0020,2026-01-12T00:43:00Z,voice,115.8,minutes,3.72,2026-01-12T00:43:00Z
usage_events-002271,EV-0002271,SU-00021,ST-0021,2026-01-12T00:50:00Z,data,385.6,mb,1.09,2026-01-12T00:50:00Z
usage_events-002272,EV-0002272,SU-00022,ST-0022,2026-01-12T00:57:00Z,voice,352.1,minutes,3.88,2026-01-12T00:57:00Z
usage_events-002273,EV-0002273,SU-00023,ST-0023,2026-01-12T01:04:00Z,sms,281.7,messages,4.84,2026-01-12T01:04:00Z
usage_events-002274,EV-0002274,SU-00024,ST-0024,2026-01-12T01:11:00Z,data,42.5,mb,4.87,2026-01-12T01:11:00Z
usage_events-002275,EV-0002275,SU-00025,ST-0025,2026-01-12T01:18:00Z,data,292.5,mb,1.74,2026-01-12T01:18:00Z
usage_events-002276,EV-0002276,SU-00026,ST-0026,2026-01-12T01:25:00Z,sms,413.0,messages,3.37,2026-01-12T01:25:00Z
usage_events-002277,EV-0002277,SU-00027,ST-0027,2026-01-12T01:32:00Z,sms,451.5,messages,0.50,2026-01-12T01:32:00Z
usage_events-002278,EV-0002278,SU-00028,ST-0028,2026-01-12T01:39:00Z,data,402.9,mb,4.08,2026-01-12T01:39:00Z
usage_events-002279,EV-0002279,SU-00029,ST-0029,2026-01-12T01:46:00Z,data,182.3,mb,1.43,2026-01-12T01:46:00Z
usage_events-002280,EV-0002280,SU-00030,ST-0030,2026-01-12T01:53:00Z,voice,182.1,minutes,2.69,2026-01-12T01:53:00Z
usage_events-002281,EV-0002281,SU-00031,ST-0001,2026-01-12T02:00:00Z,data,34.2,mb,2.11,2026-01-12T02:00:00Z
usage_events-002282,EV-0002282,SU-00032,ST-0002,2026-01-12T02:07:00Z,data,394.5,mb,4.46,2026-01-12T02:07:00Z
usage_events-002283,EV-0002283,SU-00033,ST-0003,2026-01-12T02:14:00Z,data,493.9,mb,2.96,2026-01-12T02:14:00Z
usage_events-002284,EV-0002284,SU-00034,ST-0004,2026-01-12T02:21:00Z,voice,414.7,minutes,0.99,2026-01-12T02:21:00Z
usage_events-002285,EV-0002285,SU-00035,ST-0005,2026-01-12T02:28:00Z,data,22.3,mb,2.03,2026-01-12T02:28:00Z
usage_events-002286,EV-0002286,SU-00036,ST-0006,2026-01-12T02:35:00Z,voice,251.4,minutes,2.26,2026-01-12T02:35:00Z
usage_events-002287,EV-0002287,SU-00037,ST-0007,2026-01-12T02:42:00Z,sms,326.0,messages,1.07,2026-01-12T02:42:00Z
usage_events-002288,EV-0002288,SU-00038,ST-0008,2026-01-12T02:49:00Z,sms,33.6,messages,3.81,2026-01-12T02:49:00Z
usage_events-002289,EV-0002289,SU-00039,ST-0009,2026-01-12T02:56:00Z,sms,375.5,messages,1.02,2026-01-12T02:56:00Z
usage_events-002290,EV-0002290,SU-00040,ST-0010,2026-01-12T03:03:00Z,voice,290.3,minutes,0.50,2026-01-12T03:03:00Z
usage_events-002291,EV-0002291,SU-00041,ST-0011,2026-01-12T03:10:00Z,voice,221.3,minutes,0.67,2026-01-12T03:10:00Z
usage_events-002292,EV-0002292,SU-00042,ST-0012,2026-01-12T03:17:00Z,voice,254.7,minutes,1.30,2026-01-12T03:17:00Z
usage_events-002293,EV-0002293,SU-00043,ST-0013,2026-01-12T03:24:00Z,data,244.1,mb,2.09,2026-01-12T03:24:00Z
usage_events-002294,EV-0002294,SU-00044,ST-0014,2026-01-12T03:31:00Z,voice,388.3,minutes,3.31,2026-01-12T03:31:00Z
usage_events-002295,EV-0002295,SU-00045,ST-0015,2026-01-12T03:38:00Z,voice,494.1,minutes,2.58,2026-01-12T03:38:00Z
usage_events-002296,EV-0002296,SU-00046,ST-0016,2026-01-12T03:45:00Z,data,16.4,mb,4.84,2026-01-12T03:45:00Z
usage_events-002297,EV-0002297,SU-00047,ST-0017,2026-01-12T03:52:00Z,voice,71.3,minutes,3.40,2026-01-12T03:52:00Z
usage_events-002298,EV-0002298,SU-00048,ST-0018,2026-01-12T03:59:00Z,sms,199.7,messages,3.13,2026-01-12T03:59:00Z
usage_events-002299,EV-0002299,SU-00049,ST-0019,2026-01-12T04:06:00Z,voice,287.7,minutes,2.67,2026-01-12T04:06:00Z
usage_events-002300,EV-0002300,SU-00050,ST-0020,2026-01-12T04:13:00Z,data,436.2,mb,2.93,2026-01-12T04:13:00Z
usage_events-002301,EV-0002301,SU-00051,ST-0021,2026-01-12T04:20:00Z,sms,74.8,messages,2.20,2026-01-12T04:20:00Z
usage_events-002302,EV-0002302,SU-00052,ST-0022,2026-01-12T04:27:00Z,voice,130.3,minutes,3.08,2026-01-12T04:27:00Z
usage_events-002303,EV-0002303,SU-00053,ST-0023,2026-01-12T04:34:00Z,sms,5.1,messages,3.04,2026-01-12T04:34:00Z
usage_events-002304,EV-0002304,SU-00054,ST-0024,2026-01-12T04:41:00Z,sms,272.8,messages,4.59,2026-01-12T04:41:00Z
usage_events-002305,EV-0002305,SU-00055,ST-0025,2026-01-12T04:48:00Z,data,80.1,mb,0.20,2026-01-12T04:48:00Z
usage_events-002306,EV-0002306,SU-00056,ST-0026,2026-01-12T04:55:00Z,voice,190.1,minutes,2.66,2026-01-12T04:55:00Z
usage_events-002307,EV-0002307,SU-00057,ST-0027,2026-01-12T05:02:00Z,sms,175.3,messages,3.03,2026-01-12T05:02:00Z
usage_events-002308,EV-0002308,SU-00058,ST-0028,2026-01-12T05:09:00Z,sms,28.8,messages,3.05,2026-01-12T05:09:00Z
usage_events-002309,EV-0002309,SU-00059,ST-0029,2026-01-12T05:16:00Z,sms,28.9,messages,0.29,2026-01-12T05:16:00Z
usage_events-002310,EV-0002310,SU-00060,ST-0030,2026-01-12T05:23:00Z,sms,417.0,messages,4.08,2026-01-12T05:23:00Z
usage_events-002311,EV-0002311,SU-00061,ST-0001,2026-01-12T05:30:00Z,voice,234.8,minutes,4.34,2026-01-12T05:30:00Z
usage_events-002312,EV-0002312,SU-00062,ST-0002,2026-01-12T05:37:00Z,data,268.3,mb,2.06,2026-01-12T05:37:00Z
usage_events-002313,EV-0002313,SU-00063,ST-0003,2026-01-12T05:44:00Z,sms,316.8,messages,3.76,2026-01-12T05:44:00Z
usage_events-002314,EV-0002314,SU-00064,ST-0004,2026-01-12T05:51:00Z,data,230.6,mb,2.93,2026-01-12T05:51:00Z
usage_events-002315,EV-0002315,SU-00065,ST-0005,2026-01-12T05:58:00Z,voice,258.0,minutes,3.35,2026-01-12T05:58:00Z
usage_events-002316,EV-0002316,SU-00066,ST-0006,2026-01-12T06:05:00Z,sms,421.3,messages,1.75,2026-01-12T06:05:00Z
usage_events-002317,EV-0002317,SU-00067,ST-0007,2026-01-12T06:12:00Z,data,338.6,mb,1.65,2026-01-12T06:12:00Z
usage_events-002318,EV-0002318,SU-00068,ST-0008,2026-01-12T06:19:00Z,voice,435.7,minutes,2.38,2026-01-12T06:19:00Z
usage_events-002319,EV-0002319,SU-00069,ST-0009,2026-01-12T06:26:00Z,sms,281.4,messages,0.90,2026-01-12T06:26:00Z
usage_events-002320,EV-0002320,SU-00070,ST-0010,2026-01-12T06:33:00Z,data,495.3,mb,4.77,2026-01-12T06:33:00Z
usage_events-002321,EV-0002321,SU-00071,ST-0011,2026-01-12T06:40:00Z,voice,303.8,minutes,0.35,2026-01-12T06:40:00Z
usage_events-002322,EV-0002322,SU-00072,ST-0012,2026-01-12T06:47:00Z,sms,4.9,messages,4.15,2026-01-12T06:47:00Z
usage_events-002323,EV-0002323,SU-00073,ST-0013,2026-01-12T06:54:00Z,voice,164.1,minutes,2.88,2026-01-12T06:54:00Z
usage_events-002324,EV-0002324,SU-00074,ST-0014,2026-01-12T07:01:00Z,sms,65.7,messages,4.74,2026-01-12T07:01:00Z
usage_events-002325,EV-0002325,SU-00075,ST-0015,2026-01-12T07:08:00Z,voice,12.7,minutes,1.68,2026-01-12T07:08:00Z
usage_events-002326,EV-0002326,SU-00076,ST-0016,2026-01-12T07:15:00Z,data,446.0,mb,3.25,2026-01-12T07:15:00Z
usage_events-002327,EV-0002327,SU-00077,ST-0017,2026-01-12T07:22:00Z,voice,10.1,minutes,1.06,2026-01-12T07:22:00Z
usage_events-002328,EV-0002328,SU-00078,ST-0018,2026-01-12T07:29:00Z,data,384.0,mb,4.87,2026-01-12T07:29:00Z
usage_events-002329,EV-0002329,SU-00079,ST-0019,2026-01-12T07:36:00Z,voice,393.6,minutes,2.92,2026-01-12T07:36:00Z
usage_events-002330,EV-0002330,SU-00080,ST-0020,2026-01-12T07:43:00Z,data,37.6,mb,2.92,2026-01-12T07:43:00Z
usage_events-002331,EV-0002331,SU-00081,ST-0021,2026-01-12T07:50:00Z,voice,293.7,minutes,1.96,2026-01-12T07:50:00Z
usage_events-002332,EV-0002332,SU-00082,ST-0022,2026-01-12T07:57:00Z,data,455.9,mb,0.45,2026-01-12T07:57:00Z
usage_events-002333,EV-0002333,SU-00083,ST-0023,2026-01-12T08:04:00Z,data,71.0,mb,4.22,2026-01-12T08:04:00Z
usage_events-002334,EV-0002334,SU-00084,ST-0024,2026-01-12T08:11:00Z,sms,176.9,messages,1.76,2026-01-12T08:11:00Z
usage_events-002335,EV-0002335,SU-00085,ST-0025,2026-01-12T08:18:00Z,sms,260.3,messages,1.34,2026-01-12T08:18:00Z
usage_events-002336,EV-0002336,SU-00086,ST-0026,2026-01-12T08:25:00Z,data,273.5,mb,2.51,2026-01-12T08:25:00Z
usage_events-002337,EV-0002337,SU-00087,ST-0027,2026-01-12T08:32:00Z,data,485.7,mb,4.76,2026-01-12T08:32:00Z
usage_events-002338,EV-0002338,SU-00088,ST-0028,2026-01-12T08:39:00Z,voice,305.0,minutes,4.29,2026-01-12T08:39:00Z
usage_events-002339,EV-0002339,SU-00089,ST-0029,2026-01-12T08:46:00Z,sms,251.4,messages,3.88,2026-01-12T08:46:00Z
usage_events-002340,EV-0002340,SU-00090,ST-0030,2026-01-12T08:53:00Z,voice,358.1,minutes,4.38,2026-01-12T08:53:00Z
usage_events-002341,EV-0002341,SU-00091,ST-0001,2026-01-12T09:00:00Z,voice,28.8,minutes,3.07,2026-01-12T09:00:00Z
usage_events-002342,EV-0002342,SU-00092,ST-0002,2026-01-12T09:07:00Z,voice,159.4,minutes,0.75,2026-01-12T09:07:00Z
usage_events-002343,EV-0002343,SU-00093,ST-0003,2026-01-12T09:14:00Z,sms,218.2,messages,4.48,2026-01-12T09:14:00Z
usage_events-002344,EV-0002344,SU-00094,ST-0004,2026-01-12T09:21:00Z,voice,407.6,minutes,0.36,2026-01-12T09:21:00Z
usage_events-002345,EV-0002345,SU-00095,ST-0005,2026-01-12T09:28:00Z,voice,69.8,minutes,3.66,2026-01-12T09:28:00Z
usage_events-002346,EV-0002346,SU-00096,ST-0006,2026-01-12T09:35:00Z,voice,491.6,minutes,4.09,2026-01-12T09:35:00Z
usage_events-002347,EV-0002347,SU-00097,ST-0007,2026-01-12T09:42:00Z,voice,138.4,minutes,4.34,2026-01-12T09:42:00Z
usage_events-002348,EV-0002348,SU-00098,ST-0008,2026-01-12T09:49:00Z,sms,497.9,messages,0.60,2026-01-12T09:49:00Z
usage_events-002349,EV-0002349,SU-00099,ST-0009,2026-01-12T09:56:00Z,voice,69.4,minutes,2.37,2026-01-12T09:56:00Z
usage_events-002350,EV-0002350,SU-00100,ST-0010,2026-01-12T10:03:00Z,sms,338.3,messages,0.73,2026-01-12T10:03:00Z
usage_events-002351,EV-0002351,SU-00101,ST-0011,2026-01-12T10:10:00Z,sms,171.7,messages,3.39,2026-01-12T10:10:00Z
usage_events-002352,EV-0002352,SU-00102,ST-0012,2026-01-12T10:17:00Z,sms,362.4,messages,0.10,2026-01-12T10:17:00Z
usage_events-002353,EV-0002353,SU-00103,ST-0013,2026-01-12T10:24:00Z,voice,108.2,minutes,1.70,2026-01-12T10:24:00Z
usage_events-002354,EV-0002354,SU-00104,ST-0014,2026-01-12T10:31:00Z,voice,402.0,minutes,3.36,2026-01-12T10:31:00Z
usage_events-002355,EV-0002355,SU-00105,ST-0015,2026-01-12T10:38:00Z,data,303.7,mb,2.57,2026-01-12T10:38:00Z
usage_events-002356,EV-0002356,SU-00106,ST-0016,2026-01-12T10:45:00Z,voice,199.2,minutes,4.08,2026-01-12T10:45:00Z
usage_events-002357,EV-0002357,SU-00107,ST-0017,2026-01-12T10:52:00Z,voice,25.3,minutes,2.36,2026-01-12T10:52:00Z
usage_events-002358,EV-0002358,SU-00108,ST-0018,2026-01-12T10:59:00Z,voice,410.0,minutes,0.52,2026-01-12T10:59:00Z
usage_events-002359,EV-0002359,SU-00109,ST-0019,2026-01-12T11:06:00Z,voice,84.4,minutes,3.79,2026-01-12T11:06:00Z
usage_events-002360,EV-0002360,SU-00110,ST-0020,2026-01-12T11:13:00Z,data,374.3,mb,4.95,2026-01-12T11:13:00Z
usage_events-002361,EV-0002361,SU-00111,ST-0021,2026-01-12T11:20:00Z,voice,418.4,minutes,4.32,2026-01-12T11:20:00Z
usage_events-002362,EV-0002362,SU-00112,ST-0022,2026-01-12T11:27:00Z,voice,101.0,minutes,4.21,2026-01-12T11:27:00Z
usage_events-002363,EV-0002363,SU-00113,ST-0023,2026-01-12T11:34:00Z,sms,496.8,messages,2.94,2026-01-12T11:34:00Z
usage_events-002364,EV-0002364,SU-00114,ST-0024,2026-01-12T11:41:00Z,data,104.9,mb,3.74,2026-01-12T11:41:00Z
usage_events-002365,EV-0002365,SU-00115,ST-0025,2026-01-12T11:48:00Z,sms,223.1,messages,0.42,2026-01-12T11:48:00Z
usage_events-002366,EV-0002366,SU-00116,ST-0026,2026-01-12T11:55:00Z,voice,127.1,minutes,2.24,2026-01-12T11:55:00Z
usage_events-002367,EV-0002367,SU-00117,ST-0027,2026-01-12T12:02:00Z,voice,141.8,minutes,1.31,2026-01-12T12:02:00Z
usage_events-002368,EV-0002368,SU-00118,ST-0028,2026-01-12T12:09:00Z,voice,162.1,minutes,0.47,2026-01-12T12:09:00Z
usage_events-002369,EV-0002369,SU-00119,ST-0029,2026-01-12T12:16:00Z,voice,120.0,minutes,4.40,2026-01-12T12:16:00Z
usage_events-002370,EV-0002370,SU-00120,ST-0030,2026-01-12T12:23:00Z,sms,400.0,messages,0.56,2026-01-12T12:23:00Z
usage_events-002371,EV-0002371,SU-00121,ST-0001,2026-01-12T12:30:00Z,data,224.7,mb,0.91,2026-01-12T12:30:00Z
usage_events-002372,EV-0002372,SU-00122,ST-0002,2026-01-12T12:37:00Z,voice,385.4,minutes,3.60,2026-01-12T12:37:00Z
usage_events-002373,EV-0002373,SU-00123,ST-0003,2026-01-12T12:44:00Z,data,315.6,mb,3.37,2026-01-12T12:44:00Z
usage_events-002374,EV-0002374,SU-00124,ST-0004,2026-01-12T12:51:00Z,voice,20.5,minutes,2.08,2026-01-12T12:51:00Z
usage_events-002375,EV-0002375,SU-00125,ST-0005,2026-01-12T12:58:00Z,voice,174.3,minutes,0.07,2026-01-12T12:58:00Z
usage_events-002376,EV-0002376,SU-00126,ST-0006,2026-01-12T13:05:00Z,sms,80.9,messages,0.27,2026-01-12T13:05:00Z
usage_events-002377,EV-0002377,SU-00127,ST-0007,2026-01-12T13:12:00Z,sms,314.6,messages,2.01,2026-01-12T13:12:00Z
usage_events-002378,EV-0002378,SU-00128,ST-0008,2026-01-12T13:19:00Z,sms,367.0,messages,0.50,2026-01-12T13:19:00Z
usage_events-002379,EV-0002379,SU-00129,ST-0009,2026-01-12T13:26:00Z,data,490.0,mb,4.79,2026-01-12T13:26:00Z
usage_events-002380,EV-0002380,SU-00130,ST-0010,2026-01-12T13:33:00Z,voice,64.2,minutes,3.08,2026-01-12T13:33:00Z
usage_events-002381,EV-0002381,SU-00131,ST-0011,2026-01-12T13:40:00Z,sms,92.2,messages,3.88,2026-01-12T13:40:00Z
usage_events-002382,EV-0002382,SU-00132,ST-0012,2026-01-12T13:47:00Z,sms,215.8,messages,2.57,2026-01-12T13:47:00Z
usage_events-002383,EV-0002383,SU-00133,ST-0013,2026-01-12T13:54:00Z,sms,23.8,messages,0.01,2026-01-12T13:54:00Z
usage_events-002384,EV-0002384,SU-00134,ST-0014,2026-01-12T14:01:00Z,voice,347.3,minutes,2.66,2026-01-12T14:01:00Z
usage_events-002385,EV-0002385,SU-00135,ST-0015,2026-01-12T14:08:00Z,data,449.6,mb,4.10,2026-01-12T14:08:00Z
usage_events-002386,EV-0002386,SU-00136,ST-0016,2026-01-12T14:15:00Z,data,342.7,mb,3.00,2026-01-12T14:15:00Z
usage_events-002387,EV-0002387,SU-00137,ST-0017,2026-01-12T14:22:00Z,voice,158.8,minutes,3.91,2026-01-12T14:22:00Z
usage_events-002388,EV-0002388,SU-00138,ST-0018,2026-01-12T14:29:00Z,data,407.3,mb,4.04,2026-01-12T14:29:00Z
usage_events-002389,EV-0002389,SU-00139,ST-0019,2026-01-12T14:36:00Z,sms,134.9,messages,2.67,2026-01-12T14:36:00Z
usage_events-002390,EV-0002390,SU-00140,ST-0020,2026-01-12T14:43:00Z,data,451.4,mb,1.74,2026-01-12T14:43:00Z
usage_events-002391,EV-0002391,SU-00141,ST-0021,2026-01-12T14:50:00Z,sms,315.3,messages,3.82,2026-01-12T14:50:00Z
usage_events-002392,EV-0002392,SU-00142,ST-0022,2026-01-12T14:57:00Z,sms,28.3,messages,2.98,2026-01-12T14:57:00Z
usage_events-002393,EV-0002393,SU-00143,ST-0023,2026-01-12T15:04:00Z,sms,119.3,messages,3.84,2026-01-12T15:04:00Z
usage_events-002394,EV-0002394,SU-00144,ST-0024,2026-01-12T15:11:00Z,sms,112.2,messages,3.38,2026-01-12T15:11:00Z
usage_events-002395,EV-0002395,SU-00145,ST-0025,2026-01-12T15:18:00Z,voice,50.5,minutes,0.05,2026-01-12T15:18:00Z
usage_events-002396,EV-0002396,SU-00146,ST-0026,2026-01-12T15:25:00Z,data,115.9,mb,1.79,2026-01-12T15:25:00Z
usage_events-002397,EV-0002397,SU-00147,ST-0027,2026-01-12T15:32:00Z,voice,148.1,minutes,3.49,2026-01-12T15:32:00Z
usage_events-002398,EV-0002398,SU-00148,ST-0028,2026-01-12T15:39:00Z,sms,163.1,messages,4.37,2026-01-12T15:39:00Z
usage_events-002399,EV-0002399,SU-00149,ST-0029,2026-01-12T15:46:00Z,data,250.2,mb,1.06,2026-01-12T15:46:00Z
usage_events-002400,EV-0002400,SU-00150,ST-0030,2026-01-12T15:53:00Z,sms,153.7,messages,4.69,2026-01-12T15:53:00Z
usage_events-002401,EV-0002401,SU-00151,ST-0001,2026-01-12T16:00:00Z,sms,451.6,messages,1.96,2026-01-12T16:00:00Z
usage_events-002402,EV-0002402,SU-00152,ST-0002,2026-01-12T16:07:00Z,data,326.5,mb,3.72,2026-01-12T16:07:00Z
usage_events-002403,EV-0002403,SU-00153,ST-0003,2026-01-12T16:14:00Z,data,467.2,mb,2.91,2026-01-12T16:14:00Z
usage_events-002404,EV-0002404,SU-00154,ST-0004,2026-01-12T16:21:00Z,voice,30.5,minutes,0.05,2026-01-12T16:21:00Z
usage_events-002405,EV-0002405,SU-00155,ST-0005,2026-01-12T16:28:00Z,voice,365.4,minutes,0.04,2026-01-12T16:28:00Z
usage_events-002406,EV-0002406,SU-00156,ST-0006,2026-01-12T16:35:00Z,sms,263.4,messages,4.20,2026-01-12T16:35:00Z
usage_events-002407,EV-0002407,SU-00157,ST-0007,2026-01-12T16:42:00Z,data,443.7,mb,0.47,2026-01-12T16:42:00Z
usage_events-002408,EV-0002408,SU-00158,ST-0008,2026-01-12T16:49:00Z,voice,180.8,minutes,2.59,2026-01-12T16:49:00Z
usage_events-002409,EV-0002409,SU-00159,ST-0009,2026-01-12T16:56:00Z,data,10.0,mb,4.14,2026-01-12T16:56:00Z
usage_events-002410,EV-0002410,SU-00160,ST-0010,2026-01-12T17:03:00Z,data,32.4,mb,3.04,2026-01-12T17:03:00Z
usage_events-002411,EV-0002411,SU-00161,ST-0011,2026-01-12T17:10:00Z,data,399.5,mb,1.51,2026-01-12T17:10:00Z
usage_events-002412,EV-0002412,SU-00162,ST-0012,2026-01-12T17:17:00Z,sms,268.3,messages,4.58,2026-01-12T17:17:00Z
usage_events-002413,EV-0002413,SU-00163,ST-0013,2026-01-12T17:24:00Z,sms,404.5,messages,2.46,2026-01-12T17:24:00Z
usage_events-002414,EV-0002414,SU-00164,ST-0014,2026-01-12T17:31:00Z,data,12.6,mb,2.59,2026-01-12T17:31:00Z
usage_events-002415,EV-0002415,SU-00165,ST-0015,2026-01-12T17:38:00Z,sms,97.7,messages,0.41,2026-01-12T17:38:00Z
usage_events-002416,EV-0002416,SU-00166,ST-0016,2026-01-12T17:45:00Z,data,405.6,mb,3.66,2026-01-12T17:45:00Z
usage_events-002417,EV-0002417,SU-00167,ST-0017,2026-01-12T17:52:00Z,voice,127.4,minutes,2.56,2026-01-12T17:52:00Z
usage_events-002418,EV-0002418,SU-00168,ST-0018,2026-01-12T17:59:00Z,data,287.4,mb,2.27,2026-01-12T17:59:00Z
usage_events-002419,EV-0002419,SU-00169,ST-0019,2026-01-12T18:06:00Z,sms,189.0,messages,4.36,2026-01-12T18:06:00Z
usage_events-002420,EV-0002420,SU-00170,ST-0020,2026-01-12T18:13:00Z,data,375.6,mb,3.40,2026-01-12T18:13:00Z
usage_events-002421,EV-0002421,SU-00171,ST-0021,2026-01-12T18:20:00Z,voice,278.0,minutes,0.10,2026-01-12T18:20:00Z
usage_events-002422,EV-0002422,SU-00172,ST-0022,2026-01-12T18:27:00Z,data,395.6,mb,2.20,2026-01-12T18:27:00Z
usage_events-002423,EV-0002423,SU-00173,ST-0023,2026-01-12T18:34:00Z,sms,107.6,messages,3.22,2026-01-12T18:34:00Z
usage_events-002424,EV-0002424,SU-00174,ST-0024,2026-01-12T18:41:00Z,data,209.6,mb,1.65,2026-01-12T18:41:00Z
usage_events-002425,EV-0002425,SU-00175,ST-0025,2026-01-12T18:48:00Z,data,440.9,mb,0.56,2026-01-12T18:48:00Z
usage_events-002426,EV-0002426,SU-00176,ST-0026,2026-01-12T18:55:00Z,sms,70.2,messages,2.81,2026-01-12T18:55:00Z
usage_events-002427,EV-0002427,SU-00177,ST-0027,2026-01-12T19:02:00Z,sms,270.8,messages,0.51,2026-01-12T19:02:00Z
usage_events-002428,EV-0002428,SU-00178,ST-0028,2026-01-12T19:09:00Z,data,326.5,mb,0.70,2026-01-12T19:09:00Z
usage_events-002429,EV-0002429,SU-00179,ST-0029,2026-01-12T19:16:00Z,data,154.0,mb,2.97,2026-01-12T19:16:00Z
usage_events-002430,EV-0002430,SU-00180,ST-0030,2026-01-12T19:23:00Z,voice,218.0,minutes,0.16,2026-01-12T19:23:00Z
usage_events-002431,EV-0002431,SU-00181,ST-0001,2026-01-12T19:30:00Z,data,74.0,mb,1.25,2026-01-12T19:30:00Z
usage_events-002432,EV-0002432,SU-00182,ST-0002,2026-01-12T19:37:00Z,voice,192.0,minutes,1.86,2026-01-12T19:37:00Z
usage_events-002433,EV-0002433,SU-00183,ST-0003,2026-01-12T19:44:00Z,data,377.5,mb,4.78,2026-01-12T19:44:00Z
usage_events-002434,EV-0002434,SU-00184,ST-0004,2026-01-12T19:51:00Z,voice,141.5,minutes,0.50,2026-01-12T19:51:00Z
usage_events-002435,EV-0002435,SU-00185,ST-0005,2026-01-12T19:58:00Z,data,374.8,mb,2.74,2026-01-12T19:58:00Z
usage_events-002436,EV-0002436,SU-00186,ST-0006,2026-01-12T20:05:00Z,data,115.8,mb,4.29,2026-01-12T20:05:00Z
usage_events-002437,EV-0002437,SU-00187,ST-0007,2026-01-12T20:12:00Z,voice,65.4,minutes,2.10,2026-01-12T20:12:00Z
usage_events-002438,EV-0002438,SU-00188,ST-0008,2026-01-12T20:19:00Z,voice,151.2,minutes,1.25,2026-01-12T20:19:00Z
usage_events-002439,EV-0002439,SU-00189,ST-0009,2026-01-12T20:26:00Z,sms,347.2,messages,1.05,2026-01-12T20:26:00Z
usage_events-002440,EV-0002440,SU-00190,ST-0010,2026-01-12T20:33:00Z,sms,389.4,messages,3.46,2026-01-12T20:33:00Z
usage_events-002441,EV-0002441,SU-00191,ST-0011,2026-01-12T20:40:00Z,data,112.9,mb,4.23,2026-01-12T20:40:00Z
usage_events-002442,EV-0002442,SU-00192,ST-0012,2026-01-12T20:47:00Z,voice,143.2,minutes,4.78,2026-01-12T20:47:00Z
usage_events-002443,EV-0002443,SU-00193,ST-0013,2026-01-12T20:54:00Z,data,469.6,mb,3.33,2026-01-12T20:54:00Z
usage_events-002444,EV-0002444,SU-00194,ST-0014,2026-01-12T21:01:00Z,sms,237.5,messages,1.37,2026-01-12T21:01:00Z
usage_events-002445,EV-0002445,SU-00195,ST-0015,2026-01-12T21:08:00Z,sms,296.5,messages,4.34,2026-01-12T21:08:00Z
usage_events-002446,EV-0002446,SU-00196,ST-0016,2026-01-12T21:15:00Z,data,254.7,mb,0.63,2026-01-12T21:15:00Z
usage_events-002447,EV-0002447,SU-00197,ST-0017,2026-01-12T21:22:00Z,sms,119.9,messages,1.53,2026-01-12T21:22:00Z
usage_events-002448,EV-0002448,SU-00198,ST-0018,2026-01-12T21:29:00Z,sms,371.6,messages,0.13,2026-01-12T21:29:00Z
usage_events-002449,EV-0002449,SU-00199,ST-0019,2026-01-12T21:36:00Z,voice,227.6,minutes,2.09,2026-01-12T21:36:00Z
usage_events-002450,EV-0002450,SU-00200,ST-0020,2026-01-12T21:43:00Z,sms,91.0,messages,3.23,2026-01-12T21:43:00Z
usage_events-002451,EV-0002451,SU-00201,ST-0021,2026-01-12T21:50:00Z,voice,307.9,minutes,3.81,2026-01-12T21:50:00Z
usage_events-002452,EV-0002452,SU-00202,ST-0022,2026-01-12T21:57:00Z,sms,275.6,messages,2.62,2026-01-12T21:57:00Z
usage_events-002453,EV-0002453,SU-00203,ST-0023,2026-01-12T22:04:00Z,data,140.4,mb,2.59,2026-01-12T22:04:00Z
usage_events-002454,EV-0002454,SU-00204,ST-0024,2026-01-12T22:11:00Z,sms,25.6,messages,2.96,2026-01-12T22:11:00Z
usage_events-002455,EV-0002455,SU-00205,ST-0025,2026-01-12T22:18:00Z,data,306.8,mb,3.18,2026-01-12T22:18:00Z
usage_events-002456,EV-0002456,SU-00206,ST-0026,2026-01-12T22:25:00Z,data,69.8,mb,0.44,2026-01-12T22:25:00Z
usage_events-002457,EV-0002457,SU-00207,ST-0027,2026-01-12T22:32:00Z,data,351.2,mb,2.13,2026-01-12T22:32:00Z
usage_events-002458,EV-0002458,SU-00208,ST-0028,2026-01-12T22:39:00Z,data,238.0,mb,4.10,2026-01-12T22:39:00Z
usage_events-002459,EV-0002459,SU-00209,ST-0029,2026-01-12T22:46:00Z,sms,3.9,messages,1.62,2026-01-12T22:46:00Z
usage_events-002460,EV-0002460,SU-00210,ST-0030,2026-01-12T22:53:00Z,data,86.5,mb,0.30,2026-01-12T22:53:00Z
usage_events-002461,EV-0002461,SU-00211,ST-0001,2026-01-12T23:00:00Z,sms,18.3,messages,3.88,2026-01-12T23:00:00Z
usage_events-002462,EV-0002462,SU-00212,ST-0002,2026-01-12T23:07:00Z,voice,392.6,minutes,2.61,2026-01-12T23:07:00Z
usage_events-002463,EV-0002463,SU-00213,ST-0003,2026-01-12T23:14:00Z,sms,22.8,messages,1.51,2026-01-12T23:14:00Z
usage_events-002464,EV-0002464,SU-00214,ST-0004,2026-01-12T23:21:00Z,sms,10.3,messages,4.68,2026-01-12T23:21:00Z
usage_events-002465,EV-0002465,SU-00215,ST-0005,2026-01-12T23:28:00Z,data,426.3,mb,3.33,2026-01-12T23:28:00Z
usage_events-002466,EV-0002466,SU-00216,ST-0006,2026-01-12T23:35:00Z,sms,139.3,messages,3.39,2026-01-12T23:35:00Z
usage_events-002467,EV-0002467,SU-00217,ST-0007,2026-01-12T23:42:00Z,sms,495.0,messages,2.44,2026-01-12T23:42:00Z
usage_events-002468,EV-0002468,SU-00218,ST-0008,2026-01-12T23:49:00Z,voice,142.9,minutes,4.42,2026-01-12T23:49:00Z
usage_events-002469,EV-0002469,SU-00219,ST-0009,2026-01-12T23:56:00Z,data,199.8,mb,1.45,2026-01-12T23:56:00Z
usage_events-002470,EV-0002470,SU-00220,ST-0010,2026-01-13T00:03:00Z,sms,452.9,messages,2.15,2026-01-13T00:03:00Z
usage_events-002471,EV-0002471,SU-00221,ST-0011,2026-01-13T00:10:00Z,data,415.7,mb,1.00,2026-01-13T00:10:00Z
usage_events-002472,EV-0002472,SU-00222,ST-0012,2026-01-13T00:17:00Z,data,83.2,mb,3.35,2026-01-13T00:17:00Z
usage_events-002473,EV-0002473,SU-00223,ST-0013,2026-01-13T00:24:00Z,voice,5.3,minutes,3.83,2026-01-13T00:24:00Z
usage_events-002474,EV-0002474,SU-00224,ST-0014,2026-01-13T00:31:00Z,sms,45.3,messages,2.98,2026-01-13T00:31:00Z
usage_events-002475,EV-0002475,SU-00225,ST-0015,2026-01-13T00:38:00Z,voice,46.0,minutes,3.89,2026-01-13T00:38:00Z
usage_events-002476,EV-0002476,SU-00226,ST-0016,2026-01-13T00:45:00Z,sms,450.0,messages,1.33,2026-01-13T00:45:00Z
usage_events-002477,EV-0002477,SU-00227,ST-0017,2026-01-13T00:52:00Z,voice,151.2,minutes,0.63,2026-01-13T00:52:00Z
usage_events-002478,EV-0002478,SU-00228,ST-0018,2026-01-13T00:59:00Z,data,281.0,mb,3.55,2026-01-13T00:59:00Z
usage_events-002479,EV-0002479,SU-00229,ST-0019,2026-01-13T01:06:00Z,data,254.2,mb,3.08,2026-01-13T01:06:00Z
usage_events-002480,EV-0002480,SU-00230,ST-0020,2026-01-13T01:13:00Z,voice,85.1,minutes,1.79,2026-01-13T01:13:00Z
usage_events-002481,EV-0002481,SU-00231,ST-0021,2026-01-13T01:20:00Z,sms,340.7,messages,2.36,2026-01-13T01:20:00Z
usage_events-002482,EV-0002482,SU-00232,ST-0022,2026-01-13T01:27:00Z,data,407.5,mb,4.70,2026-01-13T01:27:00Z
usage_events-002483,EV-0002483,SU-00233,ST-0023,2026-01-13T01:34:00Z,sms,353.8,messages,1.16,2026-01-13T01:34:00Z
usage_events-002484,EV-0002484,SU-00234,ST-0024,2026-01-13T01:41:00Z,voice,310.1,minutes,2.37,2026-01-13T01:41:00Z
usage_events-002485,EV-0002485,SU-00235,ST-0025,2026-01-13T01:48:00Z,data,128.1,mb,2.94,2026-01-13T01:48:00Z
usage_events-002486,EV-0002486,SU-00236,ST-0026,2026-01-13T01:55:00Z,data,117.6,mb,1.75,2026-01-13T01:55:00Z
usage_events-002487,EV-0002487,SU-00237,ST-0027,2026-01-13T02:02:00Z,data,460.3,mb,4.61,2026-01-13T02:02:00Z
usage_events-002488,EV-0002488,SU-00238,ST-0028,2026-01-13T02:09:00Z,data,221.3,mb,4.69,2026-01-13T02:09:00Z
usage_events-002489,EV-0002489,SU-00239,ST-0029,2026-01-13T02:16:00Z,voice,405.4,minutes,1.88,2026-01-13T02:16:00Z
usage_events-002490,EV-0002490,SU-00240,ST-0030,2026-01-13T02:23:00Z,voice,139.0,minutes,0.18,2026-01-13T02:23:00Z
usage_events-002491,EV-0002491,SU-00241,ST-0001,2026-01-13T02:30:00Z,data,12.2,mb,0.60,2026-01-13T02:30:00Z
usage_events-002492,EV-0002492,SU-00242,ST-0002,2026-01-13T02:37:00Z,sms,211.4,messages,1.26,2026-01-13T02:37:00Z
usage_events-002493,EV-0002493,SU-00243,ST-0003,2026-01-13T02:44:00Z,voice,383.0,minutes,3.23,2026-01-13T02:44:00Z
usage_events-002494,EV-0002494,SU-00244,ST-0004,2026-01-13T02:51:00Z,sms,275.4,messages,4.55,2026-01-13T02:51:00Z
usage_events-002495,EV-0002495,SU-00245,ST-0005,2026-01-13T02:58:00Z,data,479.2,mb,1.94,2026-01-13T02:58:00Z
usage_events-002496,EV-0002496,SU-00246,ST-0006,2026-01-13T03:05:00Z,voice,174.4,minutes,4.74,2026-01-13T03:05:00Z
usage_events-002497,EV-0002497,SU-00247,ST-0007,2026-01-13T03:12:00Z,sms,495.8,messages,2.22,2026-01-13T03:12:00Z
usage_events-002498,EV-0002498,SU-00248,ST-0008,2026-01-13T03:19:00Z,voice,229.3,minutes,2.55,2026-01-13T03:19:00Z
usage_events-002499,EV-0002499,SU-00249,ST-0009,2026-01-13T03:26:00Z,data,389.6,mb,1.70,2026-01-13T03:26:00Z
usage_events-002500,EV-0002500,SU-00250,ST-0010,2026-01-13T03:33:00Z,sms,366.7,messages,4.72,2026-01-13T03:33:00Z
usage_events-002501,EV-0002501,SU-00001,ST-0011,2026-01-13T03:40:00Z,sms,128.5,messages,1.07,2026-01-13T03:40:00Z
usage_events-002502,EV-0002502,SU-00002,ST-0012,2026-01-13T03:47:00Z,sms,426.7,messages,1.52,2026-01-13T03:47:00Z
usage_events-002503,EV-0002503,SU-00003,ST-0013,2026-01-13T03:54:00Z,data,274.3,mb,3.29,2026-01-13T03:54:00Z
usage_events-002504,EV-0002504,SU-00004,ST-0014,2026-01-13T04:01:00Z,data,321.0,mb,4.60,2026-01-13T04:01:00Z
usage_events-002505,EV-0002505,SU-00005,ST-0015,2026-01-13T04:08:00Z,sms,468.0,messages,2.88,2026-01-13T04:08:00Z
usage_events-002506,EV-0002506,SU-00006,ST-0016,2026-01-13T04:15:00Z,data,17.9,mb,3.16,2026-01-13T04:15:00Z
usage_events-002507,EV-0002507,SU-00007,ST-0017,2026-01-13T04:22:00Z,voice,86.8,minutes,4.83,2026-01-13T04:22:00Z
usage_events-002508,EV-0002508,SU-00008,ST-0018,2026-01-13T04:29:00Z,sms,114.1,messages,0.28,2026-01-13T04:29:00Z
usage_events-002509,EV-0002509,SU-00009,ST-0019,2026-01-13T04:36:00Z,voice,70.0,minutes,1.97,2026-01-13T04:36:00Z
usage_events-002510,EV-0002510,SU-00010,ST-0020,2026-01-13T04:43:00Z,sms,94.2,messages,2.93,2026-01-13T04:43:00Z
usage_events-002511,EV-0002511,SU-00011,ST-0021,2026-01-13T04:50:00Z,voice,172.5,minutes,4.83,2026-01-13T04:50:00Z
usage_events-002512,EV-0002512,SU-00012,ST-0022,2026-01-13T04:57:00Z,data,18.4,mb,4.97,2026-01-13T04:57:00Z
usage_events-002513,EV-0002513,SU-00013,ST-0023,2026-01-13T05:04:00Z,voice,169.3,minutes,2.80,2026-01-13T05:04:00Z
usage_events-002514,EV-0002514,SU-00014,ST-0024,2026-01-13T05:11:00Z,voice,299.9,minutes,2.12,2026-01-13T05:11:00Z
usage_events-002515,EV-0002515,SU-00015,ST-0025,2026-01-13T05:18:00Z,data,272.0,mb,4.20,2026-01-13T05:18:00Z
usage_events-002516,EV-0002516,SU-00016,ST-0026,2026-01-13T05:25:00Z,voice,328.4,minutes,1.34,2026-01-13T05:25:00Z
usage_events-002517,EV-0002517,SU-00017,ST-0027,2026-01-13T05:32:00Z,data,312.2,mb,4.62,2026-01-13T05:32:00Z
usage_events-002518,EV-0002518,SU-00018,ST-0028,2026-01-13T05:39:00Z,sms,57.4,messages,3.73,2026-01-13T05:39:00Z
usage_events-002519,EV-0002519,SU-00019,ST-0029,2026-01-13T05:46:00Z,voice,191.8,minutes,2.11,2026-01-13T05:46:00Z
usage_events-002520,EV-0002520,SU-00020,ST-0030,2026-01-13T05:53:00Z,voice,223.8,minutes,4.33,2026-01-13T05:53:00Z
usage_events-002521,EV-0002521,SU-00021,ST-0001,2026-01-13T06:00:00Z,sms,306.9,messages,2.29,2026-01-13T06:00:00Z
usage_events-002522,EV-0002522,SU-00022,ST-0002,2026-01-13T06:07:00Z,sms,85.9,messages,2.80,2026-01-13T06:07:00Z
usage_events-002523,EV-0002523,SU-00023,ST-0003,2026-01-13T06:14:00Z,voice,5.0,minutes,1.17,2026-01-13T06:14:00Z
usage_events-002524,EV-0002524,SU-00024,ST-0004,2026-01-13T06:21:00Z,data,94.6,mb,2.91,2026-01-13T06:21:00Z
usage_events-002525,EV-0002525,SU-00025,ST-0005,2026-01-13T06:28:00Z,sms,143.0,messages,3.91,2026-01-13T06:28:00Z
usage_events-002526,EV-0002526,SU-00026,ST-0006,2026-01-13T06:35:00Z,voice,343.1,minutes,1.10,2026-01-13T06:35:00Z
usage_events-002527,EV-0002527,SU-00027,ST-0007,2026-01-13T06:42:00Z,voice,265.1,minutes,2.57,2026-01-13T06:42:00Z
usage_events-002528,EV-0002528,SU-00028,ST-0008,2026-01-13T06:49:00Z,data,411.1,mb,2.30,2026-01-13T06:49:00Z
usage_events-002529,EV-0002529,SU-00029,ST-0009,2026-01-13T06:56:00Z,sms,44.5,messages,4.37,2026-01-13T06:56:00Z
usage_events-002530,EV-0002530,SU-00030,ST-0010,2026-01-13T07:03:00Z,voice,281.1,minutes,0.58,2026-01-13T07:03:00Z
usage_events-002531,EV-0002531,SU-00031,ST-0011,2026-01-13T07:10:00Z,data,46.1,mb,3.58,2026-01-13T07:10:00Z
usage_events-002532,EV-0002532,SU-00032,ST-0012,2026-01-13T07:17:00Z,data,357.4,mb,2.49,2026-01-13T07:17:00Z
usage_events-002533,EV-0002533,SU-00033,ST-0013,2026-01-13T07:24:00Z,data,213.5,mb,1.09,2026-01-13T07:24:00Z
usage_events-002534,EV-0002534,SU-00034,ST-0014,2026-01-13T07:31:00Z,sms,259.3,messages,2.93,2026-01-13T07:31:00Z
usage_events-002535,EV-0002535,SU-00035,ST-0015,2026-01-13T07:38:00Z,data,297.3,mb,3.71,2026-01-13T07:38:00Z
usage_events-002536,EV-0002536,SU-00036,ST-0016,2026-01-13T07:45:00Z,data,3.6,mb,3.11,2026-01-13T07:45:00Z
usage_events-002537,EV-0002537,SU-00037,ST-0017,2026-01-13T07:52:00Z,voice,368.1,minutes,1.04,2026-01-13T07:52:00Z
usage_events-002538,EV-0002538,SU-00038,ST-0018,2026-01-13T07:59:00Z,voice,386.8,minutes,1.08,2026-01-13T07:59:00Z
usage_events-002539,EV-0002539,SU-00039,ST-0019,2026-01-13T08:06:00Z,sms,254.2,messages,1.98,2026-01-13T08:06:00Z
usage_events-002540,EV-0002540,SU-00040,ST-0020,2026-01-13T08:13:00Z,voice,354.9,minutes,4.25,2026-01-13T08:13:00Z
usage_events-002541,EV-0002541,SU-00041,ST-0021,2026-01-13T08:20:00Z,sms,401.6,messages,1.97,2026-01-13T08:20:00Z
usage_events-002542,EV-0002542,SU-00042,ST-0022,2026-01-13T08:27:00Z,data,57.9,mb,3.05,2026-01-13T08:27:00Z
usage_events-002543,EV-0002543,SU-00043,ST-0023,2026-01-13T08:34:00Z,sms,168.6,messages,1.00,2026-01-13T08:34:00Z
usage_events-002544,EV-0002544,SU-00044,ST-0024,2026-01-13T08:41:00Z,data,201.6,mb,4.93,2026-01-13T08:41:00Z
usage_events-002545,EV-0002545,SU-00045,ST-0025,2026-01-13T08:48:00Z,data,412.3,mb,0.52,2026-01-13T08:48:00Z
usage_events-002546,EV-0002546,SU-00046,ST-0026,2026-01-13T08:55:00Z,data,480.9,mb,4.08,2026-01-13T08:55:00Z
usage_events-002547,EV-0002547,SU-00047,ST-0027,2026-01-13T09:02:00Z,data,370.9,mb,2.34,2026-01-13T09:02:00Z
usage_events-002548,EV-0002548,SU-00048,ST-0028,2026-01-13T09:09:00Z,voice,103.5,minutes,3.50,2026-01-13T09:09:00Z
usage_events-002549,EV-0002549,SU-00049,ST-0029,2026-01-13T09:16:00Z,voice,244.8,minutes,3.60,2026-01-13T09:16:00Z
usage_events-002550,EV-0002550,SU-00050,ST-0030,2026-01-13T09:23:00Z,sms,106.5,messages,0.39,2026-01-13T09:23:00Z
usage_events-002551,EV-0002551,SU-00051,ST-0001,2026-01-13T09:30:00Z,voice,50.3,minutes,2.62,2026-01-13T09:30:00Z
usage_events-002552,EV-0002552,SU-00052,ST-0002,2026-01-13T09:37:00Z,sms,200.0,messages,0.45,2026-01-13T09:37:00Z
usage_events-002553,EV-0002553,SU-00053,ST-0003,2026-01-13T09:44:00Z,data,32.6,mb,0.62,2026-01-13T09:44:00Z
usage_events-002554,EV-0002554,SU-00054,ST-0004,2026-01-13T09:51:00Z,voice,429.1,minutes,4.06,2026-01-13T09:51:00Z
usage_events-002555,EV-0002555,SU-00055,ST-0005,2026-01-13T09:58:00Z,data,282.0,mb,1.99,2026-01-13T09:58:00Z
usage_events-002556,EV-0002556,SU-00056,ST-0006,2026-01-13T10:05:00Z,voice,418.0,minutes,3.43,2026-01-13T10:05:00Z
usage_events-002557,EV-0002557,SU-00057,ST-0007,2026-01-13T10:12:00Z,data,445.5,mb,2.54,2026-01-13T10:12:00Z
usage_events-002558,EV-0002558,SU-00058,ST-0008,2026-01-13T10:19:00Z,voice,94.4,minutes,1.19,2026-01-13T10:19:00Z
usage_events-002559,EV-0002559,SU-00059,ST-0009,2026-01-13T10:26:00Z,voice,143.0,minutes,2.25,2026-01-13T10:26:00Z
usage_events-002560,EV-0002560,SU-00060,ST-0010,2026-01-13T10:33:00Z,sms,298.9,messages,1.95,2026-01-13T10:33:00Z
usage_events-002561,EV-0002561,SU-00061,ST-0011,2026-01-13T10:40:00Z,voice,413.0,minutes,4.87,2026-01-13T10:40:00Z
usage_events-002562,EV-0002562,SU-00062,ST-0012,2026-01-13T10:47:00Z,voice,483.0,minutes,4.37,2026-01-13T10:47:00Z
usage_events-002563,EV-0002563,SU-00063,ST-0013,2026-01-13T10:54:00Z,sms,185.8,messages,3.69,2026-01-13T10:54:00Z
usage_events-002564,EV-0002564,SU-00064,ST-0014,2026-01-13T11:01:00Z,sms,198.5,messages,0.39,2026-01-13T11:01:00Z
usage_events-002565,EV-0002565,SU-00065,ST-0015,2026-01-13T11:08:00Z,data,441.0,mb,1.61,2026-01-13T11:08:00Z
usage_events-002566,EV-0002566,SU-00066,ST-0016,2026-01-13T11:15:00Z,sms,410.1,messages,0.89,2026-01-13T11:15:00Z
usage_events-002567,EV-0002567,SU-00067,ST-0017,2026-01-13T11:22:00Z,sms,126.6,messages,2.96,2026-01-13T11:22:00Z
usage_events-002568,EV-0002568,SU-00068,ST-0018,2026-01-13T11:29:00Z,data,421.7,mb,0.35,2026-01-13T11:29:00Z
usage_events-002569,EV-0002569,SU-00069,ST-0019,2026-01-13T11:36:00Z,sms,114.8,messages,0.50,2026-01-13T11:36:00Z
usage_events-002570,EV-0002570,SU-00070,ST-0020,2026-01-13T11:43:00Z,sms,114.7,messages,0.87,2026-01-13T11:43:00Z
usage_events-002571,EV-0002571,SU-00071,ST-0021,2026-01-13T11:50:00Z,data,53.2,mb,2.37,2026-01-13T11:50:00Z
usage_events-002572,EV-0002572,SU-00072,ST-0022,2026-01-13T11:57:00Z,sms,37.9,messages,4.47,2026-01-13T11:57:00Z
usage_events-002573,EV-0002573,SU-00073,ST-0023,2026-01-13T12:04:00Z,voice,161.5,minutes,0.98,2026-01-13T12:04:00Z
usage_events-002574,EV-0002574,SU-00074,ST-0024,2026-01-13T12:11:00Z,data,148.9,mb,1.19,2026-01-13T12:11:00Z
usage_events-002575,EV-0002575,SU-00075,ST-0025,2026-01-13T12:18:00Z,voice,155.0,minutes,3.39,2026-01-13T12:18:00Z
usage_events-002576,EV-0002576,SU-00076,ST-0026,2026-01-13T12:25:00Z,data,31.1,mb,3.47,2026-01-13T12:25:00Z
usage_events-002577,EV-0002577,SU-00077,ST-0027,2026-01-13T12:32:00Z,data,143.3,mb,1.42,2026-01-13T12:32:00Z
usage_events-002578,EV-0002578,SU-00078,ST-0028,2026-01-13T12:39:00Z,data,137.7,mb,4.27,2026-01-13T12:39:00Z
usage_events-002579,EV-0002579,SU-00079,ST-0029,2026-01-13T12:46:00Z,data,70.2,mb,2.19,2026-01-13T12:46:00Z
usage_events-002580,EV-0002580,SU-00080,ST-0030,2026-01-13T12:53:00Z,data,265.1,mb,1.25,2026-01-13T12:53:00Z
usage_events-002581,EV-0002581,SU-00081,ST-0001,2026-01-13T13:00:00Z,voice,196.1,minutes,2.86,2026-01-13T13:00:00Z
usage_events-002582,EV-0002582,SU-00082,ST-0002,2026-01-13T13:07:00Z,voice,160.8,minutes,2.04,2026-01-13T13:07:00Z
usage_events-002583,EV-0002583,SU-00083,ST-0003,2026-01-13T13:14:00Z,voice,481.6,minutes,2.85,2026-01-13T13:14:00Z
usage_events-002584,EV-0002584,SU-00084,ST-0004,2026-01-13T13:21:00Z,data,99.7,mb,3.92,2026-01-13T13:21:00Z
usage_events-002585,EV-0002585,SU-00085,ST-0005,2026-01-13T13:28:00Z,voice,276.0,minutes,3.65,2026-01-13T13:28:00Z
usage_events-002586,EV-0002586,SU-00086,ST-0006,2026-01-13T13:35:00Z,voice,161.1,minutes,4.55,2026-01-13T13:35:00Z
usage_events-002587,EV-0002587,SU-00087,ST-0007,2026-01-13T13:42:00Z,voice,354.4,minutes,2.97,2026-01-13T13:42:00Z
usage_events-002588,EV-0002588,SU-00088,ST-0008,2026-01-13T13:49:00Z,voice,243.8,minutes,0.63,2026-01-13T13:49:00Z
usage_events-002589,EV-0002589,SU-00089,ST-0009,2026-01-13T13:56:00Z,data,453.6,mb,4.57,2026-01-13T13:56:00Z
usage_events-002590,EV-0002590,SU-00090,ST-0010,2026-01-13T14:03:00Z,sms,40.3,messages,3.89,2026-01-13T14:03:00Z
usage_events-002591,EV-0002591,SU-00091,ST-0011,2026-01-13T14:10:00Z,sms,484.3,messages,2.96,2026-01-13T14:10:00Z
usage_events-002592,EV-0002592,SU-00092,ST-0012,2026-01-13T14:17:00Z,data,225.9,mb,5.00,2026-01-13T14:17:00Z
usage_events-002593,EV-0002593,SU-00093,ST-0013,2026-01-13T14:24:00Z,voice,309.1,minutes,3.81,2026-01-13T14:24:00Z
usage_events-002594,EV-0002594,SU-00094,ST-0014,2026-01-13T14:31:00Z,voice,394.2,minutes,1.95,2026-01-13T14:31:00Z
usage_events-002595,EV-0002595,SU-00095,ST-0015,2026-01-13T14:38:00Z,data,376.5,mb,2.35,2026-01-13T14:38:00Z
usage_events-002596,EV-0002596,SU-00096,ST-0016,2026-01-13T14:45:00Z,sms,398.6,messages,3.67,2026-01-13T14:45:00Z
usage_events-002597,EV-0002597,SU-00097,ST-0017,2026-01-13T14:52:00Z,voice,332.4,minutes,4.37,2026-01-13T14:52:00Z
usage_events-002598,EV-0002598,SU-00098,ST-0018,2026-01-13T14:59:00Z,voice,236.3,minutes,0.24,2026-01-13T14:59:00Z
usage_events-002599,EV-0002599,SU-00099,ST-0019,2026-01-13T15:06:00Z,voice,440.5,minutes,1.82,2026-01-13T15:06:00Z
usage_events-002600,EV-0002600,SU-00100,ST-0020,2026-01-13T15:13:00Z,data,171.3,mb,3.36,2026-01-13T15:13:00Z
usage_events-002601,EV-0002601,SU-00101,ST-0021,2026-01-13T15:20:00Z,data,352.1,mb,0.79,2026-01-13T15:20:00Z
usage_events-002602,EV-0002602,SU-00102,ST-0022,2026-01-13T15:27:00Z,sms,492.9,messages,2.77,2026-01-13T15:27:00Z
usage_events-002603,EV-0002603,SU-00103,ST-0023,2026-01-13T15:34:00Z,voice,93.6,minutes,3.35,2026-01-13T15:34:00Z
usage_events-002604,EV-0002604,SU-00104,ST-0024,2026-01-13T15:41:00Z,sms,171.2,messages,1.61,2026-01-13T15:41:00Z
usage_events-002605,EV-0002605,SU-00105,ST-0025,2026-01-13T15:48:00Z,sms,196.8,messages,0.54,2026-01-13T15:48:00Z
usage_events-002606,EV-0002606,SU-00106,ST-0026,2026-01-13T15:55:00Z,data,269.6,mb,2.25,2026-01-13T15:55:00Z
usage_events-002607,EV-0002607,SU-00107,ST-0027,2026-01-13T16:02:00Z,voice,482.7,minutes,0.44,2026-01-13T16:02:00Z
usage_events-002608,EV-0002608,SU-00108,ST-0028,2026-01-13T16:09:00Z,sms,397.0,messages,4.65,2026-01-13T16:09:00Z
usage_events-002609,EV-0002609,SU-00109,ST-0029,2026-01-13T16:16:00Z,voice,127.6,minutes,2.91,2026-01-13T16:16:00Z
usage_events-002610,EV-0002610,SU-00110,ST-0030,2026-01-13T16:23:00Z,voice,110.8,minutes,0.14,2026-01-13T16:23:00Z
usage_events-002611,EV-0002611,SU-00111,ST-0001,2026-01-13T16:30:00Z,data,313.0,mb,0.05,2026-01-13T16:30:00Z
usage_events-002612,EV-0002612,SU-00112,ST-0002,2026-01-13T16:37:00Z,sms,47.5,messages,2.91,2026-01-13T16:37:00Z
usage_events-002613,EV-0002613,SU-00113,ST-0003,2026-01-13T16:44:00Z,voice,67.8,minutes,2.62,2026-01-13T16:44:00Z
usage_events-002614,EV-0002614,SU-00114,ST-0004,2026-01-13T16:51:00Z,voice,197.0,minutes,0.89,2026-01-13T16:51:00Z
usage_events-002615,EV-0002615,SU-00115,ST-0005,2026-01-13T16:58:00Z,voice,496.3,minutes,4.66,2026-01-13T16:58:00Z
usage_events-002616,EV-0002616,SU-00116,ST-0006,2026-01-13T17:05:00Z,sms,490.6,messages,0.56,2026-01-13T17:05:00Z
usage_events-002617,EV-0002617,SU-00117,ST-0007,2026-01-13T17:12:00Z,data,401.6,mb,3.99,2026-01-13T17:12:00Z
usage_events-002618,EV-0002618,SU-00118,ST-0008,2026-01-13T17:19:00Z,voice,83.2,minutes,4.69,2026-01-13T17:19:00Z
usage_events-002619,EV-0002619,SU-00119,ST-0009,2026-01-13T17:26:00Z,data,85.4,mb,0.59,2026-01-13T17:26:00Z
usage_events-002620,EV-0002620,SU-00120,ST-0010,2026-01-13T17:33:00Z,voice,397.3,minutes,0.26,2026-01-13T17:33:00Z
usage_events-002621,EV-0002621,SU-00121,ST-0011,2026-01-13T17:40:00Z,sms,149.0,messages,1.82,2026-01-13T17:40:00Z
usage_events-002622,EV-0002622,SU-00122,ST-0012,2026-01-13T17:47:00Z,voice,254.0,minutes,1.49,2026-01-13T17:47:00Z
usage_events-002623,EV-0002623,SU-00123,ST-0013,2026-01-13T17:54:00Z,data,238.5,mb,4.00,2026-01-13T17:54:00Z
usage_events-002624,EV-0002624,SU-00124,ST-0014,2026-01-13T18:01:00Z,data,219.1,mb,4.73,2026-01-13T18:01:00Z
usage_events-002625,EV-0002625,SU-00125,ST-0015,2026-01-13T18:08:00Z,sms,455.4,messages,4.80,2026-01-13T18:08:00Z
usage_events-002626,EV-0002626,SU-00126,ST-0016,2026-01-13T18:15:00Z,data,61.0,mb,0.51,2026-01-13T18:15:00Z
usage_events-002627,EV-0002627,SU-00127,ST-0017,2026-01-13T18:22:00Z,voice,351.8,minutes,1.44,2026-01-13T18:22:00Z
usage_events-002628,EV-0002628,SU-00128,ST-0018,2026-01-13T18:29:00Z,data,489.3,mb,0.29,2026-01-13T18:29:00Z
usage_events-002629,EV-0002629,SU-00129,ST-0019,2026-01-13T18:36:00Z,voice,469.1,minutes,1.53,2026-01-13T18:36:00Z
usage_events-002630,EV-0002630,SU-00130,ST-0020,2026-01-13T18:43:00Z,voice,382.6,minutes,1.10,2026-01-13T18:43:00Z
usage_events-002631,EV-0002631,SU-00131,ST-0021,2026-01-13T18:50:00Z,voice,164.4,minutes,4.73,2026-01-13T18:50:00Z
usage_events-002632,EV-0002632,SU-00132,ST-0022,2026-01-13T18:57:00Z,voice,320.9,minutes,3.98,2026-01-13T18:57:00Z
usage_events-002633,EV-0002633,SU-00133,ST-0023,2026-01-13T19:04:00Z,voice,73.8,minutes,2.29,2026-01-13T19:04:00Z
usage_events-002634,EV-0002634,SU-00134,ST-0024,2026-01-13T19:11:00Z,sms,488.5,messages,3.61,2026-01-13T19:11:00Z
usage_events-002635,EV-0002635,SU-00135,ST-0025,2026-01-13T19:18:00Z,voice,270.0,minutes,1.74,2026-01-13T19:18:00Z
usage_events-002636,EV-0002636,SU-00136,ST-0026,2026-01-13T19:25:00Z,sms,462.7,messages,4.51,2026-01-13T19:25:00Z
usage_events-002637,EV-0002637,SU-00137,ST-0027,2026-01-13T19:32:00Z,data,107.2,mb,4.31,2026-01-13T19:32:00Z
usage_events-002638,EV-0002638,SU-00138,ST-0028,2026-01-13T19:39:00Z,data,338.4,mb,0.81,2026-01-13T19:39:00Z
usage_events-002639,EV-0002639,SU-00139,ST-0029,2026-01-13T19:46:00Z,sms,78.9,messages,0.73,2026-01-13T19:46:00Z
usage_events-002640,EV-0002640,SU-00140,ST-0030,2026-01-13T19:53:00Z,data,254.8,mb,0.81,2026-01-13T19:53:00Z
usage_events-002641,EV-0002641,SU-00141,ST-0001,2026-01-13T20:00:00Z,data,144.1,mb,4.91,2026-01-13T20:00:00Z
usage_events-002642,EV-0002642,SU-00142,ST-0002,2026-01-13T20:07:00Z,data,470.0,mb,2.12,2026-01-13T20:07:00Z
usage_events-002643,EV-0002643,SU-00143,ST-0003,2026-01-13T20:14:00Z,sms,141.5,messages,0.66,2026-01-13T20:14:00Z
usage_events-002644,EV-0002644,SU-00144,ST-0004,2026-01-13T20:21:00Z,voice,290.6,minutes,2.48,2026-01-13T20:21:00Z
usage_events-002645,EV-0002645,SU-00145,ST-0005,2026-01-13T20:28:00Z,sms,211.2,messages,1.69,2026-01-13T20:28:00Z
usage_events-002646,EV-0002646,SU-00146,ST-0006,2026-01-13T20:35:00Z,data,188.5,mb,3.64,2026-01-13T20:35:00Z
usage_events-002647,EV-0002647,SU-00147,ST-0007,2026-01-13T20:42:00Z,voice,3.4,minutes,1.62,2026-01-13T20:42:00Z
usage_events-002648,EV-0002648,SU-00148,ST-0008,2026-01-13T20:49:00Z,data,339.0,mb,1.01,2026-01-13T20:49:00Z
usage_events-002649,EV-0002649,SU-00149,ST-0009,2026-01-13T20:56:00Z,voice,6.0,minutes,2.05,2026-01-13T20:56:00Z
usage_events-002650,EV-0002650,SU-00150,ST-0010,2026-01-13T21:03:00Z,data,441.2,mb,3.14,2026-01-13T21:03:00Z
usage_events-002651,EV-0002651,SU-00151,ST-0011,2026-01-13T21:10:00Z,data,195.6,mb,2.11,2026-01-13T21:10:00Z
usage_events-002652,EV-0002652,SU-00152,ST-0012,2026-01-13T21:17:00Z,data,68.3,mb,0.88,2026-01-13T21:17:00Z
usage_events-002653,EV-0002653,SU-00153,ST-0013,2026-01-13T21:24:00Z,sms,58.1,messages,4.19,2026-01-13T21:24:00Z
usage_events-002654,EV-0002654,SU-00154,ST-0014,2026-01-13T21:31:00Z,voice,340.8,minutes,0.27,2026-01-13T21:31:00Z
usage_events-002655,EV-0002655,SU-00155,ST-0015,2026-01-13T21:38:00Z,sms,330.9,messages,3.38,2026-01-13T21:38:00Z
usage_events-002656,EV-0002656,SU-00156,ST-0016,2026-01-13T21:45:00Z,voice,56.3,minutes,4.21,2026-01-13T21:45:00Z
usage_events-002657,EV-0002657,SU-00157,ST-0017,2026-01-13T21:52:00Z,data,429.4,mb,2.74,2026-01-13T21:52:00Z
usage_events-002658,EV-0002658,SU-00158,ST-0018,2026-01-13T21:59:00Z,voice,419.7,minutes,0.66,2026-01-13T21:59:00Z
usage_events-002659,EV-0002659,SU-00159,ST-0019,2026-01-13T22:06:00Z,sms,361.3,messages,4.31,2026-01-13T22:06:00Z
usage_events-002660,EV-0002660,SU-00160,ST-0020,2026-01-13T22:13:00Z,sms,405.1,messages,4.35,2026-01-13T22:13:00Z
usage_events-002661,EV-0002661,SU-00161,ST-0021,2026-01-13T22:20:00Z,sms,195.8,messages,0.89,2026-01-13T22:20:00Z
usage_events-002662,EV-0002662,SU-00162,ST-0022,2026-01-13T22:27:00Z,voice,262.5,minutes,1.86,2026-01-13T22:27:00Z
usage_events-002663,EV-0002663,SU-00163,ST-0023,2026-01-13T22:34:00Z,data,466.0,mb,0.02,2026-01-13T22:34:00Z
usage_events-002664,EV-0002664,SU-00164,ST-0024,2026-01-13T22:41:00Z,sms,201.5,messages,1.14,2026-01-13T22:41:00Z
usage_events-002665,EV-0002665,SU-00165,ST-0025,2026-01-13T22:48:00Z,voice,271.3,minutes,4.92,2026-01-13T22:48:00Z
usage_events-002666,EV-0002666,SU-00166,ST-0026,2026-01-13T22:55:00Z,data,149.4,mb,1.39,2026-01-13T22:55:00Z
usage_events-002667,EV-0002667,SU-00167,ST-0027,2026-01-13T23:02:00Z,data,188.3,mb,1.94,2026-01-13T23:02:00Z
usage_events-002668,EV-0002668,SU-00168,ST-0028,2026-01-13T23:09:00Z,voice,399.7,minutes,1.44,2026-01-13T23:09:00Z
usage_events-002669,EV-0002669,SU-00169,ST-0029,2026-01-13T23:16:00Z,voice,42.2,minutes,0.45,2026-01-13T23:16:00Z
usage_events-002670,EV-0002670,SU-00170,ST-0030,2026-01-13T23:23:00Z,sms,242.3,messages,4.11,2026-01-13T23:23:00Z
usage_events-002671,EV-0002671,SU-00171,ST-0001,2026-01-13T23:30:00Z,data,12.4,mb,4.38,2026-01-13T23:30:00Z
usage_events-002672,EV-0002672,SU-00172,ST-0002,2026-01-13T23:37:00Z,data,435.3,mb,3.22,2026-01-13T23:37:00Z
usage_events-002673,EV-0002673,SU-00173,ST-0003,2026-01-13T23:44:00Z,sms,128.0,messages,4.13,2026-01-13T23:44:00Z
usage_events-002674,EV-0002674,SU-00174,ST-0004,2026-01-13T23:51:00Z,voice,135.5,minutes,4.40,2026-01-13T23:51:00Z
usage_events-002675,EV-0002675,SU-00175,ST-0005,2026-01-13T23:58:00Z,voice,16.5,minutes,0.45,2026-01-13T23:58:00Z
usage_events-002676,EV-0002676,SU-00176,ST-0006,2026-01-14T00:05:00Z,data,20.6,mb,2.98,2026-01-14T00:05:00Z
usage_events-002677,EV-0002677,SU-00177,ST-0007,2026-01-14T00:12:00Z,sms,282.7,messages,1.88,2026-01-14T00:12:00Z
usage_events-002678,EV-0002678,SU-00178,ST-0008,2026-01-14T00:19:00Z,data,449.0,mb,3.38,2026-01-14T00:19:00Z
usage_events-002679,EV-0002679,SU-00179,ST-0009,2026-01-14T00:26:00Z,data,486.8,mb,4.79,2026-01-14T00:26:00Z
usage_events-002680,EV-0002680,SU-00180,ST-0010,2026-01-14T00:33:00Z,data,150.5,mb,2.89,2026-01-14T00:33:00Z
usage_events-002681,EV-0002681,SU-00181,ST-0011,2026-01-14T00:40:00Z,voice,4.2,minutes,4.68,2026-01-14T00:40:00Z
usage_events-002682,EV-0002682,SU-00182,ST-0012,2026-01-14T00:47:00Z,voice,498.6,minutes,4.94,2026-01-14T00:47:00Z
usage_events-002683,EV-0002683,SU-00183,ST-0013,2026-01-14T00:54:00Z,data,188.6,mb,2.41,2026-01-14T00:54:00Z
usage_events-002684,EV-0002684,SU-00184,ST-0014,2026-01-14T01:01:00Z,voice,461.5,minutes,4.37,2026-01-14T01:01:00Z
usage_events-002685,EV-0002685,SU-00185,ST-0015,2026-01-14T01:08:00Z,data,439.3,mb,3.71,2026-01-14T01:08:00Z
usage_events-002686,EV-0002686,SU-00186,ST-0016,2026-01-14T01:15:00Z,data,446.6,mb,3.33,2026-01-14T01:15:00Z
usage_events-002687,EV-0002687,SU-00187,ST-0017,2026-01-14T01:22:00Z,data,80.3,mb,1.76,2026-01-14T01:22:00Z
usage_events-002688,EV-0002688,SU-00188,ST-0018,2026-01-14T01:29:00Z,sms,259.8,messages,4.11,2026-01-14T01:29:00Z
usage_events-002689,EV-0002689,SU-00189,ST-0019,2026-01-14T01:36:00Z,data,305.6,mb,0.45,2026-01-14T01:36:00Z
usage_events-002690,EV-0002690,SU-00190,ST-0020,2026-01-14T01:43:00Z,sms,204.3,messages,3.58,2026-01-14T01:43:00Z
usage_events-002691,EV-0002691,SU-00191,ST-0021,2026-01-14T01:50:00Z,data,21.4,mb,2.96,2026-01-14T01:50:00Z
usage_events-002692,EV-0002692,SU-00192,ST-0022,2026-01-14T01:57:00Z,sms,110.3,messages,3.77,2026-01-14T01:57:00Z
usage_events-002693,EV-0002693,SU-00193,ST-0023,2026-01-14T02:04:00Z,voice,114.3,minutes,3.40,2026-01-14T02:04:00Z
usage_events-002694,EV-0002694,SU-00194,ST-0024,2026-01-14T02:11:00Z,sms,61.9,messages,2.08,2026-01-14T02:11:00Z
usage_events-002695,EV-0002695,SU-00195,ST-0025,2026-01-14T02:18:00Z,voice,336.8,minutes,4.09,2026-01-14T02:18:00Z
usage_events-002696,EV-0002696,SU-00196,ST-0026,2026-01-14T02:25:00Z,data,264.8,mb,1.05,2026-01-14T02:25:00Z
usage_events-002697,EV-0002697,SU-00197,ST-0027,2026-01-14T02:32:00Z,data,433.8,mb,2.67,2026-01-14T02:32:00Z
usage_events-002698,EV-0002698,SU-00198,ST-0028,2026-01-14T02:39:00Z,sms,214.9,messages,1.72,2026-01-14T02:39:00Z
usage_events-002699,EV-0002699,SU-00199,ST-0029,2026-01-14T02:46:00Z,voice,84.4,minutes,2.02,2026-01-14T02:46:00Z
usage_events-002700,EV-0002700,SU-00200,ST-0030,2026-01-14T02:53:00Z,voice,49.1,minutes,0.18,2026-01-14T02:53:00Z
usage_events-002701,EV-0002701,SU-00201,ST-0001,2026-01-14T03:00:00Z,voice,371.5,minutes,0.77,2026-01-14T03:00:00Z
usage_events-002702,EV-0002702,SU-00202,ST-0002,2026-01-14T03:07:00Z,data,484.2,mb,3.01,2026-01-14T03:07:00Z
usage_events-002703,EV-0002703,SU-00203,ST-0003,2026-01-14T03:14:00Z,sms,429.9,messages,3.22,2026-01-14T03:14:00Z
usage_events-002704,EV-0002704,SU-00204,ST-0004,2026-01-14T03:21:00Z,sms,447.8,messages,3.77,2026-01-14T03:21:00Z
usage_events-002705,EV-0002705,SU-00205,ST-0005,2026-01-14T03:28:00Z,data,68.1,mb,4.95,2026-01-14T03:28:00Z
usage_events-002706,EV-0002706,SU-00206,ST-0006,2026-01-14T03:35:00Z,data,238.2,mb,2.83,2026-01-14T03:35:00Z
usage_events-002707,EV-0002707,SU-00207,ST-0007,2026-01-14T03:42:00Z,data,331.0,mb,3.01,2026-01-14T03:42:00Z
usage_events-002708,EV-0002708,SU-00208,ST-0008,2026-01-14T03:49:00Z,data,256.8,mb,2.95,2026-01-14T03:49:00Z
usage_events-002709,EV-0002709,SU-00209,ST-0009,2026-01-14T03:56:00Z,voice,166.7,minutes,4.85,2026-01-14T03:56:00Z
usage_events-002710,EV-0002710,SU-00210,ST-0010,2026-01-14T04:03:00Z,sms,209.7,messages,2.29,2026-01-14T04:03:00Z
usage_events-002711,EV-0002711,SU-00211,ST-0011,2026-01-14T04:10:00Z,voice,376.5,minutes,4.02,2026-01-14T04:10:00Z
usage_events-002712,EV-0002712,SU-00212,ST-0012,2026-01-14T04:17:00Z,sms,240.3,messages,2.27,2026-01-14T04:17:00Z
usage_events-002713,EV-0002713,SU-00213,ST-0013,2026-01-14T04:24:00Z,data,338.4,mb,2.94,2026-01-14T04:24:00Z
usage_events-002714,EV-0002714,SU-00214,ST-0014,2026-01-14T04:31:00Z,data,481.4,mb,4.07,2026-01-14T04:31:00Z
usage_events-002715,EV-0002715,SU-00215,ST-0015,2026-01-14T04:38:00Z,sms,303.1,messages,1.46,2026-01-14T04:38:00Z
usage_events-002716,EV-0002716,SU-00216,ST-0016,2026-01-14T04:45:00Z,sms,171.2,messages,4.94,2026-01-14T04:45:00Z
usage_events-002717,EV-0002717,SU-00217,ST-0017,2026-01-14T04:52:00Z,voice,323.6,minutes,2.42,2026-01-14T04:52:00Z
usage_events-002718,EV-0002718,SU-00218,ST-0018,2026-01-14T04:59:00Z,sms,217.0,messages,4.27,2026-01-14T04:59:00Z
usage_events-002719,EV-0002719,SU-00219,ST-0019,2026-01-14T05:06:00Z,voice,220.9,minutes,0.06,2026-01-14T05:06:00Z
usage_events-002720,EV-0002720,SU-00220,ST-0020,2026-01-14T05:13:00Z,data,97.1,mb,3.74,2026-01-14T05:13:00Z
usage_events-002721,EV-0002721,SU-00221,ST-0021,2026-01-14T05:20:00Z,data,144.7,mb,0.42,2026-01-14T05:20:00Z
usage_events-002722,EV-0002722,SU-00222,ST-0022,2026-01-14T05:27:00Z,data,96.1,mb,2.01,2026-01-14T05:27:00Z
usage_events-002723,EV-0002723,SU-00223,ST-0023,2026-01-14T05:34:00Z,voice,96.5,minutes,0.30,2026-01-14T05:34:00Z
usage_events-002724,EV-0002724,SU-00224,ST-0024,2026-01-14T05:41:00Z,data,304.7,mb,3.85,2026-01-14T05:41:00Z
usage_events-002725,EV-0002725,SU-00225,ST-0025,2026-01-14T05:48:00Z,sms,405.8,messages,3.50,2026-01-14T05:48:00Z
usage_events-002726,EV-0002726,SU-00226,ST-0026,2026-01-14T05:55:00Z,data,371.0,mb,2.85,2026-01-14T05:55:00Z
usage_events-002727,EV-0002727,SU-00227,ST-0027,2026-01-14T06:02:00Z,sms,66.8,messages,2.90,2026-01-14T06:02:00Z
usage_events-002728,EV-0002728,SU-00228,ST-0028,2026-01-14T06:09:00Z,data,278.5,mb,1.51,2026-01-14T06:09:00Z
usage_events-002729,EV-0002729,SU-00229,ST-0029,2026-01-14T06:16:00Z,voice,443.4,minutes,2.77,2026-01-14T06:16:00Z
usage_events-002730,EV-0002730,SU-00230,ST-0030,2026-01-14T06:23:00Z,data,263.1,mb,4.44,2026-01-14T06:23:00Z
usage_events-002731,EV-0002731,SU-00231,ST-0001,2026-01-14T06:30:00Z,data,268.7,mb,3.04,2026-01-14T06:30:00Z
usage_events-002732,EV-0002732,SU-00232,ST-0002,2026-01-14T06:37:00Z,data,110.0,mb,0.17,2026-01-14T06:37:00Z
usage_events-002733,EV-0002733,SU-00233,ST-0003,2026-01-14T06:44:00Z,data,420.6,mb,4.57,2026-01-14T06:44:00Z
usage_events-002734,EV-0002734,SU-00234,ST-0004,2026-01-14T06:51:00Z,voice,8.6,minutes,2.62,2026-01-14T06:51:00Z
usage_events-002735,EV-0002735,SU-00235,ST-0005,2026-01-14T06:58:00Z,data,80.9,mb,3.14,2026-01-14T06:58:00Z
usage_events-002736,EV-0002736,SU-00236,ST-0006,2026-01-14T07:05:00Z,sms,457.7,messages,2.61,2026-01-14T07:05:00Z
usage_events-002737,EV-0002737,SU-00237,ST-0007,2026-01-14T07:12:00Z,data,282.0,mb,3.65,2026-01-14T07:12:00Z
usage_events-002738,EV-0002738,SU-00238,ST-0008,2026-01-14T07:19:00Z,sms,13.9,messages,1.52,2026-01-14T07:19:00Z
usage_events-002739,EV-0002739,SU-00239,ST-0009,2026-01-14T07:26:00Z,voice,22.6,minutes,0.25,2026-01-14T07:26:00Z
usage_events-002740,EV-0002740,SU-00240,ST-0010,2026-01-14T07:33:00Z,sms,334.6,messages,4.96,2026-01-14T07:33:00Z
usage_events-002741,EV-0002741,SU-00241,ST-0011,2026-01-14T07:40:00Z,data,424.1,mb,2.21,2026-01-14T07:40:00Z
usage_events-002742,EV-0002742,SU-00242,ST-0012,2026-01-14T07:47:00Z,data,192.1,mb,4.37,2026-01-14T07:47:00Z
usage_events-002743,EV-0002743,SU-00243,ST-0013,2026-01-14T07:54:00Z,sms,416.2,messages,4.37,2026-01-14T07:54:00Z
usage_events-002744,EV-0002744,SU-00244,ST-0014,2026-01-14T08:01:00Z,sms,165.2,messages,1.07,2026-01-14T08:01:00Z
usage_events-002745,EV-0002745,SU-00245,ST-0015,2026-01-14T08:08:00Z,voice,74.9,minutes,1.06,2026-01-14T08:08:00Z
usage_events-002746,EV-0002746,SU-00246,ST-0016,2026-01-14T08:15:00Z,voice,209.4,minutes,1.78,2026-01-14T08:15:00Z
usage_events-002747,EV-0002747,SU-00247,ST-0017,2026-01-14T08:22:00Z,data,246.0,mb,1.46,2026-01-14T08:22:00Z
usage_events-002748,EV-0002748,SU-00248,ST-0018,2026-01-14T08:29:00Z,voice,319.5,minutes,2.76,2026-01-14T08:29:00Z
usage_events-002749,EV-0002749,SU-00249,ST-0019,2026-01-14T08:36:00Z,sms,301.8,messages,2.91,2026-01-14T08:36:00Z
usage_events-002750,EV-0002750,SU-00250,ST-0020,2026-01-14T08:43:00Z,data,233.8,mb,2.25,2026-01-14T08:43:00Z
usage_events-002751,EV-0002751,SU-00001,ST-0021,2026-01-14T08:50:00Z,voice,286.9,minutes,0.98,2026-01-14T08:50:00Z
usage_events-002752,EV-0002752,SU-00002,ST-0022,2026-01-14T08:57:00Z,sms,256.4,messages,1.03,2026-01-14T08:57:00Z
usage_events-002753,EV-0002753,SU-00003,ST-0023,2026-01-14T09:04:00Z,data,49.0,mb,3.15,2026-01-14T09:04:00Z
usage_events-002754,EV-0002754,SU-00004,ST-0024,2026-01-14T09:11:00Z,sms,72.8,messages,2.73,2026-01-14T09:11:00Z
usage_events-002755,EV-0002755,SU-00005,ST-0025,2026-01-14T09:18:00Z,voice,83.6,minutes,2.85,2026-01-14T09:18:00Z
usage_events-002756,EV-0002756,SU-00006,ST-0026,2026-01-14T09:25:00Z,voice,110.5,minutes,0.43,2026-01-14T09:25:00Z
usage_events-002757,EV-0002757,SU-00007,ST-0027,2026-01-14T09:32:00Z,sms,205.3,messages,2.39,2026-01-14T09:32:00Z
usage_events-002758,EV-0002758,SU-00008,ST-0028,2026-01-14T09:39:00Z,sms,375.0,messages,3.22,2026-01-14T09:39:00Z
usage_events-002759,EV-0002759,SU-00009,ST-0029,2026-01-14T09:46:00Z,voice,251.7,minutes,1.49,2026-01-14T09:46:00Z
usage_events-002760,EV-0002760,SU-00010,ST-0030,2026-01-14T09:53:00Z,data,497.7,mb,3.96,2026-01-14T09:53:00Z
usage_events-002761,EV-0002761,SU-00011,ST-0001,2026-01-14T10:00:00Z,data,250.0,mb,0.80,2026-01-14T10:00:00Z
usage_events-002762,EV-0002762,SU-00012,ST-0002,2026-01-14T10:07:00Z,sms,327.5,messages,4.49,2026-01-14T10:07:00Z
usage_events-002763,EV-0002763,SU-00013,ST-0003,2026-01-14T10:14:00Z,sms,120.1,messages,4.56,2026-01-14T10:14:00Z
usage_events-002764,EV-0002764,SU-00014,ST-0004,2026-01-14T10:21:00Z,voice,391.9,minutes,0.69,2026-01-14T10:21:00Z
usage_events-002765,EV-0002765,SU-00015,ST-0005,2026-01-14T10:28:00Z,voice,235.8,minutes,4.42,2026-01-14T10:28:00Z
usage_events-002766,EV-0002766,SU-00016,ST-0006,2026-01-14T10:35:00Z,voice,437.7,minutes,2.85,2026-01-14T10:35:00Z
usage_events-002767,EV-0002767,SU-00017,ST-0007,2026-01-14T10:42:00Z,data,378.9,mb,1.89,2026-01-14T10:42:00Z
usage_events-002768,EV-0002768,SU-00018,ST-0008,2026-01-14T10:49:00Z,data,124.8,mb,1.25,2026-01-14T10:49:00Z
usage_events-002769,EV-0002769,SU-00019,ST-0009,2026-01-14T10:56:00Z,sms,423.4,messages,3.55,2026-01-14T10:56:00Z
usage_events-002770,EV-0002770,SU-00020,ST-0010,2026-01-14T11:03:00Z,data,249.9,mb,0.06,2026-01-14T11:03:00Z
usage_events-002771,EV-0002771,SU-00021,ST-0011,2026-01-14T11:10:00Z,voice,100.9,minutes,0.26,2026-01-14T11:10:00Z
usage_events-002772,EV-0002772,SU-00022,ST-0012,2026-01-14T11:17:00Z,voice,199.4,minutes,4.81,2026-01-14T11:17:00Z
usage_events-002773,EV-0002773,SU-00023,ST-0013,2026-01-14T11:24:00Z,data,398.9,mb,0.29,2026-01-14T11:24:00Z
usage_events-002774,EV-0002774,SU-00024,ST-0014,2026-01-14T11:31:00Z,sms,395.0,messages,0.68,2026-01-14T11:31:00Z
usage_events-002775,EV-0002775,SU-00025,ST-0015,2026-01-14T11:38:00Z,data,231.1,mb,3.94,2026-01-14T11:38:00Z
usage_events-002776,EV-0002776,SU-00026,ST-0016,2026-01-14T11:45:00Z,data,122.9,mb,0.79,2026-01-14T11:45:00Z
usage_events-002777,EV-0002777,SU-00027,ST-0017,2026-01-14T11:52:00Z,voice,409.8,minutes,4.26,2026-01-14T11:52:00Z
usage_events-002778,EV-0002778,SU-00028,ST-0018,2026-01-14T11:59:00Z,data,102.7,mb,0.49,2026-01-14T11:59:00Z
usage_events-002779,EV-0002779,SU-00029,ST-0019,2026-01-14T12:06:00Z,voice,385.2,minutes,0.22,2026-01-14T12:06:00Z
usage_events-002780,EV-0002780,SU-00030,ST-0020,2026-01-14T12:13:00Z,data,280.7,mb,1.15,2026-01-14T12:13:00Z
usage_events-002781,EV-0002781,SU-00031,ST-0021,2026-01-14T12:20:00Z,voice,199.3,minutes,0.08,2026-01-14T12:20:00Z
usage_events-002782,EV-0002782,SU-00032,ST-0022,2026-01-14T12:27:00Z,sms,491.8,messages,3.16,2026-01-14T12:27:00Z
usage_events-002783,EV-0002783,SU-00033,ST-0023,2026-01-14T12:34:00Z,voice,318.3,minutes,1.17,2026-01-14T12:34:00Z
usage_events-002784,EV-0002784,SU-00034,ST-0024,2026-01-14T12:41:00Z,sms,249.2,messages,1.07,2026-01-14T12:41:00Z
usage_events-002785,EV-0002785,SU-00035,ST-0025,2026-01-14T12:48:00Z,data,43.4,mb,1.92,2026-01-14T12:48:00Z
usage_events-002786,EV-0002786,SU-00036,ST-0026,2026-01-14T12:55:00Z,data,431.4,mb,3.96,2026-01-14T12:55:00Z
usage_events-002787,EV-0002787,SU-00037,ST-0027,2026-01-14T13:02:00Z,data,55.0,mb,5.00,2026-01-14T13:02:00Z
usage_events-002788,EV-0002788,SU-00038,ST-0028,2026-01-14T13:09:00Z,sms,136.2,messages,2.98,2026-01-14T13:09:00Z
usage_events-002789,EV-0002789,SU-00039,ST-0029,2026-01-14T13:16:00Z,sms,255.0,messages,0.80,2026-01-14T13:16:00Z
usage_events-002790,EV-0002790,SU-00040,ST-0030,2026-01-14T13:23:00Z,voice,106.8,minutes,2.71,2026-01-14T13:23:00Z
usage_events-002791,EV-0002791,SU-00041,ST-0001,2026-01-14T13:30:00Z,sms,244.5,messages,0.50,2026-01-14T13:30:00Z
usage_events-002792,EV-0002792,SU-00042,ST-0002,2026-01-14T13:37:00Z,sms,47.5,messages,1.39,2026-01-14T13:37:00Z
usage_events-002793,EV-0002793,SU-00043,ST-0003,2026-01-14T13:44:00Z,data,69.3,mb,2.95,2026-01-14T13:44:00Z
usage_events-002794,EV-0002794,SU-00044,ST-0004,2026-01-14T13:51:00Z,data,316.3,mb,3.49,2026-01-14T13:51:00Z
usage_events-002795,EV-0002795,SU-00045,ST-0005,2026-01-14T13:58:00Z,sms,449.2,messages,4.19,2026-01-14T13:58:00Z
usage_events-002796,EV-0002796,SU-00046,ST-0006,2026-01-14T14:05:00Z,data,483.4,mb,1.77,2026-01-14T14:05:00Z
usage_events-002797,EV-0002797,SU-00047,ST-0007,2026-01-14T14:12:00Z,sms,142.0,messages,0.66,2026-01-14T14:12:00Z
usage_events-002798,EV-0002798,SU-00048,ST-0008,2026-01-14T14:19:00Z,sms,367.7,messages,0.18,2026-01-14T14:19:00Z
usage_events-002799,EV-0002799,SU-00049,ST-0009,2026-01-14T14:26:00Z,data,201.2,mb,1.90,2026-01-14T14:26:00Z
usage_events-002800,EV-0002800,SU-00050,ST-0010,2026-01-14T14:33:00Z,data,266.3,mb,1.90,2026-01-14T14:33:00Z
usage_events-002801,EV-0002801,SU-00051,ST-0011,2026-01-14T14:40:00Z,sms,241.3,messages,3.57,2026-01-14T14:40:00Z
usage_events-002802,EV-0002802,SU-00052,ST-0012,2026-01-14T14:47:00Z,data,370.6,mb,4.26,2026-01-14T14:47:00Z
usage_events-002803,EV-0002803,SU-00053,ST-0013,2026-01-14T14:54:00Z,sms,463.9,messages,1.82,2026-01-14T14:54:00Z
usage_events-002804,EV-0002804,SU-00054,ST-0014,2026-01-14T15:01:00Z,data,449.0,mb,2.71,2026-01-14T15:01:00Z
usage_events-002805,EV-0002805,SU-00055,ST-0015,2026-01-14T15:08:00Z,voice,101.4,minutes,0.85,2026-01-14T15:08:00Z
usage_events-002806,EV-0002806,SU-00056,ST-0016,2026-01-14T15:15:00Z,data,428.5,mb,0.01,2026-01-14T15:15:00Z
usage_events-002807,EV-0002807,SU-00057,ST-0017,2026-01-14T15:22:00Z,voice,464.8,minutes,0.35,2026-01-14T15:22:00Z
usage_events-002808,EV-0002808,SU-00058,ST-0018,2026-01-14T15:29:00Z,voice,296.2,minutes,4.45,2026-01-14T15:29:00Z
usage_events-002809,EV-0002809,SU-00059,ST-0019,2026-01-14T15:36:00Z,data,179.7,mb,3.37,2026-01-14T15:36:00Z
usage_events-002810,EV-0002810,SU-00060,ST-0020,2026-01-14T15:43:00Z,sms,279.7,messages,1.15,2026-01-14T15:43:00Z
usage_events-002811,EV-0002811,SU-00061,ST-0021,2026-01-14T15:50:00Z,voice,224.4,minutes,2.67,2026-01-14T15:50:00Z
usage_events-002812,EV-0002812,SU-00062,ST-0022,2026-01-14T15:57:00Z,voice,487.5,minutes,4.06,2026-01-14T15:57:00Z
usage_events-002813,EV-0002813,SU-00063,ST-0023,2026-01-14T16:04:00Z,voice,139.4,minutes,1.25,2026-01-14T16:04:00Z
usage_events-002814,EV-0002814,SU-00064,ST-0024,2026-01-14T16:11:00Z,data,118.8,mb,0.98,2026-01-14T16:11:00Z
usage_events-002815,EV-0002815,SU-00065,ST-0025,2026-01-14T16:18:00Z,data,232.7,mb,1.61,2026-01-14T16:18:00Z
usage_events-002816,EV-0002816,SU-00066,ST-0026,2026-01-14T16:25:00Z,data,333.4,mb,3.63,2026-01-14T16:25:00Z
usage_events-002817,EV-0002817,SU-00067,ST-0027,2026-01-14T16:32:00Z,sms,443.9,messages,2.31,2026-01-14T16:32:00Z
usage_events-002818,EV-0002818,SU-00068,ST-0028,2026-01-14T16:39:00Z,data,464.6,mb,3.90,2026-01-14T16:39:00Z
usage_events-002819,EV-0002819,SU-00069,ST-0029,2026-01-14T16:46:00Z,voice,349.1,minutes,2.45,2026-01-14T16:46:00Z
usage_events-002820,EV-0002820,SU-00070,ST-0030,2026-01-14T16:53:00Z,sms,143.8,messages,4.86,2026-01-14T16:53:00Z
usage_events-002821,EV-0002821,SU-00071,ST-0001,2026-01-14T17:00:00Z,data,432.6,mb,2.53,2026-01-14T17:00:00Z
usage_events-002822,EV-0002822,SU-00072,ST-0002,2026-01-14T17:07:00Z,sms,446.6,messages,2.19,2026-01-14T17:07:00Z
usage_events-002823,EV-0002823,SU-00073,ST-0003,2026-01-14T17:14:00Z,sms,242.4,messages,4.04,2026-01-14T17:14:00Z
usage_events-002824,EV-0002824,SU-00074,ST-0004,2026-01-14T17:21:00Z,sms,317.3,messages,2.73,2026-01-14T17:21:00Z
usage_events-002825,EV-0002825,SU-00075,ST-0005,2026-01-14T17:28:00Z,data,386.9,mb,1.93,2026-01-14T17:28:00Z
usage_events-002826,EV-0002826,SU-00076,ST-0006,2026-01-14T17:35:00Z,voice,100.0,minutes,1.04,2026-01-14T17:35:00Z
usage_events-002827,EV-0002827,SU-00077,ST-0007,2026-01-14T17:42:00Z,data,115.8,mb,0.13,2026-01-14T17:42:00Z
usage_events-002828,EV-0002828,SU-00078,ST-0008,2026-01-14T17:49:00Z,data,162.3,mb,4.50,2026-01-14T17:49:00Z
usage_events-002829,EV-0002829,SU-00079,ST-0009,2026-01-14T17:56:00Z,voice,374.9,minutes,4.57,2026-01-14T17:56:00Z
usage_events-002830,EV-0002830,SU-00080,ST-0010,2026-01-14T18:03:00Z,voice,155.0,minutes,3.48,2026-01-14T18:03:00Z
usage_events-002831,EV-0002831,SU-00081,ST-0011,2026-01-14T18:10:00Z,data,273.8,mb,2.68,2026-01-14T18:10:00Z
usage_events-002832,EV-0002832,SU-00082,ST-0012,2026-01-14T18:17:00Z,sms,119.9,messages,1.50,2026-01-14T18:17:00Z
usage_events-002833,EV-0002833,SU-00083,ST-0013,2026-01-14T18:24:00Z,data,244.0,mb,4.80,2026-01-14T18:24:00Z
usage_events-002834,EV-0002834,SU-00084,ST-0014,2026-01-14T18:31:00Z,voice,241.4,minutes,2.81,2026-01-14T18:31:00Z
usage_events-002835,EV-0002835,SU-00085,ST-0015,2026-01-14T18:38:00Z,sms,86.5,messages,0.56,2026-01-14T18:38:00Z
usage_events-002836,EV-0002836,SU-00086,ST-0016,2026-01-14T18:45:00Z,sms,499.1,messages,1.37,2026-01-14T18:45:00Z
usage_events-002837,EV-0002837,SU-00087,ST-0017,2026-01-14T18:52:00Z,sms,403.8,messages,1.83,2026-01-14T18:52:00Z
usage_events-002838,EV-0002838,SU-00088,ST-0018,2026-01-14T18:59:00Z,sms,454.9,messages,3.11,2026-01-14T18:59:00Z
usage_events-002839,EV-0002839,SU-00089,ST-0019,2026-01-14T19:06:00Z,voice,113.5,minutes,1.67,2026-01-14T19:06:00Z
usage_events-002840,EV-0002840,SU-00090,ST-0020,2026-01-14T19:13:00Z,voice,497.7,minutes,1.85,2026-01-14T19:13:00Z
usage_events-002841,EV-0002841,SU-00091,ST-0021,2026-01-14T19:20:00Z,data,319.5,mb,1.55,2026-01-14T19:20:00Z
usage_events-002842,EV-0002842,SU-00092,ST-0022,2026-01-14T19:27:00Z,voice,463.4,minutes,4.00,2026-01-14T19:27:00Z
usage_events-002843,EV-0002843,SU-00093,ST-0023,2026-01-14T19:34:00Z,voice,264.7,minutes,2.27,2026-01-14T19:34:00Z
usage_events-002844,EV-0002844,SU-00094,ST-0024,2026-01-14T19:41:00Z,data,41.0,mb,3.65,2026-01-14T19:41:00Z
usage_events-002845,EV-0002845,SU-00095,ST-0025,2026-01-14T19:48:00Z,data,175.2,mb,2.53,2026-01-14T19:48:00Z
usage_events-002846,EV-0002846,SU-00096,ST-0026,2026-01-14T19:55:00Z,sms,45.2,messages,4.91,2026-01-14T19:55:00Z
usage_events-002847,EV-0002847,SU-00097,ST-0027,2026-01-14T20:02:00Z,voice,396.2,minutes,2.67,2026-01-14T20:02:00Z
usage_events-002848,EV-0002848,SU-00098,ST-0028,2026-01-14T20:09:00Z,data,452.6,mb,1.82,2026-01-14T20:09:00Z
usage_events-002849,EV-0002849,SU-00099,ST-0029,2026-01-14T20:16:00Z,sms,32.8,messages,0.46,2026-01-14T20:16:00Z
usage_events-002850,EV-0002850,SU-00100,ST-0030,2026-01-14T20:23:00Z,voice,84.0,minutes,2.35,2026-01-14T20:23:00Z
usage_events-002851,EV-0002851,SU-00101,ST-0001,2026-01-14T20:30:00Z,data,190.6,mb,1.53,2026-01-14T20:30:00Z
usage_events-002852,EV-0002852,SU-00102,ST-0002,2026-01-14T20:37:00Z,voice,412.7,minutes,4.42,2026-01-14T20:37:00Z
usage_events-002853,EV-0002853,SU-00103,ST-0003,2026-01-14T20:44:00Z,sms,392.0,messages,4.09,2026-01-14T20:44:00Z
usage_events-002854,EV-0002854,SU-00104,ST-0004,2026-01-14T20:51:00Z,data,281.5,mb,4.00,2026-01-14T20:51:00Z
usage_events-002855,EV-0002855,SU-00105,ST-0005,2026-01-14T20:58:00Z,voice,148.1,minutes,2.05,2026-01-14T20:58:00Z
usage_events-002856,EV-0002856,SU-00106,ST-0006,2026-01-14T21:05:00Z,voice,260.0,minutes,1.68,2026-01-14T21:05:00Z
usage_events-002857,EV-0002857,SU-00107,ST-0007,2026-01-14T21:12:00Z,voice,128.4,minutes,3.28,2026-01-14T21:12:00Z
usage_events-002858,EV-0002858,SU-00108,ST-0008,2026-01-14T21:19:00Z,sms,264.4,messages,0.05,2026-01-14T21:19:00Z
usage_events-002859,EV-0002859,SU-00109,ST-0009,2026-01-14T21:26:00Z,sms,407.9,messages,1.68,2026-01-14T21:26:00Z
usage_events-002860,EV-0002860,SU-00110,ST-0010,2026-01-14T21:33:00Z,sms,62.2,messages,3.76,2026-01-14T21:33:00Z
usage_events-002861,EV-0002861,SU-00111,ST-0011,2026-01-14T21:40:00Z,voice,101.0,minutes,0.55,2026-01-14T21:40:00Z
usage_events-002862,EV-0002862,SU-00112,ST-0012,2026-01-14T21:47:00Z,sms,423.3,messages,2.43,2026-01-14T21:47:00Z
usage_events-002863,EV-0002863,SU-00113,ST-0013,2026-01-14T21:54:00Z,data,115.9,mb,4.73,2026-01-14T21:54:00Z
usage_events-002864,EV-0002864,SU-00114,ST-0014,2026-01-14T22:01:00Z,sms,92.0,messages,2.24,2026-01-14T22:01:00Z
usage_events-002865,EV-0002865,SU-00115,ST-0015,2026-01-14T22:08:00Z,data,50.1,mb,0.39,2026-01-14T22:08:00Z
usage_events-002866,EV-0002866,SU-00116,ST-0016,2026-01-14T22:15:00Z,voice,134.9,minutes,3.25,2026-01-14T22:15:00Z
usage_events-002867,EV-0002867,SU-00117,ST-0017,2026-01-14T22:22:00Z,data,190.6,mb,2.36,2026-01-14T22:22:00Z
usage_events-002868,EV-0002868,SU-00118,ST-0018,2026-01-14T22:29:00Z,voice,293.3,minutes,1.68,2026-01-14T22:29:00Z
usage_events-002869,EV-0002869,SU-00119,ST-0019,2026-01-14T22:36:00Z,voice,338.9,minutes,1.90,2026-01-14T22:36:00Z
usage_events-002870,EV-0002870,SU-00120,ST-0020,2026-01-14T22:43:00Z,sms,150.2,messages,3.71,2026-01-14T22:43:00Z
usage_events-002871,EV-0002871,SU-00121,ST-0021,2026-01-14T22:50:00Z,data,199.8,mb,0.92,2026-01-14T22:50:00Z
usage_events-002872,EV-0002872,SU-00122,ST-0022,2026-01-14T22:57:00Z,data,424.4,mb,3.97,2026-01-14T22:57:00Z
usage_events-002873,EV-0002873,SU-00123,ST-0023,2026-01-14T23:04:00Z,sms,111.7,messages,3.39,2026-01-14T23:04:00Z
usage_events-002874,EV-0002874,SU-00124,ST-0024,2026-01-14T23:11:00Z,data,391.6,mb,4.88,2026-01-14T23:11:00Z
usage_events-002875,EV-0002875,SU-00125,ST-0025,2026-01-14T23:18:00Z,data,105.3,mb,2.10,2026-01-14T23:18:00Z
usage_events-002876,EV-0002876,SU-00126,ST-0026,2026-01-14T23:25:00Z,sms,328.0,messages,1.95,2026-01-14T23:25:00Z
usage_events-002877,EV-0002877,SU-00127,ST-0027,2026-01-14T23:32:00Z,sms,246.2,messages,2.17,2026-01-14T23:32:00Z
usage_events-002878,EV-0002878,SU-00128,ST-0028,2026-01-14T23:39:00Z,sms,325.4,messages,0.18,2026-01-14T23:39:00Z
usage_events-002879,EV-0002879,SU-00129,ST-0029,2026-01-14T23:46:00Z,data,461.9,mb,0.99,2026-01-14T23:46:00Z
usage_events-002880,EV-0002880,SU-00130,ST-0030,2026-01-14T23:53:00Z,data,368.0,mb,4.26,2026-01-14T23:53:00Z
usage_events-002881,EV-0002881,SU-00131,ST-0001,2026-01-15T00:00:00Z,voice,366.9,minutes,0.14,2026-01-15T00:00:00Z
usage_events-002882,EV-0002882,SU-00132,ST-0002,2026-01-15T00:07:00Z,voice,178.6,minutes,4.79,2026-01-15T00:07:00Z
usage_events-002883,EV-0002883,SU-00133,ST-0003,2026-01-15T00:14:00Z,voice,347.3,minutes,4.94,2026-01-15T00:14:00Z
usage_events-002884,EV-0002884,SU-00134,ST-0004,2026-01-15T00:21:00Z,voice,317.8,minutes,1.37,2026-01-15T00:21:00Z
usage_events-002885,EV-0002885,SU-00135,ST-0005,2026-01-15T00:28:00Z,sms,256.6,messages,1.66,2026-01-15T00:28:00Z
usage_events-002886,EV-0002886,SU-00136,ST-0006,2026-01-15T00:35:00Z,data,141.3,mb,3.59,2026-01-15T00:35:00Z
usage_events-002887,EV-0002887,SU-00137,ST-0007,2026-01-15T00:42:00Z,sms,416.5,messages,0.52,2026-01-15T00:42:00Z
usage_events-002888,EV-0002888,SU-00138,ST-0008,2026-01-15T00:49:00Z,voice,22.8,minutes,1.28,2026-01-15T00:49:00Z
usage_events-002889,EV-0002889,SU-00139,ST-0009,2026-01-15T00:56:00Z,voice,42.7,minutes,0.91,2026-01-15T00:56:00Z
usage_events-002890,EV-0002890,SU-00140,ST-0010,2026-01-15T01:03:00Z,data,432.9,mb,2.77,2026-01-15T01:03:00Z
usage_events-002891,EV-0002891,SU-00141,ST-0011,2026-01-15T01:10:00Z,voice,285.0,minutes,3.33,2026-01-15T01:10:00Z
usage_events-002892,EV-0002892,SU-00142,ST-0012,2026-01-15T01:17:00Z,sms,40.2,messages,4.85,2026-01-15T01:17:00Z
usage_events-002893,EV-0002893,SU-00143,ST-0013,2026-01-15T01:24:00Z,data,178.0,mb,3.69,2026-01-15T01:24:00Z
usage_events-002894,EV-0002894,SU-00144,ST-0014,2026-01-15T01:31:00Z,sms,99.2,messages,1.81,2026-01-15T01:31:00Z
usage_events-002895,EV-0002895,SU-00145,ST-0015,2026-01-15T01:38:00Z,voice,427.9,minutes,4.00,2026-01-15T01:38:00Z
usage_events-002896,EV-0002896,SU-00146,ST-0016,2026-01-15T01:45:00Z,sms,296.8,messages,4.07,2026-01-15T01:45:00Z
usage_events-002897,EV-0002897,SU-00147,ST-0017,2026-01-15T01:52:00Z,data,27.3,mb,3.75,2026-01-15T01:52:00Z
usage_events-002898,EV-0002898,SU-00148,ST-0018,2026-01-15T01:59:00Z,sms,177.8,messages,0.06,2026-01-15T01:59:00Z
usage_events-002899,EV-0002899,SU-00149,ST-0019,2026-01-15T02:06:00Z,voice,498.6,minutes,1.34,2026-01-15T02:06:00Z
usage_events-002900,EV-0002900,SU-00150,ST-0020,2026-01-15T02:13:00Z,voice,187.5,minutes,3.74,2026-01-15T02:13:00Z
usage_events-002901,EV-0002901,SU-00151,ST-0021,2026-01-15T02:20:00Z,data,10.1,mb,0.48,2026-01-15T02:20:00Z
usage_events-002902,EV-0002902,SU-00152,ST-0022,2026-01-15T02:27:00Z,data,227.6,mb,2.46,2026-01-15T02:27:00Z
usage_events-002903,EV-0002903,SU-00153,ST-0023,2026-01-15T02:34:00Z,voice,251.0,minutes,2.91,2026-01-15T02:34:00Z
usage_events-002904,EV-0002904,SU-00154,ST-0024,2026-01-15T02:41:00Z,voice,238.3,minutes,3.80,2026-01-15T02:41:00Z
usage_events-002905,EV-0002905,SU-00155,ST-0025,2026-01-15T02:48:00Z,data,328.5,mb,4.14,2026-01-15T02:48:00Z
usage_events-002906,EV-0002906,SU-00156,ST-0026,2026-01-15T02:55:00Z,voice,383.7,minutes,1.20,2026-01-15T02:55:00Z
usage_events-002907,EV-0002907,SU-00157,ST-0027,2026-01-15T03:02:00Z,data,315.7,mb,3.21,2026-01-15T03:02:00Z
usage_events-002908,EV-0002908,SU-00158,ST-0028,2026-01-15T03:09:00Z,data,379.4,mb,2.02,2026-01-15T03:09:00Z
usage_events-002909,EV-0002909,SU-00159,ST-0029,2026-01-15T03:16:00Z,voice,407.0,minutes,2.57,2026-01-15T03:16:00Z
usage_events-002910,EV-0002910,SU-00160,ST-0030,2026-01-15T03:23:00Z,data,430.5,mb,4.36,2026-01-15T03:23:00Z
usage_events-002911,EV-0002911,SU-00161,ST-0001,2026-01-15T03:30:00Z,sms,276.6,messages,3.98,2026-01-15T03:30:00Z
usage_events-002912,EV-0002912,SU-00162,ST-0002,2026-01-15T03:37:00Z,sms,451.7,messages,2.37,2026-01-15T03:37:00Z
usage_events-002913,EV-0002913,SU-00163,ST-0003,2026-01-15T03:44:00Z,data,361.2,mb,3.35,2026-01-15T03:44:00Z
usage_events-002914,EV-0002914,SU-00164,ST-0004,2026-01-15T03:51:00Z,voice,345.5,minutes,0.70,2026-01-15T03:51:00Z
usage_events-002915,EV-0002915,SU-00165,ST-0005,2026-01-15T03:58:00Z,data,32.0,mb,4.46,2026-01-15T03:58:00Z
usage_events-002916,EV-0002916,SU-00166,ST-0006,2026-01-15T04:05:00Z,sms,232.6,messages,4.49,2026-01-15T04:05:00Z
usage_events-002917,EV-0002917,SU-00167,ST-0007,2026-01-15T04:12:00Z,sms,308.8,messages,4.45,2026-01-15T04:12:00Z
usage_events-002918,EV-0002918,SU-00168,ST-0008,2026-01-15T04:19:00Z,data,28.8,mb,4.35,2026-01-15T04:19:00Z
usage_events-002919,EV-0002919,SU-00169,ST-0009,2026-01-15T04:26:00Z,sms,257.9,messages,1.95,2026-01-15T04:26:00Z
usage_events-002920,EV-0002920,SU-00170,ST-0010,2026-01-15T04:33:00Z,voice,234.5,minutes,0.19,2026-01-15T04:33:00Z
usage_events-002921,EV-0002921,SU-00171,ST-0011,2026-01-15T04:40:00Z,voice,308.3,minutes,0.62,2026-01-15T04:40:00Z
usage_events-002922,EV-0002922,SU-00172,ST-0012,2026-01-15T04:47:00Z,sms,47.2,messages,1.28,2026-01-15T04:47:00Z
usage_events-002923,EV-0002923,SU-00173,ST-0013,2026-01-15T04:54:00Z,data,470.2,mb,3.22,2026-01-15T04:54:00Z
usage_events-002924,EV-0002924,SU-00174,ST-0014,2026-01-15T05:01:00Z,data,496.8,mb,4.62,2026-01-15T05:01:00Z
usage_events-002925,EV-0002925,SU-00175,ST-0015,2026-01-15T05:08:00Z,voice,261.0,minutes,4.65,2026-01-15T05:08:00Z
usage_events-002926,EV-0002926,SU-00176,ST-0016,2026-01-15T05:15:00Z,sms,253.7,messages,2.62,2026-01-15T05:15:00Z
usage_events-002927,EV-0002927,SU-00177,ST-0017,2026-01-15T05:22:00Z,voice,265.8,minutes,3.58,2026-01-15T05:22:00Z
usage_events-002928,EV-0002928,SU-00178,ST-0018,2026-01-15T05:29:00Z,sms,120.8,messages,0.18,2026-01-15T05:29:00Z
usage_events-002929,EV-0002929,SU-00179,ST-0019,2026-01-15T05:36:00Z,sms,351.5,messages,1.55,2026-01-15T05:36:00Z
usage_events-002930,EV-0002930,SU-00180,ST-0020,2026-01-15T05:43:00Z,sms,326.0,messages,3.63,2026-01-15T05:43:00Z
usage_events-002931,EV-0002931,SU-00181,ST-0021,2026-01-15T05:50:00Z,data,206.6,mb,2.07,2026-01-15T05:50:00Z
usage_events-002932,EV-0002932,SU-00182,ST-0022,2026-01-15T05:57:00Z,data,307.7,mb,1.82,2026-01-15T05:57:00Z
usage_events-002933,EV-0002933,SU-00183,ST-0023,2026-01-15T06:04:00Z,sms,341.9,messages,4.99,2026-01-15T06:04:00Z
usage_events-002934,EV-0002934,SU-00184,ST-0024,2026-01-15T06:11:00Z,voice,280.6,minutes,1.81,2026-01-15T06:11:00Z
usage_events-002935,EV-0002935,SU-00185,ST-0025,2026-01-15T06:18:00Z,data,282.6,mb,0.45,2026-01-15T06:18:00Z
usage_events-002936,EV-0002936,SU-00186,ST-0026,2026-01-15T06:25:00Z,sms,378.6,messages,3.54,2026-01-15T06:25:00Z
usage_events-002937,EV-0002937,SU-00187,ST-0027,2026-01-15T06:32:00Z,voice,84.8,minutes,4.72,2026-01-15T06:32:00Z
usage_events-002938,EV-0002938,SU-00188,ST-0028,2026-01-15T06:39:00Z,data,425.8,mb,1.94,2026-01-15T06:39:00Z
usage_events-002939,EV-0002939,SU-00189,ST-0029,2026-01-15T06:46:00Z,sms,207.1,messages,2.67,2026-01-15T06:46:00Z
usage_events-002940,EV-0002940,SU-00190,ST-0030,2026-01-15T06:53:00Z,sms,427.1,messages,3.59,2026-01-15T06:53:00Z
usage_events-002941,EV-0002941,SU-00191,ST-0001,2026-01-15T07:00:00Z,data,458.6,mb,2.03,2026-01-15T07:00:00Z
usage_events-002942,EV-0002942,SU-00192,ST-0002,2026-01-15T07:07:00Z,sms,174.0,messages,3.31,2026-01-15T07:07:00Z
usage_events-002943,EV-0002943,SU-00193,ST-0003,2026-01-15T07:14:00Z,data,325.0,mb,0.70,2026-01-15T07:14:00Z
usage_events-002944,EV-0002944,SU-00194,ST-0004,2026-01-15T07:21:00Z,sms,408.5,messages,0.83,2026-01-15T07:21:00Z
usage_events-002945,EV-0002945,SU-00195,ST-0005,2026-01-15T07:28:00Z,sms,21.3,messages,1.67,2026-01-15T07:28:00Z
usage_events-002946,EV-0002946,SU-00196,ST-0006,2026-01-15T07:35:00Z,data,468.6,mb,3.61,2026-01-15T07:35:00Z
usage_events-002947,EV-0002947,SU-00197,ST-0007,2026-01-15T07:42:00Z,sms,42.3,messages,2.58,2026-01-15T07:42:00Z
usage_events-002948,EV-0002948,SU-00198,ST-0008,2026-01-15T07:49:00Z,sms,448.4,messages,3.27,2026-01-15T07:49:00Z
usage_events-002949,EV-0002949,SU-00199,ST-0009,2026-01-15T07:56:00Z,sms,298.9,messages,0.72,2026-01-15T07:56:00Z
usage_events-002950,EV-0002950,SU-00200,ST-0010,2026-01-15T08:03:00Z,sms,487.3,messages,0.38,2026-01-15T08:03:00Z
usage_events-002951,EV-0002951,SU-00201,ST-0011,2026-01-15T08:10:00Z,voice,165.0,minutes,3.58,2026-01-15T08:10:00Z
usage_events-002952,EV-0002952,SU-00202,ST-0012,2026-01-15T08:17:00Z,voice,413.9,minutes,4.00,2026-01-15T08:17:00Z
usage_events-002953,EV-0002953,SU-00203,ST-0013,2026-01-15T08:24:00Z,data,323.1,mb,2.11,2026-01-15T08:24:00Z
usage_events-002954,EV-0002954,SU-00204,ST-0014,2026-01-15T08:31:00Z,data,98.0,mb,3.39,2026-01-15T08:31:00Z
usage_events-002955,EV-0002955,SU-00205,ST-0015,2026-01-15T08:38:00Z,voice,239.9,minutes,4.44,2026-01-15T08:38:00Z
usage_events-002956,EV-0002956,SU-00206,ST-0016,2026-01-15T08:45:00Z,voice,341.1,minutes,3.78,2026-01-15T08:45:00Z
usage_events-002957,EV-0002957,SU-00207,ST-0017,2026-01-15T08:52:00Z,sms,230.3,messages,1.70,2026-01-15T08:52:00Z
usage_events-002958,EV-0002958,SU-00208,ST-0018,2026-01-15T08:59:00Z,data,411.9,mb,3.03,2026-01-15T08:59:00Z
usage_events-002959,EV-0002959,SU-00209,ST-0019,2026-01-15T09:06:00Z,sms,88.4,messages,4.99,2026-01-15T09:06:00Z
usage_events-002960,EV-0002960,SU-00210,ST-0020,2026-01-15T09:13:00Z,data,388.1,mb,1.43,2026-01-15T09:13:00Z
usage_events-002961,EV-0002961,SU-00211,ST-0021,2026-01-15T09:20:00Z,data,499.5,mb,1.21,2026-01-15T09:20:00Z
usage_events-002962,EV-0002962,SU-00212,ST-0022,2026-01-15T09:27:00Z,data,165.7,mb,1.03,2026-01-15T09:27:00Z
usage_events-002963,EV-0002963,SU-00213,ST-0023,2026-01-15T09:34:00Z,sms,92.0,messages,1.11,2026-01-15T09:34:00Z
usage_events-002964,EV-0002964,SU-00214,ST-0024,2026-01-15T09:41:00Z,data,318.0,mb,0.22,2026-01-15T09:41:00Z
usage_events-002965,EV-0002965,SU-00215,ST-0025,2026-01-15T09:48:00Z,voice,33.7,minutes,0.68,2026-01-15T09:48:00Z
usage_events-002966,EV-0002966,SU-00216,ST-0026,2026-01-15T09:55:00Z,data,388.5,mb,0.15,2026-01-15T09:55:00Z
usage_events-002967,EV-0002967,SU-00217,ST-0027,2026-01-15T10:02:00Z,voice,102.5,minutes,0.03,2026-01-15T10:02:00Z
usage_events-002968,EV-0002968,SU-00218,ST-0028,2026-01-15T10:09:00Z,data,286.4,mb,2.97,2026-01-15T10:09:00Z
usage_events-002969,EV-0002969,SU-00219,ST-0029,2026-01-15T10:16:00Z,sms,147.4,messages,2.10,2026-01-15T10:16:00Z
usage_events-002970,EV-0002970,SU-00220,ST-0030,2026-01-15T10:23:00Z,sms,261.7,messages,1.00,2026-01-15T10:23:00Z
usage_events-002971,EV-0002971,SU-00221,ST-0001,2026-01-15T10:30:00Z,data,352.3,mb,4.39,2026-01-15T10:30:00Z
usage_events-002972,EV-0002972,SU-00222,ST-0002,2026-01-15T10:37:00Z,data,85.3,mb,4.06,2026-01-15T10:37:00Z
usage_events-002973,EV-0002973,SU-00223,ST-0003,2026-01-15T10:44:00Z,voice,115.1,minutes,1.94,2026-01-15T10:44:00Z
usage_events-002974,EV-0002974,SU-00224,ST-0004,2026-01-15T10:51:00Z,data,4.2,mb,3.66,2026-01-15T10:51:00Z
usage_events-002975,EV-0002975,SU-00225,ST-0005,2026-01-15T10:58:00Z,data,413.6,mb,3.08,2026-01-15T10:58:00Z
usage_events-002976,EV-0002976,SU-00226,ST-0006,2026-01-15T11:05:00Z,voice,351.0,minutes,1.73,2026-01-15T11:05:00Z
usage_events-002977,EV-0002977,SU-00227,ST-0007,2026-01-15T11:12:00Z,data,156.7,mb,3.65,2026-01-15T11:12:00Z
usage_events-002978,EV-0002978,SU-00228,ST-0008,2026-01-15T11:19:00Z,sms,437.9,messages,0.06,2026-01-15T11:19:00Z
usage_events-002979,EV-0002979,SU-00229,ST-0009,2026-01-15T11:26:00Z,sms,480.4,messages,3.77,2026-01-15T11:26:00Z
usage_events-002980,EV-0002980,SU-00230,ST-0010,2026-01-15T11:33:00Z,voice,331.1,minutes,4.07,2026-01-15T11:33:00Z
usage_events-002981,EV-0002981,SU-00231,ST-0011,2026-01-15T11:40:00Z,data,307.1,mb,3.99,2026-01-15T11:40:00Z
usage_events-002982,EV-0002982,SU-00232,ST-0012,2026-01-15T11:47:00Z,voice,475.8,minutes,3.16,2026-01-15T11:47:00Z
usage_events-002983,EV-0002983,SU-00233,ST-0013,2026-01-15T11:54:00Z,data,145.0,mb,4.56,2026-01-15T11:54:00Z
usage_events-002984,EV-0002984,SU-00234,ST-0014,2026-01-15T12:01:00Z,voice,274.2,minutes,1.12,2026-01-15T12:01:00Z
usage_events-002985,EV-0002985,SU-00235,ST-0015,2026-01-15T12:08:00Z,voice,353.1,minutes,2.72,2026-01-15T12:08:00Z
usage_events-002986,EV-0002986,SU-00236,ST-0016,2026-01-15T12:15:00Z,data,319.7,mb,4.99,2026-01-15T12:15:00Z
usage_events-002987,EV-0002987,SU-00237,ST-0017,2026-01-15T12:22:00Z,data,302.7,mb,4.22,2026-01-15T12:22:00Z
usage_events-002988,EV-0002988,SU-00238,ST-0018,2026-01-15T12:29:00Z,voice,419.5,minutes,0.96,2026-01-15T12:29:00Z
usage_events-002989,EV-0002989,SU-00239,ST-0019,2026-01-15T12:36:00Z,voice,312.2,minutes,1.31,2026-01-15T12:36:00Z
usage_events-002990,EV-0002990,SU-00240,ST-0020,2026-01-15T12:43:00Z,data,1.4,mb,1.78,2026-01-15T12:43:00Z
usage_events-002991,EV-0002991,SU-00241,ST-0021,2026-01-15T12:50:00Z,data,9.0,mb,4.03,2026-01-15T12:50:00Z
usage_events-002992,EV-0002992,SU-00242,ST-0022,2026-01-15T12:57:00Z,voice,246.7,minutes,2.54,2026-01-15T12:57:00Z
usage_events-002993,EV-0002993,SU-00243,ST-0023,2026-01-15T13:04:00Z,sms,222.4,messages,0.55,2026-01-15T13:04:00Z
usage_events-002994,EV-0002994,SU-00244,ST-0024,2026-01-15T13:11:00Z,voice,312.3,minutes,2.28,2026-01-15T13:11:00Z
usage_events-002995,EV-0002995,SU-00245,ST-0025,2026-01-15T13:18:00Z,data,23.7,mb,0.22,2026-01-15T13:18:00Z
usage_events-002996,EV-0002996,SU-00246,ST-0026,2026-01-15T13:25:00Z,voice,229.1,minutes,0.11,2026-01-15T13:25:00Z
usage_events-002997,EV-0002997,SU-00247,ST-0027,2026-01-15T13:32:00Z,sms,131.0,messages,3.72,2026-01-15T13:32:00Z
usage_events-002998,EV-0002998,SU-00248,ST-0028,2026-01-15T13:39:00Z,data,37.5,mb,4.34,2026-01-15T13:39:00Z
usage_events-002999,EV-0002999,SU-00249,ST-0029,2026-01-15T13:46:00Z,data,119.7,mb,1.90,2026-01-15T13:46:00Z
usage_events-003000,EV-0003000,SU-00250,ST-0030,2026-01-15T13:53:00Z,sms,247.9,messages,1.29,2026-01-15T13:53:00Z
usage_events-003001,EV-0003001,SU-00001,ST-0001,2026-01-15T14:00:00Z,data,116.3,mb,3.47,2026-01-15T14:00:00Z
usage_events-003002,EV-0003002,SU-00002,ST-0002,2026-01-15T14:07:00Z,voice,177.3,minutes,2.75,2026-01-15T14:07:00Z
usage_events-003003,EV-0003003,SU-00003,ST-0003,2026-01-15T14:14:00Z,data,113.9,mb,0.61,2026-01-15T14:14:00Z
usage_events-003004,EV-0003004,SU-00004,ST-0004,2026-01-15T14:21:00Z,sms,78.9,messages,4.03,2026-01-15T14:21:00Z
usage_events-003005,EV-0003005,SU-00005,ST-0005,2026-01-15T14:28:00Z,data,497.7,mb,0.25,2026-01-15T14:28:00Z
usage_events-003006,EV-0003006,SU-00006,ST-0006,2026-01-15T14:35:00Z,data,35.9,mb,3.63,2026-01-15T14:35:00Z
usage_events-003007,EV-0003007,SU-00007,ST-0007,2026-01-15T14:42:00Z,sms,118.0,messages,4.80,2026-01-15T14:42:00Z
usage_events-003008,EV-0003008,SU-00008,ST-0008,2026-01-15T14:49:00Z,voice,107.4,minutes,4.36,2026-01-15T14:49:00Z
usage_events-003009,EV-0003009,SU-00009,ST-0009,2026-01-15T14:56:00Z,voice,22.1,minutes,1.90,2026-01-15T14:56:00Z
usage_events-003010,EV-0003010,SU-00010,ST-0010,2026-01-15T15:03:00Z,voice,15.6,minutes,3.55,2026-01-15T15:03:00Z
usage_events-003011,EV-0003011,SU-00011,ST-0011,2026-01-15T15:10:00Z,voice,60.4,minutes,4.79,2026-01-15T15:10:00Z
usage_events-003012,EV-0003012,SU-00012,ST-0012,2026-01-15T15:17:00Z,sms,191.4,messages,2.37,2026-01-15T15:17:00Z
usage_events-003013,EV-0003013,SU-00013,ST-0013,2026-01-15T15:24:00Z,sms,287.0,messages,4.23,2026-01-15T15:24:00Z
usage_events-003014,EV-0003014,SU-00014,ST-0014,2026-01-15T15:31:00Z,sms,334.9,messages,2.49,2026-01-15T15:31:00Z
usage_events-003015,EV-0003015,SU-00015,ST-0015,2026-01-15T15:38:00Z,voice,269.0,minutes,3.97,2026-01-15T15:38:00Z
usage_events-003016,EV-0003016,SU-00016,ST-0016,2026-01-15T15:45:00Z,sms,441.5,messages,1.94,2026-01-15T15:45:00Z
usage_events-003017,EV-0003017,SU-00017,ST-0017,2026-01-15T15:52:00Z,data,316.7,mb,1.54,2026-01-15T15:52:00Z
usage_events-003018,EV-0003018,SU-00018,ST-0018,2026-01-15T15:59:00Z,sms,163.3,messages,3.20,2026-01-15T15:59:00Z
usage_events-003019,EV-0003019,SU-00019,ST-0019,2026-01-15T16:06:00Z,voice,281.0,minutes,0.02,2026-01-15T16:06:00Z
usage_events-003020,EV-0003020,SU-00020,ST-0020,2026-01-15T16:13:00Z,sms,231.4,messages,3.50,2026-01-15T16:13:00Z
usage_events-003021,EV-0003021,SU-00021,ST-0021,2026-01-15T16:20:00Z,data,353.9,mb,1.18,2026-01-15T16:20:00Z
usage_events-003022,EV-0003022,SU-00022,ST-0022,2026-01-15T16:27:00Z,sms,239.7,messages,4.20,2026-01-15T16:27:00Z
usage_events-003023,EV-0003023,SU-00023,ST-0023,2026-01-15T16:34:00Z,data,438.3,mb,3.36,2026-01-15T16:34:00Z
usage_events-003024,EV-0003024,SU-00024,ST-0024,2026-01-15T16:41:00Z,sms,258.3,messages,0.06,2026-01-15T16:41:00Z
usage_events-003025,EV-0003025,SU-00025,ST-0025,2026-01-15T16:48:00Z,sms,419.4,messages,3.07,2026-01-15T16:48:00Z
usage_events-003026,EV-0003026,SU-00026,ST-0026,2026-01-15T16:55:00Z,sms,294.0,messages,4.10,2026-01-15T16:55:00Z
usage_events-003027,EV-0003027,SU-00027,ST-0027,2026-01-15T17:02:00Z,data,164.0,mb,3.64,2026-01-15T17:02:00Z
usage_events-003028,EV-0003028,SU-00028,ST-0028,2026-01-15T17:09:00Z,data,445.0,mb,1.67,2026-01-15T17:09:00Z
usage_events-003029,EV-0003029,SU-00029,ST-0029,2026-01-15T17:16:00Z,sms,494.9,messages,4.81,2026-01-15T17:16:00Z
usage_events-003030,EV-0003030,SU-00030,ST-0030,2026-01-15T17:23:00Z,voice,438.6,minutes,0.87,2026-01-15T17:23:00Z
usage_events-003031,EV-0003031,SU-00031,ST-0001,2026-01-15T17:30:00Z,sms,141.9,messages,2.96,2026-01-15T17:30:00Z
usage_events-003032,EV-0003032,SU-00032,ST-0002,2026-01-15T17:37:00Z,data,289.4,mb,0.14,2026-01-15T17:37:00Z
usage_events-003033,EV-0003033,SU-00033,ST-0003,2026-01-15T17:44:00Z,sms,120.0,messages,0.95,2026-01-15T17:44:00Z
usage_events-003034,EV-0003034,SU-00034,ST-0004,2026-01-15T17:51:00Z,data,80.6,mb,0.67,2026-01-15T17:51:00Z
usage_events-003035,EV-0003035,SU-00035,ST-0005,2026-01-15T17:58:00Z,voice,32.9,minutes,0.31,2026-01-15T17:58:00Z
usage_events-003036,EV-0003036,SU-00036,ST-0006,2026-01-15T18:05:00Z,voice,372.4,minutes,4.42,2026-01-15T18:05:00Z
usage_events-003037,EV-0003037,SU-00037,ST-0007,2026-01-15T18:12:00Z,voice,46.9,minutes,0.76,2026-01-15T18:12:00Z
usage_events-003038,EV-0003038,SU-00038,ST-0008,2026-01-15T18:19:00Z,data,434.5,mb,3.07,2026-01-15T18:19:00Z
usage_events-003039,EV-0003039,SU-00039,ST-0009,2026-01-15T18:26:00Z,data,116.4,mb,1.68,2026-01-15T18:26:00Z
usage_events-003040,EV-0003040,SU-00040,ST-0010,2026-01-15T18:33:00Z,data,454.9,mb,1.73,2026-01-15T18:33:00Z
usage_events-003041,EV-0003041,SU-00041,ST-0011,2026-01-15T18:40:00Z,sms,335.6,messages,0.44,2026-01-15T18:40:00Z
usage_events-003042,EV-0003042,SU-00042,ST-0012,2026-01-15T18:47:00Z,voice,92.8,minutes,0.38,2026-01-15T18:47:00Z
usage_events-003043,EV-0003043,SU-00043,ST-0013,2026-01-15T18:54:00Z,data,45.0,mb,3.88,2026-01-15T18:54:00Z
usage_events-003044,EV-0003044,SU-00044,ST-0014,2026-01-15T19:01:00Z,data,124.7,mb,4.35,2026-01-15T19:01:00Z
usage_events-003045,EV-0003045,SU-00045,ST-0015,2026-01-15T19:08:00Z,sms,225.8,messages,3.84,2026-01-15T19:08:00Z
usage_events-003046,EV-0003046,SU-00046,ST-0016,2026-01-15T19:15:00Z,data,166.9,mb,3.15,2026-01-15T19:15:00Z
usage_events-003047,EV-0003047,SU-00047,ST-0017,2026-01-15T19:22:00Z,sms,390.5,messages,2.20,2026-01-15T19:22:00Z
usage_events-003048,EV-0003048,SU-00048,ST-0018,2026-01-15T19:29:00Z,data,312.2,mb,4.88,2026-01-15T19:29:00Z
usage_events-003049,EV-0003049,SU-00049,ST-0019,2026-01-15T19:36:00Z,sms,130.5,messages,4.37,2026-01-15T19:36:00Z
usage_events-003050,EV-0003050,SU-00050,ST-0020,2026-01-15T19:43:00Z,voice,349.5,minutes,2.93,2026-01-15T19:43:00Z
usage_events-003051,EV-0003051,SU-00051,ST-0021,2026-01-15T19:50:00Z,sms,272.3,messages,2.10,2026-01-15T19:50:00Z
usage_events-003052,EV-0003052,SU-00052,ST-0022,2026-01-15T19:57:00Z,data,487.2,mb,2.98,2026-01-15T19:57:00Z
usage_events-003053,EV-0003053,SU-00053,ST-0023,2026-01-15T20:04:00Z,voice,346.3,minutes,2.90,2026-01-15T20:04:00Z
usage_events-003054,EV-0003054,SU-00054,ST-0024,2026-01-15T20:11:00Z,voice,145.8,minutes,3.38,2026-01-15T20:11:00Z
usage_events-003055,EV-0003055,SU-00055,ST-0025,2026-01-15T20:18:00Z,voice,34.9,minutes,3.35,2026-01-15T20:18:00Z
usage_events-003056,EV-0003056,SU-00056,ST-0026,2026-01-15T20:25:00Z,data,289.8,mb,3.49,2026-01-15T20:25:00Z
usage_events-003057,EV-0003057,SU-00057,ST-0027,2026-01-15T20:32:00Z,data,141.9,mb,3.16,2026-01-15T20:32:00Z
usage_events-003058,EV-0003058,SU-00058,ST-0028,2026-01-15T20:39:00Z,voice,254.1,minutes,1.77,2026-01-15T20:39:00Z
usage_events-003059,EV-0003059,SU-00059,ST-0029,2026-01-15T20:46:00Z,sms,330.6,messages,4.13,2026-01-15T20:46:00Z
usage_events-003060,EV-0003060,SU-00060,ST-0030,2026-01-15T20:53:00Z,voice,455.9,minutes,3.66,2026-01-15T20:53:00Z
usage_events-003061,EV-0003061,SU-00061,ST-0001,2026-01-15T21:00:00Z,sms,374.4,messages,0.09,2026-01-15T21:00:00Z
usage_events-003062,EV-0003062,SU-00062,ST-0002,2026-01-15T21:07:00Z,data,40.9,mb,2.31,2026-01-15T21:07:00Z
usage_events-003063,EV-0003063,SU-00063,ST-0003,2026-01-15T21:14:00Z,voice,328.0,minutes,0.68,2026-01-15T21:14:00Z
usage_events-003064,EV-0003064,SU-00064,ST-0004,2026-01-15T21:21:00Z,sms,335.5,messages,4.29,2026-01-15T21:21:00Z
usage_events-003065,EV-0003065,SU-00065,ST-0005,2026-01-15T21:28:00Z,sms,201.3,messages,1.92,2026-01-15T21:28:00Z
usage_events-003066,EV-0003066,SU-00066,ST-0006,2026-01-15T21:35:00Z,data,323.9,mb,1.65,2026-01-15T21:35:00Z
usage_events-003067,EV-0003067,SU-00067,ST-0007,2026-01-15T21:42:00Z,voice,292.3,minutes,1.29,2026-01-15T21:42:00Z
usage_events-003068,EV-0003068,SU-00068,ST-0008,2026-01-15T21:49:00Z,data,28.1,mb,1.70,2026-01-15T21:49:00Z
usage_events-003069,EV-0003069,SU-00069,ST-0009,2026-01-15T21:56:00Z,voice,114.9,minutes,0.66,2026-01-15T21:56:00Z
usage_events-003070,EV-0003070,SU-00070,ST-0010,2026-01-15T22:03:00Z,voice,51.1,minutes,4.02,2026-01-15T22:03:00Z
usage_events-003071,EV-0003071,SU-00071,ST-0011,2026-01-15T22:10:00Z,voice,176.3,minutes,2.07,2026-01-15T22:10:00Z
usage_events-003072,EV-0003072,SU-00072,ST-0012,2026-01-15T22:17:00Z,voice,21.0,minutes,1.42,2026-01-15T22:17:00Z
usage_events-003073,EV-0003073,SU-00073,ST-0013,2026-01-15T22:24:00Z,data,429.4,mb,4.69,2026-01-15T22:24:00Z
usage_events-003074,EV-0003074,SU-00074,ST-0014,2026-01-15T22:31:00Z,data,265.0,mb,2.91,2026-01-15T22:31:00Z
usage_events-003075,EV-0003075,SU-00075,ST-0015,2026-01-15T22:38:00Z,voice,248.5,minutes,3.30,2026-01-15T22:38:00Z
usage_events-003076,EV-0003076,SU-00076,ST-0016,2026-01-15T22:45:00Z,data,161.7,mb,0.07,2026-01-15T22:45:00Z
usage_events-003077,EV-0003077,SU-00077,ST-0017,2026-01-15T22:52:00Z,data,259.5,mb,3.78,2026-01-15T22:52:00Z
usage_events-003078,EV-0003078,SU-00078,ST-0018,2026-01-15T22:59:00Z,sms,489.0,messages,0.75,2026-01-15T22:59:00Z
usage_events-003079,EV-0003079,SU-00079,ST-0019,2026-01-15T23:06:00Z,sms,426.4,messages,3.72,2026-01-15T23:06:00Z
usage_events-003080,EV-0003080,SU-00080,ST-0020,2026-01-15T23:13:00Z,sms,269.1,messages,0.67,2026-01-15T23:13:00Z
usage_events-003081,EV-0003081,SU-00081,ST-0021,2026-01-15T23:20:00Z,voice,483.3,minutes,0.36,2026-01-15T23:20:00Z
usage_events-003082,EV-0003082,SU-00082,ST-0022,2026-01-15T23:27:00Z,data,467.8,mb,1.83,2026-01-15T23:27:00Z
usage_events-003083,EV-0003083,SU-00083,ST-0023,2026-01-15T23:34:00Z,data,191.7,mb,3.36,2026-01-15T23:34:00Z
usage_events-003084,EV-0003084,SU-00084,ST-0024,2026-01-15T23:41:00Z,data,475.2,mb,0.88,2026-01-15T23:41:00Z
usage_events-003085,EV-0003085,SU-00085,ST-0025,2026-01-15T23:48:00Z,sms,56.4,messages,4.34,2026-01-15T23:48:00Z
usage_events-003086,EV-0003086,SU-00086,ST-0026,2026-01-15T23:55:00Z,voice,266.3,minutes,0.61,2026-01-15T23:55:00Z
usage_events-003087,EV-0003087,SU-00087,ST-0027,2026-01-16T00:02:00Z,data,351.1,mb,0.44,2026-01-16T00:02:00Z
usage_events-003088,EV-0003088,SU-00088,ST-0028,2026-01-16T00:09:00Z,data,423.9,mb,4.40,2026-01-16T00:09:00Z
usage_events-003089,EV-0003089,SU-00089,ST-0029,2026-01-16T00:16:00Z,sms,22.6,messages,4.20,2026-01-16T00:16:00Z
usage_events-003090,EV-0003090,SU-00090,ST-0030,2026-01-16T00:23:00Z,sms,1.0,messages,3.19,2026-01-16T00:23:00Z
usage_events-003091,EV-0003091,SU-00091,ST-0001,2026-01-16T00:30:00Z,sms,51.4,messages,3.66,2026-01-16T00:30:00Z
usage_events-003092,EV-0003092,SU-00092,ST-0002,2026-01-16T00:37:00Z,voice,467.3,minutes,3.28,2026-01-16T00:37:00Z
usage_events-003093,EV-0003093,SU-00093,ST-0003,2026-01-16T00:44:00Z,data,329.2,mb,2.37,2026-01-16T00:44:00Z
usage_events-003094,EV-0003094,SU-00094,ST-0004,2026-01-16T00:51:00Z,voice,98.8,minutes,0.95,2026-01-16T00:51:00Z
usage_events-003095,EV-0003095,SU-00095,ST-0005,2026-01-16T00:58:00Z,voice,204.9,minutes,3.42,2026-01-16T00:58:00Z
usage_events-003096,EV-0003096,SU-00096,ST-0006,2026-01-16T01:05:00Z,sms,337.8,messages,3.44,2026-01-16T01:05:00Z
usage_events-003097,EV-0003097,SU-00097,ST-0007,2026-01-16T01:12:00Z,data,380.4,mb,3.73,2026-01-16T01:12:00Z
usage_events-003098,EV-0003098,SU-00098,ST-0008,2026-01-16T01:19:00Z,sms,49.4,messages,1.23,2026-01-16T01:19:00Z
usage_events-003099,EV-0003099,SU-00099,ST-0009,2026-01-16T01:26:00Z,sms,140.6,messages,4.68,2026-01-16T01:26:00Z
usage_events-003100,EV-0003100,SU-00100,ST-0010,2026-01-16T01:33:00Z,data,209.7,mb,3.80,2026-01-16T01:33:00Z
usage_events-003101,EV-0003101,SU-00101,ST-0011,2026-01-16T01:40:00Z,data,302.6,mb,2.99,2026-01-16T01:40:00Z
usage_events-003102,EV-0003102,SU-00102,ST-0012,2026-01-16T01:47:00Z,voice,92.0,minutes,3.65,2026-01-16T01:47:00Z
usage_events-003103,EV-0003103,SU-00103,ST-0013,2026-01-16T01:54:00Z,voice,263.3,minutes,0.16,2026-01-16T01:54:00Z
usage_events-003104,EV-0003104,SU-00104,ST-0014,2026-01-16T02:01:00Z,sms,388.2,messages,4.18,2026-01-16T02:01:00Z
usage_events-003105,EV-0003105,SU-00105,ST-0015,2026-01-16T02:08:00Z,voice,473.8,minutes,4.64,2026-01-16T02:08:00Z
usage_events-003106,EV-0003106,SU-00106,ST-0016,2026-01-16T02:15:00Z,data,77.8,mb,3.94,2026-01-16T02:15:00Z
usage_events-003107,EV-0003107,SU-00107,ST-0017,2026-01-16T02:22:00Z,voice,126.7,minutes,0.45,2026-01-16T02:22:00Z
usage_events-003108,EV-0003108,SU-00108,ST-0018,2026-01-16T02:29:00Z,sms,61.0,messages,0.23,2026-01-16T02:29:00Z
usage_events-003109,EV-0003109,SU-00109,ST-0019,2026-01-16T02:36:00Z,sms,14.5,messages,2.51,2026-01-16T02:36:00Z
usage_events-003110,EV-0003110,SU-00110,ST-0020,2026-01-16T02:43:00Z,voice,167.4,minutes,2.38,2026-01-16T02:43:00Z
usage_events-003111,EV-0003111,SU-00111,ST-0021,2026-01-16T02:50:00Z,voice,491.4,minutes,2.71,2026-01-16T02:50:00Z
usage_events-003112,EV-0003112,SU-00112,ST-0022,2026-01-16T02:57:00Z,data,206.5,mb,3.45,2026-01-16T02:57:00Z
usage_events-003113,EV-0003113,SU-00113,ST-0023,2026-01-16T03:04:00Z,data,63.0,mb,3.30,2026-01-16T03:04:00Z
usage_events-003114,EV-0003114,SU-00114,ST-0024,2026-01-16T03:11:00Z,voice,92.3,minutes,4.90,2026-01-16T03:11:00Z
usage_events-003115,EV-0003115,SU-00115,ST-0025,2026-01-16T03:18:00Z,voice,212.0,minutes,1.78,2026-01-16T03:18:00Z
usage_events-003116,EV-0003116,SU-00116,ST-0026,2026-01-16T03:25:00Z,sms,352.7,messages,0.15,2026-01-16T03:25:00Z
usage_events-003117,EV-0003117,SU-00117,ST-0027,2026-01-16T03:32:00Z,sms,17.9,messages,2.77,2026-01-16T03:32:00Z
usage_events-003118,EV-0003118,SU-00118,ST-0028,2026-01-16T03:39:00Z,data,374.7,mb,1.95,2026-01-16T03:39:00Z
usage_events-003119,EV-0003119,SU-00119,ST-0029,2026-01-16T03:46:00Z,voice,304.4,minutes,1.95,2026-01-16T03:46:00Z
usage_events-003120,EV-0003120,SU-00120,ST-0030,2026-01-16T03:53:00Z,sms,482.0,messages,2.57,2026-01-16T03:53:00Z
usage_events-003121,EV-0003121,SU-00121,ST-0001,2026-01-16T04:00:00Z,data,111.3,mb,1.02,2026-01-16T04:00:00Z
usage_events-003122,EV-0003122,SU-00122,ST-0002,2026-01-16T04:07:00Z,data,38.9,mb,0.50,2026-01-16T04:07:00Z
usage_events-003123,EV-0003123,SU-00123,ST-0003,2026-01-16T04:14:00Z,data,129.1,mb,1.96,2026-01-16T04:14:00Z
usage_events-003124,EV-0003124,SU-00124,ST-0004,2026-01-16T04:21:00Z,sms,27.3,messages,4.30,2026-01-16T04:21:00Z
usage_events-003125,EV-0003125,SU-00125,ST-0005,2026-01-16T04:28:00Z,sms,363.6,messages,4.51,2026-01-16T04:28:00Z
usage_events-003126,EV-0003126,SU-00126,ST-0006,2026-01-16T04:35:00Z,sms,357.5,messages,3.55,2026-01-16T04:35:00Z
usage_events-003127,EV-0003127,SU-00127,ST-0007,2026-01-16T04:42:00Z,data,29.5,mb,1.51,2026-01-16T04:42:00Z
usage_events-003128,EV-0003128,SU-00128,ST-0008,2026-01-16T04:49:00Z,voice,149.2,minutes,4.36,2026-01-16T04:49:00Z
usage_events-003129,EV-0003129,SU-00129,ST-0009,2026-01-16T04:56:00Z,sms,36.8,messages,2.15,2026-01-16T04:56:00Z
usage_events-003130,EV-0003130,SU-00130,ST-0010,2026-01-16T05:03:00Z,sms,168.0,messages,4.63,2026-01-16T05:03:00Z
usage_events-003131,EV-0003131,SU-00131,ST-0011,2026-01-16T05:10:00Z,sms,68.8,messages,0.28,2026-01-16T05:10:00Z
usage_events-003132,EV-0003132,SU-00132,ST-0012,2026-01-16T05:17:00Z,data,142.4,mb,4.40,2026-01-16T05:17:00Z
usage_events-003133,EV-0003133,SU-00133,ST-0013,2026-01-16T05:24:00Z,data,216.5,mb,3.43,2026-01-16T05:24:00Z
usage_events-003134,EV-0003134,SU-00134,ST-0014,2026-01-16T05:31:00Z,voice,151.9,minutes,1.30,2026-01-16T05:31:00Z
usage_events-003135,EV-0003135,SU-00135,ST-0015,2026-01-16T05:38:00Z,voice,449.1,minutes,4.20,2026-01-16T05:38:00Z
usage_events-003136,EV-0003136,SU-00136,ST-0016,2026-01-16T05:45:00Z,data,451.3,mb,3.08,2026-01-16T05:45:00Z
usage_events-003137,EV-0003137,SU-00137,ST-0017,2026-01-16T05:52:00Z,sms,494.8,messages,0.37,2026-01-16T05:52:00Z
usage_events-003138,EV-0003138,SU-00138,ST-0018,2026-01-16T05:59:00Z,data,24.8,mb,2.42,2026-01-16T05:59:00Z
usage_events-003139,EV-0003139,SU-00139,ST-0019,2026-01-16T06:06:00Z,data,215.7,mb,0.07,2026-01-16T06:06:00Z
usage_events-003140,EV-0003140,SU-00140,ST-0020,2026-01-16T06:13:00Z,voice,150.9,minutes,4.66,2026-01-16T06:13:00Z
usage_events-003141,EV-0003141,SU-00141,ST-0021,2026-01-16T06:20:00Z,data,80.1,mb,2.24,2026-01-16T06:20:00Z
usage_events-003142,EV-0003142,SU-00142,ST-0022,2026-01-16T06:27:00Z,sms,120.4,messages,2.42,2026-01-16T06:27:00Z
usage_events-003143,EV-0003143,SU-00143,ST-0023,2026-01-16T06:34:00Z,sms,373.2,messages,0.32,2026-01-16T06:34:00Z
usage_events-003144,EV-0003144,SU-00144,ST-0024,2026-01-16T06:41:00Z,sms,499.6,messages,1.52,2026-01-16T06:41:00Z
usage_events-003145,EV-0003145,SU-00145,ST-0025,2026-01-16T06:48:00Z,sms,207.8,messages,3.72,2026-01-16T06:48:00Z
usage_events-003146,EV-0003146,SU-00146,ST-0026,2026-01-16T06:55:00Z,sms,276.2,messages,0.34,2026-01-16T06:55:00Z
usage_events-003147,EV-0003147,SU-00147,ST-0027,2026-01-16T07:02:00Z,data,115.5,mb,1.78,2026-01-16T07:02:00Z
usage_events-003148,EV-0003148,SU-00148,ST-0028,2026-01-16T07:09:00Z,sms,399.7,messages,1.11,2026-01-16T07:09:00Z
usage_events-003149,EV-0003149,SU-00149,ST-0029,2026-01-16T07:16:00Z,data,484.3,mb,1.80,2026-01-16T07:16:00Z
usage_events-003150,EV-0003150,SU-00150,ST-0030,2026-01-16T07:23:00Z,voice,208.2,minutes,0.65,2026-01-16T07:23:00Z
usage_events-003151,EV-0003151,SU-00151,ST-0001,2026-01-16T07:30:00Z,data,182.4,mb,0.42,2026-01-16T07:30:00Z
usage_events-003152,EV-0003152,SU-00152,ST-0002,2026-01-16T07:37:00Z,data,493.4,mb,3.29,2026-01-16T07:37:00Z
usage_events-003153,EV-0003153,SU-00153,ST-0003,2026-01-16T07:44:00Z,data,36.9,mb,0.03,2026-01-16T07:44:00Z
usage_events-003154,EV-0003154,SU-00154,ST-0004,2026-01-16T07:51:00Z,sms,203.2,messages,2.41,2026-01-16T07:51:00Z
usage_events-003155,EV-0003155,SU-00155,ST-0005,2026-01-16T07:58:00Z,voice,459.9,minutes,0.78,2026-01-16T07:58:00Z
usage_events-003156,EV-0003156,SU-00156,ST-0006,2026-01-16T08:05:00Z,data,37.0,mb,1.24,2026-01-16T08:05:00Z
usage_events-003157,EV-0003157,SU-00157,ST-0007,2026-01-16T08:12:00Z,voice,267.3,minutes,3.89,2026-01-16T08:12:00Z
usage_events-003158,EV-0003158,SU-00158,ST-0008,2026-01-16T08:19:00Z,voice,151.2,minutes,2.85,2026-01-16T08:19:00Z
usage_events-003159,EV-0003159,SU-00159,ST-0009,2026-01-16T08:26:00Z,voice,266.7,minutes,1.12,2026-01-16T08:26:00Z
usage_events-003160,EV-0003160,SU-00160,ST-0010,2026-01-16T08:33:00Z,sms,292.6,messages,2.36,2026-01-16T08:33:00Z
usage_events-003161,EV-0003161,SU-00161,ST-0011,2026-01-16T08:40:00Z,voice,40.6,minutes,4.00,2026-01-16T08:40:00Z
usage_events-003162,EV-0003162,SU-00162,ST-0012,2026-01-16T08:47:00Z,voice,26.8,minutes,2.28,2026-01-16T08:47:00Z
usage_events-003163,EV-0003163,SU-00163,ST-0013,2026-01-16T08:54:00Z,data,204.7,mb,0.12,2026-01-16T08:54:00Z
usage_events-003164,EV-0003164,SU-00164,ST-0014,2026-01-16T09:01:00Z,voice,160.7,minutes,1.72,2026-01-16T09:01:00Z
usage_events-003165,EV-0003165,SU-00165,ST-0015,2026-01-16T09:08:00Z,sms,331.6,messages,0.62,2026-01-16T09:08:00Z
usage_events-003166,EV-0003166,SU-00166,ST-0016,2026-01-16T09:15:00Z,voice,34.4,minutes,4.69,2026-01-16T09:15:00Z
usage_events-003167,EV-0003167,SU-00167,ST-0017,2026-01-16T09:22:00Z,voice,4.7,minutes,4.32,2026-01-16T09:22:00Z
usage_events-003168,EV-0003168,SU-00168,ST-0018,2026-01-16T09:29:00Z,sms,397.6,messages,0.19,2026-01-16T09:29:00Z
usage_events-003169,EV-0003169,SU-00169,ST-0019,2026-01-16T09:36:00Z,sms,475.4,messages,1.90,2026-01-16T09:36:00Z
usage_events-003170,EV-0003170,SU-00170,ST-0020,2026-01-16T09:43:00Z,voice,18.4,minutes,4.81,2026-01-16T09:43:00Z
usage_events-003171,EV-0003171,SU-00171,ST-0021,2026-01-16T09:50:00Z,voice,337.8,minutes,0.59,2026-01-16T09:50:00Z
usage_events-003172,EV-0003172,SU-00172,ST-0022,2026-01-16T09:57:00Z,sms,200.9,messages,1.41,2026-01-16T09:57:00Z
usage_events-003173,EV-0003173,SU-00173,ST-0023,2026-01-16T10:04:00Z,sms,185.2,messages,2.34,2026-01-16T10:04:00Z
usage_events-003174,EV-0003174,SU-00174,ST-0024,2026-01-16T10:11:00Z,voice,244.0,minutes,0.20,2026-01-16T10:11:00Z
usage_events-003175,EV-0003175,SU-00175,ST-0025,2026-01-16T10:18:00Z,sms,332.0,messages,1.21,2026-01-16T10:18:00Z
usage_events-003176,EV-0003176,SU-00176,ST-0026,2026-01-16T10:25:00Z,data,70.8,mb,0.67,2026-01-16T10:25:00Z
usage_events-003177,EV-0003177,SU-00177,ST-0027,2026-01-16T10:32:00Z,data,271.3,mb,4.02,2026-01-16T10:32:00Z
usage_events-003178,EV-0003178,SU-00178,ST-0028,2026-01-16T10:39:00Z,voice,335.7,minutes,1.46,2026-01-16T10:39:00Z
usage_events-003179,EV-0003179,SU-00179,ST-0029,2026-01-16T10:46:00Z,data,70.8,mb,1.32,2026-01-16T10:46:00Z
usage_events-003180,EV-0003180,SU-00180,ST-0030,2026-01-16T10:53:00Z,data,334.0,mb,4.58,2026-01-16T10:53:00Z
usage_events-003181,EV-0003181,SU-00181,ST-0001,2026-01-16T11:00:00Z,sms,240.4,messages,0.66,2026-01-16T11:00:00Z
usage_events-003182,EV-0003182,SU-00182,ST-0002,2026-01-16T11:07:00Z,sms,61.6,messages,1.00,2026-01-16T11:07:00Z
usage_events-003183,EV-0003183,SU-00183,ST-0003,2026-01-16T11:14:00Z,data,251.5,mb,2.07,2026-01-16T11:14:00Z
usage_events-003184,EV-0003184,SU-00184,ST-0004,2026-01-16T11:21:00Z,sms,77.8,messages,4.20,2026-01-16T11:21:00Z
usage_events-003185,EV-0003185,SU-00185,ST-0005,2026-01-16T11:28:00Z,voice,442.0,minutes,1.16,2026-01-16T11:28:00Z
usage_events-003186,EV-0003186,SU-00186,ST-0006,2026-01-16T11:35:00Z,sms,58.6,messages,0.51,2026-01-16T11:35:00Z
usage_events-003187,EV-0003187,SU-00187,ST-0007,2026-01-16T11:42:00Z,data,184.4,mb,2.44,2026-01-16T11:42:00Z
usage_events-003188,EV-0003188,SU-00188,ST-0008,2026-01-16T11:49:00Z,voice,327.2,minutes,1.09,2026-01-16T11:49:00Z
usage_events-003189,EV-0003189,SU-00189,ST-0009,2026-01-16T11:56:00Z,sms,178.5,messages,2.43,2026-01-16T11:56:00Z
usage_events-003190,EV-0003190,SU-00190,ST-0010,2026-01-16T12:03:00Z,data,404.7,mb,0.25,2026-01-16T12:03:00Z
usage_events-003191,EV-0003191,SU-00191,ST-0011,2026-01-16T12:10:00Z,sms,224.8,messages,2.68,2026-01-16T12:10:00Z
usage_events-003192,EV-0003192,SU-00192,ST-0012,2026-01-16T12:17:00Z,sms,287.3,messages,2.60,2026-01-16T12:17:00Z
usage_events-003193,EV-0003193,SU-00193,ST-0013,2026-01-16T12:24:00Z,voice,425.7,minutes,4.81,2026-01-16T12:24:00Z
usage_events-003194,EV-0003194,SU-00194,ST-0014,2026-01-16T12:31:00Z,voice,345.9,minutes,0.78,2026-01-16T12:31:00Z
usage_events-003195,EV-0003195,SU-00195,ST-0015,2026-01-16T12:38:00Z,voice,242.8,minutes,3.79,2026-01-16T12:38:00Z
usage_events-003196,EV-0003196,SU-00196,ST-0016,2026-01-16T12:45:00Z,voice,406.5,minutes,0.80,2026-01-16T12:45:00Z
usage_events-003197,EV-0003197,SU-00197,ST-0017,2026-01-16T12:52:00Z,voice,89.6,minutes,2.12,2026-01-16T12:52:00Z
usage_events-003198,EV-0003198,SU-00198,ST-0018,2026-01-16T12:59:00Z,data,11.2,mb,4.46,2026-01-16T12:59:00Z
usage_events-003199,EV-0003199,SU-00199,ST-0019,2026-01-16T13:06:00Z,voice,271.6,minutes,3.24,2026-01-16T13:06:00Z
usage_events-003200,EV-0003200,SU-00200,ST-0020,2026-01-16T13:13:00Z,sms,287.6,messages,0.05,2026-01-16T13:13:00Z
usage_events-003201,EV-0003201,SU-00201,ST-0021,2026-01-16T13:20:00Z,data,355.2,mb,1.11,2026-01-16T13:20:00Z
usage_events-003202,EV-0003202,SU-00202,ST-0022,2026-01-16T13:27:00Z,sms,476.7,messages,1.38,2026-01-16T13:27:00Z
usage_events-003203,EV-0003203,SU-00203,ST-0023,2026-01-16T13:34:00Z,voice,51.2,minutes,3.59,2026-01-16T13:34:00Z
usage_events-003204,EV-0003204,SU-00204,ST-0024,2026-01-16T13:41:00Z,data,128.6,mb,2.69,2026-01-16T13:41:00Z
usage_events-003205,EV-0003205,SU-00205,ST-0025,2026-01-16T13:48:00Z,voice,244.9,minutes,0.48,2026-01-16T13:48:00Z
usage_events-003206,EV-0003206,SU-00206,ST-0026,2026-01-16T13:55:00Z,voice,124.2,minutes,3.07,2026-01-16T13:55:00Z
usage_events-003207,EV-0003207,SU-00207,ST-0027,2026-01-16T14:02:00Z,data,261.6,mb,1.25,2026-01-16T14:02:00Z
usage_events-003208,EV-0003208,SU-00208,ST-0028,2026-01-16T14:09:00Z,sms,314.4,messages,1.31,2026-01-16T14:09:00Z
usage_events-003209,EV-0003209,SU-00209,ST-0029,2026-01-16T14:16:00Z,sms,170.1,messages,2.29,2026-01-16T14:16:00Z
usage_events-003210,EV-0003210,SU-00210,ST-0030,2026-01-16T14:23:00Z,voice,287.7,minutes,1.24,2026-01-16T14:23:00Z
usage_events-003211,EV-0003211,SU-00211,ST-0001,2026-01-16T14:30:00Z,sms,198.1,messages,3.93,2026-01-16T14:30:00Z
usage_events-003212,EV-0003212,SU-00212,ST-0002,2026-01-16T14:37:00Z,data,423.1,mb,3.80,2026-01-16T14:37:00Z
usage_events-003213,EV-0003213,SU-00213,ST-0003,2026-01-16T14:44:00Z,voice,378.0,minutes,2.38,2026-01-16T14:44:00Z
usage_events-003214,EV-0003214,SU-00214,ST-0004,2026-01-16T14:51:00Z,data,259.9,mb,2.07,2026-01-16T14:51:00Z
usage_events-003215,EV-0003215,SU-00215,ST-0005,2026-01-16T14:58:00Z,data,337.9,mb,0.75,2026-01-16T14:58:00Z
usage_events-003216,EV-0003216,SU-00216,ST-0006,2026-01-16T15:05:00Z,voice,122.4,minutes,2.34,2026-01-16T15:05:00Z
usage_events-003217,EV-0003217,SU-00217,ST-0007,2026-01-16T15:12:00Z,voice,482.9,minutes,1.61,2026-01-16T15:12:00Z
usage_events-003218,EV-0003218,SU-00218,ST-0008,2026-01-16T15:19:00Z,data,98.0,mb,0.71,2026-01-16T15:19:00Z
usage_events-003219,EV-0003219,SU-00219,ST-0009,2026-01-16T15:26:00Z,voice,107.5,minutes,4.54,2026-01-16T15:26:00Z
usage_events-003220,EV-0003220,SU-00220,ST-0010,2026-01-16T15:33:00Z,data,279.6,mb,4.48,2026-01-16T15:33:00Z
usage_events-003221,EV-0003221,SU-00221,ST-0011,2026-01-16T15:40:00Z,voice,356.0,minutes,3.09,2026-01-16T15:40:00Z
usage_events-003222,EV-0003222,SU-00222,ST-0012,2026-01-16T15:47:00Z,voice,376.8,minutes,1.45,2026-01-16T15:47:00Z
usage_events-003223,EV-0003223,SU-00223,ST-0013,2026-01-16T15:54:00Z,voice,365.2,minutes,2.79,2026-01-16T15:54:00Z
usage_events-003224,EV-0003224,SU-00224,ST-0014,2026-01-16T16:01:00Z,voice,280.3,minutes,4.65,2026-01-16T16:01:00Z
usage_events-003225,EV-0003225,SU-00225,ST-0015,2026-01-16T16:08:00Z,data,331.7,mb,3.44,2026-01-16T16:08:00Z
usage_events-003226,EV-0003226,SU-00226,ST-0016,2026-01-16T16:15:00Z,data,311.1,mb,1.57,2026-01-16T16:15:00Z
usage_events-003227,EV-0003227,SU-00227,ST-0017,2026-01-16T16:22:00Z,voice,312.7,minutes,1.70,2026-01-16T16:22:00Z
usage_events-003228,EV-0003228,SU-00228,ST-0018,2026-01-16T16:29:00Z,data,472.6,mb,1.56,2026-01-16T16:29:00Z
usage_events-003229,EV-0003229,SU-00229,ST-0019,2026-01-16T16:36:00Z,voice,115.5,minutes,2.93,2026-01-16T16:36:00Z
usage_events-003230,EV-0003230,SU-00230,ST-0020,2026-01-16T16:43:00Z,sms,82.7,messages,1.52,2026-01-16T16:43:00Z
usage_events-003231,EV-0003231,SU-00231,ST-0021,2026-01-16T16:50:00Z,voice,378.9,minutes,0.04,2026-01-16T16:50:00Z
usage_events-003232,EV-0003232,SU-00232,ST-0022,2026-01-16T16:57:00Z,voice,366.7,minutes,3.04,2026-01-16T16:57:00Z
usage_events-003233,EV-0003233,SU-00233,ST-0023,2026-01-16T17:04:00Z,data,202.9,mb,1.07,2026-01-16T17:04:00Z
usage_events-003234,EV-0003234,SU-00234,ST-0024,2026-01-16T17:11:00Z,voice,302.6,minutes,2.02,2026-01-16T17:11:00Z
usage_events-003235,EV-0003235,SU-00235,ST-0025,2026-01-16T17:18:00Z,sms,300.7,messages,2.34,2026-01-16T17:18:00Z
usage_events-003236,EV-0003236,SU-00236,ST-0026,2026-01-16T17:25:00Z,data,92.0,mb,4.33,2026-01-16T17:25:00Z
usage_events-003237,EV-0003237,SU-00237,ST-0027,2026-01-16T17:32:00Z,voice,111.8,minutes,3.09,2026-01-16T17:32:00Z
usage_events-003238,EV-0003238,SU-00238,ST-0028,2026-01-16T17:39:00Z,data,489.5,mb,1.00,2026-01-16T17:39:00Z
usage_events-003239,EV-0003239,SU-00239,ST-0029,2026-01-16T17:46:00Z,data,32.7,mb,2.59,2026-01-16T17:46:00Z
usage_events-003240,EV-0003240,SU-00240,ST-0030,2026-01-16T17:53:00Z,voice,469.4,minutes,3.38,2026-01-16T17:53:00Z
usage_events-003241,EV-0003241,SU-00241,ST-0001,2026-01-16T18:00:00Z,data,489.3,mb,1.30,2026-01-16T18:00:00Z
usage_events-003242,EV-0003242,SU-00242,ST-0002,2026-01-16T18:07:00Z,voice,280.3,minutes,0.50,2026-01-16T18:07:00Z
usage_events-003243,EV-0003243,SU-00243,ST-0003,2026-01-16T18:14:00Z,sms,37.8,messages,1.79,2026-01-16T18:14:00Z
usage_events-003244,EV-0003244,SU-00244,ST-0004,2026-01-16T18:21:00Z,data,272.0,mb,4.60,2026-01-16T18:21:00Z
usage_events-003245,EV-0003245,SU-00245,ST-0005,2026-01-16T18:28:00Z,data,260.6,mb,4.92,2026-01-16T18:28:00Z
usage_events-003246,EV-0003246,SU-00246,ST-0006,2026-01-16T18:35:00Z,sms,147.0,messages,4.44,2026-01-16T18:35:00Z
usage_events-003247,EV-0003247,SU-00247,ST-0007,2026-01-16T18:42:00Z,sms,102.8,messages,0.76,2026-01-16T18:42:00Z
usage_events-003248,EV-0003248,SU-00248,ST-0008,2026-01-16T18:49:00Z,data,280.2,mb,4.50,2026-01-16T18:49:00Z
usage_events-003249,EV-0003249,SU-00249,ST-0009,2026-01-16T18:56:00Z,data,462.8,mb,3.96,2026-01-16T18:56:00Z
usage_events-003250,EV-0003250,SU-00250,ST-0010,2026-01-16T19:03:00Z,sms,422.9,messages,4.34,2026-01-16T19:03:00Z
usage_events-003251,EV-0003251,SU-00001,ST-0011,2026-01-16T19:10:00Z,voice,257.0,minutes,0.31,2026-01-16T19:10:00Z
usage_events-003252,EV-0003252,SU-00002,ST-0012,2026-01-16T19:17:00Z,data,345.4,mb,2.33,2026-01-16T19:17:00Z
usage_events-003253,EV-0003253,SU-00003,ST-0013,2026-01-16T19:24:00Z,voice,424.1,minutes,2.27,2026-01-16T19:24:00Z
usage_events-003254,EV-0003254,SU-00004,ST-0014,2026-01-16T19:31:00Z,data,253.8,mb,4.26,2026-01-16T19:31:00Z
usage_events-003255,EV-0003255,SU-00005,ST-0015,2026-01-16T19:38:00Z,voice,325.3,minutes,1.08,2026-01-16T19:38:00Z
usage_events-003256,EV-0003256,SU-00006,ST-0016,2026-01-16T19:45:00Z,voice,129.1,minutes,4.65,2026-01-16T19:45:00Z
usage_events-003257,EV-0003257,SU-00007,ST-0017,2026-01-16T19:52:00Z,data,171.2,mb,2.76,2026-01-16T19:52:00Z
usage_events-003258,EV-0003258,SU-00008,ST-0018,2026-01-16T19:59:00Z,sms,397.1,messages,0.50,2026-01-16T19:59:00Z
usage_events-003259,EV-0003259,SU-00009,ST-0019,2026-01-16T20:06:00Z,data,450.6,mb,2.01,2026-01-16T20:06:00Z
usage_events-003260,EV-0003260,SU-00010,ST-0020,2026-01-16T20:13:00Z,voice,258.3,minutes,2.97,2026-01-16T20:13:00Z
usage_events-003261,EV-0003261,SU-00011,ST-0021,2026-01-16T20:20:00Z,data,409.6,mb,3.65,2026-01-16T20:20:00Z
usage_events-003262,EV-0003262,SU-00012,ST-0022,2026-01-16T20:27:00Z,voice,0.3,minutes,1.15,2026-01-16T20:27:00Z
usage_events-003263,EV-0003263,SU-00013,ST-0023,2026-01-16T20:34:00Z,voice,285.6,minutes,4.41,2026-01-16T20:34:00Z
usage_events-003264,EV-0003264,SU-00014,ST-0024,2026-01-16T20:41:00Z,voice,352.1,minutes,3.37,2026-01-16T20:41:00Z
usage_events-003265,EV-0003265,SU-00015,ST-0025,2026-01-16T20:48:00Z,sms,437.3,messages,2.81,2026-01-16T20:48:00Z
usage_events-003266,EV-0003266,SU-00016,ST-0026,2026-01-16T20:55:00Z,voice,87.4,minutes,0.89,2026-01-16T20:55:00Z
usage_events-003267,EV-0003267,SU-00017,ST-0027,2026-01-16T21:02:00Z,data,399.5,mb,2.64,2026-01-16T21:02:00Z
usage_events-003268,EV-0003268,SU-00018,ST-0028,2026-01-16T21:09:00Z,sms,239.3,messages,1.86,2026-01-16T21:09:00Z
usage_events-003269,EV-0003269,SU-00019,ST-0029,2026-01-16T21:16:00Z,voice,186.5,minutes,0.62,2026-01-16T21:16:00Z
usage_events-003270,EV-0003270,SU-00020,ST-0030,2026-01-16T21:23:00Z,data,405.4,mb,1.36,2026-01-16T21:23:00Z
usage_events-003271,EV-0003271,SU-00021,ST-0001,2026-01-16T21:30:00Z,data,439.7,mb,1.99,2026-01-16T21:30:00Z
usage_events-003272,EV-0003272,SU-00022,ST-0002,2026-01-16T21:37:00Z,data,222.6,mb,4.66,2026-01-16T21:37:00Z
usage_events-003273,EV-0003273,SU-00023,ST-0003,2026-01-16T21:44:00Z,sms,275.1,messages,0.21,2026-01-16T21:44:00Z
usage_events-003274,EV-0003274,SU-00024,ST-0004,2026-01-16T21:51:00Z,data,178.2,mb,1.15,2026-01-16T21:51:00Z
usage_events-003275,EV-0003275,SU-00025,ST-0005,2026-01-16T21:58:00Z,sms,233.2,messages,4.35,2026-01-16T21:58:00Z
usage_events-003276,EV-0003276,SU-00026,ST-0006,2026-01-16T22:05:00Z,voice,380.8,minutes,3.33,2026-01-16T22:05:00Z
usage_events-003277,EV-0003277,SU-00027,ST-0007,2026-01-16T22:12:00Z,sms,375.6,messages,0.27,2026-01-16T22:12:00Z
usage_events-003278,EV-0003278,SU-00028,ST-0008,2026-01-16T22:19:00Z,sms,241.8,messages,2.93,2026-01-16T22:19:00Z
usage_events-003279,EV-0003279,SU-00029,ST-0009,2026-01-16T22:26:00Z,data,216.7,mb,3.94,2026-01-16T22:26:00Z
usage_events-003280,EV-0003280,SU-00030,ST-0010,2026-01-16T22:33:00Z,voice,302.9,minutes,4.92,2026-01-16T22:33:00Z
usage_events-003281,EV-0003281,SU-00031,ST-0011,2026-01-16T22:40:00Z,voice,433.6,minutes,1.62,2026-01-16T22:40:00Z
usage_events-003282,EV-0003282,SU-00032,ST-0012,2026-01-16T22:47:00Z,sms,321.7,messages,0.56,2026-01-16T22:47:00Z
usage_events-003283,EV-0003283,SU-00033,ST-0013,2026-01-16T22:54:00Z,voice,425.5,minutes,1.57,2026-01-16T22:54:00Z
usage_events-003284,EV-0003284,SU-00034,ST-0014,2026-01-16T23:01:00Z,data,156.6,mb,3.87,2026-01-16T23:01:00Z
usage_events-003285,EV-0003285,SU-00035,ST-0015,2026-01-16T23:08:00Z,data,88.1,mb,4.05,2026-01-16T23:08:00Z
usage_events-003286,EV-0003286,SU-00036,ST-0016,2026-01-16T23:15:00Z,sms,1.0,messages,4.67,2026-01-16T23:15:00Z
usage_events-003287,EV-0003287,SU-00037,ST-0017,2026-01-16T23:22:00Z,sms,287.3,messages,3.91,2026-01-16T23:22:00Z
usage_events-003288,EV-0003288,SU-00038,ST-0018,2026-01-16T23:29:00Z,sms,89.3,messages,3.90,2026-01-16T23:29:00Z
usage_events-003289,EV-0003289,SU-00039,ST-0019,2026-01-16T23:36:00Z,voice,26.1,minutes,3.31,2026-01-16T23:36:00Z
usage_events-003290,EV-0003290,SU-00040,ST-0020,2026-01-16T23:43:00Z,sms,453.9,messages,4.01,2026-01-16T23:43:00Z
usage_events-003291,EV-0003291,SU-00041,ST-0021,2026-01-16T23:50:00Z,sms,303.1,messages,1.55,2026-01-16T23:50:00Z
usage_events-003292,EV-0003292,SU-00042,ST-0022,2026-01-16T23:57:00Z,sms,38.7,messages,2.10,2026-01-16T23:57:00Z
usage_events-003293,EV-0003293,SU-00043,ST-0023,2026-01-17T00:04:00Z,sms,412.2,messages,1.53,2026-01-17T00:04:00Z
usage_events-003294,EV-0003294,SU-00044,ST-0024,2026-01-17T00:11:00Z,sms,211.8,messages,4.07,2026-01-17T00:11:00Z
usage_events-003295,EV-0003295,SU-00045,ST-0025,2026-01-17T00:18:00Z,data,443.2,mb,2.50,2026-01-17T00:18:00Z
usage_events-003296,EV-0003296,SU-00046,ST-0026,2026-01-17T00:25:00Z,data,347.9,mb,4.08,2026-01-17T00:25:00Z
usage_events-003297,EV-0003297,SU-00047,ST-0027,2026-01-17T00:32:00Z,data,444.4,mb,0.69,2026-01-17T00:32:00Z
usage_events-003298,EV-0003298,SU-00048,ST-0028,2026-01-17T00:39:00Z,sms,450.8,messages,2.39,2026-01-17T00:39:00Z
usage_events-003299,EV-0003299,SU-00049,ST-0029,2026-01-17T00:46:00Z,voice,495.0,minutes,4.99,2026-01-17T00:46:00Z
usage_events-003300,EV-0003300,SU-00050,ST-0030,2026-01-17T00:53:00Z,voice,117.8,minutes,0.66,2026-01-17T00:53:00Z
usage_events-003301,EV-0003301,SU-00051,ST-0001,2026-01-17T01:00:00Z,sms,428.6,messages,0.80,2026-01-17T01:00:00Z
usage_events-003302,EV-0003302,SU-00052,ST-0002,2026-01-17T01:07:00Z,data,100.8,mb,1.52,2026-01-17T01:07:00Z
usage_events-003303,EV-0003303,SU-00053,ST-0003,2026-01-17T01:14:00Z,voice,253.9,minutes,4.40,2026-01-17T01:14:00Z
usage_events-003304,EV-0003304,SU-00054,ST-0004,2026-01-17T01:21:00Z,sms,337.3,messages,3.42,2026-01-17T01:21:00Z
usage_events-003305,EV-0003305,SU-00055,ST-0005,2026-01-17T01:28:00Z,data,460.3,mb,4.55,2026-01-17T01:28:00Z
usage_events-003306,EV-0003306,SU-00056,ST-0006,2026-01-17T01:35:00Z,sms,348.1,messages,0.77,2026-01-17T01:35:00Z
usage_events-003307,EV-0003307,SU-00057,ST-0007,2026-01-17T01:42:00Z,voice,482.9,minutes,1.02,2026-01-17T01:42:00Z
usage_events-003308,EV-0003308,SU-00058,ST-0008,2026-01-17T01:49:00Z,voice,37.3,minutes,2.93,2026-01-17T01:49:00Z
usage_events-003309,EV-0003309,SU-00059,ST-0009,2026-01-17T01:56:00Z,voice,412.0,minutes,4.63,2026-01-17T01:56:00Z
usage_events-003310,EV-0003310,SU-00060,ST-0010,2026-01-17T02:03:00Z,data,375.2,mb,2.73,2026-01-17T02:03:00Z
usage_events-003311,EV-0003311,SU-00061,ST-0011,2026-01-17T02:10:00Z,voice,479.3,minutes,0.24,2026-01-17T02:10:00Z
usage_events-003312,EV-0003312,SU-00062,ST-0012,2026-01-17T02:17:00Z,voice,16.7,minutes,4.18,2026-01-17T02:17:00Z
usage_events-003313,EV-0003313,SU-00063,ST-0013,2026-01-17T02:24:00Z,sms,259.6,messages,1.08,2026-01-17T02:24:00Z
usage_events-003314,EV-0003314,SU-00064,ST-0014,2026-01-17T02:31:00Z,voice,326.7,minutes,3.72,2026-01-17T02:31:00Z
usage_events-003315,EV-0003315,SU-00065,ST-0015,2026-01-17T02:38:00Z,voice,278.0,minutes,3.98,2026-01-17T02:38:00Z
usage_events-003316,EV-0003316,SU-00066,ST-0016,2026-01-17T02:45:00Z,sms,420.4,messages,0.51,2026-01-17T02:45:00Z
usage_events-003317,EV-0003317,SU-00067,ST-0017,2026-01-17T02:52:00Z,data,37.4,mb,1.80,2026-01-17T02:52:00Z
usage_events-003318,EV-0003318,SU-00068,ST-0018,2026-01-17T02:59:00Z,data,334.2,mb,4.60,2026-01-17T02:59:00Z
usage_events-003319,EV-0003319,SU-00069,ST-0019,2026-01-17T03:06:00Z,data,397.8,mb,3.80,2026-01-17T03:06:00Z
usage_events-003320,EV-0003320,SU-00070,ST-0020,2026-01-17T03:13:00Z,sms,145.3,messages,0.30,2026-01-17T03:13:00Z
usage_events-003321,EV-0003321,SU-00071,ST-0021,2026-01-17T03:20:00Z,voice,469.7,minutes,1.44,2026-01-17T03:20:00Z
usage_events-003322,EV-0003322,SU-00072,ST-0022,2026-01-17T03:27:00Z,sms,244.6,messages,3.71,2026-01-17T03:27:00Z
usage_events-003323,EV-0003323,SU-00073,ST-0023,2026-01-17T03:34:00Z,sms,399.5,messages,0.29,2026-01-17T03:34:00Z
usage_events-003324,EV-0003324,SU-00074,ST-0024,2026-01-17T03:41:00Z,sms,108.5,messages,4.16,2026-01-17T03:41:00Z
usage_events-003325,EV-0003325,SU-00075,ST-0025,2026-01-17T03:48:00Z,data,214.6,mb,4.01,2026-01-17T03:48:00Z
usage_events-003326,EV-0003326,SU-00076,ST-0026,2026-01-17T03:55:00Z,voice,17.5,minutes,1.96,2026-01-17T03:55:00Z
usage_events-003327,EV-0003327,SU-00077,ST-0027,2026-01-17T04:02:00Z,data,16.1,mb,2.26,2026-01-17T04:02:00Z
usage_events-003328,EV-0003328,SU-00078,ST-0028,2026-01-17T04:09:00Z,voice,412.0,minutes,0.49,2026-01-17T04:09:00Z
usage_events-003329,EV-0003329,SU-00079,ST-0029,2026-01-17T04:16:00Z,voice,356.6,minutes,0.10,2026-01-17T04:16:00Z
usage_events-003330,EV-0003330,SU-00080,ST-0030,2026-01-17T04:23:00Z,sms,201.8,messages,4.89,2026-01-17T04:23:00Z
usage_events-003331,EV-0003331,SU-00081,ST-0001,2026-01-17T04:30:00Z,sms,485.6,messages,2.22,2026-01-17T04:30:00Z
usage_events-003332,EV-0003332,SU-00082,ST-0002,2026-01-17T04:37:00Z,voice,87.3,minutes,4.56,2026-01-17T04:37:00Z
usage_events-003333,EV-0003333,SU-00083,ST-0003,2026-01-17T04:44:00Z,sms,444.9,messages,3.57,2026-01-17T04:44:00Z
usage_events-003334,EV-0003334,SU-00084,ST-0004,2026-01-17T04:51:00Z,voice,494.1,minutes,3.37,2026-01-17T04:51:00Z
usage_events-003335,EV-0003335,SU-00085,ST-0005,2026-01-17T04:58:00Z,voice,247.0,minutes,1.28,2026-01-17T04:58:00Z
usage_events-003336,EV-0003336,SU-00086,ST-0006,2026-01-17T05:05:00Z,sms,371.3,messages,3.02,2026-01-17T05:05:00Z
usage_events-003337,EV-0003337,SU-00087,ST-0007,2026-01-17T05:12:00Z,data,251.6,mb,0.58,2026-01-17T05:12:00Z
usage_events-003338,EV-0003338,SU-00088,ST-0008,2026-01-17T05:19:00Z,voice,429.9,minutes,3.49,2026-01-17T05:19:00Z
usage_events-003339,EV-0003339,SU-00089,ST-0009,2026-01-17T05:26:00Z,data,46.2,mb,1.52,2026-01-17T05:26:00Z
usage_events-003340,EV-0003340,SU-00090,ST-0010,2026-01-17T05:33:00Z,voice,447.3,minutes,1.15,2026-01-17T05:33:00Z
usage_events-003341,EV-0003341,SU-00091,ST-0011,2026-01-17T05:40:00Z,voice,103.1,minutes,4.93,2026-01-17T05:40:00Z
usage_events-003342,EV-0003342,SU-00092,ST-0012,2026-01-17T05:47:00Z,voice,26.6,minutes,3.42,2026-01-17T05:47:00Z
usage_events-003343,EV-0003343,SU-00093,ST-0013,2026-01-17T05:54:00Z,data,179.1,mb,1.21,2026-01-17T05:54:00Z
usage_events-003344,EV-0003344,SU-00094,ST-0014,2026-01-17T06:01:00Z,voice,320.0,minutes,3.98,2026-01-17T06:01:00Z
usage_events-003345,EV-0003345,SU-00095,ST-0015,2026-01-17T06:08:00Z,sms,374.8,messages,2.09,2026-01-17T06:08:00Z
usage_events-003346,EV-0003346,SU-00096,ST-0016,2026-01-17T06:15:00Z,voice,159.8,minutes,3.65,2026-01-17T06:15:00Z
usage_events-003347,EV-0003347,SU-00097,ST-0017,2026-01-17T06:22:00Z,sms,161.4,messages,0.10,2026-01-17T06:22:00Z
usage_events-003348,EV-0003348,SU-00098,ST-0018,2026-01-17T06:29:00Z,sms,136.7,messages,1.71,2026-01-17T06:29:00Z
usage_events-003349,EV-0003349,SU-00099,ST-0019,2026-01-17T06:36:00Z,sms,115.8,messages,2.46,2026-01-17T06:36:00Z
usage_events-003350,EV-0003350,SU-00100,ST-0020,2026-01-17T06:43:00Z,sms,298.9,messages,2.17,2026-01-17T06:43:00Z
usage_events-003351,EV-0003351,SU-00101,ST-0021,2026-01-17T06:50:00Z,voice,443.5,minutes,2.04,2026-01-17T06:50:00Z
usage_events-003352,EV-0003352,SU-00102,ST-0022,2026-01-17T06:57:00Z,data,466.5,mb,4.66,2026-01-17T06:57:00Z
usage_events-003353,EV-0003353,SU-00103,ST-0023,2026-01-17T07:04:00Z,data,294.3,mb,1.34,2026-01-17T07:04:00Z
usage_events-003354,EV-0003354,SU-00104,ST-0024,2026-01-17T07:11:00Z,data,182.5,mb,0.57,2026-01-17T07:11:00Z
usage_events-003355,EV-0003355,SU-00105,ST-0025,2026-01-17T07:18:00Z,voice,375.2,minutes,4.22,2026-01-17T07:18:00Z
usage_events-003356,EV-0003356,SU-00106,ST-0026,2026-01-17T07:25:00Z,sms,200.7,messages,4.86,2026-01-17T07:25:00Z
usage_events-003357,EV-0003357,SU-00107,ST-0027,2026-01-17T07:32:00Z,sms,375.5,messages,3.84,2026-01-17T07:32:00Z
usage_events-003358,EV-0003358,SU-00108,ST-0028,2026-01-17T07:39:00Z,voice,208.3,minutes,3.10,2026-01-17T07:39:00Z
usage_events-003359,EV-0003359,SU-00109,ST-0029,2026-01-17T07:46:00Z,data,20.3,mb,3.96,2026-01-17T07:46:00Z
usage_events-003360,EV-0003360,SU-00110,ST-0030,2026-01-17T07:53:00Z,data,132.4,mb,1.31,2026-01-17T07:53:00Z
usage_events-003361,EV-0003361,SU-00111,ST-0001,2026-01-17T08:00:00Z,voice,295.5,minutes,1.68,2026-01-17T08:00:00Z
usage_events-003362,EV-0003362,SU-00112,ST-0002,2026-01-17T08:07:00Z,voice,118.5,minutes,4.74,2026-01-17T08:07:00Z
usage_events-003363,EV-0003363,SU-00113,ST-0003,2026-01-17T08:14:00Z,data,408.8,mb,3.36,2026-01-17T08:14:00Z
usage_events-003364,EV-0003364,SU-00114,ST-0004,2026-01-17T08:21:00Z,voice,312.9,minutes,1.93,2026-01-17T08:21:00Z
usage_events-003365,EV-0003365,SU-00115,ST-0005,2026-01-17T08:28:00Z,data,391.2,mb,4.83,2026-01-17T08:28:00Z
usage_events-003366,EV-0003366,SU-00116,ST-0006,2026-01-17T08:35:00Z,data,64.1,mb,0.42,2026-01-17T08:35:00Z
usage_events-003367,EV-0003367,SU-00117,ST-0007,2026-01-17T08:42:00Z,voice,32.0,minutes,4.83,2026-01-17T08:42:00Z
usage_events-003368,EV-0003368,SU-00118,ST-0008,2026-01-17T08:49:00Z,data,213.9,mb,0.08,2026-01-17T08:49:00Z
usage_events-003369,EV-0003369,SU-00119,ST-0009,2026-01-17T08:56:00Z,data,450.0,mb,2.05,2026-01-17T08:56:00Z
usage_events-003370,EV-0003370,SU-00120,ST-0010,2026-01-17T09:03:00Z,sms,169.4,messages,0.28,2026-01-17T09:03:00Z
usage_events-003371,EV-0003371,SU-00121,ST-0011,2026-01-17T09:10:00Z,data,38.1,mb,1.00,2026-01-17T09:10:00Z
usage_events-003372,EV-0003372,SU-00122,ST-0012,2026-01-17T09:17:00Z,voice,375.6,minutes,4.70,2026-01-17T09:17:00Z
usage_events-003373,EV-0003373,SU-00123,ST-0013,2026-01-17T09:24:00Z,sms,420.2,messages,3.37,2026-01-17T09:24:00Z
usage_events-003374,EV-0003374,SU-00124,ST-0014,2026-01-17T09:31:00Z,data,409.1,mb,2.38,2026-01-17T09:31:00Z
usage_events-003375,EV-0003375,SU-00125,ST-0015,2026-01-17T09:38:00Z,data,236.4,mb,3.12,2026-01-17T09:38:00Z
usage_events-003376,EV-0003376,SU-00126,ST-0016,2026-01-17T09:45:00Z,voice,355.4,minutes,3.46,2026-01-17T09:45:00Z
usage_events-003377,EV-0003377,SU-00127,ST-0017,2026-01-17T09:52:00Z,sms,155.6,messages,2.70,2026-01-17T09:52:00Z
usage_events-003378,EV-0003378,SU-00128,ST-0018,2026-01-17T09:59:00Z,data,168.2,mb,3.02,2026-01-17T09:59:00Z
usage_events-003379,EV-0003379,SU-00129,ST-0019,2026-01-17T10:06:00Z,sms,466.8,messages,2.09,2026-01-17T10:06:00Z
usage_events-003380,EV-0003380,SU-00130,ST-0020,2026-01-17T10:13:00Z,voice,193.9,minutes,4.86,2026-01-17T10:13:00Z
usage_events-003381,EV-0003381,SU-00131,ST-0021,2026-01-17T10:20:00Z,data,55.5,mb,4.09,2026-01-17T10:20:00Z
usage_events-003382,EV-0003382,SU-00132,ST-0022,2026-01-17T10:27:00Z,voice,117.3,minutes,3.52,2026-01-17T10:27:00Z
usage_events-003383,EV-0003383,SU-00133,ST-0023,2026-01-17T10:34:00Z,voice,62.9,minutes,2.81,2026-01-17T10:34:00Z
usage_events-003384,EV-0003384,SU-00134,ST-0024,2026-01-17T10:41:00Z,data,361.1,mb,1.14,2026-01-17T10:41:00Z
usage_events-003385,EV-0003385,SU-00135,ST-0025,2026-01-17T10:48:00Z,sms,149.6,messages,1.85,2026-01-17T10:48:00Z
usage_events-003386,EV-0003386,SU-00136,ST-0026,2026-01-17T10:55:00Z,data,450.7,mb,4.64,2026-01-17T10:55:00Z
usage_events-003387,EV-0003387,SU-00137,ST-0027,2026-01-17T11:02:00Z,voice,273.7,minutes,3.59,2026-01-17T11:02:00Z
usage_events-003388,EV-0003388,SU-00138,ST-0028,2026-01-17T11:09:00Z,data,214.5,mb,3.55,2026-01-17T11:09:00Z
usage_events-003389,EV-0003389,SU-00139,ST-0029,2026-01-17T11:16:00Z,voice,46.1,minutes,0.36,2026-01-17T11:16:00Z
usage_events-003390,EV-0003390,SU-00140,ST-0030,2026-01-17T11:23:00Z,voice,195.5,minutes,0.51,2026-01-17T11:23:00Z
usage_events-003391,EV-0003391,SU-00141,ST-0001,2026-01-17T11:30:00Z,data,22.7,mb,0.64,2026-01-17T11:30:00Z
usage_events-003392,EV-0003392,SU-00142,ST-0002,2026-01-17T11:37:00Z,sms,185.7,messages,0.49,2026-01-17T11:37:00Z
usage_events-003393,EV-0003393,SU-00143,ST-0003,2026-01-17T11:44:00Z,data,36.3,mb,4.40,2026-01-17T11:44:00Z
usage_events-003394,EV-0003394,SU-00144,ST-0004,2026-01-17T11:51:00Z,voice,31.2,minutes,2.49,2026-01-17T11:51:00Z
usage_events-003395,EV-0003395,SU-00145,ST-0005,2026-01-17T11:58:00Z,sms,39.4,messages,1.42,2026-01-17T11:58:00Z
usage_events-003396,EV-0003396,SU-00146,ST-0006,2026-01-17T12:05:00Z,data,96.7,mb,4.73,2026-01-17T12:05:00Z
usage_events-003397,EV-0003397,SU-00147,ST-0007,2026-01-17T12:12:00Z,data,500.0,mb,3.49,2026-01-17T12:12:00Z
usage_events-003398,EV-0003398,SU-00148,ST-0008,2026-01-17T12:19:00Z,data,160.5,mb,3.96,2026-01-17T12:19:00Z
usage_events-003399,EV-0003399,SU-00149,ST-0009,2026-01-17T12:26:00Z,sms,221.6,messages,3.16,2026-01-17T12:26:00Z
usage_events-003400,EV-0003400,SU-00150,ST-0010,2026-01-17T12:33:00Z,sms,138.8,messages,4.72,2026-01-17T12:33:00Z
usage_events-003401,EV-0003401,SU-00151,ST-0011,2026-01-17T12:40:00Z,sms,63.7,messages,3.48,2026-01-17T12:40:00Z
usage_events-003402,EV-0003402,SU-00152,ST-0012,2026-01-17T12:47:00Z,data,129.2,mb,1.61,2026-01-17T12:47:00Z
usage_events-003403,EV-0003403,SU-00153,ST-0013,2026-01-17T12:54:00Z,voice,245.3,minutes,4.42,2026-01-17T12:54:00Z
usage_events-003404,EV-0003404,SU-00154,ST-0014,2026-01-17T13:01:00Z,data,442.3,mb,4.09,2026-01-17T13:01:00Z
usage_events-003405,EV-0003405,SU-00155,ST-0015,2026-01-17T13:08:00Z,data,300.5,mb,1.47,2026-01-17T13:08:00Z
usage_events-003406,EV-0003406,SU-00156,ST-0016,2026-01-17T13:15:00Z,data,312.3,mb,0.12,2026-01-17T13:15:00Z
usage_events-003407,EV-0003407,SU-00157,ST-0017,2026-01-17T13:22:00Z,sms,302.3,messages,4.59,2026-01-17T13:22:00Z
usage_events-003408,EV-0003408,SU-00158,ST-0018,2026-01-17T13:29:00Z,voice,94.1,minutes,1.92,2026-01-17T13:29:00Z
usage_events-003409,EV-0003409,SU-00159,ST-0019,2026-01-17T13:36:00Z,data,85.9,mb,2.70,2026-01-17T13:36:00Z
usage_events-003410,EV-0003410,SU-00160,ST-0020,2026-01-17T13:43:00Z,voice,353.3,minutes,4.94,2026-01-17T13:43:00Z
usage_events-003411,EV-0003411,SU-00161,ST-0021,2026-01-17T13:50:00Z,voice,419.6,minutes,2.52,2026-01-17T13:50:00Z
usage_events-003412,EV-0003412,SU-00162,ST-0022,2026-01-17T13:57:00Z,data,47.8,mb,0.83,2026-01-17T13:57:00Z
usage_events-003413,EV-0003413,SU-00163,ST-0023,2026-01-17T14:04:00Z,data,56.1,mb,2.97,2026-01-17T14:04:00Z
usage_events-003414,EV-0003414,SU-00164,ST-0024,2026-01-17T14:11:00Z,data,394.0,mb,1.89,2026-01-17T14:11:00Z
usage_events-003415,EV-0003415,SU-00165,ST-0025,2026-01-17T14:18:00Z,voice,472.6,minutes,0.62,2026-01-17T14:18:00Z
usage_events-003416,EV-0003416,SU-00166,ST-0026,2026-01-17T14:25:00Z,voice,46.2,minutes,4.18,2026-01-17T14:25:00Z
usage_events-003417,EV-0003417,SU-00167,ST-0027,2026-01-17T14:32:00Z,data,386.3,mb,3.32,2026-01-17T14:32:00Z
usage_events-003418,EV-0003418,SU-00168,ST-0028,2026-01-17T14:39:00Z,data,336.2,mb,4.24,2026-01-17T14:39:00Z
usage_events-003419,EV-0003419,SU-00169,ST-0029,2026-01-17T14:46:00Z,voice,116.9,minutes,3.45,2026-01-17T14:46:00Z
usage_events-003420,EV-0003420,SU-00170,ST-0030,2026-01-17T14:53:00Z,sms,182.4,messages,4.45,2026-01-17T14:53:00Z
usage_events-003421,EV-0003421,SU-00171,ST-0001,2026-01-17T15:00:00Z,voice,63.4,minutes,2.07,2026-01-17T15:00:00Z
usage_events-003422,EV-0003422,SU-00172,ST-0002,2026-01-17T15:07:00Z,sms,306.3,messages,0.52,2026-01-17T15:07:00Z
usage_events-003423,EV-0003423,SU-00173,ST-0003,2026-01-17T15:14:00Z,sms,80.4,messages,1.56,2026-01-17T15:14:00Z
usage_events-003424,EV-0003424,SU-00174,ST-0004,2026-01-17T15:21:00Z,data,288.7,mb,3.36,2026-01-17T15:21:00Z
usage_events-003425,EV-0003425,SU-00175,ST-0005,2026-01-17T15:28:00Z,data,8.5,mb,3.05,2026-01-17T15:28:00Z
usage_events-003426,EV-0003426,SU-00176,ST-0006,2026-01-17T15:35:00Z,sms,206.3,messages,2.10,2026-01-17T15:35:00Z
usage_events-003427,EV-0003427,SU-00177,ST-0007,2026-01-17T15:42:00Z,data,162.8,mb,2.88,2026-01-17T15:42:00Z
usage_events-003428,EV-0003428,SU-00178,ST-0008,2026-01-17T15:49:00Z,voice,450.4,minutes,2.52,2026-01-17T15:49:00Z
usage_events-003429,EV-0003429,SU-00179,ST-0009,2026-01-17T15:56:00Z,voice,160.6,minutes,0.81,2026-01-17T15:56:00Z
usage_events-003430,EV-0003430,SU-00180,ST-0010,2026-01-17T16:03:00Z,voice,231.2,minutes,3.67,2026-01-17T16:03:00Z
usage_events-003431,EV-0003431,SU-00181,ST-0011,2026-01-17T16:10:00Z,sms,173.3,messages,4.75,2026-01-17T16:10:00Z
usage_events-003432,EV-0003432,SU-00182,ST-0012,2026-01-17T16:17:00Z,sms,281.3,messages,1.90,2026-01-17T16:17:00Z
usage_events-003433,EV-0003433,SU-00183,ST-0013,2026-01-17T16:24:00Z,voice,376.5,minutes,4.76,2026-01-17T16:24:00Z
usage_events-003434,EV-0003434,SU-00184,ST-0014,2026-01-17T16:31:00Z,voice,293.4,minutes,4.52,2026-01-17T16:31:00Z
usage_events-003435,EV-0003435,SU-00185,ST-0015,2026-01-17T16:38:00Z,data,490.0,mb,3.26,2026-01-17T16:38:00Z
usage_events-003436,EV-0003436,SU-00186,ST-0016,2026-01-17T16:45:00Z,sms,287.5,messages,4.20,2026-01-17T16:45:00Z
usage_events-003437,EV-0003437,SU-00187,ST-0017,2026-01-17T16:52:00Z,sms,305.4,messages,0.86,2026-01-17T16:52:00Z
usage_events-003438,EV-0003438,SU-00188,ST-0018,2026-01-17T16:59:00Z,sms,27.0,messages,3.93,2026-01-17T16:59:00Z
usage_events-003439,EV-0003439,SU-00189,ST-0019,2026-01-17T17:06:00Z,sms,146.7,messages,1.14,2026-01-17T17:06:00Z
usage_events-003440,EV-0003440,SU-00190,ST-0020,2026-01-17T17:13:00Z,data,298.5,mb,4.31,2026-01-17T17:13:00Z
usage_events-003441,EV-0003441,SU-00191,ST-0021,2026-01-17T17:20:00Z,data,140.9,mb,1.08,2026-01-17T17:20:00Z
usage_events-003442,EV-0003442,SU-00192,ST-0022,2026-01-17T17:27:00Z,voice,346.1,minutes,1.46,2026-01-17T17:27:00Z
usage_events-003443,EV-0003443,SU-00193,ST-0023,2026-01-17T17:34:00Z,sms,292.5,messages,3.72,2026-01-17T17:34:00Z
usage_events-003444,EV-0003444,SU-00194,ST-0024,2026-01-17T17:41:00Z,sms,368.0,messages,4.43,2026-01-17T17:41:00Z
usage_events-003445,EV-0003445,SU-00195,ST-0025,2026-01-17T17:48:00Z,sms,340.5,messages,4.19,2026-01-17T17:48:00Z
usage_events-003446,EV-0003446,SU-00196,ST-0026,2026-01-17T17:55:00Z,sms,493.4,messages,2.03,2026-01-17T17:55:00Z
usage_events-003447,EV-0003447,SU-00197,ST-0027,2026-01-17T18:02:00Z,data,211.7,mb,3.31,2026-01-17T18:02:00Z
usage_events-003448,EV-0003448,SU-00198,ST-0028,2026-01-17T18:09:00Z,voice,396.0,minutes,2.94,2026-01-17T18:09:00Z
usage_events-003449,EV-0003449,SU-00199,ST-0029,2026-01-17T18:16:00Z,voice,179.5,minutes,2.96,2026-01-17T18:16:00Z
usage_events-003450,EV-0003450,SU-00200,ST-0030,2026-01-17T18:23:00Z,sms,38.4,messages,4.48,2026-01-17T18:23:00Z
usage_events-003451,EV-0003451,SU-00201,ST-0001,2026-01-17T18:30:00Z,data,494.7,mb,0.22,2026-01-17T18:30:00Z
usage_events-003452,EV-0003452,SU-00202,ST-0002,2026-01-17T18:37:00Z,data,265.2,mb,3.75,2026-01-17T18:37:00Z
usage_events-003453,EV-0003453,SU-00203,ST-0003,2026-01-17T18:44:00Z,sms,73.1,messages,1.24,2026-01-17T18:44:00Z
usage_events-003454,EV-0003454,SU-00204,ST-0004,2026-01-17T18:51:00Z,voice,225.5,minutes,2.00,2026-01-17T18:51:00Z
usage_events-003455,EV-0003455,SU-00205,ST-0005,2026-01-17T18:58:00Z,voice,215.4,minutes,0.58,2026-01-17T18:58:00Z
usage_events-003456,EV-0003456,SU-00206,ST-0006,2026-01-17T19:05:00Z,voice,306.5,minutes,1.23,2026-01-17T19:05:00Z
usage_events-003457,EV-0003457,SU-00207,ST-0007,2026-01-17T19:12:00Z,sms,415.7,messages,0.00,2026-01-17T19:12:00Z
usage_events-003458,EV-0003458,SU-00208,ST-0008,2026-01-17T19:19:00Z,data,386.7,mb,0.92,2026-01-17T19:19:00Z
usage_events-003459,EV-0003459,SU-00209,ST-0009,2026-01-17T19:26:00Z,sms,44.6,messages,3.35,2026-01-17T19:26:00Z
usage_events-003460,EV-0003460,SU-00210,ST-0010,2026-01-17T19:33:00Z,voice,217.3,minutes,1.66,2026-01-17T19:33:00Z
usage_events-003461,EV-0003461,SU-00211,ST-0011,2026-01-17T19:40:00Z,voice,255.8,minutes,4.96,2026-01-17T19:40:00Z
usage_events-003462,EV-0003462,SU-00212,ST-0012,2026-01-17T19:47:00Z,voice,68.8,minutes,0.21,2026-01-17T19:47:00Z
usage_events-003463,EV-0003463,SU-00213,ST-0013,2026-01-17T19:54:00Z,sms,42.9,messages,1.41,2026-01-17T19:54:00Z
usage_events-003464,EV-0003464,SU-00214,ST-0014,2026-01-17T20:01:00Z,sms,111.5,messages,1.55,2026-01-17T20:01:00Z
usage_events-003465,EV-0003465,SU-00215,ST-0015,2026-01-17T20:08:00Z,sms,412.7,messages,0.85,2026-01-17T20:08:00Z
usage_events-003466,EV-0003466,SU-00216,ST-0016,2026-01-17T20:15:00Z,voice,263.0,minutes,0.57,2026-01-17T20:15:00Z
usage_events-003467,EV-0003467,SU-00217,ST-0017,2026-01-17T20:22:00Z,sms,336.9,messages,0.27,2026-01-17T20:22:00Z
usage_events-003468,EV-0003468,SU-00218,ST-0018,2026-01-17T20:29:00Z,voice,465.3,minutes,3.01,2026-01-17T20:29:00Z
usage_events-003469,EV-0003469,SU-00219,ST-0019,2026-01-17T20:36:00Z,sms,149.7,messages,1.40,2026-01-17T20:36:00Z
usage_events-003470,EV-0003470,SU-00220,ST-0020,2026-01-17T20:43:00Z,voice,258.8,minutes,4.38,2026-01-17T20:43:00Z
usage_events-003471,EV-0003471,SU-00221,ST-0021,2026-01-17T20:50:00Z,sms,332.1,messages,2.80,2026-01-17T20:50:00Z
usage_events-003472,EV-0003472,SU-00222,ST-0022,2026-01-17T20:57:00Z,sms,383.5,messages,2.37,2026-01-17T20:57:00Z
usage_events-003473,EV-0003473,SU-00223,ST-0023,2026-01-17T21:04:00Z,voice,55.1,minutes,1.58,2026-01-17T21:04:00Z
usage_events-003474,EV-0003474,SU-00224,ST-0024,2026-01-17T21:11:00Z,voice,132.1,minutes,4.16,2026-01-17T21:11:00Z
usage_events-003475,EV-0003475,SU-00225,ST-0025,2026-01-17T21:18:00Z,sms,144.2,messages,4.18,2026-01-17T21:18:00Z
usage_events-003476,EV-0003476,SU-00226,ST-0026,2026-01-17T21:25:00Z,data,80.4,mb,0.75,2026-01-17T21:25:00Z
usage_events-003477,EV-0003477,SU-00227,ST-0027,2026-01-17T21:32:00Z,sms,458.9,messages,3.33,2026-01-17T21:32:00Z
usage_events-003478,EV-0003478,SU-00228,ST-0028,2026-01-17T21:39:00Z,data,53.8,mb,4.41,2026-01-17T21:39:00Z
usage_events-003479,EV-0003479,SU-00229,ST-0029,2026-01-17T21:46:00Z,data,310.9,mb,3.60,2026-01-17T21:46:00Z
usage_events-003480,EV-0003480,SU-00230,ST-0030,2026-01-17T21:53:00Z,data,301.4,mb,4.19,2026-01-17T21:53:00Z
usage_events-003481,EV-0003481,SU-00231,ST-0001,2026-01-17T22:00:00Z,voice,98.3,minutes,1.88,2026-01-17T22:00:00Z
usage_events-003482,EV-0003482,SU-00232,ST-0002,2026-01-17T22:07:00Z,data,234.5,mb,3.40,2026-01-17T22:07:00Z
usage_events-003483,EV-0003483,SU-00233,ST-0003,2026-01-17T22:14:00Z,voice,425.0,minutes,2.68,2026-01-17T22:14:00Z
usage_events-003484,EV-0003484,SU-00234,ST-0004,2026-01-17T22:21:00Z,data,387.2,mb,0.00,2026-01-17T22:21:00Z
usage_events-003485,EV-0003485,SU-00235,ST-0005,2026-01-17T22:28:00Z,voice,391.2,minutes,4.96,2026-01-17T22:28:00Z
usage_events-003486,EV-0003486,SU-00236,ST-0006,2026-01-17T22:35:00Z,voice,70.3,minutes,2.97,2026-01-17T22:35:00Z
usage_events-003487,EV-0003487,SU-00237,ST-0007,2026-01-17T22:42:00Z,voice,355.0,minutes,3.68,2026-01-17T22:42:00Z
usage_events-003488,EV-0003488,SU-00238,ST-0008,2026-01-17T22:49:00Z,voice,475.4,minutes,1.13,2026-01-17T22:49:00Z
usage_events-003489,EV-0003489,SU-00239,ST-0009,2026-01-17T22:56:00Z,voice,123.6,minutes,2.09,2026-01-17T22:56:00Z
usage_events-003490,EV-0003490,SU-00240,ST-0010,2026-01-17T23:03:00Z,voice,229.8,minutes,3.52,2026-01-17T23:03:00Z
usage_events-003491,EV-0003491,SU-00241,ST-0011,2026-01-17T23:10:00Z,voice,481.5,minutes,2.26,2026-01-17T23:10:00Z
usage_events-003492,EV-0003492,SU-00242,ST-0012,2026-01-17T23:17:00Z,data,384.2,mb,3.25,2026-01-17T23:17:00Z
usage_events-003493,EV-0003493,SU-00243,ST-0013,2026-01-17T23:24:00Z,sms,34.6,messages,4.10,2026-01-17T23:24:00Z
usage_events-003494,EV-0003494,SU-00244,ST-0014,2026-01-17T23:31:00Z,voice,146.0,minutes,3.49,2026-01-17T23:31:00Z
usage_events-003495,EV-0003495,SU-00245,ST-0015,2026-01-17T23:38:00Z,voice,290.3,minutes,1.59,2026-01-17T23:38:00Z
usage_events-003496,EV-0003496,SU-00246,ST-0016,2026-01-17T23:45:00Z,data,74.6,mb,3.42,2026-01-17T23:45:00Z
usage_events-003497,EV-0003497,SU-00247,ST-0017,2026-01-17T23:52:00Z,voice,14.0,minutes,2.50,2026-01-17T23:52:00Z
usage_events-003498,EV-0003498,SU-00248,ST-0018,2026-01-17T23:59:00Z,voice,64.7,minutes,0.72,2026-01-17T23:59:00Z
usage_events-003499,EV-0003499,SU-00249,ST-0019,2026-01-18T00:06:00Z,data,259.8,mb,4.41,2026-01-18T00:06:00Z
usage_events-003500,EV-0003500,SU-00250,ST-0020,2026-01-18T00:13:00Z,sms,144.7,messages,3.04,2026-01-18T00:13:00Z
usage_events-003501,EV-0003501,SU-00001,ST-0021,2026-01-18T00:20:00Z,voice,9.7,minutes,3.16,2026-01-18T00:20:00Z
usage_events-003502,EV-0003502,SU-00002,ST-0022,2026-01-18T00:27:00Z,sms,252.7,messages,0.71,2026-01-18T00:27:00Z
usage_events-003503,EV-0003503,SU-00003,ST-0023,2026-01-18T00:34:00Z,data,117.2,mb,1.28,2026-01-18T00:34:00Z
usage_events-003504,EV-0003504,SU-00004,ST-0024,2026-01-18T00:41:00Z,data,17.5,mb,2.00,2026-01-18T00:41:00Z
usage_events-003505,EV-0003505,SU-00005,ST-0025,2026-01-18T00:48:00Z,sms,323.6,messages,2.64,2026-01-18T00:48:00Z
usage_events-003506,EV-0003506,SU-00006,ST-0026,2026-01-18T00:55:00Z,voice,196.2,minutes,3.17,2026-01-18T00:55:00Z
usage_events-003507,EV-0003507,SU-00007,ST-0027,2026-01-18T01:02:00Z,sms,424.7,messages,3.29,2026-01-18T01:02:00Z
usage_events-003508,EV-0003508,SU-00008,ST-0028,2026-01-18T01:09:00Z,sms,427.0,messages,2.94,2026-01-18T01:09:00Z
usage_events-003509,EV-0003509,SU-00009,ST-0029,2026-01-18T01:16:00Z,voice,406.6,minutes,0.68,2026-01-18T01:16:00Z
usage_events-003510,EV-0003510,SU-00010,ST-0030,2026-01-18T01:23:00Z,data,172.1,mb,2.64,2026-01-18T01:23:00Z
usage_events-003511,EV-0003511,SU-00011,ST-0001,2026-01-18T01:30:00Z,voice,337.2,minutes,1.16,2026-01-18T01:30:00Z
usage_events-003512,EV-0003512,SU-00012,ST-0002,2026-01-18T01:37:00Z,data,456.5,mb,1.16,2026-01-18T01:37:00Z
usage_events-003513,EV-0003513,SU-00013,ST-0003,2026-01-18T01:44:00Z,voice,365.7,minutes,0.51,2026-01-18T01:44:00Z
usage_events-003514,EV-0003514,SU-00014,ST-0004,2026-01-18T01:51:00Z,voice,196.9,minutes,1.55,2026-01-18T01:51:00Z
usage_events-003515,EV-0003515,SU-00015,ST-0005,2026-01-18T01:58:00Z,voice,251.8,minutes,2.33,2026-01-18T01:58:00Z
usage_events-003516,EV-0003516,SU-00016,ST-0006,2026-01-18T02:05:00Z,data,84.3,mb,0.98,2026-01-18T02:05:00Z
usage_events-003517,EV-0003517,SU-00017,ST-0007,2026-01-18T02:12:00Z,voice,217.2,minutes,3.40,2026-01-18T02:12:00Z
usage_events-003518,EV-0003518,SU-00018,ST-0008,2026-01-18T02:19:00Z,data,174.3,mb,4.11,2026-01-18T02:19:00Z
usage_events-003519,EV-0003519,SU-00019,ST-0009,2026-01-18T02:26:00Z,sms,273.0,messages,1.84,2026-01-18T02:26:00Z
usage_events-003520,EV-0003520,SU-00020,ST-0010,2026-01-18T02:33:00Z,voice,301.3,minutes,4.28,2026-01-18T02:33:00Z
usage_events-003521,EV-0003521,SU-00021,ST-0011,2026-01-18T02:40:00Z,sms,51.3,messages,0.01,2026-01-18T02:40:00Z
usage_events-003522,EV-0003522,SU-00022,ST-0012,2026-01-18T02:47:00Z,sms,209.0,messages,4.85,2026-01-18T02:47:00Z
usage_events-003523,EV-0003523,SU-00023,ST-0013,2026-01-18T02:54:00Z,voice,221.5,minutes,2.81,2026-01-18T02:54:00Z
usage_events-003524,EV-0003524,SU-00024,ST-0014,2026-01-18T03:01:00Z,sms,316.4,messages,3.56,2026-01-18T03:01:00Z
usage_events-003525,EV-0003525,SU-00025,ST-0015,2026-01-18T03:08:00Z,voice,239.0,minutes,0.89,2026-01-18T03:08:00Z
usage_events-003526,EV-0003526,SU-00026,ST-0016,2026-01-18T03:15:00Z,voice,95.3,minutes,3.81,2026-01-18T03:15:00Z
usage_events-003527,EV-0003527,SU-00027,ST-0017,2026-01-18T03:22:00Z,sms,351.7,messages,4.20,2026-01-18T03:22:00Z
usage_events-003528,EV-0003528,SU-00028,ST-0018,2026-01-18T03:29:00Z,data,456.8,mb,1.02,2026-01-18T03:29:00Z
usage_events-003529,EV-0003529,SU-00029,ST-0019,2026-01-18T03:36:00Z,sms,131.5,messages,4.10,2026-01-18T03:36:00Z
usage_events-003530,EV-0003530,SU-00030,ST-0020,2026-01-18T03:43:00Z,data,246.1,mb,1.26,2026-01-18T03:43:00Z
usage_events-003531,EV-0003531,SU-00031,ST-0021,2026-01-18T03:50:00Z,sms,459.5,messages,2.68,2026-01-18T03:50:00Z
usage_events-003532,EV-0003532,SU-00032,ST-0022,2026-01-18T03:57:00Z,sms,224.0,messages,3.95,2026-01-18T03:57:00Z
usage_events-003533,EV-0003533,SU-00033,ST-0023,2026-01-18T04:04:00Z,data,131.5,mb,1.73,2026-01-18T04:04:00Z
usage_events-003534,EV-0003534,SU-00034,ST-0024,2026-01-18T04:11:00Z,voice,451.0,minutes,2.72,2026-01-18T04:11:00Z
usage_events-003535,EV-0003535,SU-00035,ST-0025,2026-01-18T04:18:00Z,data,266.5,mb,3.54,2026-01-18T04:18:00Z
usage_events-003536,EV-0003536,SU-00036,ST-0026,2026-01-18T04:25:00Z,voice,227.7,minutes,1.15,2026-01-18T04:25:00Z
usage_events-003537,EV-0003537,SU-00037,ST-0027,2026-01-18T04:32:00Z,voice,112.1,minutes,0.96,2026-01-18T04:32:00Z
usage_events-003538,EV-0003538,SU-00038,ST-0028,2026-01-18T04:39:00Z,voice,280.7,minutes,2.78,2026-01-18T04:39:00Z
usage_events-003539,EV-0003539,SU-00039,ST-0029,2026-01-18T04:46:00Z,sms,154.3,messages,3.19,2026-01-18T04:46:00Z
usage_events-003540,EV-0003540,SU-00040,ST-0030,2026-01-18T04:53:00Z,sms,335.7,messages,4.12,2026-01-18T04:53:00Z
usage_events-003541,EV-0003541,SU-00041,ST-0001,2026-01-18T05:00:00Z,voice,256.0,minutes,1.87,2026-01-18T05:00:00Z
usage_events-003542,EV-0003542,SU-00042,ST-0002,2026-01-18T05:07:00Z,data,283.3,mb,1.97,2026-01-18T05:07:00Z
usage_events-003543,EV-0003543,SU-00043,ST-0003,2026-01-18T05:14:00Z,sms,492.6,messages,1.48,2026-01-18T05:14:00Z
usage_events-003544,EV-0003544,SU-00044,ST-0004,2026-01-18T05:21:00Z,sms,378.0,messages,4.24,2026-01-18T05:21:00Z
usage_events-003545,EV-0003545,SU-00045,ST-0005,2026-01-18T05:28:00Z,data,393.1,mb,3.07,2026-01-18T05:28:00Z
usage_events-003546,EV-0003546,SU-00046,ST-0006,2026-01-18T05:35:00Z,data,116.9,mb,1.36,2026-01-18T05:35:00Z
usage_events-003547,EV-0003547,SU-00047,ST-0007,2026-01-18T05:42:00Z,sms,491.4,messages,3.46,2026-01-18T05:42:00Z
usage_events-003548,EV-0003548,SU-00048,ST-0008,2026-01-18T05:49:00Z,voice,333.0,minutes,0.10,2026-01-18T05:49:00Z
usage_events-003549,EV-0003549,SU-00049,ST-0009,2026-01-18T05:56:00Z,sms,500.0,messages,2.42,2026-01-18T05:56:00Z
usage_events-003550,EV-0003550,SU-00050,ST-0010,2026-01-18T06:03:00Z,voice,356.3,minutes,0.28,2026-01-18T06:03:00Z
usage_events-003551,EV-0003551,SU-00051,ST-0011,2026-01-18T06:10:00Z,data,471.5,mb,1.99,2026-01-18T06:10:00Z
usage_events-003552,EV-0003552,SU-00052,ST-0012,2026-01-18T06:17:00Z,data,339.8,mb,3.83,2026-01-18T06:17:00Z
usage_events-003553,EV-0003553,SU-00053,ST-0013,2026-01-18T06:24:00Z,sms,410.9,messages,1.29,2026-01-18T06:24:00Z
usage_events-003554,EV-0003554,SU-00054,ST-0014,2026-01-18T06:31:00Z,voice,94.2,minutes,2.78,2026-01-18T06:31:00Z
usage_events-003555,EV-0003555,SU-00055,ST-0015,2026-01-18T06:38:00Z,sms,137.3,messages,4.53,2026-01-18T06:38:00Z
usage_events-003556,EV-0003556,SU-00056,ST-0016,2026-01-18T06:45:00Z,sms,246.8,messages,1.00,2026-01-18T06:45:00Z
usage_events-003557,EV-0003557,SU-00057,ST-0017,2026-01-18T06:52:00Z,data,148.0,mb,4.31,2026-01-18T06:52:00Z
usage_events-003558,EV-0003558,SU-00058,ST-0018,2026-01-18T06:59:00Z,voice,216.8,minutes,1.71,2026-01-18T06:59:00Z
usage_events-003559,EV-0003559,SU-00059,ST-0019,2026-01-18T07:06:00Z,voice,339.5,minutes,2.44,2026-01-18T07:06:00Z
usage_events-003560,EV-0003560,SU-00060,ST-0020,2026-01-18T07:13:00Z,voice,75.8,minutes,2.93,2026-01-18T07:13:00Z
usage_events-003561,EV-0003561,SU-00061,ST-0021,2026-01-18T07:20:00Z,sms,221.0,messages,2.20,2026-01-18T07:20:00Z
usage_events-003562,EV-0003562,SU-00062,ST-0022,2026-01-18T07:27:00Z,data,158.6,mb,0.65,2026-01-18T07:27:00Z
usage_events-003563,EV-0003563,SU-00063,ST-0023,2026-01-18T07:34:00Z,data,498.9,mb,2.34,2026-01-18T07:34:00Z
usage_events-003564,EV-0003564,SU-00064,ST-0024,2026-01-18T07:41:00Z,voice,424.0,minutes,0.00,2026-01-18T07:41:00Z
usage_events-003565,EV-0003565,SU-00065,ST-0025,2026-01-18T07:48:00Z,voice,57.7,minutes,2.60,2026-01-18T07:48:00Z
usage_events-003566,EV-0003566,SU-00066,ST-0026,2026-01-18T07:55:00Z,sms,29.8,messages,1.03,2026-01-18T07:55:00Z
usage_events-003567,EV-0003567,SU-00067,ST-0027,2026-01-18T08:02:00Z,data,40.8,mb,4.37,2026-01-18T08:02:00Z
usage_events-003568,EV-0003568,SU-00068,ST-0028,2026-01-18T08:09:00Z,voice,26.2,minutes,3.64,2026-01-18T08:09:00Z
usage_events-003569,EV-0003569,SU-00069,ST-0029,2026-01-18T08:16:00Z,sms,483.0,messages,4.71,2026-01-18T08:16:00Z
usage_events-003570,EV-0003570,SU-00070,ST-0030,2026-01-18T08:23:00Z,data,11.2,mb,3.31,2026-01-18T08:23:00Z
usage_events-003571,EV-0003571,SU-00071,ST-0001,2026-01-18T08:30:00Z,sms,375.7,messages,4.95,2026-01-18T08:30:00Z
usage_events-003572,EV-0003572,SU-00072,ST-0002,2026-01-18T08:37:00Z,sms,61.0,messages,0.75,2026-01-18T08:37:00Z
usage_events-003573,EV-0003573,SU-00073,ST-0003,2026-01-18T08:44:00Z,sms,136.1,messages,2.38,2026-01-18T08:44:00Z
usage_events-003574,EV-0003574,SU-00074,ST-0004,2026-01-18T08:51:00Z,voice,24.4,minutes,0.95,2026-01-18T08:51:00Z
usage_events-003575,EV-0003575,SU-00075,ST-0005,2026-01-18T08:58:00Z,data,133.7,mb,3.37,2026-01-18T08:58:00Z
usage_events-003576,EV-0003576,SU-00076,ST-0006,2026-01-18T09:05:00Z,data,381.5,mb,4.55,2026-01-18T09:05:00Z
usage_events-003577,EV-0003577,SU-00077,ST-0007,2026-01-18T09:12:00Z,data,89.3,mb,3.70,2026-01-18T09:12:00Z
usage_events-003578,EV-0003578,SU-00078,ST-0008,2026-01-18T09:19:00Z,sms,203.2,messages,3.99,2026-01-18T09:19:00Z
usage_events-003579,EV-0003579,SU-00079,ST-0009,2026-01-18T09:26:00Z,voice,222.3,minutes,3.48,2026-01-18T09:26:00Z
usage_events-003580,EV-0003580,SU-00080,ST-0010,2026-01-18T09:33:00Z,sms,75.1,messages,2.63,2026-01-18T09:33:00Z
usage_events-003581,EV-0003581,SU-00081,ST-0011,2026-01-18T09:40:00Z,voice,328.3,minutes,2.53,2026-01-18T09:40:00Z
usage_events-003582,EV-0003582,SU-00082,ST-0012,2026-01-18T09:47:00Z,sms,0.6,messages,5.00,2026-01-18T09:47:00Z
usage_events-003583,EV-0003583,SU-00083,ST-0013,2026-01-18T09:54:00Z,sms,340.0,messages,0.01,2026-01-18T09:54:00Z
usage_events-003584,EV-0003584,SU-00084,ST-0014,2026-01-18T10:01:00Z,data,360.9,mb,1.11,2026-01-18T10:01:00Z
usage_events-003585,EV-0003585,SU-00085,ST-0015,2026-01-18T10:08:00Z,voice,197.7,minutes,4.69,2026-01-18T10:08:00Z
usage_events-003586,EV-0003586,SU-00086,ST-0016,2026-01-18T10:15:00Z,voice,88.9,minutes,0.40,2026-01-18T10:15:00Z
usage_events-003587,EV-0003587,SU-00087,ST-0017,2026-01-18T10:22:00Z,voice,163.6,minutes,3.42,2026-01-18T10:22:00Z
usage_events-003588,EV-0003588,SU-00088,ST-0018,2026-01-18T10:29:00Z,sms,329.6,messages,4.80,2026-01-18T10:29:00Z
usage_events-003589,EV-0003589,SU-00089,ST-0019,2026-01-18T10:36:00Z,sms,214.5,messages,2.08,2026-01-18T10:36:00Z
usage_events-003590,EV-0003590,SU-00090,ST-0020,2026-01-18T10:43:00Z,sms,15.7,messages,1.17,2026-01-18T10:43:00Z
usage_events-003591,EV-0003591,SU-00091,ST-0021,2026-01-18T10:50:00Z,sms,440.5,messages,1.27,2026-01-18T10:50:00Z
usage_events-003592,EV-0003592,SU-00092,ST-0022,2026-01-18T10:57:00Z,voice,391.9,minutes,0.06,2026-01-18T10:57:00Z
usage_events-003593,EV-0003593,SU-00093,ST-0023,2026-01-18T11:04:00Z,voice,222.6,minutes,0.54,2026-01-18T11:04:00Z
usage_events-003594,EV-0003594,SU-00094,ST-0024,2026-01-18T11:11:00Z,sms,364.0,messages,4.12,2026-01-18T11:11:00Z
usage_events-003595,EV-0003595,SU-00095,ST-0025,2026-01-18T11:18:00Z,data,271.0,mb,1.09,2026-01-18T11:18:00Z
usage_events-003596,EV-0003596,SU-00096,ST-0026,2026-01-18T11:25:00Z,sms,277.2,messages,2.26,2026-01-18T11:25:00Z
usage_events-003597,EV-0003597,SU-00097,ST-0027,2026-01-18T11:32:00Z,data,194.1,mb,1.16,2026-01-18T11:32:00Z
usage_events-003598,EV-0003598,SU-00098,ST-0028,2026-01-18T11:39:00Z,sms,198.7,messages,1.72,2026-01-18T11:39:00Z
usage_events-003599,EV-0003599,SU-00099,ST-0029,2026-01-18T11:46:00Z,voice,157.0,minutes,2.00,2026-01-18T11:46:00Z
usage_events-003600,EV-0003600,SU-00100,ST-0030,2026-01-18T11:53:00Z,sms,215.7,messages,3.14,2026-01-18T11:53:00Z
usage_events-003601,EV-0003601,SU-00101,ST-0001,2026-01-18T12:00:00Z,voice,194.3,minutes,4.90,2026-01-18T12:00:00Z
usage_events-003602,EV-0003602,SU-00102,ST-0002,2026-01-18T12:07:00Z,sms,461.0,messages,0.34,2026-01-18T12:07:00Z
usage_events-003603,EV-0003603,SU-00103,ST-0003,2026-01-18T12:14:00Z,sms,171.1,messages,2.72,2026-01-18T12:14:00Z
usage_events-003604,EV-0003604,SU-00104,ST-0004,2026-01-18T12:21:00Z,sms,199.5,messages,1.64,2026-01-18T12:21:00Z
usage_events-003605,EV-0003605,SU-00105,ST-0005,2026-01-18T12:28:00Z,data,419.2,mb,0.95,2026-01-18T12:28:00Z
usage_events-003606,EV-0003606,SU-00106,ST-0006,2026-01-18T12:35:00Z,data,7.8,mb,2.57,2026-01-18T12:35:00Z
usage_events-003607,EV-0003607,SU-00107,ST-0007,2026-01-18T12:42:00Z,voice,496.4,minutes,5.00,2026-01-18T12:42:00Z
usage_events-003608,EV-0003608,SU-00108,ST-0008,2026-01-18T12:49:00Z,sms,278.5,messages,2.46,2026-01-18T12:49:00Z
usage_events-003609,EV-0003609,SU-00109,ST-0009,2026-01-18T12:56:00Z,sms,359.4,messages,4.86,2026-01-18T12:56:00Z
usage_events-003610,EV-0003610,SU-00110,ST-0010,2026-01-18T13:03:00Z,data,42.0,mb,0.95,2026-01-18T13:03:00Z
usage_events-003611,EV-0003611,SU-00111,ST-0011,2026-01-18T13:10:00Z,data,263.3,mb,0.61,2026-01-18T13:10:00Z
usage_events-003612,EV-0003612,SU-00112,ST-0012,2026-01-18T13:17:00Z,voice,255.0,minutes,2.23,2026-01-18T13:17:00Z
usage_events-003613,EV-0003613,SU-00113,ST-0013,2026-01-18T13:24:00Z,sms,331.4,messages,1.14,2026-01-18T13:24:00Z
usage_events-003614,EV-0003614,SU-00114,ST-0014,2026-01-18T13:31:00Z,data,182.5,mb,4.33,2026-01-18T13:31:00Z
usage_events-003615,EV-0003615,SU-00115,ST-0015,2026-01-18T13:38:00Z,sms,94.3,messages,4.26,2026-01-18T13:38:00Z
usage_events-003616,EV-0003616,SU-00116,ST-0016,2026-01-18T13:45:00Z,sms,132.8,messages,1.48,2026-01-18T13:45:00Z
usage_events-003617,EV-0003617,SU-00117,ST-0017,2026-01-18T13:52:00Z,voice,109.3,minutes,3.95,2026-01-18T13:52:00Z
usage_events-003618,EV-0003618,SU-00118,ST-0018,2026-01-18T13:59:00Z,voice,260.2,minutes,1.00,2026-01-18T13:59:00Z
usage_events-003619,EV-0003619,SU-00119,ST-0019,2026-01-18T14:06:00Z,data,216.1,mb,2.55,2026-01-18T14:06:00Z
usage_events-003620,EV-0003620,SU-00120,ST-0020,2026-01-18T14:13:00Z,sms,197.4,messages,1.68,2026-01-18T14:13:00Z
usage_events-003621,EV-0003621,SU-00121,ST-0021,2026-01-18T14:20:00Z,voice,350.2,minutes,1.50,2026-01-18T14:20:00Z
usage_events-003622,EV-0003622,SU-00122,ST-0022,2026-01-18T14:27:00Z,data,472.6,mb,0.56,2026-01-18T14:27:00Z
usage_events-003623,EV-0003623,SU-00123,ST-0023,2026-01-18T14:34:00Z,voice,239.0,minutes,0.61,2026-01-18T14:34:00Z
usage_events-003624,EV-0003624,SU-00124,ST-0024,2026-01-18T14:41:00Z,data,440.3,mb,3.09,2026-01-18T14:41:00Z
usage_events-003625,EV-0003625,SU-00125,ST-0025,2026-01-18T14:48:00Z,data,195.7,mb,1.95,2026-01-18T14:48:00Z
usage_events-003626,EV-0003626,SU-00126,ST-0026,2026-01-18T14:55:00Z,voice,314.9,minutes,4.64,2026-01-18T14:55:00Z
usage_events-003627,EV-0003627,SU-00127,ST-0027,2026-01-18T15:02:00Z,voice,441.3,minutes,0.24,2026-01-18T15:02:00Z
usage_events-003628,EV-0003628,SU-00128,ST-0028,2026-01-18T15:09:00Z,data,292.9,mb,1.48,2026-01-18T15:09:00Z
usage_events-003629,EV-0003629,SU-00129,ST-0029,2026-01-18T15:16:00Z,data,69.6,mb,1.77,2026-01-18T15:16:00Z
usage_events-003630,EV-0003630,SU-00130,ST-0030,2026-01-18T15:23:00Z,voice,487.4,minutes,3.66,2026-01-18T15:23:00Z
usage_events-003631,EV-0003631,SU-00131,ST-0001,2026-01-18T15:30:00Z,voice,343.9,minutes,3.52,2026-01-18T15:30:00Z
usage_events-003632,EV-0003632,SU-00132,ST-0002,2026-01-18T15:37:00Z,sms,321.9,messages,0.14,2026-01-18T15:37:00Z
usage_events-003633,EV-0003633,SU-00133,ST-0003,2026-01-18T15:44:00Z,voice,109.2,minutes,0.51,2026-01-18T15:44:00Z
usage_events-003634,EV-0003634,SU-00134,ST-0004,2026-01-18T15:51:00Z,data,382.3,mb,3.03,2026-01-18T15:51:00Z
usage_events-003635,EV-0003635,SU-00135,ST-0005,2026-01-18T15:58:00Z,sms,22.3,messages,1.99,2026-01-18T15:58:00Z
usage_events-003636,EV-0003636,SU-00136,ST-0006,2026-01-18T16:05:00Z,voice,75.5,minutes,0.16,2026-01-18T16:05:00Z
usage_events-003637,EV-0003637,SU-00137,ST-0007,2026-01-18T16:12:00Z,sms,168.5,messages,2.45,2026-01-18T16:12:00Z
usage_events-003638,EV-0003638,SU-00138,ST-0008,2026-01-18T16:19:00Z,data,230.4,mb,0.20,2026-01-18T16:19:00Z
usage_events-003639,EV-0003639,SU-00139,ST-0009,2026-01-18T16:26:00Z,voice,253.7,minutes,1.98,2026-01-18T16:26:00Z
usage_events-003640,EV-0003640,SU-00140,ST-0010,2026-01-18T16:33:00Z,sms,213.7,messages,2.21,2026-01-18T16:33:00Z
usage_events-003641,EV-0003641,SU-00141,ST-0011,2026-01-18T16:40:00Z,data,214.6,mb,3.78,2026-01-18T16:40:00Z
usage_events-003642,EV-0003642,SU-00142,ST-0012,2026-01-18T16:47:00Z,data,226.3,mb,4.62,2026-01-18T16:47:00Z
usage_events-003643,EV-0003643,SU-00143,ST-0013,2026-01-18T16:54:00Z,sms,72.7,messages,3.58,2026-01-18T16:54:00Z
usage_events-003644,EV-0003644,SU-00144,ST-0014,2026-01-18T17:01:00Z,voice,475.3,minutes,3.99,2026-01-18T17:01:00Z
usage_events-003645,EV-0003645,SU-00145,ST-0015,2026-01-18T17:08:00Z,sms,186.2,messages,4.01,2026-01-18T17:08:00Z
usage_events-003646,EV-0003646,SU-00146,ST-0016,2026-01-18T17:15:00Z,data,409.9,mb,4.05,2026-01-18T17:15:00Z
usage_events-003647,EV-0003647,SU-00147,ST-0017,2026-01-18T17:22:00Z,voice,6.3,minutes,4.96,2026-01-18T17:22:00Z
usage_events-003648,EV-0003648,SU-00148,ST-0018,2026-01-18T17:29:00Z,sms,441.5,messages,1.25,2026-01-18T17:29:00Z
usage_events-003649,EV-0003649,SU-00149,ST-0019,2026-01-18T17:36:00Z,voice,178.1,minutes,3.51,2026-01-18T17:36:00Z
usage_events-003650,EV-0003650,SU-00150,ST-0020,2026-01-18T17:43:00Z,voice,225.6,minutes,3.19,2026-01-18T17:43:00Z
usage_events-003651,EV-0003651,SU-00151,ST-0021,2026-01-18T17:50:00Z,data,128.2,mb,0.12,2026-01-18T17:50:00Z
usage_events-003652,EV-0003652,SU-00152,ST-0022,2026-01-18T17:57:00Z,sms,434.4,messages,1.74,2026-01-18T17:57:00Z
usage_events-003653,EV-0003653,SU-00153,ST-0023,2026-01-18T18:04:00Z,sms,233.0,messages,1.65,2026-01-18T18:04:00Z
usage_events-003654,EV-0003654,SU-00154,ST-0024,2026-01-18T18:11:00Z,voice,317.3,minutes,2.09,2026-01-18T18:11:00Z
usage_events-003655,EV-0003655,SU-00155,ST-0025,2026-01-18T18:18:00Z,data,409.3,mb,0.06,2026-01-18T18:18:00Z
usage_events-003656,EV-0003656,SU-00156,ST-0026,2026-01-18T18:25:00Z,data,433.4,mb,4.51,2026-01-18T18:25:00Z
usage_events-003657,EV-0003657,SU-00157,ST-0027,2026-01-18T18:32:00Z,sms,354.5,messages,3.26,2026-01-18T18:32:00Z
usage_events-003658,EV-0003658,SU-00158,ST-0028,2026-01-18T18:39:00Z,sms,432.3,messages,2.54,2026-01-18T18:39:00Z
usage_events-003659,EV-0003659,SU-00159,ST-0029,2026-01-18T18:46:00Z,sms,261.5,messages,1.43,2026-01-18T18:46:00Z
usage_events-003660,EV-0003660,SU-00160,ST-0030,2026-01-18T18:53:00Z,sms,312.1,messages,4.92,2026-01-18T18:53:00Z
usage_events-003661,EV-0003661,SU-00161,ST-0001,2026-01-18T19:00:00Z,voice,305.3,minutes,4.84,2026-01-18T19:00:00Z
usage_events-003662,EV-0003662,SU-00162,ST-0002,2026-01-18T19:07:00Z,voice,341.3,minutes,2.44,2026-01-18T19:07:00Z
usage_events-003663,EV-0003663,SU-00163,ST-0003,2026-01-18T19:14:00Z,data,55.0,mb,2.00,2026-01-18T19:14:00Z
usage_events-003664,EV-0003664,SU-00164,ST-0004,2026-01-18T19:21:00Z,sms,89.1,messages,1.35,2026-01-18T19:21:00Z
usage_events-003665,EV-0003665,SU-00165,ST-0005,2026-01-18T19:28:00Z,data,36.0,mb,1.53,2026-01-18T19:28:00Z
usage_events-003666,EV-0003666,SU-00166,ST-0006,2026-01-18T19:35:00Z,sms,83.9,messages,1.85,2026-01-18T19:35:00Z
usage_events-003667,EV-0003667,SU-00167,ST-0007,2026-01-18T19:42:00Z,voice,117.9,minutes,3.86,2026-01-18T19:42:00Z
usage_events-003668,EV-0003668,SU-00168,ST-0008,2026-01-18T19:49:00Z,voice,421.2,minutes,2.75,2026-01-18T19:49:00Z
usage_events-003669,EV-0003669,SU-00169,ST-0009,2026-01-18T19:56:00Z,sms,372.7,messages,3.47,2026-01-18T19:56:00Z
usage_events-003670,EV-0003670,SU-00170,ST-0010,2026-01-18T20:03:00Z,voice,383.5,minutes,3.54,2026-01-18T20:03:00Z
usage_events-003671,EV-0003671,SU-00171,ST-0011,2026-01-18T20:10:00Z,sms,50.4,messages,4.62,2026-01-18T20:10:00Z
usage_events-003672,EV-0003672,SU-00172,ST-0012,2026-01-18T20:17:00Z,data,488.7,mb,3.46,2026-01-18T20:17:00Z
usage_events-003673,EV-0003673,SU-00173,ST-0013,2026-01-18T20:24:00Z,voice,141.8,minutes,3.25,2026-01-18T20:24:00Z
usage_events-003674,EV-0003674,SU-00174,ST-0014,2026-01-18T20:31:00Z,voice,5.9,minutes,4.92,2026-01-18T20:31:00Z
usage_events-003675,EV-0003675,SU-00175,ST-0015,2026-01-18T20:38:00Z,sms,97.7,messages,3.61,2026-01-18T20:38:00Z
usage_events-003676,EV-0003676,SU-00176,ST-0016,2026-01-18T20:45:00Z,sms,240.8,messages,0.08,2026-01-18T20:45:00Z
usage_events-003677,EV-0003677,SU-00177,ST-0017,2026-01-18T20:52:00Z,sms,121.2,messages,1.22,2026-01-18T20:52:00Z
usage_events-003678,EV-0003678,SU-00178,ST-0018,2026-01-18T20:59:00Z,voice,349.1,minutes,0.43,2026-01-18T20:59:00Z
usage_events-003679,EV-0003679,SU-00179,ST-0019,2026-01-18T21:06:00Z,data,341.2,mb,4.03,2026-01-18T21:06:00Z
usage_events-003680,EV-0003680,SU-00180,ST-0020,2026-01-18T21:13:00Z,sms,367.0,messages,4.38,2026-01-18T21:13:00Z
usage_events-003681,EV-0003681,SU-00181,ST-0021,2026-01-18T21:20:00Z,sms,319.8,messages,2.74,2026-01-18T21:20:00Z
usage_events-003682,EV-0003682,SU-00182,ST-0022,2026-01-18T21:27:00Z,data,474.2,mb,4.71,2026-01-18T21:27:00Z
usage_events-003683,EV-0003683,SU-00183,ST-0023,2026-01-18T21:34:00Z,data,380.8,mb,1.10,2026-01-18T21:34:00Z
usage_events-003684,EV-0003684,SU-00184,ST-0024,2026-01-18T21:41:00Z,data,394.0,mb,3.24,2026-01-18T21:41:00Z
usage_events-003685,EV-0003685,SU-00185,ST-0025,2026-01-18T21:48:00Z,sms,64.4,messages,0.33,2026-01-18T21:48:00Z
usage_events-003686,EV-0003686,SU-00186,ST-0026,2026-01-18T21:55:00Z,sms,291.3,messages,4.36,2026-01-18T21:55:00Z
usage_events-003687,EV-0003687,SU-00187,ST-0027,2026-01-18T22:02:00Z,voice,395.7,minutes,1.51,2026-01-18T22:02:00Z
usage_events-003688,EV-0003688,SU-00188,ST-0028,2026-01-18T22:09:00Z,sms,268.5,messages,4.62,2026-01-18T22:09:00Z
usage_events-003689,EV-0003689,SU-00189,ST-0029,2026-01-18T22:16:00Z,data,362.5,mb,1.31,2026-01-18T22:16:00Z
usage_events-003690,EV-0003690,SU-00190,ST-0030,2026-01-18T22:23:00Z,sms,106.1,messages,3.63,2026-01-18T22:23:00Z
usage_events-003691,EV-0003691,SU-00191,ST-0001,2026-01-18T22:30:00Z,sms,458.5,messages,2.66,2026-01-18T22:30:00Z
usage_events-003692,EV-0003692,SU-00192,ST-0002,2026-01-18T22:37:00Z,voice,482.2,minutes,1.16,2026-01-18T22:37:00Z
usage_events-003693,EV-0003693,SU-00193,ST-0003,2026-01-18T22:44:00Z,voice,189.2,minutes,3.09,2026-01-18T22:44:00Z
usage_events-003694,EV-0003694,SU-00194,ST-0004,2026-01-18T22:51:00Z,sms,353.2,messages,0.69,2026-01-18T22:51:00Z
usage_events-003695,EV-0003695,SU-00195,ST-0005,2026-01-18T22:58:00Z,sms,0.6,messages,4.34,2026-01-18T22:58:00Z
usage_events-003696,EV-0003696,SU-00196,ST-0006,2026-01-18T23:05:00Z,voice,381.2,minutes,1.67,2026-01-18T23:05:00Z
usage_events-003697,EV-0003697,SU-00197,ST-0007,2026-01-18T23:12:00Z,data,362.7,mb,2.09,2026-01-18T23:12:00Z
usage_events-003698,EV-0003698,SU-00198,ST-0008,2026-01-18T23:19:00Z,data,381.0,mb,4.78,2026-01-18T23:19:00Z
usage_events-003699,EV-0003699,SU-00199,ST-0009,2026-01-18T23:26:00Z,voice,286.1,minutes,4.61,2026-01-18T23:26:00Z
usage_events-003700,EV-0003700,SU-00200,ST-0010,2026-01-18T23:33:00Z,sms,400.2,messages,1.17,2026-01-18T23:33:00Z
usage_events-003701,EV-0003701,SU-00201,ST-0011,2026-01-18T23:40:00Z,voice,363.1,minutes,3.85,2026-01-18T23:40:00Z
usage_events-003702,EV-0003702,SU-00202,ST-0012,2026-01-18T23:47:00Z,voice,363.2,minutes,2.84,2026-01-18T23:47:00Z
usage_events-003703,EV-0003703,SU-00203,ST-0013,2026-01-18T23:54:00Z,voice,69.3,minutes,2.20,2026-01-18T23:54:00Z
usage_events-003704,EV-0003704,SU-00204,ST-0014,2026-01-19T00:01:00Z,voice,93.0,minutes,4.01,2026-01-19T00:01:00Z
usage_events-003705,EV-0003705,SU-00205,ST-0015,2026-01-19T00:08:00Z,sms,405.5,messages,1.78,2026-01-19T00:08:00Z
usage_events-003706,EV-0003706,SU-00206,ST-0016,2026-01-19T00:15:00Z,voice,370.7,minutes,0.31,2026-01-19T00:15:00Z
usage_events-003707,EV-0003707,SU-00207,ST-0017,2026-01-19T00:22:00Z,voice,74.5,minutes,3.22,2026-01-19T00:22:00Z
usage_events-003708,EV-0003708,SU-00208,ST-0018,2026-01-19T00:29:00Z,voice,330.5,minutes,3.47,2026-01-19T00:29:00Z
usage_events-003709,EV-0003709,SU-00209,ST-0019,2026-01-19T00:36:00Z,data,190.0,mb,1.76,2026-01-19T00:36:00Z
usage_events-003710,EV-0003710,SU-00210,ST-0020,2026-01-19T00:43:00Z,voice,44.4,minutes,0.31,2026-01-19T00:43:00Z
usage_events-003711,EV-0003711,SU-00211,ST-0021,2026-01-19T00:50:00Z,data,110.6,mb,2.53,2026-01-19T00:50:00Z
usage_events-003712,EV-0003712,SU-00212,ST-0022,2026-01-19T00:57:00Z,voice,72.5,minutes,4.77,2026-01-19T00:57:00Z
usage_events-003713,EV-0003713,SU-00213,ST-0023,2026-01-19T01:04:00Z,voice,445.9,minutes,1.73,2026-01-19T01:04:00Z
usage_events-003714,EV-0003714,SU-00214,ST-0024,2026-01-19T01:11:00Z,sms,145.7,messages,3.08,2026-01-19T01:11:00Z
usage_events-003715,EV-0003715,SU-00215,ST-0025,2026-01-19T01:18:00Z,voice,349.1,minutes,1.88,2026-01-19T01:18:00Z
usage_events-003716,EV-0003716,SU-00216,ST-0026,2026-01-19T01:25:00Z,voice,244.1,minutes,2.46,2026-01-19T01:25:00Z
usage_events-003717,EV-0003717,SU-00217,ST-0027,2026-01-19T01:32:00Z,sms,7.9,messages,4.36,2026-01-19T01:32:00Z
usage_events-003718,EV-0003718,SU-00218,ST-0028,2026-01-19T01:39:00Z,voice,256.6,minutes,2.11,2026-01-19T01:39:00Z
usage_events-003719,EV-0003719,SU-00219,ST-0029,2026-01-19T01:46:00Z,voice,115.1,minutes,2.06,2026-01-19T01:46:00Z
usage_events-003720,EV-0003720,SU-00220,ST-0030,2026-01-19T01:53:00Z,voice,437.2,minutes,3.06,2026-01-19T01:53:00Z
usage_events-003721,EV-0003721,SU-00221,ST-0001,2026-01-19T02:00:00Z,data,323.1,mb,0.88,2026-01-19T02:00:00Z
usage_events-003722,EV-0003722,SU-00222,ST-0002,2026-01-19T02:07:00Z,sms,389.5,messages,0.18,2026-01-19T02:07:00Z
usage_events-003723,EV-0003723,SU-00223,ST-0003,2026-01-19T02:14:00Z,voice,324.4,minutes,4.23,2026-01-19T02:14:00Z
usage_events-003724,EV-0003724,SU-00224,ST-0004,2026-01-19T02:21:00Z,sms,232.6,messages,2.84,2026-01-19T02:21:00Z
usage_events-003725,EV-0003725,SU-00225,ST-0005,2026-01-19T02:28:00Z,sms,346.6,messages,1.73,2026-01-19T02:28:00Z
usage_events-003726,EV-0003726,SU-00226,ST-0006,2026-01-19T02:35:00Z,sms,308.9,messages,1.76,2026-01-19T02:35:00Z
usage_events-003727,EV-0003727,SU-00227,ST-0007,2026-01-19T02:42:00Z,sms,235.4,messages,1.85,2026-01-19T02:42:00Z
usage_events-003728,EV-0003728,SU-00228,ST-0008,2026-01-19T02:49:00Z,data,139.1,mb,1.81,2026-01-19T02:49:00Z
usage_events-003729,EV-0003729,SU-00229,ST-0009,2026-01-19T02:56:00Z,sms,311.0,messages,3.02,2026-01-19T02:56:00Z
usage_events-003730,EV-0003730,SU-00230,ST-0010,2026-01-19T03:03:00Z,voice,334.3,minutes,1.84,2026-01-19T03:03:00Z
usage_events-003731,EV-0003731,SU-00231,ST-0011,2026-01-19T03:10:00Z,data,300.9,mb,4.27,2026-01-19T03:10:00Z
usage_events-003732,EV-0003732,SU-00232,ST-0012,2026-01-19T03:17:00Z,voice,215.8,minutes,1.16,2026-01-19T03:17:00Z
usage_events-003733,EV-0003733,SU-00233,ST-0013,2026-01-19T03:24:00Z,sms,370.6,messages,3.10,2026-01-19T03:24:00Z
usage_events-003734,EV-0003734,SU-00234,ST-0014,2026-01-19T03:31:00Z,data,317.6,mb,0.75,2026-01-19T03:31:00Z
usage_events-003735,EV-0003735,SU-00235,ST-0015,2026-01-19T03:38:00Z,sms,197.9,messages,0.37,2026-01-19T03:38:00Z
usage_events-003736,EV-0003736,SU-00236,ST-0016,2026-01-19T03:45:00Z,voice,75.1,minutes,1.29,2026-01-19T03:45:00Z
usage_events-003737,EV-0003737,SU-00237,ST-0017,2026-01-19T03:52:00Z,data,368.3,mb,1.47,2026-01-19T03:52:00Z
usage_events-003738,EV-0003738,SU-00238,ST-0018,2026-01-19T03:59:00Z,sms,60.1,messages,1.33,2026-01-19T03:59:00Z
usage_events-003739,EV-0003739,SU-00239,ST-0019,2026-01-19T04:06:00Z,data,313.4,mb,0.58,2026-01-19T04:06:00Z
usage_events-003740,EV-0003740,SU-00240,ST-0020,2026-01-19T04:13:00Z,sms,321.7,messages,0.69,2026-01-19T04:13:00Z
usage_events-003741,EV-0003741,SU-00241,ST-0021,2026-01-19T04:20:00Z,sms,127.9,messages,2.92,2026-01-19T04:20:00Z
usage_events-003742,EV-0003742,SU-00242,ST-0022,2026-01-19T04:27:00Z,data,298.7,mb,2.65,2026-01-19T04:27:00Z
usage_events-003743,EV-0003743,SU-00243,ST-0023,2026-01-19T04:34:00Z,voice,478.2,minutes,2.08,2026-01-19T04:34:00Z
usage_events-003744,EV-0003744,SU-00244,ST-0024,2026-01-19T04:41:00Z,data,162.2,mb,3.84,2026-01-19T04:41:00Z
usage_events-003745,EV-0003745,SU-00245,ST-0025,2026-01-19T04:48:00Z,sms,292.4,messages,2.24,2026-01-19T04:48:00Z
usage_events-003746,EV-0003746,SU-00246,ST-0026,2026-01-19T04:55:00Z,voice,260.5,minutes,1.33,2026-01-19T04:55:00Z
usage_events-003747,EV-0003747,SU-00247,ST-0027,2026-01-19T05:02:00Z,sms,243.6,messages,2.19,2026-01-19T05:02:00Z
usage_events-003748,EV-0003748,SU-00248,ST-0028,2026-01-19T05:09:00Z,sms,275.0,messages,2.89,2026-01-19T05:09:00Z
usage_events-003749,EV-0003749,SU-00249,ST-0029,2026-01-19T05:16:00Z,voice,64.9,minutes,4.60,2026-01-19T05:16:00Z
usage_events-003750,EV-0003750,SU-00250,ST-0030,2026-01-19T05:23:00Z,data,215.7,mb,0.83,2026-01-19T05:23:00Z
usage_events-003751,EV-0003751,SU-00001,ST-0001,2026-01-19T05:30:00Z,sms,107.9,messages,3.14,2026-01-19T05:30:00Z
usage_events-003752,EV-0003752,SU-00002,ST-0002,2026-01-19T05:37:00Z,sms,280.7,messages,0.63,2026-01-19T05:37:00Z
usage_events-003753,EV-0003753,SU-00003,ST-0003,2026-01-19T05:44:00Z,data,366.6,mb,4.46,2026-01-19T05:44:00Z
usage_events-003754,EV-0003754,SU-00004,ST-0004,2026-01-19T05:51:00Z,sms,439.5,messages,2.63,2026-01-19T05:51:00Z
usage_events-003755,EV-0003755,SU-00005,ST-0005,2026-01-19T05:58:00Z,data,193.7,mb,0.95,2026-01-19T05:58:00Z
usage_events-003756,EV-0003756,SU-00006,ST-0006,2026-01-19T06:05:00Z,data,438.1,mb,3.32,2026-01-19T06:05:00Z
usage_events-003757,EV-0003757,SU-00007,ST-0007,2026-01-19T06:12:00Z,data,175.4,mb,2.67,2026-01-19T06:12:00Z
usage_events-003758,EV-0003758,SU-00008,ST-0008,2026-01-19T06:19:00Z,voice,87.2,minutes,1.03,2026-01-19T06:19:00Z
usage_events-003759,EV-0003759,SU-00009,ST-0009,2026-01-19T06:26:00Z,voice,192.2,minutes,1.70,2026-01-19T06:26:00Z
usage_events-003760,EV-0003760,SU-00010,ST-0010,2026-01-19T06:33:00Z,voice,333.9,minutes,2.91,2026-01-19T06:33:00Z
usage_events-003761,EV-0003761,SU-00011,ST-0011,2026-01-19T06:40:00Z,sms,474.2,messages,4.03,2026-01-19T06:40:00Z
usage_events-003762,EV-0003762,SU-00012,ST-0012,2026-01-19T06:47:00Z,data,480.2,mb,0.35,2026-01-19T06:47:00Z
usage_events-003763,EV-0003763,SU-00013,ST-0013,2026-01-19T06:54:00Z,data,491.2,mb,3.17,2026-01-19T06:54:00Z
usage_events-003764,EV-0003764,SU-00014,ST-0014,2026-01-19T07:01:00Z,sms,46.7,messages,2.61,2026-01-19T07:01:00Z
usage_events-003765,EV-0003765,SU-00015,ST-0015,2026-01-19T07:08:00Z,sms,331.3,messages,3.74,2026-01-19T07:08:00Z
usage_events-003766,EV-0003766,SU-00016,ST-0016,2026-01-19T07:15:00Z,voice,387.2,minutes,1.49,2026-01-19T07:15:00Z
usage_events-003767,EV-0003767,SU-00017,ST-0017,2026-01-19T07:22:00Z,data,266.4,mb,2.42,2026-01-19T07:22:00Z
usage_events-003768,EV-0003768,SU-00018,ST-0018,2026-01-19T07:29:00Z,data,412.2,mb,2.19,2026-01-19T07:29:00Z
usage_events-003769,EV-0003769,SU-00019,ST-0019,2026-01-19T07:36:00Z,sms,331.8,messages,0.74,2026-01-19T07:36:00Z
usage_events-003770,EV-0003770,SU-00020,ST-0020,2026-01-19T07:43:00Z,data,460.6,mb,3.48,2026-01-19T07:43:00Z
usage_events-003771,EV-0003771,SU-00021,ST-0021,2026-01-19T07:50:00Z,sms,244.3,messages,3.43,2026-01-19T07:50:00Z
usage_events-003772,EV-0003772,SU-00022,ST-0022,2026-01-19T07:57:00Z,data,89.1,mb,0.20,2026-01-19T07:57:00Z
usage_events-003773,EV-0003773,SU-00023,ST-0023,2026-01-19T08:04:00Z,sms,430.8,messages,3.20,2026-01-19T08:04:00Z
usage_events-003774,EV-0003774,SU-00024,ST-0024,2026-01-19T08:11:00Z,data,147.5,mb,0.55,2026-01-19T08:11:00Z
usage_events-003775,EV-0003775,SU-00025,ST-0025,2026-01-19T08:18:00Z,data,149.6,mb,1.01,2026-01-19T08:18:00Z
usage_events-003776,EV-0003776,SU-00026,ST-0026,2026-01-19T08:25:00Z,voice,214.6,minutes,4.09,2026-01-19T08:25:00Z
usage_events-003777,EV-0003777,SU-00027,ST-0027,2026-01-19T08:32:00Z,sms,8.6,messages,0.42,2026-01-19T08:32:00Z
usage_events-003778,EV-0003778,SU-00028,ST-0028,2026-01-19T08:39:00Z,voice,353.9,minutes,1.73,2026-01-19T08:39:00Z
usage_events-003779,EV-0003779,SU-00029,ST-0029,2026-01-19T08:46:00Z,data,182.4,mb,0.39,2026-01-19T08:46:00Z
usage_events-003780,EV-0003780,SU-00030,ST-0030,2026-01-19T08:53:00Z,data,406.8,mb,1.57,2026-01-19T08:53:00Z
usage_events-003781,EV-0003781,SU-00031,ST-0001,2026-01-19T09:00:00Z,sms,125.2,messages,4.40,2026-01-19T09:00:00Z
usage_events-003782,EV-0003782,SU-00032,ST-0002,2026-01-19T09:07:00Z,sms,17.8,messages,1.26,2026-01-19T09:07:00Z
usage_events-003783,EV-0003783,SU-00033,ST-0003,2026-01-19T09:14:00Z,sms,268.3,messages,2.40,2026-01-19T09:14:00Z
usage_events-003784,EV-0003784,SU-00034,ST-0004,2026-01-19T09:21:00Z,voice,329.3,minutes,0.62,2026-01-19T09:21:00Z
usage_events-003785,EV-0003785,SU-00035,ST-0005,2026-01-19T09:28:00Z,voice,338.7,minutes,3.58,2026-01-19T09:28:00Z
usage_events-003786,EV-0003786,SU-00036,ST-0006,2026-01-19T09:35:00Z,voice,489.2,minutes,0.87,2026-01-19T09:35:00Z
usage_events-003787,EV-0003787,SU-00037,ST-0007,2026-01-19T09:42:00Z,sms,189.4,messages,2.38,2026-01-19T09:42:00Z
usage_events-003788,EV-0003788,SU-00038,ST-0008,2026-01-19T09:49:00Z,sms,12.1,messages,3.50,2026-01-19T09:49:00Z
usage_events-003789,EV-0003789,SU-00039,ST-0009,2026-01-19T09:56:00Z,voice,484.5,minutes,4.76,2026-01-19T09:56:00Z
usage_events-003790,EV-0003790,SU-00040,ST-0010,2026-01-19T10:03:00Z,voice,230.9,minutes,3.47,2026-01-19T10:03:00Z
usage_events-003791,EV-0003791,SU-00041,ST-0011,2026-01-19T10:10:00Z,sms,65.7,messages,2.01,2026-01-19T10:10:00Z
usage_events-003792,EV-0003792,SU-00042,ST-0012,2026-01-19T10:17:00Z,sms,448.8,messages,3.71,2026-01-19T10:17:00Z
usage_events-003793,EV-0003793,SU-00043,ST-0013,2026-01-19T10:24:00Z,data,315.2,mb,2.59,2026-01-19T10:24:00Z
usage_events-003794,EV-0003794,SU-00044,ST-0014,2026-01-19T10:31:00Z,data,484.9,mb,3.55,2026-01-19T10:31:00Z
usage_events-003795,EV-0003795,SU-00045,ST-0015,2026-01-19T10:38:00Z,data,66.5,mb,2.98,2026-01-19T10:38:00Z
usage_events-003796,EV-0003796,SU-00046,ST-0016,2026-01-19T10:45:00Z,data,171.0,mb,3.27,2026-01-19T10:45:00Z
usage_events-003797,EV-0003797,SU-00047,ST-0017,2026-01-19T10:52:00Z,data,57.7,mb,4.21,2026-01-19T10:52:00Z
usage_events-003798,EV-0003798,SU-00048,ST-0018,2026-01-19T10:59:00Z,sms,63.3,messages,2.06,2026-01-19T10:59:00Z
usage_events-003799,EV-0003799,SU-00049,ST-0019,2026-01-19T11:06:00Z,sms,97.5,messages,4.88,2026-01-19T11:06:00Z
usage_events-003800,EV-0003800,SU-00050,ST-0020,2026-01-19T11:13:00Z,sms,287.7,messages,2.35,2026-01-19T11:13:00Z
usage_events-003801,EV-0003801,SU-00051,ST-0021,2026-01-19T11:20:00Z,voice,365.1,minutes,2.22,2026-01-19T11:20:00Z
usage_events-003802,EV-0003802,SU-00052,ST-0022,2026-01-19T11:27:00Z,data,92.0,mb,1.27,2026-01-19T11:27:00Z
usage_events-003803,EV-0003803,SU-00053,ST-0023,2026-01-19T11:34:00Z,voice,461.2,minutes,1.46,2026-01-19T11:34:00Z
usage_events-003804,EV-0003804,SU-00054,ST-0024,2026-01-19T11:41:00Z,data,70.1,mb,4.40,2026-01-19T11:41:00Z
usage_events-003805,EV-0003805,SU-00055,ST-0025,2026-01-19T11:48:00Z,voice,461.5,minutes,2.27,2026-01-19T11:48:00Z
usage_events-003806,EV-0003806,SU-00056,ST-0026,2026-01-19T11:55:00Z,data,98.4,mb,4.69,2026-01-19T11:55:00Z
usage_events-003807,EV-0003807,SU-00057,ST-0027,2026-01-19T12:02:00Z,data,325.4,mb,0.68,2026-01-19T12:02:00Z
usage_events-003808,EV-0003808,SU-00058,ST-0028,2026-01-19T12:09:00Z,sms,308.8,messages,4.72,2026-01-19T12:09:00Z
usage_events-003809,EV-0003809,SU-00059,ST-0029,2026-01-19T12:16:00Z,data,408.6,mb,3.00,2026-01-19T12:16:00Z
usage_events-003810,EV-0003810,SU-00060,ST-0030,2026-01-19T12:23:00Z,data,466.3,mb,3.39,2026-01-19T12:23:00Z
usage_events-003811,EV-0003811,SU-00061,ST-0001,2026-01-19T12:30:00Z,data,427.8,mb,4.86,2026-01-19T12:30:00Z
usage_events-003812,EV-0003812,SU-00062,ST-0002,2026-01-19T12:37:00Z,sms,276.7,messages,0.72,2026-01-19T12:37:00Z
usage_events-003813,EV-0003813,SU-00063,ST-0003,2026-01-19T12:44:00Z,data,315.9,mb,1.29,2026-01-19T12:44:00Z
usage_events-003814,EV-0003814,SU-00064,ST-0004,2026-01-19T12:51:00Z,data,366.2,mb,0.51,2026-01-19T12:51:00Z
usage_events-003815,EV-0003815,SU-00065,ST-0005,2026-01-19T12:58:00Z,data,292.2,mb,1.94,2026-01-19T12:58:00Z
usage_events-003816,EV-0003816,SU-00066,ST-0006,2026-01-19T13:05:00Z,sms,36.6,messages,0.34,2026-01-19T13:05:00Z
usage_events-003817,EV-0003817,SU-00067,ST-0007,2026-01-19T13:12:00Z,voice,205.0,minutes,2.47,2026-01-19T13:12:00Z
usage_events-003818,EV-0003818,SU-00068,ST-0008,2026-01-19T13:19:00Z,data,432.4,mb,3.43,2026-01-19T13:19:00Z
usage_events-003819,EV-0003819,SU-00069,ST-0009,2026-01-19T13:26:00Z,data,418.5,mb,0.50,2026-01-19T13:26:00Z
usage_events-003820,EV-0003820,SU-00070,ST-0010,2026-01-19T13:33:00Z,voice,143.7,minutes,2.74,2026-01-19T13:33:00Z
usage_events-003821,EV-0003821,SU-00071,ST-0011,2026-01-19T13:40:00Z,voice,319.3,minutes,0.74,2026-01-19T13:40:00Z
usage_events-003822,EV-0003822,SU-00072,ST-0012,2026-01-19T13:47:00Z,sms,270.5,messages,3.31,2026-01-19T13:47:00Z
usage_events-003823,EV-0003823,SU-00073,ST-0013,2026-01-19T13:54:00Z,data,78.5,mb,1.39,2026-01-19T13:54:00Z
usage_events-003824,EV-0003824,SU-00074,ST-0014,2026-01-19T14:01:00Z,data,134.1,mb,1.69,2026-01-19T14:01:00Z
usage_events-003825,EV-0003825,SU-00075,ST-0015,2026-01-19T14:08:00Z,sms,244.3,messages,3.41,2026-01-19T14:08:00Z
usage_events-003826,EV-0003826,SU-00076,ST-0016,2026-01-19T14:15:00Z,data,380.8,mb,2.76,2026-01-19T14:15:00Z
usage_events-003827,EV-0003827,SU-00077,ST-0017,2026-01-19T14:22:00Z,voice,430.3,minutes,4.98,2026-01-19T14:22:00Z
usage_events-003828,EV-0003828,SU-00078,ST-0018,2026-01-19T14:29:00Z,data,41.3,mb,0.15,2026-01-19T14:29:00Z
usage_events-003829,EV-0003829,SU-00079,ST-0019,2026-01-19T14:36:00Z,data,51.0,mb,1.19,2026-01-19T14:36:00Z
usage_events-003830,EV-0003830,SU-00080,ST-0020,2026-01-19T14:43:00Z,sms,102.1,messages,0.55,2026-01-19T14:43:00Z
usage_events-003831,EV-0003831,SU-00081,ST-0021,2026-01-19T14:50:00Z,voice,205.2,minutes,2.29,2026-01-19T14:50:00Z
usage_events-003832,EV-0003832,SU-00082,ST-0022,2026-01-19T14:57:00Z,voice,116.0,minutes,2.72,2026-01-19T14:57:00Z
usage_events-003833,EV-0003833,SU-00083,ST-0023,2026-01-19T15:04:00Z,voice,204.5,minutes,4.05,2026-01-19T15:04:00Z
usage_events-003834,EV-0003834,SU-00084,ST-0024,2026-01-19T15:11:00Z,sms,124.7,messages,3.87,2026-01-19T15:11:00Z
usage_events-003835,EV-0003835,SU-00085,ST-0025,2026-01-19T15:18:00Z,data,340.9,mb,1.82,2026-01-19T15:18:00Z
usage_events-003836,EV-0003836,SU-00086,ST-0026,2026-01-19T15:25:00Z,voice,396.3,minutes,1.32,2026-01-19T15:25:00Z
usage_events-003837,EV-0003837,SU-00087,ST-0027,2026-01-19T15:32:00Z,sms,464.3,messages,4.11,2026-01-19T15:32:00Z
usage_events-003838,EV-0003838,SU-00088,ST-0028,2026-01-19T15:39:00Z,data,36.4,mb,1.05,2026-01-19T15:39:00Z
usage_events-003839,EV-0003839,SU-00089,ST-0029,2026-01-19T15:46:00Z,data,412.1,mb,1.87,2026-01-19T15:46:00Z
usage_events-003840,EV-0003840,SU-00090,ST-0030,2026-01-19T15:53:00Z,sms,256.6,messages,2.19,2026-01-19T15:53:00Z
usage_events-003841,EV-0003841,SU-00091,ST-0001,2026-01-19T16:00:00Z,voice,87.8,minutes,0.93,2026-01-19T16:00:00Z
usage_events-003842,EV-0003842,SU-00092,ST-0002,2026-01-19T16:07:00Z,data,491.2,mb,4.80,2026-01-19T16:07:00Z
usage_events-003843,EV-0003843,SU-00093,ST-0003,2026-01-19T16:14:00Z,voice,333.5,minutes,3.12,2026-01-19T16:14:00Z
usage_events-003844,EV-0003844,SU-00094,ST-0004,2026-01-19T16:21:00Z,data,263.6,mb,2.52,2026-01-19T16:21:00Z
usage_events-003845,EV-0003845,SU-00095,ST-0005,2026-01-19T16:28:00Z,voice,71.6,minutes,4.53,2026-01-19T16:28:00Z
usage_events-003846,EV-0003846,SU-00096,ST-0006,2026-01-19T16:35:00Z,voice,483.3,minutes,3.60,2026-01-19T16:35:00Z
usage_events-003847,EV-0003847,SU-00097,ST-0007,2026-01-19T16:42:00Z,sms,151.5,messages,1.83,2026-01-19T16:42:00Z
usage_events-003848,EV-0003848,SU-00098,ST-0008,2026-01-19T16:49:00Z,voice,244.2,minutes,2.11,2026-01-19T16:49:00Z
usage_events-003849,EV-0003849,SU-00099,ST-0009,2026-01-19T16:56:00Z,voice,94.8,minutes,3.28,2026-01-19T16:56:00Z
usage_events-003850,EV-0003850,SU-00100,ST-0010,2026-01-19T17:03:00Z,sms,364.5,messages,4.11,2026-01-19T17:03:00Z
usage_events-003851,EV-0003851,SU-00101,ST-0011,2026-01-19T17:10:00Z,sms,76.4,messages,1.07,2026-01-19T17:10:00Z
usage_events-003852,EV-0003852,SU-00102,ST-0012,2026-01-19T17:17:00Z,sms,254.1,messages,3.14,2026-01-19T17:17:00Z
usage_events-003853,EV-0003853,SU-00103,ST-0013,2026-01-19T17:24:00Z,sms,339.4,messages,2.46,2026-01-19T17:24:00Z
usage_events-003854,EV-0003854,SU-00104,ST-0014,2026-01-19T17:31:00Z,voice,411.0,minutes,2.09,2026-01-19T17:31:00Z
usage_events-003855,EV-0003855,SU-00105,ST-0015,2026-01-19T17:38:00Z,voice,317.3,minutes,1.62,2026-01-19T17:38:00Z
usage_events-003856,EV-0003856,SU-00106,ST-0016,2026-01-19T17:45:00Z,data,136.7,mb,0.68,2026-01-19T17:45:00Z
usage_events-003857,EV-0003857,SU-00107,ST-0017,2026-01-19T17:52:00Z,sms,483.5,messages,4.93,2026-01-19T17:52:00Z
usage_events-003858,EV-0003858,SU-00108,ST-0018,2026-01-19T17:59:00Z,voice,66.9,minutes,4.54,2026-01-19T17:59:00Z
usage_events-003859,EV-0003859,SU-00109,ST-0019,2026-01-19T18:06:00Z,sms,362.1,messages,1.52,2026-01-19T18:06:00Z
usage_events-003860,EV-0003860,SU-00110,ST-0020,2026-01-19T18:13:00Z,data,309.8,mb,1.46,2026-01-19T18:13:00Z
usage_events-003861,EV-0003861,SU-00111,ST-0021,2026-01-19T18:20:00Z,data,370.2,mb,4.09,2026-01-19T18:20:00Z
usage_events-003862,EV-0003862,SU-00112,ST-0022,2026-01-19T18:27:00Z,data,86.2,mb,1.37,2026-01-19T18:27:00Z
usage_events-003863,EV-0003863,SU-00113,ST-0023,2026-01-19T18:34:00Z,data,190.2,mb,0.73,2026-01-19T18:34:00Z
usage_events-003864,EV-0003864,SU-00114,ST-0024,2026-01-19T18:41:00Z,data,349.4,mb,3.18,2026-01-19T18:41:00Z
usage_events-003865,EV-0003865,SU-00115,ST-0025,2026-01-19T18:48:00Z,sms,189.7,messages,1.94,2026-01-19T18:48:00Z
usage_events-003866,EV-0003866,SU-00116,ST-0026,2026-01-19T18:55:00Z,data,271.4,mb,1.41,2026-01-19T18:55:00Z
usage_events-003867,EV-0003867,SU-00117,ST-0027,2026-01-19T19:02:00Z,voice,468.7,minutes,1.76,2026-01-19T19:02:00Z
usage_events-003868,EV-0003868,SU-00118,ST-0028,2026-01-19T19:09:00Z,data,443.5,mb,4.47,2026-01-19T19:09:00Z
usage_events-003869,EV-0003869,SU-00119,ST-0029,2026-01-19T19:16:00Z,sms,369.3,messages,4.05,2026-01-19T19:16:00Z
usage_events-003870,EV-0003870,SU-00120,ST-0030,2026-01-19T19:23:00Z,data,490.6,mb,0.81,2026-01-19T19:23:00Z
usage_events-003871,EV-0003871,SU-00121,ST-0001,2026-01-19T19:30:00Z,sms,472.4,messages,1.97,2026-01-19T19:30:00Z
usage_events-003872,EV-0003872,SU-00122,ST-0002,2026-01-19T19:37:00Z,data,400.4,mb,0.71,2026-01-19T19:37:00Z
usage_events-003873,EV-0003873,SU-00123,ST-0003,2026-01-19T19:44:00Z,sms,288.1,messages,2.05,2026-01-19T19:44:00Z
usage_events-003874,EV-0003874,SU-00124,ST-0004,2026-01-19T19:51:00Z,voice,397.7,minutes,2.21,2026-01-19T19:51:00Z
usage_events-003875,EV-0003875,SU-00125,ST-0005,2026-01-19T19:58:00Z,sms,485.3,messages,1.36,2026-01-19T19:58:00Z
usage_events-003876,EV-0003876,SU-00126,ST-0006,2026-01-19T20:05:00Z,sms,233.6,messages,2.74,2026-01-19T20:05:00Z
usage_events-003877,EV-0003877,SU-00127,ST-0007,2026-01-19T20:12:00Z,data,430.2,mb,3.98,2026-01-19T20:12:00Z
usage_events-003878,EV-0003878,SU-00128,ST-0008,2026-01-19T20:19:00Z,data,357.5,mb,3.63,2026-01-19T20:19:00Z
usage_events-003879,EV-0003879,SU-00129,ST-0009,2026-01-19T20:26:00Z,voice,250.0,minutes,3.70,2026-01-19T20:26:00Z
usage_events-003880,EV-0003880,SU-00130,ST-0010,2026-01-19T20:33:00Z,voice,37.9,minutes,1.93,2026-01-19T20:33:00Z
usage_events-003881,EV-0003881,SU-00131,ST-0011,2026-01-19T20:40:00Z,sms,396.1,messages,2.99,2026-01-19T20:40:00Z
usage_events-003882,EV-0003882,SU-00132,ST-0012,2026-01-19T20:47:00Z,sms,248.3,messages,3.78,2026-01-19T20:47:00Z
usage_events-003883,EV-0003883,SU-00133,ST-0013,2026-01-19T20:54:00Z,voice,270.1,minutes,0.37,2026-01-19T20:54:00Z
usage_events-003884,EV-0003884,SU-00134,ST-0014,2026-01-19T21:01:00Z,sms,444.5,messages,4.76,2026-01-19T21:01:00Z
usage_events-003885,EV-0003885,SU-00135,ST-0015,2026-01-19T21:08:00Z,data,18.0,mb,4.64,2026-01-19T21:08:00Z
usage_events-003886,EV-0003886,SU-00136,ST-0016,2026-01-19T21:15:00Z,data,148.2,mb,2.75,2026-01-19T21:15:00Z
usage_events-003887,EV-0003887,SU-00137,ST-0017,2026-01-19T21:22:00Z,voice,322.3,minutes,2.60,2026-01-19T21:22:00Z
usage_events-003888,EV-0003888,SU-00138,ST-0018,2026-01-19T21:29:00Z,voice,242.8,minutes,4.98,2026-01-19T21:29:00Z
usage_events-003889,EV-0003889,SU-00139,ST-0019,2026-01-19T21:36:00Z,data,472.5,mb,4.06,2026-01-19T21:36:00Z
usage_events-003890,EV-0003890,SU-00140,ST-0020,2026-01-19T21:43:00Z,voice,269.4,minutes,0.78,2026-01-19T21:43:00Z
usage_events-003891,EV-0003891,SU-00141,ST-0021,2026-01-19T21:50:00Z,data,368.6,mb,2.44,2026-01-19T21:50:00Z
usage_events-003892,EV-0003892,SU-00142,ST-0022,2026-01-19T21:57:00Z,voice,112.4,minutes,2.53,2026-01-19T21:57:00Z
usage_events-003893,EV-0003893,SU-00143,ST-0023,2026-01-19T22:04:00Z,voice,296.3,minutes,1.87,2026-01-19T22:04:00Z
usage_events-003894,EV-0003894,SU-00144,ST-0024,2026-01-19T22:11:00Z,data,7.3,mb,1.44,2026-01-19T22:11:00Z
usage_events-003895,EV-0003895,SU-00145,ST-0025,2026-01-19T22:18:00Z,sms,332.5,messages,1.76,2026-01-19T22:18:00Z
usage_events-003896,EV-0003896,SU-00146,ST-0026,2026-01-19T22:25:00Z,data,162.0,mb,2.47,2026-01-19T22:25:00Z
usage_events-003897,EV-0003897,SU-00147,ST-0027,2026-01-19T22:32:00Z,voice,471.8,minutes,3.31,2026-01-19T22:32:00Z
usage_events-003898,EV-0003898,SU-00148,ST-0028,2026-01-19T22:39:00Z,data,274.5,mb,3.24,2026-01-19T22:39:00Z
usage_events-003899,EV-0003899,SU-00149,ST-0029,2026-01-19T22:46:00Z,sms,248.8,messages,1.05,2026-01-19T22:46:00Z
usage_events-003900,EV-0003900,SU-00150,ST-0030,2026-01-19T22:53:00Z,data,270.0,mb,3.92,2026-01-19T22:53:00Z
usage_events-003901,EV-0003901,SU-00151,ST-0001,2026-01-19T23:00:00Z,sms,474.3,messages,3.93,2026-01-19T23:00:00Z
usage_events-003902,EV-0003902,SU-00152,ST-0002,2026-01-19T23:07:00Z,sms,22.9,messages,4.43,2026-01-19T23:07:00Z
usage_events-003903,EV-0003903,SU-00153,ST-0003,2026-01-19T23:14:00Z,data,35.7,mb,1.10,2026-01-19T23:14:00Z
usage_events-003904,EV-0003904,SU-00154,ST-0004,2026-01-19T23:21:00Z,voice,299.6,minutes,0.34,2026-01-19T23:21:00Z
usage_events-003905,EV-0003905,SU-00155,ST-0005,2026-01-19T23:28:00Z,voice,251.6,minutes,4.61,2026-01-19T23:28:00Z
usage_events-003906,EV-0003906,SU-00156,ST-0006,2026-01-19T23:35:00Z,data,407.9,mb,3.55,2026-01-19T23:35:00Z
usage_events-003907,EV-0003907,SU-00157,ST-0007,2026-01-19T23:42:00Z,sms,197.3,messages,4.13,2026-01-19T23:42:00Z
usage_events-003908,EV-0003908,SU-00158,ST-0008,2026-01-19T23:49:00Z,voice,453.7,minutes,1.41,2026-01-19T23:49:00Z
usage_events-003909,EV-0003909,SU-00159,ST-0009,2026-01-19T23:56:00Z,sms,196.4,messages,1.27,2026-01-19T23:56:00Z
usage_events-003910,EV-0003910,SU-00160,ST-0010,2026-01-20T00:03:00Z,sms,246.9,messages,4.11,2026-01-20T00:03:00Z
usage_events-003911,EV-0003911,SU-00161,ST-0011,2026-01-20T00:10:00Z,sms,21.6,messages,4.88,2026-01-20T00:10:00Z
usage_events-003912,EV-0003912,SU-00162,ST-0012,2026-01-20T00:17:00Z,data,8.1,mb,4.53,2026-01-20T00:17:00Z
usage_events-003913,EV-0003913,SU-00163,ST-0013,2026-01-20T00:24:00Z,data,454.4,mb,0.69,2026-01-20T00:24:00Z
usage_events-003914,EV-0003914,SU-00164,ST-0014,2026-01-20T00:31:00Z,sms,311.0,messages,0.75,2026-01-20T00:31:00Z
usage_events-003915,EV-0003915,SU-00165,ST-0015,2026-01-20T00:38:00Z,sms,136.9,messages,4.76,2026-01-20T00:38:00Z
usage_events-003916,EV-0003916,SU-00166,ST-0016,2026-01-20T00:45:00Z,voice,128.4,minutes,4.14,2026-01-20T00:45:00Z
usage_events-003917,EV-0003917,SU-00167,ST-0017,2026-01-20T00:52:00Z,voice,265.7,minutes,3.90,2026-01-20T00:52:00Z
usage_events-003918,EV-0003918,SU-00168,ST-0018,2026-01-20T00:59:00Z,voice,473.2,minutes,3.84,2026-01-20T00:59:00Z
usage_events-003919,EV-0003919,SU-00169,ST-0019,2026-01-20T01:06:00Z,data,32.9,mb,0.95,2026-01-20T01:06:00Z
usage_events-003920,EV-0003920,SU-00170,ST-0020,2026-01-20T01:13:00Z,data,157.6,mb,4.33,2026-01-20T01:13:00Z
usage_events-003921,EV-0003921,SU-00171,ST-0021,2026-01-20T01:20:00Z,voice,458.6,minutes,4.43,2026-01-20T01:20:00Z
usage_events-003922,EV-0003922,SU-00172,ST-0022,2026-01-20T01:27:00Z,sms,402.8,messages,4.86,2026-01-20T01:27:00Z
usage_events-003923,EV-0003923,SU-00173,ST-0023,2026-01-20T01:34:00Z,sms,242.9,messages,2.96,2026-01-20T01:34:00Z
usage_events-003924,EV-0003924,SU-00174,ST-0024,2026-01-20T01:41:00Z,data,408.6,mb,0.98,2026-01-20T01:41:00Z
usage_events-003925,EV-0003925,SU-00175,ST-0025,2026-01-20T01:48:00Z,voice,186.0,minutes,3.08,2026-01-20T01:48:00Z
usage_events-003926,EV-0003926,SU-00176,ST-0026,2026-01-20T01:55:00Z,data,96.5,mb,1.71,2026-01-20T01:55:00Z
usage_events-003927,EV-0003927,SU-00177,ST-0027,2026-01-20T02:02:00Z,data,329.1,mb,3.40,2026-01-20T02:02:00Z
usage_events-003928,EV-0003928,SU-00178,ST-0028,2026-01-20T02:09:00Z,voice,107.6,minutes,1.69,2026-01-20T02:09:00Z
usage_events-003929,EV-0003929,SU-00179,ST-0029,2026-01-20T02:16:00Z,voice,200.8,minutes,3.72,2026-01-20T02:16:00Z
usage_events-003930,EV-0003930,SU-00180,ST-0030,2026-01-20T02:23:00Z,voice,350.3,minutes,4.25,2026-01-20T02:23:00Z
usage_events-003931,EV-0003931,SU-00181,ST-0001,2026-01-20T02:30:00Z,sms,384.8,messages,3.24,2026-01-20T02:30:00Z
usage_events-003932,EV-0003932,SU-00182,ST-0002,2026-01-20T02:37:00Z,data,128.7,mb,3.62,2026-01-20T02:37:00Z
usage_events-003933,EV-0003933,SU-00183,ST-0003,2026-01-20T02:44:00Z,data,357.4,mb,0.01,2026-01-20T02:44:00Z
usage_events-003934,EV-0003934,SU-00184,ST-0004,2026-01-20T02:51:00Z,voice,136.7,minutes,3.22,2026-01-20T02:51:00Z
usage_events-003935,EV-0003935,SU-00185,ST-0005,2026-01-20T02:58:00Z,voice,408.0,minutes,0.26,2026-01-20T02:58:00Z
usage_events-003936,EV-0003936,SU-00186,ST-0006,2026-01-20T03:05:00Z,data,250.3,mb,3.30,2026-01-20T03:05:00Z
usage_events-003937,EV-0003937,SU-00187,ST-0007,2026-01-20T03:12:00Z,voice,445.5,minutes,3.53,2026-01-20T03:12:00Z
usage_events-003938,EV-0003938,SU-00188,ST-0008,2026-01-20T03:19:00Z,sms,145.5,messages,4.41,2026-01-20T03:19:00Z
usage_events-003939,EV-0003939,SU-00189,ST-0009,2026-01-20T03:26:00Z,sms,10.6,messages,0.37,2026-01-20T03:26:00Z
usage_events-003940,EV-0003940,SU-00190,ST-0010,2026-01-20T03:33:00Z,sms,420.0,messages,2.69,2026-01-20T03:33:00Z
usage_events-003941,EV-0003941,SU-00191,ST-0011,2026-01-20T03:40:00Z,data,178.2,mb,0.89,2026-01-20T03:40:00Z
usage_events-003942,EV-0003942,SU-00192,ST-0012,2026-01-20T03:47:00Z,data,245.8,mb,0.84,2026-01-20T03:47:00Z
usage_events-003943,EV-0003943,SU-00193,ST-0013,2026-01-20T03:54:00Z,data,460.3,mb,0.12,2026-01-20T03:54:00Z
usage_events-003944,EV-0003944,SU-00194,ST-0014,2026-01-20T04:01:00Z,sms,42.1,messages,3.49,2026-01-20T04:01:00Z
usage_events-003945,EV-0003945,SU-00195,ST-0015,2026-01-20T04:08:00Z,data,189.7,mb,4.02,2026-01-20T04:08:00Z
usage_events-003946,EV-0003946,SU-00196,ST-0016,2026-01-20T04:15:00Z,data,209.3,mb,0.51,2026-01-20T04:15:00Z
usage_events-003947,EV-0003947,SU-00197,ST-0017,2026-01-20T04:22:00Z,voice,333.1,minutes,3.35,2026-01-20T04:22:00Z
usage_events-003948,EV-0003948,SU-00198,ST-0018,2026-01-20T04:29:00Z,sms,211.5,messages,2.79,2026-01-20T04:29:00Z
usage_events-003949,EV-0003949,SU-00199,ST-0019,2026-01-20T04:36:00Z,voice,225.5,minutes,3.61,2026-01-20T04:36:00Z
usage_events-003950,EV-0003950,SU-00200,ST-0020,2026-01-20T04:43:00Z,data,145.1,mb,0.24,2026-01-20T04:43:00Z
usage_events-003951,EV-0003951,SU-00201,ST-0021,2026-01-20T04:50:00Z,sms,219.1,messages,4.39,2026-01-20T04:50:00Z
usage_events-003952,EV-0003952,SU-00202,ST-0022,2026-01-20T04:57:00Z,data,7.6,mb,0.64,2026-01-20T04:57:00Z
usage_events-003953,EV-0003953,SU-00203,ST-0023,2026-01-20T05:04:00Z,data,7.6,mb,2.54,2026-01-20T05:04:00Z
usage_events-003954,EV-0003954,SU-00204,ST-0024,2026-01-20T05:11:00Z,data,182.6,mb,2.69,2026-01-20T05:11:00Z
usage_events-003955,EV-0003955,SU-00205,ST-0025,2026-01-20T05:18:00Z,voice,264.0,minutes,3.11,2026-01-20T05:18:00Z
usage_events-003956,EV-0003956,SU-00206,ST-0026,2026-01-20T05:25:00Z,voice,121.9,minutes,1.08,2026-01-20T05:25:00Z
usage_events-003957,EV-0003957,SU-00207,ST-0027,2026-01-20T05:32:00Z,data,74.8,mb,4.07,2026-01-20T05:32:00Z
usage_events-003958,EV-0003958,SU-00208,ST-0028,2026-01-20T05:39:00Z,data,242.1,mb,1.30,2026-01-20T05:39:00Z
usage_events-003959,EV-0003959,SU-00209,ST-0029,2026-01-20T05:46:00Z,sms,477.4,messages,0.93,2026-01-20T05:46:00Z
usage_events-003960,EV-0003960,SU-00210,ST-0030,2026-01-20T05:53:00Z,sms,414.7,messages,2.59,2026-01-20T05:53:00Z
usage_events-003961,EV-0003961,SU-00211,ST-0001,2026-01-20T06:00:00Z,sms,23.5,messages,0.63,2026-01-20T06:00:00Z
usage_events-003962,EV-0003962,SU-00212,ST-0002,2026-01-20T06:07:00Z,voice,435.2,minutes,4.84,2026-01-20T06:07:00Z
usage_events-003963,EV-0003963,SU-00213,ST-0003,2026-01-20T06:14:00Z,sms,359.8,messages,4.81,2026-01-20T06:14:00Z
usage_events-003964,EV-0003964,SU-00214,ST-0004,2026-01-20T06:21:00Z,voice,60.4,minutes,4.12,2026-01-20T06:21:00Z
usage_events-003965,EV-0003965,SU-00215,ST-0005,2026-01-20T06:28:00Z,sms,337.1,messages,1.52,2026-01-20T06:28:00Z
usage_events-003966,EV-0003966,SU-00216,ST-0006,2026-01-20T06:35:00Z,voice,285.3,minutes,0.35,2026-01-20T06:35:00Z
usage_events-003967,EV-0003967,SU-00217,ST-0007,2026-01-20T06:42:00Z,voice,139.0,minutes,4.18,2026-01-20T06:42:00Z
usage_events-003968,EV-0003968,SU-00218,ST-0008,2026-01-20T06:49:00Z,voice,16.3,minutes,1.39,2026-01-20T06:49:00Z
usage_events-003969,EV-0003969,SU-00219,ST-0009,2026-01-20T06:56:00Z,data,144.2,mb,4.74,2026-01-20T06:56:00Z
usage_events-003970,EV-0003970,SU-00220,ST-0010,2026-01-20T07:03:00Z,sms,414.3,messages,4.16,2026-01-20T07:03:00Z
usage_events-003971,EV-0003971,SU-00221,ST-0011,2026-01-20T07:10:00Z,voice,286.8,minutes,4.27,2026-01-20T07:10:00Z
usage_events-003972,EV-0003972,SU-00222,ST-0012,2026-01-20T07:17:00Z,data,409.1,mb,0.56,2026-01-20T07:17:00Z
usage_events-003973,EV-0003973,SU-00223,ST-0013,2026-01-20T07:24:00Z,sms,394.0,messages,3.53,2026-01-20T07:24:00Z
usage_events-003974,EV-0003974,SU-00224,ST-0014,2026-01-20T07:31:00Z,sms,476.8,messages,2.08,2026-01-20T07:31:00Z
usage_events-003975,EV-0003975,SU-00225,ST-0015,2026-01-20T07:38:00Z,voice,38.3,minutes,0.20,2026-01-20T07:38:00Z
usage_events-003976,EV-0003976,SU-00226,ST-0016,2026-01-20T07:45:00Z,data,342.6,mb,2.34,2026-01-20T07:45:00Z
usage_events-003977,EV-0003977,SU-00227,ST-0017,2026-01-20T07:52:00Z,data,262.1,mb,3.89,2026-01-20T07:52:00Z
usage_events-003978,EV-0003978,SU-00228,ST-0018,2026-01-20T07:59:00Z,sms,403.2,messages,2.32,2026-01-20T07:59:00Z
usage_events-003979,EV-0003979,SU-00229,ST-0019,2026-01-20T08:06:00Z,data,7.2,mb,2.95,2026-01-20T08:06:00Z
usage_events-003980,EV-0003980,SU-00230,ST-0020,2026-01-20T08:13:00Z,voice,476.6,minutes,4.38,2026-01-20T08:13:00Z
usage_events-003981,EV-0003981,SU-00231,ST-0021,2026-01-20T08:20:00Z,voice,139.1,minutes,3.50,2026-01-20T08:20:00Z
usage_events-003982,EV-0003982,SU-00232,ST-0022,2026-01-20T08:27:00Z,voice,399.5,minutes,3.55,2026-01-20T08:27:00Z
usage_events-003983,EV-0003983,SU-00233,ST-0023,2026-01-20T08:34:00Z,sms,296.4,messages,0.19,2026-01-20T08:34:00Z
usage_events-003984,EV-0003984,SU-00234,ST-0024,2026-01-20T08:41:00Z,sms,284.7,messages,0.82,2026-01-20T08:41:00Z
usage_events-003985,EV-0003985,SU-00235,ST-0025,2026-01-20T08:48:00Z,data,305.6,mb,4.13,2026-01-20T08:48:00Z
usage_events-003986,EV-0003986,SU-00236,ST-0026,2026-01-20T08:55:00Z,voice,29.8,minutes,2.33,2026-01-20T08:55:00Z
usage_events-003987,EV-0003987,SU-00237,ST-0027,2026-01-20T09:02:00Z,voice,259.0,minutes,0.39,2026-01-20T09:02:00Z
usage_events-003988,EV-0003988,SU-00238,ST-0028,2026-01-20T09:09:00Z,voice,490.8,minutes,1.00,2026-01-20T09:09:00Z
usage_events-003989,EV-0003989,SU-00239,ST-0029,2026-01-20T09:16:00Z,voice,375.5,minutes,3.99,2026-01-20T09:16:00Z
usage_events-003990,EV-0003990,SU-00240,ST-0030,2026-01-20T09:23:00Z,sms,429.2,messages,3.32,2026-01-20T09:23:00Z
usage_events-003991,EV-0003991,SU-00241,ST-0001,2026-01-20T09:30:00Z,voice,50.9,minutes,4.87,2026-01-20T09:30:00Z
usage_events-003992,EV-0003992,SU-00242,ST-0002,2026-01-20T09:37:00Z,data,240.8,mb,4.57,2026-01-20T09:37:00Z
usage_events-003993,EV-0003993,SU-00243,ST-0003,2026-01-20T09:44:00Z,data,378.9,mb,1.30,2026-01-20T09:44:00Z
usage_events-003994,EV-0003994,SU-00244,ST-0004,2026-01-20T09:51:00Z,data,58.5,mb,1.69,2026-01-20T09:51:00Z
usage_events-003995,EV-0003995,SU-00245,ST-0005,2026-01-20T09:58:00Z,data,53.5,mb,3.89,2026-01-20T09:58:00Z
usage_events-003996,EV-0003996,SU-00246,ST-0006,2026-01-20T10:05:00Z,data,211.8,mb,2.61,2026-01-20T10:05:00Z
usage_events-003997,EV-0003997,SU-00247,ST-0007,2026-01-20T10:12:00Z,voice,329.6,minutes,4.27,2026-01-20T10:12:00Z
usage_events-003998,EV-0003998,SU-00248,ST-0008,2026-01-20T10:19:00Z,voice,137.0,minutes,4.52,2026-01-20T10:19:00Z
usage_events-003999,EV-0003999,SU-00249,ST-0009,2026-01-20T10:26:00Z,voice,230.8,minutes,2.71,2026-01-20T10:26:00Z
usage_events-004000,EV-0004000,SU-00250,ST-0010,2026-01-20T10:33:00Z,sms,444.4,messages,1.19,2026-01-20T10:33:00Z
usage_events-004001,EV-0004001,SU-00001,ST-0011,2026-01-20T10:40:00Z,data,158.0,mb,3.22,2026-01-20T10:40:00Z
usage_events-004002,EV-0004002,SU-00002,ST-0012,2026-01-20T10:47:00Z,sms,195.2,messages,1.28,2026-01-20T10:47:00Z
usage_events-004003,EV-0004003,SU-00003,ST-0013,2026-01-20T10:54:00Z,voice,269.2,minutes,3.16,2026-01-20T10:54:00Z
usage_events-004004,EV-0004004,SU-00004,ST-0014,2026-01-20T11:01:00Z,voice,309.6,minutes,1.32,2026-01-20T11:01:00Z
usage_events-004005,EV-0004005,SU-00005,ST-0015,2026-01-20T11:08:00Z,sms,484.8,messages,0.54,2026-01-20T11:08:00Z
usage_events-004006,EV-0004006,SU-00006,ST-0016,2026-01-20T11:15:00Z,sms,489.1,messages,0.20,2026-01-20T11:15:00Z
usage_events-004007,EV-0004007,SU-00007,ST-0017,2026-01-20T11:22:00Z,data,284.1,mb,2.23,2026-01-20T11:22:00Z
usage_events-004008,EV-0004008,SU-00008,ST-0018,2026-01-20T11:29:00Z,sms,3.0,messages,2.72,2026-01-20T11:29:00Z
usage_events-004009,EV-0004009,SU-00009,ST-0019,2026-01-20T11:36:00Z,voice,174.7,minutes,4.94,2026-01-20T11:36:00Z
usage_events-004010,EV-0004010,SU-00010,ST-0020,2026-01-20T11:43:00Z,sms,496.5,messages,3.15,2026-01-20T11:43:00Z
usage_events-004011,EV-0004011,SU-00011,ST-0021,2026-01-20T11:50:00Z,sms,5.3,messages,3.35,2026-01-20T11:50:00Z
usage_events-004012,EV-0004012,SU-00012,ST-0022,2026-01-20T11:57:00Z,data,371.6,mb,3.27,2026-01-20T11:57:00Z
usage_events-004013,EV-0004013,SU-00013,ST-0023,2026-01-20T12:04:00Z,data,484.0,mb,2.35,2026-01-20T12:04:00Z
usage_events-004014,EV-0004014,SU-00014,ST-0024,2026-01-20T12:11:00Z,sms,74.4,messages,1.71,2026-01-20T12:11:00Z
usage_events-004015,EV-0004015,SU-00015,ST-0025,2026-01-20T12:18:00Z,voice,69.2,minutes,3.71,2026-01-20T12:18:00Z
usage_events-004016,EV-0004016,SU-00016,ST-0026,2026-01-20T12:25:00Z,data,260.5,mb,3.37,2026-01-20T12:25:00Z
usage_events-004017,EV-0004017,SU-00017,ST-0027,2026-01-20T12:32:00Z,sms,149.1,messages,4.70,2026-01-20T12:32:00Z
usage_events-004018,EV-0004018,SU-00018,ST-0028,2026-01-20T12:39:00Z,data,219.5,mb,2.06,2026-01-20T12:39:00Z
usage_events-004019,EV-0004019,SU-00019,ST-0029,2026-01-20T12:46:00Z,data,49.4,mb,4.54,2026-01-20T12:46:00Z
usage_events-004020,EV-0004020,SU-00020,ST-0030,2026-01-20T12:53:00Z,data,143.0,mb,0.27,2026-01-20T12:53:00Z
usage_events-004021,EV-0004021,SU-00021,ST-0001,2026-01-20T13:00:00Z,sms,36.8,messages,2.64,2026-01-20T13:00:00Z
usage_events-004022,EV-0004022,SU-00022,ST-0002,2026-01-20T13:07:00Z,voice,44.4,minutes,2.06,2026-01-20T13:07:00Z
usage_events-004023,EV-0004023,SU-00023,ST-0003,2026-01-20T13:14:00Z,sms,484.9,messages,1.34,2026-01-20T13:14:00Z
usage_events-004024,EV-0004024,SU-00024,ST-0004,2026-01-20T13:21:00Z,data,396.7,mb,2.60,2026-01-20T13:21:00Z
usage_events-004025,EV-0004025,SU-00025,ST-0005,2026-01-20T13:28:00Z,data,132.8,mb,4.11,2026-01-20T13:28:00Z
usage_events-004026,EV-0004026,SU-00026,ST-0006,2026-01-20T13:35:00Z,sms,285.2,messages,4.48,2026-01-20T13:35:00Z
usage_events-004027,EV-0004027,SU-00027,ST-0007,2026-01-20T13:42:00Z,voice,33.6,minutes,4.37,2026-01-20T13:42:00Z
usage_events-004028,EV-0004028,SU-00028,ST-0008,2026-01-20T13:49:00Z,voice,423.3,minutes,1.94,2026-01-20T13:49:00Z
usage_events-004029,EV-0004029,SU-00029,ST-0009,2026-01-20T13:56:00Z,voice,276.1,minutes,0.91,2026-01-20T13:56:00Z
usage_events-004030,EV-0004030,SU-00030,ST-0010,2026-01-20T14:03:00Z,voice,244.9,minutes,4.43,2026-01-20T14:03:00Z
usage_events-004031,EV-0004031,SU-00031,ST-0011,2026-01-20T14:10:00Z,data,229.6,mb,2.69,2026-01-20T14:10:00Z
usage_events-004032,EV-0004032,SU-00032,ST-0012,2026-01-20T14:17:00Z,data,197.7,mb,2.46,2026-01-20T14:17:00Z
usage_events-004033,EV-0004033,SU-00033,ST-0013,2026-01-20T14:24:00Z,data,419.6,mb,2.16,2026-01-20T14:24:00Z
usage_events-004034,EV-0004034,SU-00034,ST-0014,2026-01-20T14:31:00Z,data,191.7,mb,0.57,2026-01-20T14:31:00Z
usage_events-004035,EV-0004035,SU-00035,ST-0015,2026-01-20T14:38:00Z,sms,278.2,messages,2.88,2026-01-20T14:38:00Z
usage_events-004036,EV-0004036,SU-00036,ST-0016,2026-01-20T14:45:00Z,sms,76.1,messages,3.16,2026-01-20T14:45:00Z
usage_events-004037,EV-0004037,SU-00037,ST-0017,2026-01-20T14:52:00Z,voice,143.3,minutes,4.29,2026-01-20T14:52:00Z
usage_events-004038,EV-0004038,SU-00038,ST-0018,2026-01-20T14:59:00Z,sms,333.3,messages,3.96,2026-01-20T14:59:00Z
usage_events-004039,EV-0004039,SU-00039,ST-0019,2026-01-20T15:06:00Z,voice,462.6,minutes,2.97,2026-01-20T15:06:00Z
usage_events-004040,EV-0004040,SU-00040,ST-0020,2026-01-20T15:13:00Z,voice,339.2,minutes,2.15,2026-01-20T15:13:00Z
usage_events-004041,EV-0004041,SU-00041,ST-0021,2026-01-20T15:20:00Z,sms,477.2,messages,1.38,2026-01-20T15:20:00Z
usage_events-004042,EV-0004042,SU-00042,ST-0022,2026-01-20T15:27:00Z,voice,152.3,minutes,0.08,2026-01-20T15:27:00Z
usage_events-004043,EV-0004043,SU-00043,ST-0023,2026-01-20T15:34:00Z,data,51.4,mb,2.85,2026-01-20T15:34:00Z
usage_events-004044,EV-0004044,SU-00044,ST-0024,2026-01-20T15:41:00Z,voice,13.6,minutes,1.04,2026-01-20T15:41:00Z
usage_events-004045,EV-0004045,SU-00045,ST-0025,2026-01-20T15:48:00Z,data,140.9,mb,1.20,2026-01-20T15:48:00Z
usage_events-004046,EV-0004046,SU-00046,ST-0026,2026-01-20T15:55:00Z,voice,381.3,minutes,0.56,2026-01-20T15:55:00Z
usage_events-004047,EV-0004047,SU-00047,ST-0027,2026-01-20T16:02:00Z,data,63.5,mb,2.13,2026-01-20T16:02:00Z
usage_events-004048,EV-0004048,SU-00048,ST-0028,2026-01-20T16:09:00Z,sms,438.5,messages,4.50,2026-01-20T16:09:00Z
usage_events-004049,EV-0004049,SU-00049,ST-0029,2026-01-20T16:16:00Z,voice,167.1,minutes,4.07,2026-01-20T16:16:00Z
usage_events-004050,EV-0004050,SU-00050,ST-0030,2026-01-20T16:23:00Z,data,382.4,mb,3.99,2026-01-20T16:23:00Z
usage_events-004051,EV-0004051,SU-00051,ST-0001,2026-01-20T16:30:00Z,sms,374.1,messages,1.16,2026-01-20T16:30:00Z
usage_events-004052,EV-0004052,SU-00052,ST-0002,2026-01-20T16:37:00Z,sms,30.4,messages,2.00,2026-01-20T16:37:00Z
usage_events-004053,EV-0004053,SU-00053,ST-0003,2026-01-20T16:44:00Z,voice,87.4,minutes,3.25,2026-01-20T16:44:00Z
usage_events-004054,EV-0004054,SU-00054,ST-0004,2026-01-20T16:51:00Z,data,45.2,mb,1.88,2026-01-20T16:51:00Z
usage_events-004055,EV-0004055,SU-00055,ST-0005,2026-01-20T16:58:00Z,sms,19.6,messages,1.49,2026-01-20T16:58:00Z
usage_events-004056,EV-0004056,SU-00056,ST-0006,2026-01-20T17:05:00Z,sms,146.7,messages,0.38,2026-01-20T17:05:00Z
usage_events-004057,EV-0004057,SU-00057,ST-0007,2026-01-20T17:12:00Z,data,388.9,mb,4.54,2026-01-20T17:12:00Z
usage_events-004058,EV-0004058,SU-00058,ST-0008,2026-01-20T17:19:00Z,data,237.6,mb,0.73,2026-01-20T17:19:00Z
usage_events-004059,EV-0004059,SU-00059,ST-0009,2026-01-20T17:26:00Z,data,56.5,mb,3.82,2026-01-20T17:26:00Z
usage_events-004060,EV-0004060,SU-00060,ST-0010,2026-01-20T17:33:00Z,sms,203.9,messages,3.96,2026-01-20T17:33:00Z
usage_events-004061,EV-0004061,SU-00061,ST-0011,2026-01-20T17:40:00Z,data,416.5,mb,4.66,2026-01-20T17:40:00Z
usage_events-004062,EV-0004062,SU-00062,ST-0012,2026-01-20T17:47:00Z,sms,270.6,messages,1.59,2026-01-20T17:47:00Z
usage_events-004063,EV-0004063,SU-00063,ST-0013,2026-01-20T17:54:00Z,voice,213.4,minutes,0.22,2026-01-20T17:54:00Z
usage_events-004064,EV-0004064,SU-00064,ST-0014,2026-01-20T18:01:00Z,voice,266.3,minutes,2.34,2026-01-20T18:01:00Z
usage_events-004065,EV-0004065,SU-00065,ST-0015,2026-01-20T18:08:00Z,data,363.5,mb,2.59,2026-01-20T18:08:00Z
usage_events-004066,EV-0004066,SU-00066,ST-0016,2026-01-20T18:15:00Z,voice,407.5,minutes,2.42,2026-01-20T18:15:00Z
usage_events-004067,EV-0004067,SU-00067,ST-0017,2026-01-20T18:22:00Z,sms,417.5,messages,4.13,2026-01-20T18:22:00Z
usage_events-004068,EV-0004068,SU-00068,ST-0018,2026-01-20T18:29:00Z,data,95.1,mb,0.82,2026-01-20T18:29:00Z
usage_events-004069,EV-0004069,SU-00069,ST-0019,2026-01-20T18:36:00Z,sms,235.6,messages,3.25,2026-01-20T18:36:00Z
usage_events-004070,EV-0004070,SU-00070,ST-0020,2026-01-20T18:43:00Z,sms,399.1,messages,4.14,2026-01-20T18:43:00Z
usage_events-004071,EV-0004071,SU-00071,ST-0021,2026-01-20T18:50:00Z,data,32.3,mb,3.54,2026-01-20T18:50:00Z
usage_events-004072,EV-0004072,SU-00072,ST-0022,2026-01-20T18:57:00Z,sms,301.7,messages,4.73,2026-01-20T18:57:00Z
usage_events-004073,EV-0004073,SU-00073,ST-0023,2026-01-20T19:04:00Z,voice,279.7,minutes,3.36,2026-01-20T19:04:00Z
usage_events-004074,EV-0004074,SU-00074,ST-0024,2026-01-20T19:11:00Z,voice,84.8,minutes,1.85,2026-01-20T19:11:00Z
usage_events-004075,EV-0004075,SU-00075,ST-0025,2026-01-20T19:18:00Z,data,379.9,mb,0.56,2026-01-20T19:18:00Z
usage_events-004076,EV-0004076,SU-00076,ST-0026,2026-01-20T19:25:00Z,voice,146.9,minutes,3.03,2026-01-20T19:25:00Z
usage_events-004077,EV-0004077,SU-00077,ST-0027,2026-01-20T19:32:00Z,sms,393.3,messages,1.46,2026-01-20T19:32:00Z
usage_events-004078,EV-0004078,SU-00078,ST-0028,2026-01-20T19:39:00Z,data,11.7,mb,4.22,2026-01-20T19:39:00Z
usage_events-004079,EV-0004079,SU-00079,ST-0029,2026-01-20T19:46:00Z,data,154.0,mb,0.02,2026-01-20T19:46:00Z
usage_events-004080,EV-0004080,SU-00080,ST-0030,2026-01-20T19:53:00Z,sms,40.0,messages,1.61,2026-01-20T19:53:00Z
usage_events-004081,EV-0004081,SU-00081,ST-0001,2026-01-20T20:00:00Z,data,409.8,mb,0.16,2026-01-20T20:00:00Z
usage_events-004082,EV-0004082,SU-00082,ST-0002,2026-01-20T20:07:00Z,voice,359.4,minutes,1.07,2026-01-20T20:07:00Z
usage_events-004083,EV-0004083,SU-00083,ST-0003,2026-01-20T20:14:00Z,voice,441.6,minutes,3.31,2026-01-20T20:14:00Z
usage_events-004084,EV-0004084,SU-00084,ST-0004,2026-01-20T20:21:00Z,data,206.6,mb,0.35,2026-01-20T20:21:00Z
usage_events-004085,EV-0004085,SU-00085,ST-0005,2026-01-20T20:28:00Z,data,460.5,mb,3.11,2026-01-20T20:28:00Z
usage_events-004086,EV-0004086,SU-00086,ST-0006,2026-01-20T20:35:00Z,data,163.4,mb,3.78,2026-01-20T20:35:00Z
usage_events-004087,EV-0004087,SU-00087,ST-0007,2026-01-20T20:42:00Z,sms,217.3,messages,2.00,2026-01-20T20:42:00Z
usage_events-004088,EV-0004088,SU-00088,ST-0008,2026-01-20T20:49:00Z,voice,387.8,minutes,3.97,2026-01-20T20:49:00Z
usage_events-004089,EV-0004089,SU-00089,ST-0009,2026-01-20T20:56:00Z,voice,443.5,minutes,2.21,2026-01-20T20:56:00Z
usage_events-004090,EV-0004090,SU-00090,ST-0010,2026-01-20T21:03:00Z,voice,154.1,minutes,4.83,2026-01-20T21:03:00Z
usage_events-004091,EV-0004091,SU-00091,ST-0011,2026-01-20T21:10:00Z,voice,145.7,minutes,3.17,2026-01-20T21:10:00Z
usage_events-004092,EV-0004092,SU-00092,ST-0012,2026-01-20T21:17:00Z,voice,358.4,minutes,0.92,2026-01-20T21:17:00Z
usage_events-004093,EV-0004093,SU-00093,ST-0013,2026-01-20T21:24:00Z,sms,25.3,messages,4.70,2026-01-20T21:24:00Z
usage_events-004094,EV-0004094,SU-00094,ST-0014,2026-01-20T21:31:00Z,sms,162.6,messages,4.01,2026-01-20T21:31:00Z
usage_events-004095,EV-0004095,SU-00095,ST-0015,2026-01-20T21:38:00Z,voice,307.2,minutes,3.84,2026-01-20T21:38:00Z
usage_events-004096,EV-0004096,SU-00096,ST-0016,2026-01-20T21:45:00Z,voice,39.0,minutes,2.69,2026-01-20T21:45:00Z
usage_events-004097,EV-0004097,SU-00097,ST-0017,2026-01-20T21:52:00Z,data,160.4,mb,3.91,2026-01-20T21:52:00Z
usage_events-004098,EV-0004098,SU-00098,ST-0018,2026-01-20T21:59:00Z,data,162.5,mb,4.02,2026-01-20T21:59:00Z
usage_events-004099,EV-0004099,SU-00099,ST-0019,2026-01-20T22:06:00Z,voice,343.9,minutes,3.09,2026-01-20T22:06:00Z
usage_events-004100,EV-0004100,SU-00100,ST-0020,2026-01-20T22:13:00Z,voice,28.6,minutes,3.18,2026-01-20T22:13:00Z
usage_events-004101,EV-0004101,SU-00101,ST-0021,2026-01-20T22:20:00Z,sms,113.1,messages,2.42,2026-01-20T22:20:00Z
usage_events-004102,EV-0004102,SU-00102,ST-0022,2026-01-20T22:27:00Z,data,478.4,mb,3.67,2026-01-20T22:27:00Z
usage_events-004103,EV-0004103,SU-00103,ST-0023,2026-01-20T22:34:00Z,voice,343.5,minutes,1.56,2026-01-20T22:34:00Z
usage_events-004104,EV-0004104,SU-00104,ST-0024,2026-01-20T22:41:00Z,voice,129.9,minutes,0.63,2026-01-20T22:41:00Z
usage_events-004105,EV-0004105,SU-00105,ST-0025,2026-01-20T22:48:00Z,sms,30.2,messages,2.71,2026-01-20T22:48:00Z
usage_events-004106,EV-0004106,SU-00106,ST-0026,2026-01-20T22:55:00Z,data,188.7,mb,2.40,2026-01-20T22:55:00Z
usage_events-004107,EV-0004107,SU-00107,ST-0027,2026-01-20T23:02:00Z,data,449.2,mb,4.12,2026-01-20T23:02:00Z
usage_events-004108,EV-0004108,SU-00108,ST-0028,2026-01-20T23:09:00Z,voice,152.2,minutes,2.98,2026-01-20T23:09:00Z
usage_events-004109,EV-0004109,SU-00109,ST-0029,2026-01-20T23:16:00Z,data,19.5,mb,1.27,2026-01-20T23:16:00Z
usage_events-004110,EV-0004110,SU-00110,ST-0030,2026-01-20T23:23:00Z,voice,12.1,minutes,4.71,2026-01-20T23:23:00Z
usage_events-004111,EV-0004111,SU-00111,ST-0001,2026-01-20T23:30:00Z,sms,92.4,messages,3.97,2026-01-20T23:30:00Z
usage_events-004112,EV-0004112,SU-00112,ST-0002,2026-01-20T23:37:00Z,sms,479.5,messages,0.98,2026-01-20T23:37:00Z
usage_events-004113,EV-0004113,SU-00113,ST-0003,2026-01-20T23:44:00Z,data,429.6,mb,1.30,2026-01-20T23:44:00Z
usage_events-004114,EV-0004114,SU-00114,ST-0004,2026-01-20T23:51:00Z,sms,335.2,messages,0.03,2026-01-20T23:51:00Z
usage_events-004115,EV-0004115,SU-00115,ST-0005,2026-01-20T23:58:00Z,data,57.2,mb,0.93,2026-01-20T23:58:00Z
usage_events-004116,EV-0004116,SU-00116,ST-0006,2026-01-21T00:05:00Z,sms,430.7,messages,2.86,2026-01-21T00:05:00Z
usage_events-004117,EV-0004117,SU-00117,ST-0007,2026-01-21T00:12:00Z,data,401.0,mb,2.40,2026-01-21T00:12:00Z
usage_events-004118,EV-0004118,SU-00118,ST-0008,2026-01-21T00:19:00Z,sms,84.8,messages,1.78,2026-01-21T00:19:00Z
usage_events-004119,EV-0004119,SU-00119,ST-0009,2026-01-21T00:26:00Z,data,392.5,mb,3.36,2026-01-21T00:26:00Z
usage_events-004120,EV-0004120,SU-00120,ST-0010,2026-01-21T00:33:00Z,sms,8.4,messages,4.74,2026-01-21T00:33:00Z
usage_events-004121,EV-0004121,SU-00121,ST-0011,2026-01-21T00:40:00Z,sms,150.0,messages,2.03,2026-01-21T00:40:00Z
usage_events-004122,EV-0004122,SU-00122,ST-0012,2026-01-21T00:47:00Z,data,111.2,mb,2.55,2026-01-21T00:47:00Z
usage_events-004123,EV-0004123,SU-00123,ST-0013,2026-01-21T00:54:00Z,data,470.8,mb,4.08,2026-01-21T00:54:00Z
usage_events-004124,EV-0004124,SU-00124,ST-0014,2026-01-21T01:01:00Z,data,275.1,mb,3.92,2026-01-21T01:01:00Z
usage_events-004125,EV-0004125,SU-00125,ST-0015,2026-01-21T01:08:00Z,voice,8.9,minutes,1.21,2026-01-21T01:08:00Z
usage_events-004126,EV-0004126,SU-00126,ST-0016,2026-01-21T01:15:00Z,sms,416.4,messages,4.76,2026-01-21T01:15:00Z
usage_events-004127,EV-0004127,SU-00127,ST-0017,2026-01-21T01:22:00Z,sms,155.4,messages,1.43,2026-01-21T01:22:00Z
usage_events-004128,EV-0004128,SU-00128,ST-0018,2026-01-21T01:29:00Z,voice,183.4,minutes,1.00,2026-01-21T01:29:00Z
usage_events-004129,EV-0004129,SU-00129,ST-0019,2026-01-21T01:36:00Z,sms,126.5,messages,4.70,2026-01-21T01:36:00Z
usage_events-004130,EV-0004130,SU-00130,ST-0020,2026-01-21T01:43:00Z,data,122.7,mb,3.28,2026-01-21T01:43:00Z
usage_events-004131,EV-0004131,SU-00131,ST-0021,2026-01-21T01:50:00Z,voice,481.4,minutes,4.07,2026-01-21T01:50:00Z
usage_events-004132,EV-0004132,SU-00132,ST-0022,2026-01-21T01:57:00Z,data,180.1,mb,1.02,2026-01-21T01:57:00Z
usage_events-004133,EV-0004133,SU-00133,ST-0023,2026-01-21T02:04:00Z,voice,372.6,minutes,1.70,2026-01-21T02:04:00Z
usage_events-004134,EV-0004134,SU-00134,ST-0024,2026-01-21T02:11:00Z,sms,454.4,messages,3.48,2026-01-21T02:11:00Z
usage_events-004135,EV-0004135,SU-00135,ST-0025,2026-01-21T02:18:00Z,data,390.3,mb,4.15,2026-01-21T02:18:00Z
usage_events-004136,EV-0004136,SU-00136,ST-0026,2026-01-21T02:25:00Z,data,61.7,mb,4.21,2026-01-21T02:25:00Z
usage_events-004137,EV-0004137,SU-00137,ST-0027,2026-01-21T02:32:00Z,sms,29.8,messages,1.98,2026-01-21T02:32:00Z
usage_events-004138,EV-0004138,SU-00138,ST-0028,2026-01-21T02:39:00Z,sms,8.4,messages,4.02,2026-01-21T02:39:00Z
usage_events-004139,EV-0004139,SU-00139,ST-0029,2026-01-21T02:46:00Z,data,241.6,mb,4.30,2026-01-21T02:46:00Z
usage_events-004140,EV-0004140,SU-00140,ST-0030,2026-01-21T02:53:00Z,sms,367.2,messages,2.07,2026-01-21T02:53:00Z
usage_events-004141,EV-0004141,SU-00141,ST-0001,2026-01-21T03:00:00Z,voice,56.6,minutes,0.36,2026-01-21T03:00:00Z
usage_events-004142,EV-0004142,SU-00142,ST-0002,2026-01-21T03:07:00Z,sms,194.8,messages,4.16,2026-01-21T03:07:00Z
usage_events-004143,EV-0004143,SU-00143,ST-0003,2026-01-21T03:14:00Z,voice,148.9,minutes,4.40,2026-01-21T03:14:00Z
usage_events-004144,EV-0004144,SU-00144,ST-0004,2026-01-21T03:21:00Z,sms,150.6,messages,1.94,2026-01-21T03:21:00Z
usage_events-004145,EV-0004145,SU-00145,ST-0005,2026-01-21T03:28:00Z,sms,58.4,messages,2.75,2026-01-21T03:28:00Z
usage_events-004146,EV-0004146,SU-00146,ST-0006,2026-01-21T03:35:00Z,voice,239.0,minutes,4.12,2026-01-21T03:35:00Z
usage_events-004147,EV-0004147,SU-00147,ST-0007,2026-01-21T03:42:00Z,voice,270.1,minutes,1.31,2026-01-21T03:42:00Z
usage_events-004148,EV-0004148,SU-00148,ST-0008,2026-01-21T03:49:00Z,data,8.7,mb,3.04,2026-01-21T03:49:00Z
usage_events-004149,EV-0004149,SU-00149,ST-0009,2026-01-21T03:56:00Z,sms,144.7,messages,2.17,2026-01-21T03:56:00Z
usage_events-004150,EV-0004150,SU-00150,ST-0010,2026-01-21T04:03:00Z,data,208.5,mb,0.76,2026-01-21T04:03:00Z
usage_events-004151,EV-0004151,SU-00151,ST-0011,2026-01-21T04:10:00Z,data,129.0,mb,1.70,2026-01-21T04:10:00Z
usage_events-004152,EV-0004152,SU-00152,ST-0012,2026-01-21T04:17:00Z,voice,18.0,minutes,2.58,2026-01-21T04:17:00Z
usage_events-004153,EV-0004153,SU-00153,ST-0013,2026-01-21T04:24:00Z,data,111.1,mb,4.55,2026-01-21T04:24:00Z
usage_events-004154,EV-0004154,SU-00154,ST-0014,2026-01-21T04:31:00Z,voice,269.1,minutes,4.97,2026-01-21T04:31:00Z
usage_events-004155,EV-0004155,SU-00155,ST-0015,2026-01-21T04:38:00Z,voice,278.6,minutes,1.74,2026-01-21T04:38:00Z
usage_events-004156,EV-0004156,SU-00156,ST-0016,2026-01-21T04:45:00Z,voice,35.4,minutes,0.73,2026-01-21T04:45:00Z
usage_events-004157,EV-0004157,SU-00157,ST-0017,2026-01-21T04:52:00Z,sms,479.7,messages,2.39,2026-01-21T04:52:00Z
usage_events-004158,EV-0004158,SU-00158,ST-0018,2026-01-21T04:59:00Z,sms,383.1,messages,2.92,2026-01-21T04:59:00Z
usage_events-004159,EV-0004159,SU-00159,ST-0019,2026-01-21T05:06:00Z,voice,398.8,minutes,1.60,2026-01-21T05:06:00Z
usage_events-004160,EV-0004160,SU-00160,ST-0020,2026-01-21T05:13:00Z,voice,278.9,minutes,4.09,2026-01-21T05:13:00Z
usage_events-004161,EV-0004161,SU-00161,ST-0021,2026-01-21T05:20:00Z,data,467.8,mb,1.77,2026-01-21T05:20:00Z
usage_events-004162,EV-0004162,SU-00162,ST-0022,2026-01-21T05:27:00Z,voice,120.2,minutes,2.51,2026-01-21T05:27:00Z
usage_events-004163,EV-0004163,SU-00163,ST-0023,2026-01-21T05:34:00Z,data,436.3,mb,4.08,2026-01-21T05:34:00Z
usage_events-004164,EV-0004164,SU-00164,ST-0024,2026-01-21T05:41:00Z,voice,405.9,minutes,2.40,2026-01-21T05:41:00Z
usage_events-004165,EV-0004165,SU-00165,ST-0025,2026-01-21T05:48:00Z,data,141.2,mb,2.39,2026-01-21T05:48:00Z
usage_events-004166,EV-0004166,SU-00166,ST-0026,2026-01-21T05:55:00Z,data,228.8,mb,0.69,2026-01-21T05:55:00Z
usage_events-004167,EV-0004167,SU-00167,ST-0027,2026-01-21T06:02:00Z,voice,339.8,minutes,2.10,2026-01-21T06:02:00Z
usage_events-004168,EV-0004168,SU-00168,ST-0028,2026-01-21T06:09:00Z,sms,84.7,messages,3.66,2026-01-21T06:09:00Z
usage_events-004169,EV-0004169,SU-00169,ST-0029,2026-01-21T06:16:00Z,data,274.8,mb,0.76,2026-01-21T06:16:00Z
usage_events-004170,EV-0004170,SU-00170,ST-0030,2026-01-21T06:23:00Z,data,348.3,mb,0.62,2026-01-21T06:23:00Z
usage_events-004171,EV-0004171,SU-00171,ST-0001,2026-01-21T06:30:00Z,data,105.2,mb,4.41,2026-01-21T06:30:00Z
usage_events-004172,EV-0004172,SU-00172,ST-0002,2026-01-21T06:37:00Z,data,283.2,mb,3.74,2026-01-21T06:37:00Z
usage_events-004173,EV-0004173,SU-00173,ST-0003,2026-01-21T06:44:00Z,voice,379.7,minutes,0.26,2026-01-21T06:44:00Z
usage_events-004174,EV-0004174,SU-00174,ST-0004,2026-01-21T06:51:00Z,sms,399.3,messages,4.13,2026-01-21T06:51:00Z
usage_events-004175,EV-0004175,SU-00175,ST-0005,2026-01-21T06:58:00Z,sms,261.6,messages,2.45,2026-01-21T06:58:00Z
usage_events-004176,EV-0004176,SU-00176,ST-0006,2026-01-21T07:05:00Z,voice,111.0,minutes,2.80,2026-01-21T07:05:00Z
usage_events-004177,EV-0004177,SU-00177,ST-0007,2026-01-21T07:12:00Z,data,159.3,mb,1.07,2026-01-21T07:12:00Z
usage_events-004178,EV-0004178,SU-00178,ST-0008,2026-01-21T07:19:00Z,data,212.9,mb,1.25,2026-01-21T07:19:00Z
usage_events-004179,EV-0004179,SU-00179,ST-0009,2026-01-21T07:26:00Z,sms,249.5,messages,4.43,2026-01-21T07:26:00Z
usage_events-004180,EV-0004180,SU-00180,ST-0010,2026-01-21T07:33:00Z,voice,494.3,minutes,1.39,2026-01-21T07:33:00Z
usage_events-004181,EV-0004181,SU-00181,ST-0011,2026-01-21T07:40:00Z,data,178.5,mb,1.55,2026-01-21T07:40:00Z
usage_events-004182,EV-0004182,SU-00182,ST-0012,2026-01-21T07:47:00Z,voice,54.5,minutes,0.52,2026-01-21T07:47:00Z
usage_events-004183,EV-0004183,SU-00183,ST-0013,2026-01-21T07:54:00Z,sms,459.4,messages,3.38,2026-01-21T07:54:00Z
usage_events-004184,EV-0004184,SU-00184,ST-0014,2026-01-21T08:01:00Z,voice,418.0,minutes,1.81,2026-01-21T08:01:00Z
usage_events-004185,EV-0004185,SU-00185,ST-0015,2026-01-21T08:08:00Z,data,64.5,mb,3.72,2026-01-21T08:08:00Z
usage_events-004186,EV-0004186,SU-00186,ST-0016,2026-01-21T08:15:00Z,data,425.2,mb,1.40,2026-01-21T08:15:00Z
usage_events-004187,EV-0004187,SU-00187,ST-0017,2026-01-21T08:22:00Z,data,30.0,mb,3.69,2026-01-21T08:22:00Z
usage_events-004188,EV-0004188,SU-00188,ST-0018,2026-01-21T08:29:00Z,data,472.0,mb,4.20,2026-01-21T08:29:00Z
usage_events-004189,EV-0004189,SU-00189,ST-0019,2026-01-21T08:36:00Z,data,251.7,mb,2.18,2026-01-21T08:36:00Z
usage_events-004190,EV-0004190,SU-00190,ST-0020,2026-01-21T08:43:00Z,voice,261.0,minutes,0.31,2026-01-21T08:43:00Z
usage_events-004191,EV-0004191,SU-00191,ST-0021,2026-01-21T08:50:00Z,data,37.4,mb,1.29,2026-01-21T08:50:00Z
usage_events-004192,EV-0004192,SU-00192,ST-0022,2026-01-21T08:57:00Z,data,410.8,mb,4.30,2026-01-21T08:57:00Z
usage_events-004193,EV-0004193,SU-00193,ST-0023,2026-01-21T09:04:00Z,data,69.1,mb,3.00,2026-01-21T09:04:00Z
usage_events-004194,EV-0004194,SU-00194,ST-0024,2026-01-21T09:11:00Z,voice,396.2,minutes,0.10,2026-01-21T09:11:00Z
usage_events-004195,EV-0004195,SU-00195,ST-0025,2026-01-21T09:18:00Z,voice,454.6,minutes,3.45,2026-01-21T09:18:00Z
usage_events-004196,EV-0004196,SU-00196,ST-0026,2026-01-21T09:25:00Z,sms,135.2,messages,2.79,2026-01-21T09:25:00Z
usage_events-004197,EV-0004197,SU-00197,ST-0027,2026-01-21T09:32:00Z,voice,202.8,minutes,4.20,2026-01-21T09:32:00Z
usage_events-004198,EV-0004198,SU-00198,ST-0028,2026-01-21T09:39:00Z,voice,237.2,minutes,0.73,2026-01-21T09:39:00Z
usage_events-004199,EV-0004199,SU-00199,ST-0029,2026-01-21T09:46:00Z,data,15.0,mb,4.36,2026-01-21T09:46:00Z
usage_events-004200,EV-0004200,SU-00200,ST-0030,2026-01-21T09:53:00Z,data,421.0,mb,2.44,2026-01-21T09:53:00Z
usage_events-004201,EV-0004201,SU-00201,ST-0001,2026-01-21T10:00:00Z,data,246.1,mb,2.38,2026-01-21T10:00:00Z
usage_events-004202,EV-0004202,SU-00202,ST-0002,2026-01-21T10:07:00Z,data,294.5,mb,2.56,2026-01-21T10:07:00Z
usage_events-004203,EV-0004203,SU-00203,ST-0003,2026-01-21T10:14:00Z,sms,33.8,messages,0.20,2026-01-21T10:14:00Z
usage_events-004204,EV-0004204,SU-00204,ST-0004,2026-01-21T10:21:00Z,sms,36.1,messages,1.84,2026-01-21T10:21:00Z
usage_events-004205,EV-0004205,SU-00205,ST-0005,2026-01-21T10:28:00Z,voice,39.8,minutes,3.15,2026-01-21T10:28:00Z
usage_events-004206,EV-0004206,SU-00206,ST-0006,2026-01-21T10:35:00Z,sms,447.5,messages,3.24,2026-01-21T10:35:00Z
usage_events-004207,EV-0004207,SU-00207,ST-0007,2026-01-21T10:42:00Z,voice,39.1,minutes,1.56,2026-01-21T10:42:00Z
usage_events-004208,EV-0004208,SU-00208,ST-0008,2026-01-21T10:49:00Z,sms,261.4,messages,1.34,2026-01-21T10:49:00Z
usage_events-004209,EV-0004209,SU-00209,ST-0009,2026-01-21T10:56:00Z,sms,170.0,messages,3.58,2026-01-21T10:56:00Z
usage_events-004210,EV-0004210,SU-00210,ST-0010,2026-01-21T11:03:00Z,voice,23.5,minutes,1.11,2026-01-21T11:03:00Z
usage_events-004211,EV-0004211,SU-00211,ST-0011,2026-01-21T11:10:00Z,data,189.5,mb,2.46,2026-01-21T11:10:00Z
usage_events-004212,EV-0004212,SU-00212,ST-0012,2026-01-21T11:17:00Z,voice,164.1,minutes,3.28,2026-01-21T11:17:00Z
usage_events-004213,EV-0004213,SU-00213,ST-0013,2026-01-21T11:24:00Z,voice,238.8,minutes,3.50,2026-01-21T11:24:00Z
usage_events-004214,EV-0004214,SU-00214,ST-0014,2026-01-21T11:31:00Z,sms,411.8,messages,4.68,2026-01-21T11:31:00Z
usage_events-004215,EV-0004215,SU-00215,ST-0015,2026-01-21T11:38:00Z,voice,353.7,minutes,4.80,2026-01-21T11:38:00Z
usage_events-004216,EV-0004216,SU-00216,ST-0016,2026-01-21T11:45:00Z,data,172.8,mb,2.53,2026-01-21T11:45:00Z
usage_events-004217,EV-0004217,SU-00217,ST-0017,2026-01-21T11:52:00Z,sms,347.2,messages,1.09,2026-01-21T11:52:00Z
usage_events-004218,EV-0004218,SU-00218,ST-0018,2026-01-21T11:59:00Z,data,92.8,mb,3.68,2026-01-21T11:59:00Z
usage_events-004219,EV-0004219,SU-00219,ST-0019,2026-01-21T12:06:00Z,voice,342.9,minutes,3.68,2026-01-21T12:06:00Z
usage_events-004220,EV-0004220,SU-00220,ST-0020,2026-01-21T12:13:00Z,sms,234.6,messages,1.65,2026-01-21T12:13:00Z
usage_events-004221,EV-0004221,SU-00221,ST-0021,2026-01-21T12:20:00Z,sms,162.0,messages,1.93,2026-01-21T12:20:00Z
usage_events-004222,EV-0004222,SU-00222,ST-0022,2026-01-21T12:27:00Z,sms,472.9,messages,2.92,2026-01-21T12:27:00Z
usage_events-004223,EV-0004223,SU-00223,ST-0023,2026-01-21T12:34:00Z,data,216.0,mb,0.53,2026-01-21T12:34:00Z
usage_events-004224,EV-0004224,SU-00224,ST-0024,2026-01-21T12:41:00Z,voice,148.8,minutes,3.34,2026-01-21T12:41:00Z
usage_events-004225,EV-0004225,SU-00225,ST-0025,2026-01-21T12:48:00Z,voice,363.9,minutes,1.58,2026-01-21T12:48:00Z
usage_events-004226,EV-0004226,SU-00226,ST-0026,2026-01-21T12:55:00Z,voice,121.2,minutes,0.85,2026-01-21T12:55:00Z
usage_events-004227,EV-0004227,SU-00227,ST-0027,2026-01-21T13:02:00Z,voice,89.4,minutes,3.66,2026-01-21T13:02:00Z
usage_events-004228,EV-0004228,SU-00228,ST-0028,2026-01-21T13:09:00Z,sms,206.8,messages,3.15,2026-01-21T13:09:00Z
usage_events-004229,EV-0004229,SU-00229,ST-0029,2026-01-21T13:16:00Z,sms,239.8,messages,4.44,2026-01-21T13:16:00Z
usage_events-004230,EV-0004230,SU-00230,ST-0030,2026-01-21T13:23:00Z,sms,60.6,messages,1.93,2026-01-21T13:23:00Z
usage_events-004231,EV-0004231,SU-00231,ST-0001,2026-01-21T13:30:00Z,sms,75.8,messages,4.01,2026-01-21T13:30:00Z
usage_events-004232,EV-0004232,SU-00232,ST-0002,2026-01-21T13:37:00Z,voice,283.8,minutes,3.57,2026-01-21T13:37:00Z
usage_events-004233,EV-0004233,SU-00233,ST-0003,2026-01-21T13:44:00Z,sms,205.2,messages,0.74,2026-01-21T13:44:00Z
usage_events-004234,EV-0004234,SU-00234,ST-0004,2026-01-21T13:51:00Z,voice,443.2,minutes,3.48,2026-01-21T13:51:00Z
usage_events-004235,EV-0004235,SU-00235,ST-0005,2026-01-21T13:58:00Z,voice,180.4,minutes,3.90,2026-01-21T13:58:00Z
usage_events-004236,EV-0004236,SU-00236,ST-0006,2026-01-21T14:05:00Z,sms,482.6,messages,0.93,2026-01-21T14:05:00Z
usage_events-004237,EV-0004237,SU-00237,ST-0007,2026-01-21T14:12:00Z,voice,293.7,minutes,2.08,2026-01-21T14:12:00Z
usage_events-004238,EV-0004238,SU-00238,ST-0008,2026-01-21T14:19:00Z,data,321.5,mb,4.75,2026-01-21T14:19:00Z
usage_events-004239,EV-0004239,SU-00239,ST-0009,2026-01-21T14:26:00Z,data,186.6,mb,3.53,2026-01-21T14:26:00Z
usage_events-004240,EV-0004240,SU-00240,ST-0010,2026-01-21T14:33:00Z,sms,375.8,messages,4.51,2026-01-21T14:33:00Z
usage_events-004241,EV-0004241,SU-00241,ST-0011,2026-01-21T14:40:00Z,voice,305.9,minutes,4.04,2026-01-21T14:40:00Z
usage_events-004242,EV-0004242,SU-00242,ST-0012,2026-01-21T14:47:00Z,voice,51.1,minutes,0.51,2026-01-21T14:47:00Z
usage_events-004243,EV-0004243,SU-00243,ST-0013,2026-01-21T14:54:00Z,voice,24.5,minutes,2.80,2026-01-21T14:54:00Z
usage_events-004244,EV-0004244,SU-00244,ST-0014,2026-01-21T15:01:00Z,sms,176.2,messages,0.33,2026-01-21T15:01:00Z
usage_events-004245,EV-0004245,SU-00245,ST-0015,2026-01-21T15:08:00Z,sms,395.0,messages,4.71,2026-01-21T15:08:00Z
usage_events-004246,EV-0004246,SU-00246,ST-0016,2026-01-21T15:15:00Z,data,336.9,mb,2.10,2026-01-21T15:15:00Z
usage_events-004247,EV-0004247,SU-00247,ST-0017,2026-01-21T15:22:00Z,voice,322.6,minutes,4.31,2026-01-21T15:22:00Z
usage_events-004248,EV-0004248,SU-00248,ST-0018,2026-01-21T15:29:00Z,voice,346.0,minutes,1.01,2026-01-21T15:29:00Z
usage_events-004249,EV-0004249,SU-00249,ST-0019,2026-01-21T15:36:00Z,voice,105.0,minutes,0.23,2026-01-21T15:36:00Z
usage_events-004250,EV-0004250,SU-00250,ST-0020,2026-01-21T15:43:00Z,voice,269.0,minutes,0.16,2026-01-21T15:43:00Z
usage_events-004251,EV-0004251,SU-00001,ST-0021,2026-01-21T15:50:00Z,sms,497.1,messages,3.76,2026-01-21T15:50:00Z
usage_events-004252,EV-0004252,SU-00002,ST-0022,2026-01-21T15:57:00Z,data,318.4,mb,3.74,2026-01-21T15:57:00Z
usage_events-004253,EV-0004253,SU-00003,ST-0023,2026-01-21T16:04:00Z,data,230.6,mb,3.46,2026-01-21T16:04:00Z
usage_events-004254,EV-0004254,SU-00004,ST-0024,2026-01-21T16:11:00Z,data,322.9,mb,2.75,2026-01-21T16:11:00Z
usage_events-004255,EV-0004255,SU-00005,ST-0025,2026-01-21T16:18:00Z,data,112.2,mb,4.25,2026-01-21T16:18:00Z
usage_events-004256,EV-0004256,SU-00006,ST-0026,2026-01-21T16:25:00Z,voice,408.4,minutes,3.98,2026-01-21T16:25:00Z
usage_events-004257,EV-0004257,SU-00007,ST-0027,2026-01-21T16:32:00Z,sms,399.6,messages,3.11,2026-01-21T16:32:00Z
usage_events-004258,EV-0004258,SU-00008,ST-0028,2026-01-21T16:39:00Z,voice,127.2,minutes,0.69,2026-01-21T16:39:00Z
usage_events-004259,EV-0004259,SU-00009,ST-0029,2026-01-21T16:46:00Z,data,138.0,mb,0.59,2026-01-21T16:46:00Z
usage_events-004260,EV-0004260,SU-00010,ST-0030,2026-01-21T16:53:00Z,voice,261.5,minutes,4.89,2026-01-21T16:53:00Z
usage_events-004261,EV-0004261,SU-00011,ST-0001,2026-01-21T17:00:00Z,voice,156.0,minutes,4.84,2026-01-21T17:00:00Z
usage_events-004262,EV-0004262,SU-00012,ST-0002,2026-01-21T17:07:00Z,voice,392.5,minutes,3.47,2026-01-21T17:07:00Z
usage_events-004263,EV-0004263,SU-00013,ST-0003,2026-01-21T17:14:00Z,data,272.7,mb,2.05,2026-01-21T17:14:00Z
usage_events-004264,EV-0004264,SU-00014,ST-0004,2026-01-21T17:21:00Z,sms,298.2,messages,3.89,2026-01-21T17:21:00Z
usage_events-004265,EV-0004265,SU-00015,ST-0005,2026-01-21T17:28:00Z,sms,244.2,messages,0.04,2026-01-21T17:28:00Z
usage_events-004266,EV-0004266,SU-00016,ST-0006,2026-01-21T17:35:00Z,data,473.6,mb,1.07,2026-01-21T17:35:00Z
usage_events-004267,EV-0004267,SU-00017,ST-0007,2026-01-21T17:42:00Z,sms,130.9,messages,0.95,2026-01-21T17:42:00Z
usage_events-004268,EV-0004268,SU-00018,ST-0008,2026-01-21T17:49:00Z,voice,239.7,minutes,0.81,2026-01-21T17:49:00Z
usage_events-004269,EV-0004269,SU-00019,ST-0009,2026-01-21T17:56:00Z,sms,197.7,messages,4.62,2026-01-21T17:56:00Z
usage_events-004270,EV-0004270,SU-00020,ST-0010,2026-01-21T18:03:00Z,voice,262.7,minutes,4.17,2026-01-21T18:03:00Z
usage_events-004271,EV-0004271,SU-00021,ST-0011,2026-01-21T18:10:00Z,sms,341.0,messages,1.59,2026-01-21T18:10:00Z
usage_events-004272,EV-0004272,SU-00022,ST-0012,2026-01-21T18:17:00Z,data,339.4,mb,1.26,2026-01-21T18:17:00Z
usage_events-004273,EV-0004273,SU-00023,ST-0013,2026-01-21T18:24:00Z,data,407.3,mb,1.23,2026-01-21T18:24:00Z
usage_events-004274,EV-0004274,SU-00024,ST-0014,2026-01-21T18:31:00Z,voice,174.1,minutes,2.82,2026-01-21T18:31:00Z
usage_events-004275,EV-0004275,SU-00025,ST-0015,2026-01-21T18:38:00Z,sms,266.8,messages,2.36,2026-01-21T18:38:00Z
usage_events-004276,EV-0004276,SU-00026,ST-0016,2026-01-21T18:45:00Z,voice,259.0,minutes,1.68,2026-01-21T18:45:00Z
usage_events-004277,EV-0004277,SU-00027,ST-0017,2026-01-21T18:52:00Z,sms,36.7,messages,1.19,2026-01-21T18:52:00Z
usage_events-004278,EV-0004278,SU-00028,ST-0018,2026-01-21T18:59:00Z,data,119.1,mb,4.58,2026-01-21T18:59:00Z
usage_events-004279,EV-0004279,SU-00029,ST-0019,2026-01-21T19:06:00Z,data,418.1,mb,0.52,2026-01-21T19:06:00Z
usage_events-004280,EV-0004280,SU-00030,ST-0020,2026-01-21T19:13:00Z,voice,216.3,minutes,1.54,2026-01-21T19:13:00Z
usage_events-004281,EV-0004281,SU-00031,ST-0021,2026-01-21T19:20:00Z,sms,225.0,messages,2.53,2026-01-21T19:20:00Z
usage_events-004282,EV-0004282,SU-00032,ST-0022,2026-01-21T19:27:00Z,data,104.3,mb,0.89,2026-01-21T19:27:00Z
usage_events-004283,EV-0004283,SU-00033,ST-0023,2026-01-21T19:34:00Z,data,26.5,mb,4.20,2026-01-21T19:34:00Z
usage_events-004284,EV-0004284,SU-00034,ST-0024,2026-01-21T19:41:00Z,voice,319.6,minutes,2.87,2026-01-21T19:41:00Z
usage_events-004285,EV-0004285,SU-00035,ST-0025,2026-01-21T19:48:00Z,voice,267.5,minutes,2.20,2026-01-21T19:48:00Z
usage_events-004286,EV-0004286,SU-00036,ST-0026,2026-01-21T19:55:00Z,data,320.2,mb,4.73,2026-01-21T19:55:00Z
usage_events-004287,EV-0004287,SU-00037,ST-0027,2026-01-21T20:02:00Z,voice,42.1,minutes,3.88,2026-01-21T20:02:00Z
usage_events-004288,EV-0004288,SU-00038,ST-0028,2026-01-21T20:09:00Z,sms,381.1,messages,4.68,2026-01-21T20:09:00Z
usage_events-004289,EV-0004289,SU-00039,ST-0029,2026-01-21T20:16:00Z,sms,457.3,messages,1.35,2026-01-21T20:16:00Z
usage_events-004290,EV-0004290,SU-00040,ST-0030,2026-01-21T20:23:00Z,data,327.7,mb,0.62,2026-01-21T20:23:00Z
usage_events-004291,EV-0004291,SU-00041,ST-0001,2026-01-21T20:30:00Z,voice,278.5,minutes,1.99,2026-01-21T20:30:00Z
usage_events-004292,EV-0004292,SU-00042,ST-0002,2026-01-21T20:37:00Z,sms,122.9,messages,2.65,2026-01-21T20:37:00Z
usage_events-004293,EV-0004293,SU-00043,ST-0003,2026-01-21T20:44:00Z,sms,371.0,messages,2.99,2026-01-21T20:44:00Z
usage_events-004294,EV-0004294,SU-00044,ST-0004,2026-01-21T20:51:00Z,sms,460.6,messages,3.89,2026-01-21T20:51:00Z
usage_events-004295,EV-0004295,SU-00045,ST-0005,2026-01-21T20:58:00Z,voice,375.4,minutes,2.65,2026-01-21T20:58:00Z
usage_events-004296,EV-0004296,SU-00046,ST-0006,2026-01-21T21:05:00Z,data,97.0,mb,1.26,2026-01-21T21:05:00Z
usage_events-004297,EV-0004297,SU-00047,ST-0007,2026-01-21T21:12:00Z,voice,87.6,minutes,1.76,2026-01-21T21:12:00Z
usage_events-004298,EV-0004298,SU-00048,ST-0008,2026-01-21T21:19:00Z,voice,85.2,minutes,1.53,2026-01-21T21:19:00Z
usage_events-004299,EV-0004299,SU-00049,ST-0009,2026-01-21T21:26:00Z,sms,352.3,messages,2.49,2026-01-21T21:26:00Z
usage_events-004300,EV-0004300,SU-00050,ST-0010,2026-01-21T21:33:00Z,data,43.1,mb,0.16,2026-01-21T21:33:00Z
usage_events-004301,EV-0004301,SU-00051,ST-0011,2026-01-21T21:40:00Z,data,368.5,mb,1.41,2026-01-21T21:40:00Z
usage_events-004302,EV-0004302,SU-00052,ST-0012,2026-01-21T21:47:00Z,sms,350.8,messages,4.20,2026-01-21T21:47:00Z
usage_events-004303,EV-0004303,SU-00053,ST-0013,2026-01-21T21:54:00Z,voice,326.3,minutes,1.83,2026-01-21T21:54:00Z
usage_events-004304,EV-0004304,SU-00054,ST-0014,2026-01-21T22:01:00Z,voice,144.0,minutes,3.72,2026-01-21T22:01:00Z
usage_events-004305,EV-0004305,SU-00055,ST-0015,2026-01-21T22:08:00Z,data,266.6,mb,2.02,2026-01-21T22:08:00Z
usage_events-004306,EV-0004306,SU-00056,ST-0016,2026-01-21T22:15:00Z,voice,366.8,minutes,2.22,2026-01-21T22:15:00Z
usage_events-004307,EV-0004307,SU-00057,ST-0017,2026-01-21T22:22:00Z,data,157.6,mb,2.38,2026-01-21T22:22:00Z
usage_events-004308,EV-0004308,SU-00058,ST-0018,2026-01-21T22:29:00Z,voice,483.9,minutes,0.18,2026-01-21T22:29:00Z
usage_events-004309,EV-0004309,SU-00059,ST-0019,2026-01-21T22:36:00Z,data,293.0,mb,0.98,2026-01-21T22:36:00Z
usage_events-004310,EV-0004310,SU-00060,ST-0020,2026-01-21T22:43:00Z,data,364.7,mb,0.03,2026-01-21T22:43:00Z
usage_events-004311,EV-0004311,SU-00061,ST-0021,2026-01-21T22:50:00Z,data,202.2,mb,0.97,2026-01-21T22:50:00Z
usage_events-004312,EV-0004312,SU-00062,ST-0022,2026-01-21T22:57:00Z,voice,265.3,minutes,2.36,2026-01-21T22:57:00Z
usage_events-004313,EV-0004313,SU-00063,ST-0023,2026-01-21T23:04:00Z,voice,154.9,minutes,4.28,2026-01-21T23:04:00Z
usage_events-004314,EV-0004314,SU-00064,ST-0024,2026-01-21T23:11:00Z,data,105.9,mb,2.66,2026-01-21T23:11:00Z
usage_events-004315,EV-0004315,SU-00065,ST-0025,2026-01-21T23:18:00Z,sms,18.4,messages,1.02,2026-01-21T23:18:00Z
usage_events-004316,EV-0004316,SU-00066,ST-0026,2026-01-21T23:25:00Z,voice,182.9,minutes,4.70,2026-01-21T23:25:00Z
usage_events-004317,EV-0004317,SU-00067,ST-0027,2026-01-21T23:32:00Z,voice,362.0,minutes,2.05,2026-01-21T23:32:00Z
usage_events-004318,EV-0004318,SU-00068,ST-0028,2026-01-21T23:39:00Z,data,486.5,mb,1.70,2026-01-21T23:39:00Z
usage_events-004319,EV-0004319,SU-00069,ST-0029,2026-01-21T23:46:00Z,voice,366.4,minutes,3.71,2026-01-21T23:46:00Z
usage_events-004320,EV-0004320,SU-00070,ST-0030,2026-01-21T23:53:00Z,data,406.8,mb,1.55,2026-01-21T23:53:00Z
usage_events-004321,EV-0004321,SU-00071,ST-0001,2026-01-22T00:00:00Z,voice,379.4,minutes,4.39,2026-01-22T00:00:00Z
usage_events-004322,EV-0004322,SU-00072,ST-0002,2026-01-22T00:07:00Z,sms,178.1,messages,2.63,2026-01-22T00:07:00Z
usage_events-004323,EV-0004323,SU-00073,ST-0003,2026-01-22T00:14:00Z,sms,132.2,messages,0.64,2026-01-22T00:14:00Z
usage_events-004324,EV-0004324,SU-00074,ST-0004,2026-01-22T00:21:00Z,voice,187.5,minutes,4.16,2026-01-22T00:21:00Z
usage_events-004325,EV-0004325,SU-00075,ST-0005,2026-01-22T00:28:00Z,voice,230.2,minutes,3.48,2026-01-22T00:28:00Z
usage_events-004326,EV-0004326,SU-00076,ST-0006,2026-01-22T00:35:00Z,data,443.8,mb,4.02,2026-01-22T00:35:00Z
usage_events-004327,EV-0004327,SU-00077,ST-0007,2026-01-22T00:42:00Z,voice,313.5,minutes,4.90,2026-01-22T00:42:00Z
usage_events-004328,EV-0004328,SU-00078,ST-0008,2026-01-22T00:49:00Z,data,387.2,mb,4.83,2026-01-22T00:49:00Z
usage_events-004329,EV-0004329,SU-00079,ST-0009,2026-01-22T00:56:00Z,voice,236.6,minutes,1.25,2026-01-22T00:56:00Z
usage_events-004330,EV-0004330,SU-00080,ST-0010,2026-01-22T01:03:00Z,voice,120.3,minutes,3.78,2026-01-22T01:03:00Z
usage_events-004331,EV-0004331,SU-00081,ST-0011,2026-01-22T01:10:00Z,data,420.4,mb,0.15,2026-01-22T01:10:00Z
usage_events-004332,EV-0004332,SU-00082,ST-0012,2026-01-22T01:17:00Z,sms,50.2,messages,1.63,2026-01-22T01:17:00Z
usage_events-004333,EV-0004333,SU-00083,ST-0013,2026-01-22T01:24:00Z,sms,17.0,messages,1.52,2026-01-22T01:24:00Z
usage_events-004334,EV-0004334,SU-00084,ST-0014,2026-01-22T01:31:00Z,voice,68.3,minutes,2.54,2026-01-22T01:31:00Z
usage_events-004335,EV-0004335,SU-00085,ST-0015,2026-01-22T01:38:00Z,voice,448.2,minutes,0.62,2026-01-22T01:38:00Z
usage_events-004336,EV-0004336,SU-00086,ST-0016,2026-01-22T01:45:00Z,sms,430.5,messages,3.75,2026-01-22T01:45:00Z
usage_events-004337,EV-0004337,SU-00087,ST-0017,2026-01-22T01:52:00Z,voice,388.9,minutes,0.57,2026-01-22T01:52:00Z
usage_events-004338,EV-0004338,SU-00088,ST-0018,2026-01-22T01:59:00Z,data,495.5,mb,3.98,2026-01-22T01:59:00Z
usage_events-004339,EV-0004339,SU-00089,ST-0019,2026-01-22T02:06:00Z,voice,25.1,minutes,1.70,2026-01-22T02:06:00Z
usage_events-004340,EV-0004340,SU-00090,ST-0020,2026-01-22T02:13:00Z,sms,58.2,messages,0.53,2026-01-22T02:13:00Z
usage_events-004341,EV-0004341,SU-00091,ST-0021,2026-01-22T02:20:00Z,voice,229.4,minutes,4.43,2026-01-22T02:20:00Z
usage_events-004342,EV-0004342,SU-00092,ST-0022,2026-01-22T02:27:00Z,data,81.6,mb,0.46,2026-01-22T02:27:00Z
usage_events-004343,EV-0004343,SU-00093,ST-0023,2026-01-22T02:34:00Z,voice,283.8,minutes,2.14,2026-01-22T02:34:00Z
usage_events-004344,EV-0004344,SU-00094,ST-0024,2026-01-22T02:41:00Z,data,444.2,mb,0.86,2026-01-22T02:41:00Z
usage_events-004345,EV-0004345,SU-00095,ST-0025,2026-01-22T02:48:00Z,data,34.4,mb,0.00,2026-01-22T02:48:00Z
usage_events-004346,EV-0004346,SU-00096,ST-0026,2026-01-22T02:55:00Z,voice,312.4,minutes,1.15,2026-01-22T02:55:00Z
usage_events-004347,EV-0004347,SU-00097,ST-0027,2026-01-22T03:02:00Z,sms,9.6,messages,3.60,2026-01-22T03:02:00Z
usage_events-004348,EV-0004348,SU-00098,ST-0028,2026-01-22T03:09:00Z,voice,379.7,minutes,3.38,2026-01-22T03:09:00Z
usage_events-004349,EV-0004349,SU-00099,ST-0029,2026-01-22T03:16:00Z,data,152.7,mb,3.25,2026-01-22T03:16:00Z
usage_events-004350,EV-0004350,SU-00100,ST-0030,2026-01-22T03:23:00Z,data,447.6,mb,1.93,2026-01-22T03:23:00Z
usage_events-004351,EV-0004351,SU-00101,ST-0001,2026-01-22T03:30:00Z,sms,172.4,messages,3.60,2026-01-22T03:30:00Z
usage_events-004352,EV-0004352,SU-00102,ST-0002,2026-01-22T03:37:00Z,voice,104.9,minutes,0.52,2026-01-22T03:37:00Z
usage_events-004353,EV-0004353,SU-00103,ST-0003,2026-01-22T03:44:00Z,sms,281.5,messages,0.98,2026-01-22T03:44:00Z
usage_events-004354,EV-0004354,SU-00104,ST-0004,2026-01-22T03:51:00Z,sms,376.2,messages,1.99,2026-01-22T03:51:00Z
usage_events-004355,EV-0004355,SU-00105,ST-0005,2026-01-22T03:58:00Z,data,400.1,mb,4.36,2026-01-22T03:58:00Z
usage_events-004356,EV-0004356,SU-00106,ST-0006,2026-01-22T04:05:00Z,voice,45.3,minutes,3.74,2026-01-22T04:05:00Z
usage_events-004357,EV-0004357,SU-00107,ST-0007,2026-01-22T04:12:00Z,data,239.2,mb,1.89,2026-01-22T04:12:00Z
usage_events-004358,EV-0004358,SU-00108,ST-0008,2026-01-22T04:19:00Z,data,195.9,mb,0.51,2026-01-22T04:19:00Z
usage_events-004359,EV-0004359,SU-00109,ST-0009,2026-01-22T04:26:00Z,sms,189.5,messages,1.43,2026-01-22T04:26:00Z
usage_events-004360,EV-0004360,SU-00110,ST-0010,2026-01-22T04:33:00Z,data,500.0,mb,4.09,2026-01-22T04:33:00Z
usage_events-004361,EV-0004361,SU-00111,ST-0011,2026-01-22T04:40:00Z,sms,198.9,messages,0.44,2026-01-22T04:40:00Z
usage_events-004362,EV-0004362,SU-00112,ST-0012,2026-01-22T04:47:00Z,voice,161.1,minutes,4.11,2026-01-22T04:47:00Z
usage_events-004363,EV-0004363,SU-00113,ST-0013,2026-01-22T04:54:00Z,sms,300.4,messages,4.79,2026-01-22T04:54:00Z
usage_events-004364,EV-0004364,SU-00114,ST-0014,2026-01-22T05:01:00Z,voice,325.1,minutes,0.95,2026-01-22T05:01:00Z
usage_events-004365,EV-0004365,SU-00115,ST-0015,2026-01-22T05:08:00Z,sms,420.2,messages,0.69,2026-01-22T05:08:00Z
usage_events-004366,EV-0004366,SU-00116,ST-0016,2026-01-22T05:15:00Z,voice,168.2,minutes,4.89,2026-01-22T05:15:00Z
usage_events-004367,EV-0004367,SU-00117,ST-0017,2026-01-22T05:22:00Z,sms,395.3,messages,3.79,2026-01-22T05:22:00Z
usage_events-004368,EV-0004368,SU-00118,ST-0018,2026-01-22T05:29:00Z,voice,80.3,minutes,4.22,2026-01-22T05:29:00Z
usage_events-004369,EV-0004369,SU-00119,ST-0019,2026-01-22T05:36:00Z,voice,35.3,minutes,3.88,2026-01-22T05:36:00Z
usage_events-004370,EV-0004370,SU-00120,ST-0020,2026-01-22T05:43:00Z,data,123.4,mb,2.05,2026-01-22T05:43:00Z
usage_events-004371,EV-0004371,SU-00121,ST-0021,2026-01-22T05:50:00Z,sms,476.9,messages,2.75,2026-01-22T05:50:00Z
usage_events-004372,EV-0004372,SU-00122,ST-0022,2026-01-22T05:57:00Z,sms,492.5,messages,0.24,2026-01-22T05:57:00Z
usage_events-004373,EV-0004373,SU-00123,ST-0023,2026-01-22T06:04:00Z,data,473.7,mb,1.07,2026-01-22T06:04:00Z
usage_events-004374,EV-0004374,SU-00124,ST-0024,2026-01-22T06:11:00Z,data,179.8,mb,3.65,2026-01-22T06:11:00Z
usage_events-004375,EV-0004375,SU-00125,ST-0025,2026-01-22T06:18:00Z,sms,453.7,messages,4.81,2026-01-22T06:18:00Z
usage_events-004376,EV-0004376,SU-00126,ST-0026,2026-01-22T06:25:00Z,data,451.5,mb,4.41,2026-01-22T06:25:00Z
usage_events-004377,EV-0004377,SU-00127,ST-0027,2026-01-22T06:32:00Z,voice,239.8,minutes,1.12,2026-01-22T06:32:00Z
usage_events-004378,EV-0004378,SU-00128,ST-0028,2026-01-22T06:39:00Z,data,384.1,mb,4.92,2026-01-22T06:39:00Z
usage_events-004379,EV-0004379,SU-00129,ST-0029,2026-01-22T06:46:00Z,voice,457.5,minutes,4.75,2026-01-22T06:46:00Z
usage_events-004380,EV-0004380,SU-00130,ST-0030,2026-01-22T06:53:00Z,sms,377.9,messages,2.11,2026-01-22T06:53:00Z
usage_events-004381,EV-0004381,SU-00131,ST-0001,2026-01-22T07:00:00Z,voice,242.8,minutes,2.48,2026-01-22T07:00:00Z
usage_events-004382,EV-0004382,SU-00132,ST-0002,2026-01-22T07:07:00Z,data,381.6,mb,3.78,2026-01-22T07:07:00Z
usage_events-004383,EV-0004383,SU-00133,ST-0003,2026-01-22T07:14:00Z,data,355.9,mb,4.54,2026-01-22T07:14:00Z
usage_events-004384,EV-0004384,SU-00134,ST-0004,2026-01-22T07:21:00Z,sms,80.2,messages,3.79,2026-01-22T07:21:00Z
usage_events-004385,EV-0004385,SU-00135,ST-0005,2026-01-22T07:28:00Z,sms,188.2,messages,1.00,2026-01-22T07:28:00Z
usage_events-004386,EV-0004386,SU-00136,ST-0006,2026-01-22T07:35:00Z,data,459.8,mb,1.81,2026-01-22T07:35:00Z
usage_events-004387,EV-0004387,SU-00137,ST-0007,2026-01-22T07:42:00Z,sms,138.9,messages,3.60,2026-01-22T07:42:00Z
usage_events-004388,EV-0004388,SU-00138,ST-0008,2026-01-22T07:49:00Z,data,142.5,mb,3.38,2026-01-22T07:49:00Z
usage_events-004389,EV-0004389,SU-00139,ST-0009,2026-01-22T07:56:00Z,voice,317.6,minutes,4.70,2026-01-22T07:56:00Z
usage_events-004390,EV-0004390,SU-00140,ST-0010,2026-01-22T08:03:00Z,voice,134.7,minutes,3.69,2026-01-22T08:03:00Z
usage_events-004391,EV-0004391,SU-00141,ST-0011,2026-01-22T08:10:00Z,voice,234.5,minutes,4.38,2026-01-22T08:10:00Z
usage_events-004392,EV-0004392,SU-00142,ST-0012,2026-01-22T08:17:00Z,sms,285.3,messages,1.47,2026-01-22T08:17:00Z
usage_events-004393,EV-0004393,SU-00143,ST-0013,2026-01-22T08:24:00Z,voice,333.1,minutes,2.66,2026-01-22T08:24:00Z
usage_events-004394,EV-0004394,SU-00144,ST-0014,2026-01-22T08:31:00Z,voice,315.6,minutes,2.51,2026-01-22T08:31:00Z
usage_events-004395,EV-0004395,SU-00145,ST-0015,2026-01-22T08:38:00Z,voice,256.2,minutes,4.26,2026-01-22T08:38:00Z
usage_events-004396,EV-0004396,SU-00146,ST-0016,2026-01-22T08:45:00Z,voice,465.7,minutes,1.39,2026-01-22T08:45:00Z
usage_events-004397,EV-0004397,SU-00147,ST-0017,2026-01-22T08:52:00Z,sms,15.7,messages,1.11,2026-01-22T08:52:00Z
usage_events-004398,EV-0004398,SU-00148,ST-0018,2026-01-22T08:59:00Z,sms,258.0,messages,4.01,2026-01-22T08:59:00Z
usage_events-004399,EV-0004399,SU-00149,ST-0019,2026-01-22T09:06:00Z,data,226.4,mb,0.26,2026-01-22T09:06:00Z
usage_events-004400,EV-0004400,SU-00150,ST-0020,2026-01-22T09:13:00Z,data,350.4,mb,2.84,2026-01-22T09:13:00Z
usage_events-004401,EV-0004401,SU-00151,ST-0021,2026-01-22T09:20:00Z,data,182.4,mb,0.34,2026-01-22T09:20:00Z
usage_events-004402,EV-0004402,SU-00152,ST-0022,2026-01-22T09:27:00Z,data,143.9,mb,1.89,2026-01-22T09:27:00Z
usage_events-004403,EV-0004403,SU-00153,ST-0023,2026-01-22T09:34:00Z,voice,191.6,minutes,2.46,2026-01-22T09:34:00Z
usage_events-004404,EV-0004404,SU-00154,ST-0024,2026-01-22T09:41:00Z,data,260.4,mb,1.34,2026-01-22T09:41:00Z
usage_events-004405,EV-0004405,SU-00155,ST-0025,2026-01-22T09:48:00Z,sms,16.7,messages,1.32,2026-01-22T09:48:00Z
usage_events-004406,EV-0004406,SU-00156,ST-0026,2026-01-22T09:55:00Z,voice,472.5,minutes,4.95,2026-01-22T09:55:00Z
usage_events-004407,EV-0004407,SU-00157,ST-0027,2026-01-22T10:02:00Z,data,116.4,mb,3.35,2026-01-22T10:02:00Z
usage_events-004408,EV-0004408,SU-00158,ST-0028,2026-01-22T10:09:00Z,data,329.3,mb,0.13,2026-01-22T10:09:00Z
usage_events-004409,EV-0004409,SU-00159,ST-0029,2026-01-22T10:16:00Z,sms,473.7,messages,1.52,2026-01-22T10:16:00Z
usage_events-004410,EV-0004410,SU-00160,ST-0030,2026-01-22T10:23:00Z,voice,268.6,minutes,2.67,2026-01-22T10:23:00Z
usage_events-004411,EV-0004411,SU-00161,ST-0001,2026-01-22T10:30:00Z,sms,388.8,messages,4.31,2026-01-22T10:30:00Z
usage_events-004412,EV-0004412,SU-00162,ST-0002,2026-01-22T10:37:00Z,data,73.3,mb,4.62,2026-01-22T10:37:00Z
usage_events-004413,EV-0004413,SU-00163,ST-0003,2026-01-22T10:44:00Z,data,179.2,mb,0.15,2026-01-22T10:44:00Z
usage_events-004414,EV-0004414,SU-00164,ST-0004,2026-01-22T10:51:00Z,sms,486.0,messages,4.66,2026-01-22T10:51:00Z
usage_events-004415,EV-0004415,SU-00165,ST-0005,2026-01-22T10:58:00Z,data,493.4,mb,2.99,2026-01-22T10:58:00Z
usage_events-004416,EV-0004416,SU-00166,ST-0006,2026-01-22T11:05:00Z,data,27.1,mb,4.64,2026-01-22T11:05:00Z
usage_events-004417,EV-0004417,SU-00167,ST-0007,2026-01-22T11:12:00Z,voice,84.7,minutes,0.39,2026-01-22T11:12:00Z
usage_events-004418,EV-0004418,SU-00168,ST-0008,2026-01-22T11:19:00Z,sms,142.9,messages,3.04,2026-01-22T11:19:00Z
usage_events-004419,EV-0004419,SU-00169,ST-0009,2026-01-22T11:26:00Z,data,246.1,mb,2.10,2026-01-22T11:26:00Z
usage_events-004420,EV-0004420,SU-00170,ST-0010,2026-01-22T11:33:00Z,data,460.4,mb,0.33,2026-01-22T11:33:00Z
usage_events-004421,EV-0004421,SU-00171,ST-0011,2026-01-22T11:40:00Z,data,50.5,mb,3.65,2026-01-22T11:40:00Z
usage_events-004422,EV-0004422,SU-00172,ST-0012,2026-01-22T11:47:00Z,voice,87.6,minutes,0.22,2026-01-22T11:47:00Z
usage_events-004423,EV-0004423,SU-00173,ST-0013,2026-01-22T11:54:00Z,sms,6.9,messages,3.77,2026-01-22T11:54:00Z
usage_events-004424,EV-0004424,SU-00174,ST-0014,2026-01-22T12:01:00Z,voice,162.7,minutes,2.73,2026-01-22T12:01:00Z
usage_events-004425,EV-0004425,SU-00175,ST-0015,2026-01-22T12:08:00Z,data,179.6,mb,2.31,2026-01-22T12:08:00Z
usage_events-004426,EV-0004426,SU-00176,ST-0016,2026-01-22T12:15:00Z,sms,350.4,messages,1.53,2026-01-22T12:15:00Z
usage_events-004427,EV-0004427,SU-00177,ST-0017,2026-01-22T12:22:00Z,voice,308.0,minutes,3.24,2026-01-22T12:22:00Z
usage_events-004428,EV-0004428,SU-00178,ST-0018,2026-01-22T12:29:00Z,data,199.2,mb,0.95,2026-01-22T12:29:00Z
usage_events-004429,EV-0004429,SU-00179,ST-0019,2026-01-22T12:36:00Z,data,432.0,mb,2.40,2026-01-22T12:36:00Z
usage_events-004430,EV-0004430,SU-00180,ST-0020,2026-01-22T12:43:00Z,voice,409.9,minutes,1.02,2026-01-22T12:43:00Z
usage_events-004431,EV-0004431,SU-00181,ST-0021,2026-01-22T12:50:00Z,voice,96.1,minutes,0.04,2026-01-22T12:50:00Z
usage_events-004432,EV-0004432,SU-00182,ST-0022,2026-01-22T12:57:00Z,data,19.9,mb,3.29,2026-01-22T12:57:00Z
usage_events-004433,EV-0004433,SU-00183,ST-0023,2026-01-22T13:04:00Z,voice,432.5,minutes,1.12,2026-01-22T13:04:00Z
usage_events-004434,EV-0004434,SU-00184,ST-0024,2026-01-22T13:11:00Z,sms,358.4,messages,2.40,2026-01-22T13:11:00Z
usage_events-004435,EV-0004435,SU-00185,ST-0025,2026-01-22T13:18:00Z,sms,397.8,messages,1.13,2026-01-22T13:18:00Z
usage_events-004436,EV-0004436,SU-00186,ST-0026,2026-01-22T13:25:00Z,data,312.4,mb,0.66,2026-01-22T13:25:00Z
usage_events-004437,EV-0004437,SU-00187,ST-0027,2026-01-22T13:32:00Z,sms,284.2,messages,2.74,2026-01-22T13:32:00Z
usage_events-004438,EV-0004438,SU-00188,ST-0028,2026-01-22T13:39:00Z,voice,158.9,minutes,2.50,2026-01-22T13:39:00Z
usage_events-004439,EV-0004439,SU-00189,ST-0029,2026-01-22T13:46:00Z,sms,472.1,messages,0.52,2026-01-22T13:46:00Z
usage_events-004440,EV-0004440,SU-00190,ST-0030,2026-01-22T13:53:00Z,sms,101.2,messages,4.46,2026-01-22T13:53:00Z
usage_events-004441,EV-0004441,SU-00191,ST-0001,2026-01-22T14:00:00Z,voice,194.6,minutes,0.79,2026-01-22T14:00:00Z
usage_events-004442,EV-0004442,SU-00192,ST-0002,2026-01-22T14:07:00Z,sms,140.9,messages,0.29,2026-01-22T14:07:00Z
usage_events-004443,EV-0004443,SU-00193,ST-0003,2026-01-22T14:14:00Z,voice,226.3,minutes,4.19,2026-01-22T14:14:00Z
usage_events-004444,EV-0004444,SU-00194,ST-0004,2026-01-22T14:21:00Z,data,230.2,mb,0.19,2026-01-22T14:21:00Z
usage_events-004445,EV-0004445,SU-00195,ST-0005,2026-01-22T14:28:00Z,sms,8.9,messages,2.27,2026-01-22T14:28:00Z
usage_events-004446,EV-0004446,SU-00196,ST-0006,2026-01-22T14:35:00Z,data,264.7,mb,2.97,2026-01-22T14:35:00Z
usage_events-004447,EV-0004447,SU-00197,ST-0007,2026-01-22T14:42:00Z,data,338.8,mb,1.65,2026-01-22T14:42:00Z
usage_events-004448,EV-0004448,SU-00198,ST-0008,2026-01-22T14:49:00Z,sms,306.7,messages,2.01,2026-01-22T14:49:00Z
usage_events-004449,EV-0004449,SU-00199,ST-0009,2026-01-22T14:56:00Z,sms,493.4,messages,4.93,2026-01-22T14:56:00Z
usage_events-004450,EV-0004450,SU-00200,ST-0010,2026-01-22T15:03:00Z,data,31.6,mb,1.31,2026-01-22T15:03:00Z
usage_events-004451,EV-0004451,SU-00201,ST-0011,2026-01-22T15:10:00Z,voice,353.2,minutes,3.14,2026-01-22T15:10:00Z
usage_events-004452,EV-0004452,SU-00202,ST-0012,2026-01-22T15:17:00Z,data,97.6,mb,0.47,2026-01-22T15:17:00Z
usage_events-004453,EV-0004453,SU-00203,ST-0013,2026-01-22T15:24:00Z,data,234.4,mb,3.71,2026-01-22T15:24:00Z
usage_events-004454,EV-0004454,SU-00204,ST-0014,2026-01-22T15:31:00Z,voice,433.3,minutes,2.53,2026-01-22T15:31:00Z
usage_events-004455,EV-0004455,SU-00205,ST-0015,2026-01-22T15:38:00Z,voice,66.5,minutes,0.21,2026-01-22T15:38:00Z
usage_events-004456,EV-0004456,SU-00206,ST-0016,2026-01-22T15:45:00Z,voice,453.8,minutes,0.85,2026-01-22T15:45:00Z
usage_events-004457,EV-0004457,SU-00207,ST-0017,2026-01-22T15:52:00Z,data,392.3,mb,1.65,2026-01-22T15:52:00Z
usage_events-004458,EV-0004458,SU-00208,ST-0018,2026-01-22T15:59:00Z,data,158.7,mb,4.65,2026-01-22T15:59:00Z
usage_events-004459,EV-0004459,SU-00209,ST-0019,2026-01-22T16:06:00Z,voice,164.3,minutes,1.41,2026-01-22T16:06:00Z
usage_events-004460,EV-0004460,SU-00210,ST-0020,2026-01-22T16:13:00Z,data,254.9,mb,0.21,2026-01-22T16:13:00Z
usage_events-004461,EV-0004461,SU-00211,ST-0021,2026-01-22T16:20:00Z,voice,186.4,minutes,1.81,2026-01-22T16:20:00Z
usage_events-004462,EV-0004462,SU-00212,ST-0022,2026-01-22T16:27:00Z,voice,153.1,minutes,3.44,2026-01-22T16:27:00Z
usage_events-004463,EV-0004463,SU-00213,ST-0023,2026-01-22T16:34:00Z,voice,367.1,minutes,2.26,2026-01-22T16:34:00Z
usage_events-004464,EV-0004464,SU-00214,ST-0024,2026-01-22T16:41:00Z,data,402.5,mb,4.41,2026-01-22T16:41:00Z
usage_events-004465,EV-0004465,SU-00215,ST-0025,2026-01-22T16:48:00Z,voice,422.5,minutes,0.42,2026-01-22T16:48:00Z
usage_events-004466,EV-0004466,SU-00216,ST-0026,2026-01-22T16:55:00Z,voice,349.1,minutes,1.86,2026-01-22T16:55:00Z
usage_events-004467,EV-0004467,SU-00217,ST-0027,2026-01-22T17:02:00Z,sms,493.8,messages,4.75,2026-01-22T17:02:00Z
usage_events-004468,EV-0004468,SU-00218,ST-0028,2026-01-22T17:09:00Z,voice,119.4,minutes,0.27,2026-01-22T17:09:00Z
usage_events-004469,EV-0004469,SU-00219,ST-0029,2026-01-22T17:16:00Z,data,138.9,mb,4.68,2026-01-22T17:16:00Z
usage_events-004470,EV-0004470,SU-00220,ST-0030,2026-01-22T17:23:00Z,data,100.9,mb,4.77,2026-01-22T17:23:00Z
usage_events-004471,EV-0004471,SU-00221,ST-0001,2026-01-22T17:30:00Z,voice,297.6,minutes,1.22,2026-01-22T17:30:00Z
usage_events-004472,EV-0004472,SU-00222,ST-0002,2026-01-22T17:37:00Z,sms,495.9,messages,2.05,2026-01-22T17:37:00Z
usage_events-004473,EV-0004473,SU-00223,ST-0003,2026-01-22T17:44:00Z,sms,16.8,messages,4.63,2026-01-22T17:44:00Z
usage_events-004474,EV-0004474,SU-00224,ST-0004,2026-01-22T17:51:00Z,sms,406.6,messages,3.61,2026-01-22T17:51:00Z
usage_events-004475,EV-0004475,SU-00225,ST-0005,2026-01-22T17:58:00Z,data,350.8,mb,1.87,2026-01-22T17:58:00Z
usage_events-004476,EV-0004476,SU-00226,ST-0006,2026-01-22T18:05:00Z,voice,69.5,minutes,1.53,2026-01-22T18:05:00Z
usage_events-004477,EV-0004477,SU-00227,ST-0007,2026-01-22T18:12:00Z,voice,65.4,minutes,1.53,2026-01-22T18:12:00Z
usage_events-004478,EV-0004478,SU-00228,ST-0008,2026-01-22T18:19:00Z,voice,4.5,minutes,4.43,2026-01-22T18:19:00Z
usage_events-004479,EV-0004479,SU-00229,ST-0009,2026-01-22T18:26:00Z,sms,87.8,messages,1.69,2026-01-22T18:26:00Z
usage_events-004480,EV-0004480,SU-00230,ST-0010,2026-01-22T18:33:00Z,data,434.3,mb,0.06,2026-01-22T18:33:00Z
usage_events-004481,EV-0004481,SU-00231,ST-0011,2026-01-22T18:40:00Z,data,57.9,mb,1.99,2026-01-22T18:40:00Z
usage_events-004482,EV-0004482,SU-00232,ST-0012,2026-01-22T18:47:00Z,sms,55.8,messages,3.39,2026-01-22T18:47:00Z
usage_events-004483,EV-0004483,SU-00233,ST-0013,2026-01-22T18:54:00Z,data,354.8,mb,2.88,2026-01-22T18:54:00Z
usage_events-004484,EV-0004484,SU-00234,ST-0014,2026-01-22T19:01:00Z,data,160.8,mb,2.35,2026-01-22T19:01:00Z
usage_events-004485,EV-0004485,SU-00235,ST-0015,2026-01-22T19:08:00Z,sms,116.3,messages,4.61,2026-01-22T19:08:00Z
usage_events-004486,EV-0004486,SU-00236,ST-0016,2026-01-22T19:15:00Z,voice,392.6,minutes,2.00,2026-01-22T19:15:00Z
usage_events-004487,EV-0004487,SU-00237,ST-0017,2026-01-22T19:22:00Z,sms,95.8,messages,2.27,2026-01-22T19:22:00Z
usage_events-004488,EV-0004488,SU-00238,ST-0018,2026-01-22T19:29:00Z,sms,223.0,messages,1.66,2026-01-22T19:29:00Z
usage_events-004489,EV-0004489,SU-00239,ST-0019,2026-01-22T19:36:00Z,voice,179.3,minutes,3.37,2026-01-22T19:36:00Z
usage_events-004490,EV-0004490,SU-00240,ST-0020,2026-01-22T19:43:00Z,sms,471.8,messages,4.12,2026-01-22T19:43:00Z
usage_events-004491,EV-0004491,SU-00241,ST-0021,2026-01-22T19:50:00Z,sms,222.4,messages,1.71,2026-01-22T19:50:00Z
usage_events-004492,EV-0004492,SU-00242,ST-0022,2026-01-22T19:57:00Z,voice,49.8,minutes,0.92,2026-01-22T19:57:00Z
usage_events-004493,EV-0004493,SU-00243,ST-0023,2026-01-22T20:04:00Z,sms,308.1,messages,2.11,2026-01-22T20:04:00Z
usage_events-004494,EV-0004494,SU-00244,ST-0024,2026-01-22T20:11:00Z,data,303.8,mb,1.67,2026-01-22T20:11:00Z
usage_events-004495,EV-0004495,SU-00245,ST-0025,2026-01-22T20:18:00Z,data,481.2,mb,0.35,2026-01-22T20:18:00Z
usage_events-004496,EV-0004496,SU-00246,ST-0026,2026-01-22T20:25:00Z,sms,111.0,messages,0.46,2026-01-22T20:25:00Z
usage_events-004497,EV-0004497,SU-00247,ST-0027,2026-01-22T20:32:00Z,voice,8.6,minutes,2.26,2026-01-22T20:32:00Z
usage_events-004498,EV-0004498,SU-00248,ST-0028,2026-01-22T20:39:00Z,data,387.3,mb,0.55,2026-01-22T20:39:00Z
usage_events-004499,EV-0004499,SU-00249,ST-0029,2026-01-22T20:46:00Z,voice,118.8,minutes,0.21,2026-01-22T20:46:00Z
usage_events-004500,EV-0004500,SU-00250,ST-0030,2026-01-22T20:53:00Z,voice,34.5,minutes,4.26,2026-01-22T20:53:00Z
usage_events-004501,EV-0004501,SU-00001,ST-0001,2026-01-22T21:00:00Z,sms,343.8,messages,2.91,2026-01-22T21:00:00Z
usage_events-004502,EV-0004502,SU-00002,ST-0002,2026-01-22T21:07:00Z,voice,468.1,minutes,3.08,2026-01-22T21:07:00Z
usage_events-004503,EV-0004503,SU-00003,ST-0003,2026-01-22T21:14:00Z,sms,6.9,messages,4.05,2026-01-22T21:14:00Z
usage_events-004504,EV-0004504,SU-00004,ST-0004,2026-01-22T21:21:00Z,data,486.2,mb,0.44,2026-01-22T21:21:00Z
usage_events-004505,EV-0004505,SU-00005,ST-0005,2026-01-22T21:28:00Z,sms,256.0,messages,0.77,2026-01-22T21:28:00Z
usage_events-004506,EV-0004506,SU-00006,ST-0006,2026-01-22T21:35:00Z,data,230.0,mb,0.58,2026-01-22T21:35:00Z
usage_events-004507,EV-0004507,SU-00007,ST-0007,2026-01-22T21:42:00Z,sms,169.7,messages,0.29,2026-01-22T21:42:00Z
usage_events-004508,EV-0004508,SU-00008,ST-0008,2026-01-22T21:49:00Z,sms,5.1,messages,3.45,2026-01-22T21:49:00Z
usage_events-004509,EV-0004509,SU-00009,ST-0009,2026-01-22T21:56:00Z,voice,254.9,minutes,2.96,2026-01-22T21:56:00Z
usage_events-004510,EV-0004510,SU-00010,ST-0010,2026-01-22T22:03:00Z,data,259.4,mb,2.58,2026-01-22T22:03:00Z
usage_events-004511,EV-0004511,SU-00011,ST-0011,2026-01-22T22:10:00Z,data,181.4,mb,4.26,2026-01-22T22:10:00Z
usage_events-004512,EV-0004512,SU-00012,ST-0012,2026-01-22T22:17:00Z,sms,196.9,messages,1.61,2026-01-22T22:17:00Z
usage_events-004513,EV-0004513,SU-00013,ST-0013,2026-01-22T22:24:00Z,sms,149.6,messages,3.99,2026-01-22T22:24:00Z
usage_events-004514,EV-0004514,SU-00014,ST-0014,2026-01-22T22:31:00Z,voice,251.6,minutes,3.35,2026-01-22T22:31:00Z
usage_events-004515,EV-0004515,SU-00015,ST-0015,2026-01-22T22:38:00Z,data,223.5,mb,0.45,2026-01-22T22:38:00Z
usage_events-004516,EV-0004516,SU-00016,ST-0016,2026-01-22T22:45:00Z,sms,351.5,messages,3.02,2026-01-22T22:45:00Z
usage_events-004517,EV-0004517,SU-00017,ST-0017,2026-01-22T22:52:00Z,sms,138.1,messages,1.28,2026-01-22T22:52:00Z
usage_events-004518,EV-0004518,SU-00018,ST-0018,2026-01-22T22:59:00Z,data,365.7,mb,4.16,2026-01-22T22:59:00Z
usage_events-004519,EV-0004519,SU-00019,ST-0019,2026-01-22T23:06:00Z,sms,235.2,messages,1.57,2026-01-22T23:06:00Z
usage_events-004520,EV-0004520,SU-00020,ST-0020,2026-01-22T23:13:00Z,voice,215.3,minutes,1.13,2026-01-22T23:13:00Z
usage_events-004521,EV-0004521,SU-00021,ST-0021,2026-01-22T23:20:00Z,sms,465.8,messages,1.09,2026-01-22T23:20:00Z
usage_events-004522,EV-0004522,SU-00022,ST-0022,2026-01-22T23:27:00Z,voice,104.3,minutes,2.11,2026-01-22T23:27:00Z
usage_events-004523,EV-0004523,SU-00023,ST-0023,2026-01-22T23:34:00Z,voice,426.3,minutes,1.83,2026-01-22T23:34:00Z
usage_events-004524,EV-0004524,SU-00024,ST-0024,2026-01-22T23:41:00Z,voice,113.9,minutes,1.56,2026-01-22T23:41:00Z
usage_events-004525,EV-0004525,SU-00025,ST-0025,2026-01-22T23:48:00Z,sms,167.4,messages,1.99,2026-01-22T23:48:00Z
usage_events-004526,EV-0004526,SU-00026,ST-0026,2026-01-22T23:55:00Z,voice,177.4,minutes,2.06,2026-01-22T23:55:00Z
usage_events-004527,EV-0004527,SU-00027,ST-0027,2026-01-23T00:02:00Z,sms,171.6,messages,2.67,2026-01-23T00:02:00Z
usage_events-004528,EV-0004528,SU-00028,ST-0028,2026-01-23T00:09:00Z,data,180.0,mb,3.46,2026-01-23T00:09:00Z
usage_events-004529,EV-0004529,SU-00029,ST-0029,2026-01-23T00:16:00Z,data,295.8,mb,4.52,2026-01-23T00:16:00Z
usage_events-004530,EV-0004530,SU-00030,ST-0030,2026-01-23T00:23:00Z,sms,461.1,messages,4.30,2026-01-23T00:23:00Z
usage_events-004531,EV-0004531,SU-00031,ST-0001,2026-01-23T00:30:00Z,sms,460.5,messages,0.55,2026-01-23T00:30:00Z
usage_events-004532,EV-0004532,SU-00032,ST-0002,2026-01-23T00:37:00Z,voice,90.1,minutes,0.03,2026-01-23T00:37:00Z
usage_events-004533,EV-0004533,SU-00033,ST-0003,2026-01-23T00:44:00Z,data,490.3,mb,0.69,2026-01-23T00:44:00Z
usage_events-004534,EV-0004534,SU-00034,ST-0004,2026-01-23T00:51:00Z,sms,162.4,messages,0.27,2026-01-23T00:51:00Z
usage_events-004535,EV-0004535,SU-00035,ST-0005,2026-01-23T00:58:00Z,data,356.6,mb,0.52,2026-01-23T00:58:00Z
usage_events-004536,EV-0004536,SU-00036,ST-0006,2026-01-23T01:05:00Z,data,93.6,mb,3.42,2026-01-23T01:05:00Z
usage_events-004537,EV-0004537,SU-00037,ST-0007,2026-01-23T01:12:00Z,sms,14.0,messages,4.57,2026-01-23T01:12:00Z
usage_events-004538,EV-0004538,SU-00038,ST-0008,2026-01-23T01:19:00Z,voice,314.9,minutes,4.28,2026-01-23T01:19:00Z
usage_events-004539,EV-0004539,SU-00039,ST-0009,2026-01-23T01:26:00Z,sms,293.7,messages,0.19,2026-01-23T01:26:00Z
usage_events-004540,EV-0004540,SU-00040,ST-0010,2026-01-23T01:33:00Z,data,184.9,mb,3.41,2026-01-23T01:33:00Z
usage_events-004541,EV-0004541,SU-00041,ST-0011,2026-01-23T01:40:00Z,data,468.3,mb,1.68,2026-01-23T01:40:00Z
usage_events-004542,EV-0004542,SU-00042,ST-0012,2026-01-23T01:47:00Z,voice,451.3,minutes,2.80,2026-01-23T01:47:00Z
usage_events-004543,EV-0004543,SU-00043,ST-0013,2026-01-23T01:54:00Z,data,448.1,mb,1.27,2026-01-23T01:54:00Z
usage_events-004544,EV-0004544,SU-00044,ST-0014,2026-01-23T02:01:00Z,voice,158.7,minutes,2.98,2026-01-23T02:01:00Z
usage_events-004545,EV-0004545,SU-00045,ST-0015,2026-01-23T02:08:00Z,data,161.8,mb,1.02,2026-01-23T02:08:00Z
usage_events-004546,EV-0004546,SU-00046,ST-0016,2026-01-23T02:15:00Z,sms,410.0,messages,1.32,2026-01-23T02:15:00Z
usage_events-004547,EV-0004547,SU-00047,ST-0017,2026-01-23T02:22:00Z,voice,447.9,minutes,1.41,2026-01-23T02:22:00Z
usage_events-004548,EV-0004548,SU-00048,ST-0018,2026-01-23T02:29:00Z,data,373.2,mb,1.19,2026-01-23T02:29:00Z
usage_events-004549,EV-0004549,SU-00049,ST-0019,2026-01-23T02:36:00Z,sms,110.0,messages,1.87,2026-01-23T02:36:00Z
usage_events-004550,EV-0004550,SU-00050,ST-0020,2026-01-23T02:43:00Z,sms,386.3,messages,4.72,2026-01-23T02:43:00Z
usage_events-004551,EV-0004551,SU-00051,ST-0021,2026-01-23T02:50:00Z,voice,428.0,minutes,4.38,2026-01-23T02:50:00Z
usage_events-004552,EV-0004552,SU-00052,ST-0022,2026-01-23T02:57:00Z,voice,38.5,minutes,2.23,2026-01-23T02:57:00Z
usage_events-004553,EV-0004553,SU-00053,ST-0023,2026-01-23T03:04:00Z,sms,192.7,messages,1.62,2026-01-23T03:04:00Z
usage_events-004554,EV-0004554,SU-00054,ST-0024,2026-01-23T03:11:00Z,voice,109.0,minutes,1.59,2026-01-23T03:11:00Z
usage_events-004555,EV-0004555,SU-00055,ST-0025,2026-01-23T03:18:00Z,sms,120.5,messages,4.70,2026-01-23T03:18:00Z
usage_events-004556,EV-0004556,SU-00056,ST-0026,2026-01-23T03:25:00Z,data,431.9,mb,3.32,2026-01-23T03:25:00Z
usage_events-004557,EV-0004557,SU-00057,ST-0027,2026-01-23T03:32:00Z,sms,226.1,messages,3.08,2026-01-23T03:32:00Z
usage_events-004558,EV-0004558,SU-00058,ST-0028,2026-01-23T03:39:00Z,sms,340.5,messages,0.87,2026-01-23T03:39:00Z
usage_events-004559,EV-0004559,SU-00059,ST-0029,2026-01-23T03:46:00Z,data,325.2,mb,1.85,2026-01-23T03:46:00Z
usage_events-004560,EV-0004560,SU-00060,ST-0030,2026-01-23T03:53:00Z,sms,130.8,messages,4.48,2026-01-23T03:53:00Z
usage_events-004561,EV-0004561,SU-00061,ST-0001,2026-01-23T04:00:00Z,data,471.1,mb,1.79,2026-01-23T04:00:00Z
usage_events-004562,EV-0004562,SU-00062,ST-0002,2026-01-23T04:07:00Z,data,477.4,mb,2.60,2026-01-23T04:07:00Z
usage_events-004563,EV-0004563,SU-00063,ST-0003,2026-01-23T04:14:00Z,voice,57.0,minutes,1.37,2026-01-23T04:14:00Z
usage_events-004564,EV-0004564,SU-00064,ST-0004,2026-01-23T04:21:00Z,voice,1.7,minutes,4.83,2026-01-23T04:21:00Z
usage_events-004565,EV-0004565,SU-00065,ST-0005,2026-01-23T04:28:00Z,data,51.5,mb,3.08,2026-01-23T04:28:00Z
usage_events-004566,EV-0004566,SU-00066,ST-0006,2026-01-23T04:35:00Z,data,200.2,mb,3.03,2026-01-23T04:35:00Z
usage_events-004567,EV-0004567,SU-00067,ST-0007,2026-01-23T04:42:00Z,data,413.5,mb,3.20,2026-01-23T04:42:00Z
usage_events-004568,EV-0004568,SU-00068,ST-0008,2026-01-23T04:49:00Z,sms,293.0,messages,0.05,2026-01-23T04:49:00Z
usage_events-004569,EV-0004569,SU-00069,ST-0009,2026-01-23T04:56:00Z,voice,13.4,minutes,3.90,2026-01-23T04:56:00Z
usage_events-004570,EV-0004570,SU-00070,ST-0010,2026-01-23T05:03:00Z,voice,99.4,minutes,1.97,2026-01-23T05:03:00Z
usage_events-004571,EV-0004571,SU-00071,ST-0011,2026-01-23T05:10:00Z,sms,163.3,messages,2.43,2026-01-23T05:10:00Z
usage_events-004572,EV-0004572,SU-00072,ST-0012,2026-01-23T05:17:00Z,voice,392.7,minutes,1.68,2026-01-23T05:17:00Z
usage_events-004573,EV-0004573,SU-00073,ST-0013,2026-01-23T05:24:00Z,sms,203.4,messages,1.34,2026-01-23T05:24:00Z
usage_events-004574,EV-0004574,SU-00074,ST-0014,2026-01-23T05:31:00Z,data,44.8,mb,0.12,2026-01-23T05:31:00Z
usage_events-004575,EV-0004575,SU-00075,ST-0015,2026-01-23T05:38:00Z,voice,191.0,minutes,2.38,2026-01-23T05:38:00Z
usage_events-004576,EV-0004576,SU-00076,ST-0016,2026-01-23T05:45:00Z,voice,319.4,minutes,4.02,2026-01-23T05:45:00Z
usage_events-004577,EV-0004577,SU-00077,ST-0017,2026-01-23T05:52:00Z,voice,312.8,minutes,4.32,2026-01-23T05:52:00Z
usage_events-004578,EV-0004578,SU-00078,ST-0018,2026-01-23T05:59:00Z,sms,200.7,messages,0.98,2026-01-23T05:59:00Z
usage_events-004579,EV-0004579,SU-00079,ST-0019,2026-01-23T06:06:00Z,sms,446.2,messages,1.76,2026-01-23T06:06:00Z
usage_events-004580,EV-0004580,SU-00080,ST-0020,2026-01-23T06:13:00Z,sms,176.7,messages,3.09,2026-01-23T06:13:00Z
usage_events-004581,EV-0004581,SU-00081,ST-0021,2026-01-23T06:20:00Z,sms,276.1,messages,0.41,2026-01-23T06:20:00Z
usage_events-004582,EV-0004582,SU-00082,ST-0022,2026-01-23T06:27:00Z,sms,443.1,messages,0.20,2026-01-23T06:27:00Z
usage_events-004583,EV-0004583,SU-00083,ST-0023,2026-01-23T06:34:00Z,voice,283.8,minutes,1.83,2026-01-23T06:34:00Z
usage_events-004584,EV-0004584,SU-00084,ST-0024,2026-01-23T06:41:00Z,data,96.6,mb,0.46,2026-01-23T06:41:00Z
usage_events-004585,EV-0004585,SU-00085,ST-0025,2026-01-23T06:48:00Z,voice,232.6,minutes,4.68,2026-01-23T06:48:00Z
usage_events-004586,EV-0004586,SU-00086,ST-0026,2026-01-23T06:55:00Z,data,161.0,mb,2.24,2026-01-23T06:55:00Z
usage_events-004587,EV-0004587,SU-00087,ST-0027,2026-01-23T07:02:00Z,data,24.0,mb,3.78,2026-01-23T07:02:00Z
usage_events-004588,EV-0004588,SU-00088,ST-0028,2026-01-23T07:09:00Z,sms,240.9,messages,1.49,2026-01-23T07:09:00Z
usage_events-004589,EV-0004589,SU-00089,ST-0029,2026-01-23T07:16:00Z,voice,378.8,minutes,3.42,2026-01-23T07:16:00Z
usage_events-004590,EV-0004590,SU-00090,ST-0030,2026-01-23T07:23:00Z,voice,420.5,minutes,2.36,2026-01-23T07:23:00Z
usage_events-004591,EV-0004591,SU-00091,ST-0001,2026-01-23T07:30:00Z,data,151.5,mb,0.14,2026-01-23T07:30:00Z
usage_events-004592,EV-0004592,SU-00092,ST-0002,2026-01-23T07:37:00Z,sms,438.4,messages,4.49,2026-01-23T07:37:00Z
usage_events-004593,EV-0004593,SU-00093,ST-0003,2026-01-23T07:44:00Z,data,485.9,mb,0.33,2026-01-23T07:44:00Z
usage_events-004594,EV-0004594,SU-00094,ST-0004,2026-01-23T07:51:00Z,data,239.1,mb,5.00,2026-01-23T07:51:00Z
usage_events-004595,EV-0004595,SU-00095,ST-0005,2026-01-23T07:58:00Z,data,292.6,mb,2.31,2026-01-23T07:58:00Z
usage_events-004596,EV-0004596,SU-00096,ST-0006,2026-01-23T08:05:00Z,data,418.8,mb,1.70,2026-01-23T08:05:00Z
usage_events-004597,EV-0004597,SU-00097,ST-0007,2026-01-23T08:12:00Z,data,155.7,mb,4.96,2026-01-23T08:12:00Z
usage_events-004598,EV-0004598,SU-00098,ST-0008,2026-01-23T08:19:00Z,sms,423.5,messages,1.58,2026-01-23T08:19:00Z
usage_events-004599,EV-0004599,SU-00099,ST-0009,2026-01-23T08:26:00Z,sms,118.3,messages,0.72,2026-01-23T08:26:00Z
usage_events-004600,EV-0004600,SU-00100,ST-0010,2026-01-23T08:33:00Z,data,417.3,mb,2.96,2026-01-23T08:33:00Z
usage_events-004601,EV-0004601,SU-00101,ST-0011,2026-01-23T08:40:00Z,data,165.8,mb,0.80,2026-01-23T08:40:00Z
usage_events-004602,EV-0004602,SU-00102,ST-0012,2026-01-23T08:47:00Z,data,429.0,mb,0.59,2026-01-23T08:47:00Z
usage_events-004603,EV-0004603,SU-00103,ST-0013,2026-01-23T08:54:00Z,sms,257.8,messages,4.00,2026-01-23T08:54:00Z
usage_events-004604,EV-0004604,SU-00104,ST-0014,2026-01-23T09:01:00Z,sms,324.5,messages,4.02,2026-01-23T09:01:00Z
usage_events-004605,EV-0004605,SU-00105,ST-0015,2026-01-23T09:08:00Z,data,119.4,mb,4.36,2026-01-23T09:08:00Z
usage_events-004606,EV-0004606,SU-00106,ST-0016,2026-01-23T09:15:00Z,voice,7.1,minutes,0.04,2026-01-23T09:15:00Z
usage_events-004607,EV-0004607,SU-00107,ST-0017,2026-01-23T09:22:00Z,sms,326.5,messages,4.14,2026-01-23T09:22:00Z
usage_events-004608,EV-0004608,SU-00108,ST-0018,2026-01-23T09:29:00Z,sms,482.9,messages,3.56,2026-01-23T09:29:00Z
usage_events-004609,EV-0004609,SU-00109,ST-0019,2026-01-23T09:36:00Z,sms,335.7,messages,0.73,2026-01-23T09:36:00Z
usage_events-004610,EV-0004610,SU-00110,ST-0020,2026-01-23T09:43:00Z,data,446.9,mb,0.97,2026-01-23T09:43:00Z
usage_events-004611,EV-0004611,SU-00111,ST-0021,2026-01-23T09:50:00Z,data,22.8,mb,0.09,2026-01-23T09:50:00Z
usage_events-004612,EV-0004612,SU-00112,ST-0022,2026-01-23T09:57:00Z,data,432.8,mb,0.34,2026-01-23T09:57:00Z
usage_events-004613,EV-0004613,SU-00113,ST-0023,2026-01-23T10:04:00Z,data,221.9,mb,2.13,2026-01-23T10:04:00Z
usage_events-004614,EV-0004614,SU-00114,ST-0024,2026-01-23T10:11:00Z,sms,274.8,messages,3.52,2026-01-23T10:11:00Z
usage_events-004615,EV-0004615,SU-00115,ST-0025,2026-01-23T10:18:00Z,voice,493.9,minutes,2.47,2026-01-23T10:18:00Z
usage_events-004616,EV-0004616,SU-00116,ST-0026,2026-01-23T10:25:00Z,data,301.7,mb,1.43,2026-01-23T10:25:00Z
usage_events-004617,EV-0004617,SU-00117,ST-0027,2026-01-23T10:32:00Z,voice,445.2,minutes,2.82,2026-01-23T10:32:00Z
usage_events-004618,EV-0004618,SU-00118,ST-0028,2026-01-23T10:39:00Z,sms,384.4,messages,3.93,2026-01-23T10:39:00Z
usage_events-004619,EV-0004619,SU-00119,ST-0029,2026-01-23T10:46:00Z,sms,272.8,messages,2.95,2026-01-23T10:46:00Z
usage_events-004620,EV-0004620,SU-00120,ST-0030,2026-01-23T10:53:00Z,voice,485.8,minutes,1.80,2026-01-23T10:53:00Z
usage_events-004621,EV-0004621,SU-00121,ST-0001,2026-01-23T11:00:00Z,data,309.5,mb,0.73,2026-01-23T11:00:00Z
usage_events-004622,EV-0004622,SU-00122,ST-0002,2026-01-23T11:07:00Z,sms,398.6,messages,0.38,2026-01-23T11:07:00Z
usage_events-004623,EV-0004623,SU-00123,ST-0003,2026-01-23T11:14:00Z,voice,307.9,minutes,0.87,2026-01-23T11:14:00Z
usage_events-004624,EV-0004624,SU-00124,ST-0004,2026-01-23T11:21:00Z,voice,435.9,minutes,2.78,2026-01-23T11:21:00Z
usage_events-004625,EV-0004625,SU-00125,ST-0005,2026-01-23T11:28:00Z,voice,90.6,minutes,1.91,2026-01-23T11:28:00Z
usage_events-004626,EV-0004626,SU-00126,ST-0006,2026-01-23T11:35:00Z,sms,408.7,messages,4.55,2026-01-23T11:35:00Z
usage_events-004627,EV-0004627,SU-00127,ST-0007,2026-01-23T11:42:00Z,sms,250.8,messages,3.53,2026-01-23T11:42:00Z
usage_events-004628,EV-0004628,SU-00128,ST-0008,2026-01-23T11:49:00Z,sms,72.7,messages,0.71,2026-01-23T11:49:00Z
usage_events-004629,EV-0004629,SU-00129,ST-0009,2026-01-23T11:56:00Z,data,497.5,mb,0.73,2026-01-23T11:56:00Z
usage_events-004630,EV-0004630,SU-00130,ST-0010,2026-01-23T12:03:00Z,voice,413.1,minutes,4.03,2026-01-23T12:03:00Z
usage_events-004631,EV-0004631,SU-00131,ST-0011,2026-01-23T12:10:00Z,sms,313.8,messages,3.65,2026-01-23T12:10:00Z
usage_events-004632,EV-0004632,SU-00132,ST-0012,2026-01-23T12:17:00Z,voice,367.4,minutes,4.55,2026-01-23T12:17:00Z
usage_events-004633,EV-0004633,SU-00133,ST-0013,2026-01-23T12:24:00Z,data,138.9,mb,2.12,2026-01-23T12:24:00Z
usage_events-004634,EV-0004634,SU-00134,ST-0014,2026-01-23T12:31:00Z,data,227.8,mb,4.47,2026-01-23T12:31:00Z
usage_events-004635,EV-0004635,SU-00135,ST-0015,2026-01-23T12:38:00Z,sms,74.1,messages,0.00,2026-01-23T12:38:00Z
usage_events-004636,EV-0004636,SU-00136,ST-0016,2026-01-23T12:45:00Z,data,292.0,mb,4.03,2026-01-23T12:45:00Z
usage_events-004637,EV-0004637,SU-00137,ST-0017,2026-01-23T12:52:00Z,data,238.0,mb,0.43,2026-01-23T12:52:00Z
usage_events-004638,EV-0004638,SU-00138,ST-0018,2026-01-23T12:59:00Z,voice,191.2,minutes,3.57,2026-01-23T12:59:00Z
usage_events-004639,EV-0004639,SU-00139,ST-0019,2026-01-23T13:06:00Z,data,250.3,mb,0.27,2026-01-23T13:06:00Z
usage_events-004640,EV-0004640,SU-00140,ST-0020,2026-01-23T13:13:00Z,sms,459.0,messages,1.03,2026-01-23T13:13:00Z
usage_events-004641,EV-0004641,SU-00141,ST-0021,2026-01-23T13:20:00Z,voice,382.3,minutes,3.49,2026-01-23T13:20:00Z
usage_events-004642,EV-0004642,SU-00142,ST-0022,2026-01-23T13:27:00Z,voice,472.9,minutes,2.42,2026-01-23T13:27:00Z
usage_events-004643,EV-0004643,SU-00143,ST-0023,2026-01-23T13:34:00Z,voice,372.7,minutes,4.51,2026-01-23T13:34:00Z
usage_events-004644,EV-0004644,SU-00144,ST-0024,2026-01-23T13:41:00Z,data,100.0,mb,4.60,2026-01-23T13:41:00Z
usage_events-004645,EV-0004645,SU-00145,ST-0025,2026-01-23T13:48:00Z,sms,193.8,messages,0.04,2026-01-23T13:48:00Z
usage_events-004646,EV-0004646,SU-00146,ST-0026,2026-01-23T13:55:00Z,sms,360.8,messages,3.72,2026-01-23T13:55:00Z
usage_events-004647,EV-0004647,SU-00147,ST-0027,2026-01-23T14:02:00Z,sms,60.5,messages,0.12,2026-01-23T14:02:00Z
usage_events-004648,EV-0004648,SU-00148,ST-0028,2026-01-23T14:09:00Z,voice,480.5,minutes,4.64,2026-01-23T14:09:00Z
usage_events-004649,EV-0004649,SU-00149,ST-0029,2026-01-23T14:16:00Z,data,335.3,mb,3.73,2026-01-23T14:16:00Z
usage_events-004650,EV-0004650,SU-00150,ST-0030,2026-01-23T14:23:00Z,sms,340.2,messages,3.25,2026-01-23T14:23:00Z
usage_events-004651,EV-0004651,SU-00151,ST-0001,2026-01-23T14:30:00Z,data,346.6,mb,4.28,2026-01-23T14:30:00Z
usage_events-004652,EV-0004652,SU-00152,ST-0002,2026-01-23T14:37:00Z,data,423.0,mb,2.78,2026-01-23T14:37:00Z
usage_events-004653,EV-0004653,SU-00153,ST-0003,2026-01-23T14:44:00Z,sms,277.6,messages,2.03,2026-01-23T14:44:00Z
usage_events-004654,EV-0004654,SU-00154,ST-0004,2026-01-23T14:51:00Z,data,106.8,mb,0.38,2026-01-23T14:51:00Z
usage_events-004655,EV-0004655,SU-00155,ST-0005,2026-01-23T14:58:00Z,voice,430.5,minutes,2.22,2026-01-23T14:58:00Z
usage_events-004656,EV-0004656,SU-00156,ST-0006,2026-01-23T15:05:00Z,data,364.6,mb,1.21,2026-01-23T15:05:00Z
usage_events-004657,EV-0004657,SU-00157,ST-0007,2026-01-23T15:12:00Z,data,219.1,mb,2.80,2026-01-23T15:12:00Z
usage_events-004658,EV-0004658,SU-00158,ST-0008,2026-01-23T15:19:00Z,sms,333.6,messages,3.98,2026-01-23T15:19:00Z
usage_events-004659,EV-0004659,SU-00159,ST-0009,2026-01-23T15:26:00Z,data,427.6,mb,4.16,2026-01-23T15:26:00Z
usage_events-004660,EV-0004660,SU-00160,ST-0010,2026-01-23T15:33:00Z,voice,290.3,minutes,3.45,2026-01-23T15:33:00Z
usage_events-004661,EV-0004661,SU-00161,ST-0011,2026-01-23T15:40:00Z,voice,207.6,minutes,0.11,2026-01-23T15:40:00Z
usage_events-004662,EV-0004662,SU-00162,ST-0012,2026-01-23T15:47:00Z,voice,494.3,minutes,3.12,2026-01-23T15:47:00Z
usage_events-004663,EV-0004663,SU-00163,ST-0013,2026-01-23T15:54:00Z,data,118.9,mb,1.62,2026-01-23T15:54:00Z
usage_events-004664,EV-0004664,SU-00164,ST-0014,2026-01-23T16:01:00Z,voice,111.7,minutes,5.00,2026-01-23T16:01:00Z
usage_events-004665,EV-0004665,SU-00165,ST-0015,2026-01-23T16:08:00Z,voice,261.8,minutes,0.48,2026-01-23T16:08:00Z
usage_events-004666,EV-0004666,SU-00166,ST-0016,2026-01-23T16:15:00Z,voice,111.9,minutes,4.92,2026-01-23T16:15:00Z
usage_events-004667,EV-0004667,SU-00167,ST-0017,2026-01-23T16:22:00Z,sms,406.9,messages,1.32,2026-01-23T16:22:00Z
usage_events-004668,EV-0004668,SU-00168,ST-0018,2026-01-23T16:29:00Z,voice,385.3,minutes,0.95,2026-01-23T16:29:00Z
usage_events-004669,EV-0004669,SU-00169,ST-0019,2026-01-23T16:36:00Z,voice,217.1,minutes,1.59,2026-01-23T16:36:00Z
usage_events-004670,EV-0004670,SU-00170,ST-0020,2026-01-23T16:43:00Z,voice,312.6,minutes,1.61,2026-01-23T16:43:00Z
usage_events-004671,EV-0004671,SU-00171,ST-0021,2026-01-23T16:50:00Z,voice,325.2,minutes,1.93,2026-01-23T16:50:00Z
usage_events-004672,EV-0004672,SU-00172,ST-0022,2026-01-23T16:57:00Z,voice,309.4,minutes,2.04,2026-01-23T16:57:00Z
usage_events-004673,EV-0004673,SU-00173,ST-0023,2026-01-23T17:04:00Z,voice,210.0,minutes,4.67,2026-01-23T17:04:00Z
usage_events-004674,EV-0004674,SU-00174,ST-0024,2026-01-23T17:11:00Z,voice,5.6,minutes,1.30,2026-01-23T17:11:00Z
usage_events-004675,EV-0004675,SU-00175,ST-0025,2026-01-23T17:18:00Z,data,301.4,mb,2.07,2026-01-23T17:18:00Z
usage_events-004676,EV-0004676,SU-00176,ST-0026,2026-01-23T17:25:00Z,voice,379.3,minutes,3.23,2026-01-23T17:25:00Z
usage_events-004677,EV-0004677,SU-00177,ST-0027,2026-01-23T17:32:00Z,voice,443.3,minutes,1.86,2026-01-23T17:32:00Z
usage_events-004678,EV-0004678,SU-00178,ST-0028,2026-01-23T17:39:00Z,data,478.5,mb,1.23,2026-01-23T17:39:00Z
usage_events-004679,EV-0004679,SU-00179,ST-0029,2026-01-23T17:46:00Z,data,134.1,mb,4.57,2026-01-23T17:46:00Z
usage_events-004680,EV-0004680,SU-00180,ST-0030,2026-01-23T17:53:00Z,data,434.1,mb,0.55,2026-01-23T17:53:00Z
usage_events-004681,EV-0004681,SU-00181,ST-0001,2026-01-23T18:00:00Z,data,64.0,mb,3.77,2026-01-23T18:00:00Z
usage_events-004682,EV-0004682,SU-00182,ST-0002,2026-01-23T18:07:00Z,data,1.8,mb,0.30,2026-01-23T18:07:00Z
usage_events-004683,EV-0004683,SU-00183,ST-0003,2026-01-23T18:14:00Z,data,308.1,mb,2.17,2026-01-23T18:14:00Z
usage_events-004684,EV-0004684,SU-00184,ST-0004,2026-01-23T18:21:00Z,data,404.2,mb,2.04,2026-01-23T18:21:00Z
usage_events-004685,EV-0004685,SU-00185,ST-0005,2026-01-23T18:28:00Z,data,485.9,mb,3.22,2026-01-23T18:28:00Z
usage_events-004686,EV-0004686,SU-00186,ST-0006,2026-01-23T18:35:00Z,voice,497.2,minutes,0.85,2026-01-23T18:35:00Z
usage_events-004687,EV-0004687,SU-00187,ST-0007,2026-01-23T18:42:00Z,voice,473.4,minutes,2.14,2026-01-23T18:42:00Z
usage_events-004688,EV-0004688,SU-00188,ST-0008,2026-01-23T18:49:00Z,data,124.0,mb,0.92,2026-01-23T18:49:00Z
usage_events-004689,EV-0004689,SU-00189,ST-0009,2026-01-23T18:56:00Z,data,81.2,mb,1.68,2026-01-23T18:56:00Z
usage_events-004690,EV-0004690,SU-00190,ST-0010,2026-01-23T19:03:00Z,voice,404.1,minutes,3.63,2026-01-23T19:03:00Z
usage_events-004691,EV-0004691,SU-00191,ST-0011,2026-01-23T19:10:00Z,data,71.2,mb,2.65,2026-01-23T19:10:00Z
usage_events-004692,EV-0004692,SU-00192,ST-0012,2026-01-23T19:17:00Z,data,226.8,mb,2.87,2026-01-23T19:17:00Z
usage_events-004693,EV-0004693,SU-00193,ST-0013,2026-01-23T19:24:00Z,voice,184.1,minutes,2.20,2026-01-23T19:24:00Z
usage_events-004694,EV-0004694,SU-00194,ST-0014,2026-01-23T19:31:00Z,sms,330.4,messages,4.96,2026-01-23T19:31:00Z
usage_events-004695,EV-0004695,SU-00195,ST-0015,2026-01-23T19:38:00Z,voice,310.7,minutes,3.37,2026-01-23T19:38:00Z
usage_events-004696,EV-0004696,SU-00196,ST-0016,2026-01-23T19:45:00Z,sms,366.9,messages,1.60,2026-01-23T19:45:00Z
usage_events-004697,EV-0004697,SU-00197,ST-0017,2026-01-23T19:52:00Z,data,281.9,mb,2.20,2026-01-23T19:52:00Z
usage_events-004698,EV-0004698,SU-00198,ST-0018,2026-01-23T19:59:00Z,sms,254.6,messages,3.20,2026-01-23T19:59:00Z
usage_events-004699,EV-0004699,SU-00199,ST-0019,2026-01-23T20:06:00Z,voice,343.6,minutes,2.57,2026-01-23T20:06:00Z
usage_events-004700,EV-0004700,SU-00200,ST-0020,2026-01-23T20:13:00Z,data,38.6,mb,4.31,2026-01-23T20:13:00Z
usage_events-004701,EV-0004701,SU-00201,ST-0021,2026-01-23T20:20:00Z,sms,411.7,messages,0.98,2026-01-23T20:20:00Z
usage_events-004702,EV-0004702,SU-00202,ST-0022,2026-01-23T20:27:00Z,voice,175.2,minutes,0.06,2026-01-23T20:27:00Z
usage_events-004703,EV-0004703,SU-00203,ST-0023,2026-01-23T20:34:00Z,data,41.7,mb,2.42,2026-01-23T20:34:00Z
usage_events-004704,EV-0004704,SU-00204,ST-0024,2026-01-23T20:41:00Z,data,333.7,mb,1.35,2026-01-23T20:41:00Z
usage_events-004705,EV-0004705,SU-00205,ST-0025,2026-01-23T20:48:00Z,sms,474.5,messages,4.07,2026-01-23T20:48:00Z
usage_events-004706,EV-0004706,SU-00206,ST-0026,2026-01-23T20:55:00Z,sms,498.0,messages,4.10,2026-01-23T20:55:00Z
usage_events-004707,EV-0004707,SU-00207,ST-0027,2026-01-23T21:02:00Z,data,130.7,mb,2.92,2026-01-23T21:02:00Z
usage_events-004708,EV-0004708,SU-00208,ST-0028,2026-01-23T21:09:00Z,voice,405.6,minutes,0.36,2026-01-23T21:09:00Z
usage_events-004709,EV-0004709,SU-00209,ST-0029,2026-01-23T21:16:00Z,sms,192.4,messages,2.91,2026-01-23T21:16:00Z
usage_events-004710,EV-0004710,SU-00210,ST-0030,2026-01-23T21:23:00Z,voice,336.6,minutes,4.89,2026-01-23T21:23:00Z
usage_events-004711,EV-0004711,SU-00211,ST-0001,2026-01-23T21:30:00Z,voice,142.1,minutes,3.61,2026-01-23T21:30:00Z
usage_events-004712,EV-0004712,SU-00212,ST-0002,2026-01-23T21:37:00Z,data,149.9,mb,2.20,2026-01-23T21:37:00Z
usage_events-004713,EV-0004713,SU-00213,ST-0003,2026-01-23T21:44:00Z,sms,242.0,messages,1.88,2026-01-23T21:44:00Z
usage_events-004714,EV-0004714,SU-00214,ST-0004,2026-01-23T21:51:00Z,data,494.4,mb,0.30,2026-01-23T21:51:00Z
usage_events-004715,EV-0004715,SU-00215,ST-0005,2026-01-23T21:58:00Z,data,310.0,mb,2.87,2026-01-23T21:58:00Z
usage_events-004716,EV-0004716,SU-00216,ST-0006,2026-01-23T22:05:00Z,data,373.7,mb,4.23,2026-01-23T22:05:00Z
usage_events-004717,EV-0004717,SU-00217,ST-0007,2026-01-23T22:12:00Z,data,270.8,mb,3.81,2026-01-23T22:12:00Z
usage_events-004718,EV-0004718,SU-00218,ST-0008,2026-01-23T22:19:00Z,sms,349.4,messages,2.43,2026-01-23T22:19:00Z
usage_events-004719,EV-0004719,SU-00219,ST-0009,2026-01-23T22:26:00Z,voice,488.8,minutes,0.96,2026-01-23T22:26:00Z
usage_events-004720,EV-0004720,SU-00220,ST-0010,2026-01-23T22:33:00Z,data,426.1,mb,0.66,2026-01-23T22:33:00Z
usage_events-004721,EV-0004721,SU-00221,ST-0011,2026-01-23T22:40:00Z,sms,242.7,messages,0.83,2026-01-23T22:40:00Z
usage_events-004722,EV-0004722,SU-00222,ST-0012,2026-01-23T22:47:00Z,data,294.5,mb,0.71,2026-01-23T22:47:00Z
usage_events-004723,EV-0004723,SU-00223,ST-0013,2026-01-23T22:54:00Z,data,490.6,mb,1.54,2026-01-23T22:54:00Z
usage_events-004724,EV-0004724,SU-00224,ST-0014,2026-01-23T23:01:00Z,data,305.4,mb,4.42,2026-01-23T23:01:00Z
usage_events-004725,EV-0004725,SU-00225,ST-0015,2026-01-23T23:08:00Z,sms,448.0,messages,2.60,2026-01-23T23:08:00Z
usage_events-004726,EV-0004726,SU-00226,ST-0016,2026-01-23T23:15:00Z,voice,153.9,minutes,3.99,2026-01-23T23:15:00Z
usage_events-004727,EV-0004727,SU-00227,ST-0017,2026-01-23T23:22:00Z,data,89.0,mb,0.61,2026-01-23T23:22:00Z
usage_events-004728,EV-0004728,SU-00228,ST-0018,2026-01-23T23:29:00Z,voice,268.8,minutes,4.04,2026-01-23T23:29:00Z
usage_events-004729,EV-0004729,SU-00229,ST-0019,2026-01-23T23:36:00Z,voice,459.3,minutes,3.10,2026-01-23T23:36:00Z
usage_events-004730,EV-0004730,SU-00230,ST-0020,2026-01-23T23:43:00Z,data,316.8,mb,0.04,2026-01-23T23:43:00Z
usage_events-004731,EV-0004731,SU-00231,ST-0021,2026-01-23T23:50:00Z,voice,405.3,minutes,3.20,2026-01-23T23:50:00Z
usage_events-004732,EV-0004732,SU-00232,ST-0022,2026-01-23T23:57:00Z,voice,482.7,minutes,0.83,2026-01-23T23:57:00Z
usage_events-004733,EV-0004733,SU-00233,ST-0023,2026-01-24T00:04:00Z,voice,166.6,minutes,3.52,2026-01-24T00:04:00Z
usage_events-004734,EV-0004734,SU-00234,ST-0024,2026-01-24T00:11:00Z,data,66.7,mb,2.55,2026-01-24T00:11:00Z
usage_events-004735,EV-0004735,SU-00235,ST-0025,2026-01-24T00:18:00Z,sms,345.2,messages,4.50,2026-01-24T00:18:00Z
usage_events-004736,EV-0004736,SU-00236,ST-0026,2026-01-24T00:25:00Z,sms,67.8,messages,4.41,2026-01-24T00:25:00Z
usage_events-004737,EV-0004737,SU-00237,ST-0027,2026-01-24T00:32:00Z,sms,316.7,messages,3.98,2026-01-24T00:32:00Z
usage_events-004738,EV-0004738,SU-00238,ST-0028,2026-01-24T00:39:00Z,voice,293.2,minutes,0.48,2026-01-24T00:39:00Z
usage_events-004739,EV-0004739,SU-00239,ST-0029,2026-01-24T00:46:00Z,sms,102.6,messages,1.52,2026-01-24T00:46:00Z
usage_events-004740,EV-0004740,SU-00240,ST-0030,2026-01-24T00:53:00Z,voice,196.4,minutes,0.73,2026-01-24T00:53:00Z
usage_events-004741,EV-0004741,SU-00241,ST-0001,2026-01-24T01:00:00Z,sms,5.2,messages,0.32,2026-01-24T01:00:00Z
usage_events-004742,EV-0004742,SU-00242,ST-0002,2026-01-24T01:07:00Z,voice,326.1,minutes,3.52,2026-01-24T01:07:00Z
usage_events-004743,EV-0004743,SU-00243,ST-0003,2026-01-24T01:14:00Z,voice,437.4,minutes,3.03,2026-01-24T01:14:00Z
usage_events-004744,EV-0004744,SU-00244,ST-0004,2026-01-24T01:21:00Z,data,451.0,mb,2.20,2026-01-24T01:21:00Z
usage_events-004745,EV-0004745,SU-00245,ST-0005,2026-01-24T01:28:00Z,voice,311.5,minutes,3.50,2026-01-24T01:28:00Z
usage_events-004746,EV-0004746,SU-00246,ST-0006,2026-01-24T01:35:00Z,voice,489.4,minutes,4.10,2026-01-24T01:35:00Z
usage_events-004747,EV-0004747,SU-00247,ST-0007,2026-01-24T01:42:00Z,data,364.9,mb,1.50,2026-01-24T01:42:00Z
usage_events-004748,EV-0004748,SU-00248,ST-0008,2026-01-24T01:49:00Z,sms,186.0,messages,3.66,2026-01-24T01:49:00Z
usage_events-004749,EV-0004749,SU-00249,ST-0009,2026-01-24T01:56:00Z,voice,105.7,minutes,3.14,2026-01-24T01:56:00Z
usage_events-004750,EV-0004750,SU-00250,ST-0010,2026-01-24T02:03:00Z,voice,187.4,minutes,2.60,2026-01-24T02:03:00Z
usage_events-004751,EV-0004751,SU-00001,ST-0011,2026-01-24T02:10:00Z,data,282.9,mb,0.28,2026-01-24T02:10:00Z
usage_events-004752,EV-0004752,SU-00002,ST-0012,2026-01-24T02:17:00Z,voice,391.9,minutes,0.95,2026-01-24T02:17:00Z
usage_events-004753,EV-0004753,SU-00003,ST-0013,2026-01-24T02:24:00Z,data,449.0,mb,4.36,2026-01-24T02:24:00Z
usage_events-004754,EV-0004754,SU-00004,ST-0014,2026-01-24T02:31:00Z,data,200.7,mb,0.90,2026-01-24T02:31:00Z
usage_events-004755,EV-0004755,SU-00005,ST-0015,2026-01-24T02:38:00Z,voice,457.0,minutes,3.71,2026-01-24T02:38:00Z
usage_events-004756,EV-0004756,SU-00006,ST-0016,2026-01-24T02:45:00Z,data,248.3,mb,0.17,2026-01-24T02:45:00Z
usage_events-004757,EV-0004757,SU-00007,ST-0017,2026-01-24T02:52:00Z,voice,129.8,minutes,3.03,2026-01-24T02:52:00Z
usage_events-004758,EV-0004758,SU-00008,ST-0018,2026-01-24T02:59:00Z,voice,188.3,minutes,3.45,2026-01-24T02:59:00Z
usage_events-004759,EV-0004759,SU-00009,ST-0019,2026-01-24T03:06:00Z,voice,305.8,minutes,4.74,2026-01-24T03:06:00Z
usage_events-004760,EV-0004760,SU-00010,ST-0020,2026-01-24T03:13:00Z,voice,214.6,minutes,2.03,2026-01-24T03:13:00Z
usage_events-004761,EV-0004761,SU-00011,ST-0021,2026-01-24T03:20:00Z,data,295.8,mb,3.99,2026-01-24T03:20:00Z
usage_events-004762,EV-0004762,SU-00012,ST-0022,2026-01-24T03:27:00Z,sms,2.5,messages,3.40,2026-01-24T03:27:00Z
usage_events-004763,EV-0004763,SU-00013,ST-0023,2026-01-24T03:34:00Z,voice,202.5,minutes,2.32,2026-01-24T03:34:00Z
usage_events-004764,EV-0004764,SU-00014,ST-0024,2026-01-24T03:41:00Z,sms,334.3,messages,3.96,2026-01-24T03:41:00Z
usage_events-004765,EV-0004765,SU-00015,ST-0025,2026-01-24T03:48:00Z,voice,411.4,minutes,4.85,2026-01-24T03:48:00Z
usage_events-004766,EV-0004766,SU-00016,ST-0026,2026-01-24T03:55:00Z,data,179.4,mb,4.13,2026-01-24T03:55:00Z
usage_events-004767,EV-0004767,SU-00017,ST-0027,2026-01-24T04:02:00Z,voice,277.1,minutes,0.09,2026-01-24T04:02:00Z
usage_events-004768,EV-0004768,SU-00018,ST-0028,2026-01-24T04:09:00Z,sms,71.5,messages,0.97,2026-01-24T04:09:00Z
usage_events-004769,EV-0004769,SU-00019,ST-0029,2026-01-24T04:16:00Z,data,295.7,mb,1.71,2026-01-24T04:16:00Z
usage_events-004770,EV-0004770,SU-00020,ST-0030,2026-01-24T04:23:00Z,data,114.0,mb,4.66,2026-01-24T04:23:00Z
usage_events-004771,EV-0004771,SU-00021,ST-0001,2026-01-24T04:30:00Z,data,178.8,mb,4.65,2026-01-24T04:30:00Z
usage_events-004772,EV-0004772,SU-00022,ST-0002,2026-01-24T04:37:00Z,voice,103.4,minutes,4.74,2026-01-24T04:37:00Z
usage_events-004773,EV-0004773,SU-00023,ST-0003,2026-01-24T04:44:00Z,data,250.7,mb,0.97,2026-01-24T04:44:00Z
usage_events-004774,EV-0004774,SU-00024,ST-0004,2026-01-24T04:51:00Z,data,345.2,mb,0.00,2026-01-24T04:51:00Z
usage_events-004775,EV-0004775,SU-00025,ST-0005,2026-01-24T04:58:00Z,sms,421.1,messages,2.51,2026-01-24T04:58:00Z
usage_events-004776,EV-0004776,SU-00026,ST-0006,2026-01-24T05:05:00Z,voice,178.6,minutes,0.41,2026-01-24T05:05:00Z
usage_events-004777,EV-0004777,SU-00027,ST-0007,2026-01-24T05:12:00Z,data,399.0,mb,3.42,2026-01-24T05:12:00Z
usage_events-004778,EV-0004778,SU-00028,ST-0008,2026-01-24T05:19:00Z,voice,99.7,minutes,0.77,2026-01-24T05:19:00Z
usage_events-004779,EV-0004779,SU-00029,ST-0009,2026-01-24T05:26:00Z,data,291.6,mb,0.59,2026-01-24T05:26:00Z
usage_events-004780,EV-0004780,SU-00030,ST-0010,2026-01-24T05:33:00Z,voice,206.2,minutes,2.29,2026-01-24T05:33:00Z
usage_events-004781,EV-0004781,SU-00031,ST-0011,2026-01-24T05:40:00Z,sms,49.9,messages,1.03,2026-01-24T05:40:00Z
usage_events-004782,EV-0004782,SU-00032,ST-0012,2026-01-24T05:47:00Z,voice,8.4,minutes,4.19,2026-01-24T05:47:00Z
usage_events-004783,EV-0004783,SU-00033,ST-0013,2026-01-24T05:54:00Z,data,265.9,mb,0.62,2026-01-24T05:54:00Z
usage_events-004784,EV-0004784,SU-00034,ST-0014,2026-01-24T06:01:00Z,data,315.9,mb,0.26,2026-01-24T06:01:00Z
usage_events-004785,EV-0004785,SU-00035,ST-0015,2026-01-24T06:08:00Z,voice,424.6,minutes,0.58,2026-01-24T06:08:00Z
usage_events-004786,EV-0004786,SU-00036,ST-0016,2026-01-24T06:15:00Z,sms,483.9,messages,1.11,2026-01-24T06:15:00Z
usage_events-004787,EV-0004787,SU-00037,ST-0017,2026-01-24T06:22:00Z,sms,492.4,messages,3.86,2026-01-24T06:22:00Z
usage_events-004788,EV-0004788,SU-00038,ST-0018,2026-01-24T06:29:00Z,data,107.7,mb,3.15,2026-01-24T06:29:00Z
usage_events-004789,EV-0004789,SU-00039,ST-0019,2026-01-24T06:36:00Z,data,279.0,mb,4.35,2026-01-24T06:36:00Z
usage_events-004790,EV-0004790,SU-00040,ST-0020,2026-01-24T06:43:00Z,sms,179.0,messages,4.30,2026-01-24T06:43:00Z
usage_events-004791,EV-0004791,SU-00041,ST-0021,2026-01-24T06:50:00Z,data,369.0,mb,3.62,2026-01-24T06:50:00Z
usage_events-004792,EV-0004792,SU-00042,ST-0022,2026-01-24T06:57:00Z,data,54.3,mb,3.36,2026-01-24T06:57:00Z
usage_events-004793,EV-0004793,SU-00043,ST-0023,2026-01-24T07:04:00Z,voice,389.9,minutes,4.11,2026-01-24T07:04:00Z
usage_events-004794,EV-0004794,SU-00044,ST-0024,2026-01-24T07:11:00Z,data,143.2,mb,2.58,2026-01-24T07:11:00Z
usage_events-004795,EV-0004795,SU-00045,ST-0025,2026-01-24T07:18:00Z,voice,209.3,minutes,1.81,2026-01-24T07:18:00Z
usage_events-004796,EV-0004796,SU-00046,ST-0026,2026-01-24T07:25:00Z,sms,387.5,messages,4.37,2026-01-24T07:25:00Z
usage_events-004797,EV-0004797,SU-00047,ST-0027,2026-01-24T07:32:00Z,sms,206.7,messages,4.68,2026-01-24T07:32:00Z
usage_events-004798,EV-0004798,SU-00048,ST-0028,2026-01-24T07:39:00Z,sms,175.4,messages,4.06,2026-01-24T07:39:00Z
usage_events-004799,EV-0004799,SU-00049,ST-0029,2026-01-24T07:46:00Z,data,365.9,mb,4.35,2026-01-24T07:46:00Z
usage_events-004800,EV-0004800,SU-00050,ST-0030,2026-01-24T07:53:00Z,voice,41.0,minutes,3.14,2026-01-24T07:53:00Z
usage_events-004801,EV-0004801,SU-00051,ST-0001,2026-01-24T08:00:00Z,sms,408.2,messages,2.86,2026-01-24T08:00:00Z
usage_events-004802,EV-0004802,SU-00052,ST-0002,2026-01-24T08:07:00Z,data,217.7,mb,1.34,2026-01-24T08:07:00Z
usage_events-004803,EV-0004803,SU-00053,ST-0003,2026-01-24T08:14:00Z,sms,378.8,messages,2.41,2026-01-24T08:14:00Z
usage_events-004804,EV-0004804,SU-00054,ST-0004,2026-01-24T08:21:00Z,sms,23.6,messages,3.46,2026-01-24T08:21:00Z
usage_events-004805,EV-0004805,SU-00055,ST-0005,2026-01-24T08:28:00Z,sms,212.0,messages,3.74,2026-01-24T08:28:00Z
usage_events-004806,EV-0004806,SU-00056,ST-0006,2026-01-24T08:35:00Z,sms,186.4,messages,0.22,2026-01-24T08:35:00Z
usage_events-004807,EV-0004807,SU-00057,ST-0007,2026-01-24T08:42:00Z,data,400.8,mb,0.85,2026-01-24T08:42:00Z
usage_events-004808,EV-0004808,SU-00058,ST-0008,2026-01-24T08:49:00Z,sms,22.4,messages,4.07,2026-01-24T08:49:00Z
usage_events-004809,EV-0004809,SU-00059,ST-0009,2026-01-24T08:56:00Z,sms,5.4,messages,1.38,2026-01-24T08:56:00Z
usage_events-004810,EV-0004810,SU-00060,ST-0010,2026-01-24T09:03:00Z,voice,373.3,minutes,0.64,2026-01-24T09:03:00Z
usage_events-004811,EV-0004811,SU-00061,ST-0011,2026-01-24T09:10:00Z,voice,456.8,minutes,1.65,2026-01-24T09:10:00Z
usage_events-004812,EV-0004812,SU-00062,ST-0012,2026-01-24T09:17:00Z,voice,313.3,minutes,4.99,2026-01-24T09:17:00Z
usage_events-004813,EV-0004813,SU-00063,ST-0013,2026-01-24T09:24:00Z,data,134.6,mb,2.45,2026-01-24T09:24:00Z
usage_events-004814,EV-0004814,SU-00064,ST-0014,2026-01-24T09:31:00Z,sms,227.1,messages,0.45,2026-01-24T09:31:00Z
usage_events-004815,EV-0004815,SU-00065,ST-0015,2026-01-24T09:38:00Z,voice,143.6,minutes,0.55,2026-01-24T09:38:00Z
usage_events-004816,EV-0004816,SU-00066,ST-0016,2026-01-24T09:45:00Z,sms,114.1,messages,1.50,2026-01-24T09:45:00Z
usage_events-004817,EV-0004817,SU-00067,ST-0017,2026-01-24T09:52:00Z,sms,493.4,messages,2.90,2026-01-24T09:52:00Z
usage_events-004818,EV-0004818,SU-00068,ST-0018,2026-01-24T09:59:00Z,data,458.1,mb,4.81,2026-01-24T09:59:00Z
usage_events-004819,EV-0004819,SU-00069,ST-0019,2026-01-24T10:06:00Z,voice,245.6,minutes,2.57,2026-01-24T10:06:00Z
usage_events-004820,EV-0004820,SU-00070,ST-0020,2026-01-24T10:13:00Z,voice,32.4,minutes,4.07,2026-01-24T10:13:00Z
usage_events-004821,EV-0004821,SU-00071,ST-0021,2026-01-24T10:20:00Z,data,358.8,mb,4.59,2026-01-24T10:20:00Z
usage_events-004822,EV-0004822,SU-00072,ST-0022,2026-01-24T10:27:00Z,voice,224.9,minutes,1.83,2026-01-24T10:27:00Z
usage_events-004823,EV-0004823,SU-00073,ST-0023,2026-01-24T10:34:00Z,sms,6.6,messages,2.45,2026-01-24T10:34:00Z
usage_events-004824,EV-0004824,SU-00074,ST-0024,2026-01-24T10:41:00Z,data,307.1,mb,4.31,2026-01-24T10:41:00Z
usage_events-004825,EV-0004825,SU-00075,ST-0025,2026-01-24T10:48:00Z,voice,189.9,minutes,2.57,2026-01-24T10:48:00Z
usage_events-004826,EV-0004826,SU-00076,ST-0026,2026-01-24T10:55:00Z,voice,328.7,minutes,3.07,2026-01-24T10:55:00Z
usage_events-004827,EV-0004827,SU-00077,ST-0027,2026-01-24T11:02:00Z,data,85.4,mb,2.24,2026-01-24T11:02:00Z
usage_events-004828,EV-0004828,SU-00078,ST-0028,2026-01-24T11:09:00Z,data,303.6,mb,4.29,2026-01-24T11:09:00Z
usage_events-004829,EV-0004829,SU-00079,ST-0029,2026-01-24T11:16:00Z,sms,298.4,messages,3.99,2026-01-24T11:16:00Z
usage_events-004830,EV-0004830,SU-00080,ST-0030,2026-01-24T11:23:00Z,sms,161.1,messages,2.60,2026-01-24T11:23:00Z
usage_events-004831,EV-0004831,SU-00081,ST-0001,2026-01-24T11:30:00Z,voice,161.4,minutes,0.50,2026-01-24T11:30:00Z
usage_events-004832,EV-0004832,SU-00082,ST-0002,2026-01-24T11:37:00Z,data,106.3,mb,1.28,2026-01-24T11:37:00Z
usage_events-004833,EV-0004833,SU-00083,ST-0003,2026-01-24T11:44:00Z,voice,208.2,minutes,4.82,2026-01-24T11:44:00Z
usage_events-004834,EV-0004834,SU-00084,ST-0004,2026-01-24T11:51:00Z,voice,184.6,minutes,4.82,2026-01-24T11:51:00Z
usage_events-004835,EV-0004835,SU-00085,ST-0005,2026-01-24T11:58:00Z,sms,123.0,messages,1.81,2026-01-24T11:58:00Z
usage_events-004836,EV-0004836,SU-00086,ST-0006,2026-01-24T12:05:00Z,data,65.5,mb,3.16,2026-01-24T12:05:00Z
usage_events-004837,EV-0004837,SU-00087,ST-0007,2026-01-24T12:12:00Z,voice,153.6,minutes,4.47,2026-01-24T12:12:00Z
usage_events-004838,EV-0004838,SU-00088,ST-0008,2026-01-24T12:19:00Z,sms,475.9,messages,0.41,2026-01-24T12:19:00Z
usage_events-004839,EV-0004839,SU-00089,ST-0009,2026-01-24T12:26:00Z,voice,261.6,minutes,4.80,2026-01-24T12:26:00Z
usage_events-004840,EV-0004840,SU-00090,ST-0010,2026-01-24T12:33:00Z,sms,329.2,messages,2.43,2026-01-24T12:33:00Z
usage_events-004841,EV-0004841,SU-00091,ST-0011,2026-01-24T12:40:00Z,voice,355.0,minutes,3.48,2026-01-24T12:40:00Z
usage_events-004842,EV-0004842,SU-00092,ST-0012,2026-01-24T12:47:00Z,sms,177.7,messages,2.96,2026-01-24T12:47:00Z
usage_events-004843,EV-0004843,SU-00093,ST-0013,2026-01-24T12:54:00Z,voice,442.0,minutes,4.13,2026-01-24T12:54:00Z
usage_events-004844,EV-0004844,SU-00094,ST-0014,2026-01-24T13:01:00Z,voice,450.6,minutes,1.43,2026-01-24T13:01:00Z
usage_events-004845,EV-0004845,SU-00095,ST-0015,2026-01-24T13:08:00Z,data,2.0,mb,3.61,2026-01-24T13:08:00Z
usage_events-004846,EV-0004846,SU-00096,ST-0016,2026-01-24T13:15:00Z,sms,188.5,messages,1.10,2026-01-24T13:15:00Z
usage_events-004847,EV-0004847,SU-00097,ST-0017,2026-01-24T13:22:00Z,sms,323.0,messages,3.44,2026-01-24T13:22:00Z
usage_events-004848,EV-0004848,SU-00098,ST-0018,2026-01-24T13:29:00Z,sms,201.2,messages,1.29,2026-01-24T13:29:00Z
usage_events-004849,EV-0004849,SU-00099,ST-0019,2026-01-24T13:36:00Z,sms,394.3,messages,2.95,2026-01-24T13:36:00Z
usage_events-004850,EV-0004850,SU-00100,ST-0020,2026-01-24T13:43:00Z,voice,34.3,minutes,4.26,2026-01-24T13:43:00Z
usage_events-004851,EV-0004851,SU-00101,ST-0021,2026-01-24T13:50:00Z,voice,118.6,minutes,0.24,2026-01-24T13:50:00Z
usage_events-004852,EV-0004852,SU-00102,ST-0022,2026-01-24T13:57:00Z,sms,240.6,messages,3.98,2026-01-24T13:57:00Z
usage_events-004853,EV-0004853,SU-00103,ST-0023,2026-01-24T14:04:00Z,data,321.6,mb,3.60,2026-01-24T14:04:00Z
usage_events-004854,EV-0004854,SU-00104,ST-0024,2026-01-24T14:11:00Z,voice,8.2,minutes,3.48,2026-01-24T14:11:00Z
usage_events-004855,EV-0004855,SU-00105,ST-0025,2026-01-24T14:18:00Z,sms,415.0,messages,4.85,2026-01-24T14:18:00Z
usage_events-004856,EV-0004856,SU-00106,ST-0026,2026-01-24T14:25:00Z,voice,196.8,minutes,3.05,2026-01-24T14:25:00Z
usage_events-004857,EV-0004857,SU-00107,ST-0027,2026-01-24T14:32:00Z,voice,374.9,minutes,1.74,2026-01-24T14:32:00Z
usage_events-004858,EV-0004858,SU-00108,ST-0028,2026-01-24T14:39:00Z,data,222.3,mb,0.29,2026-01-24T14:39:00Z
usage_events-004859,EV-0004859,SU-00109,ST-0029,2026-01-24T14:46:00Z,voice,486.4,minutes,2.54,2026-01-24T14:46:00Z
usage_events-004860,EV-0004860,SU-00110,ST-0030,2026-01-24T14:53:00Z,data,376.9,mb,2.08,2026-01-24T14:53:00Z
usage_events-004861,EV-0004861,SU-00111,ST-0001,2026-01-24T15:00:00Z,sms,373.3,messages,0.11,2026-01-24T15:00:00Z
usage_events-004862,EV-0004862,SU-00112,ST-0002,2026-01-24T15:07:00Z,sms,89.8,messages,1.56,2026-01-24T15:07:00Z
usage_events-004863,EV-0004863,SU-00113,ST-0003,2026-01-24T15:14:00Z,voice,42.4,minutes,3.36,2026-01-24T15:14:00Z
usage_events-004864,EV-0004864,SU-00114,ST-0004,2026-01-24T15:21:00Z,data,192.2,mb,1.49,2026-01-24T15:21:00Z
usage_events-004865,EV-0004865,SU-00115,ST-0005,2026-01-24T15:28:00Z,voice,313.4,minutes,2.97,2026-01-24T15:28:00Z
usage_events-004866,EV-0004866,SU-00116,ST-0006,2026-01-24T15:35:00Z,sms,63.0,messages,4.36,2026-01-24T15:35:00Z
usage_events-004867,EV-0004867,SU-00117,ST-0007,2026-01-24T15:42:00Z,sms,409.2,messages,3.97,2026-01-24T15:42:00Z
usage_events-004868,EV-0004868,SU-00118,ST-0008,2026-01-24T15:49:00Z,voice,285.2,minutes,0.33,2026-01-24T15:49:00Z
usage_events-004869,EV-0004869,SU-00119,ST-0009,2026-01-24T15:56:00Z,data,118.0,mb,1.87,2026-01-24T15:56:00Z
usage_events-004870,EV-0004870,SU-00120,ST-0010,2026-01-24T16:03:00Z,voice,14.0,minutes,2.35,2026-01-24T16:03:00Z
usage_events-004871,EV-0004871,SU-00121,ST-0011,2026-01-24T16:10:00Z,sms,463.7,messages,1.88,2026-01-24T16:10:00Z
usage_events-004872,EV-0004872,SU-00122,ST-0012,2026-01-24T16:17:00Z,sms,239.4,messages,4.94,2026-01-24T16:17:00Z
usage_events-004873,EV-0004873,SU-00123,ST-0013,2026-01-24T16:24:00Z,voice,321.8,minutes,3.08,2026-01-24T16:24:00Z
usage_events-004874,EV-0004874,SU-00124,ST-0014,2026-01-24T16:31:00Z,data,494.9,mb,2.93,2026-01-24T16:31:00Z
usage_events-004875,EV-0004875,SU-00125,ST-0015,2026-01-24T16:38:00Z,voice,413.6,minutes,3.83,2026-01-24T16:38:00Z
usage_events-004876,EV-0004876,SU-00126,ST-0016,2026-01-24T16:45:00Z,data,357.7,mb,3.95,2026-01-24T16:45:00Z
usage_events-004877,EV-0004877,SU-00127,ST-0017,2026-01-24T16:52:00Z,sms,67.7,messages,4.94,2026-01-24T16:52:00Z
usage_events-004878,EV-0004878,SU-00128,ST-0018,2026-01-24T16:59:00Z,sms,249.7,messages,2.05,2026-01-24T16:59:00Z
usage_events-004879,EV-0004879,SU-00129,ST-0019,2026-01-24T17:06:00Z,voice,200.9,minutes,4.78,2026-01-24T17:06:00Z
usage_events-004880,EV-0004880,SU-00130,ST-0020,2026-01-24T17:13:00Z,data,370.0,mb,2.26,2026-01-24T17:13:00Z
usage_events-004881,EV-0004881,SU-00131,ST-0021,2026-01-24T17:20:00Z,data,372.7,mb,1.99,2026-01-24T17:20:00Z
usage_events-004882,EV-0004882,SU-00132,ST-0022,2026-01-24T17:27:00Z,sms,308.5,messages,2.07,2026-01-24T17:27:00Z
usage_events-004883,EV-0004883,SU-00133,ST-0023,2026-01-24T17:34:00Z,sms,296.7,messages,1.15,2026-01-24T17:34:00Z
usage_events-004884,EV-0004884,SU-00134,ST-0024,2026-01-24T17:41:00Z,sms,88.2,messages,4.34,2026-01-24T17:41:00Z
usage_events-004885,EV-0004885,SU-00135,ST-0025,2026-01-24T17:48:00Z,sms,161.1,messages,3.53,2026-01-24T17:48:00Z
usage_events-004886,EV-0004886,SU-00136,ST-0026,2026-01-24T17:55:00Z,voice,387.2,minutes,4.71,2026-01-24T17:55:00Z
usage_events-004887,EV-0004887,SU-00137,ST-0027,2026-01-24T18:02:00Z,sms,154.5,messages,4.27,2026-01-24T18:02:00Z
usage_events-004888,EV-0004888,SU-00138,ST-0028,2026-01-24T18:09:00Z,data,62.3,mb,0.98,2026-01-24T18:09:00Z
usage_events-004889,EV-0004889,SU-00139,ST-0029,2026-01-24T18:16:00Z,data,230.7,mb,3.21,2026-01-24T18:16:00Z
usage_events-004890,EV-0004890,SU-00140,ST-0030,2026-01-24T18:23:00Z,sms,473.8,messages,0.99,2026-01-24T18:23:00Z
usage_events-004891,EV-0004891,SU-00141,ST-0001,2026-01-24T18:30:00Z,voice,109.3,minutes,3.79,2026-01-24T18:30:00Z
usage_events-004892,EV-0004892,SU-00142,ST-0002,2026-01-24T18:37:00Z,voice,169.7,minutes,0.11,2026-01-24T18:37:00Z
usage_events-004893,EV-0004893,SU-00143,ST-0003,2026-01-24T18:44:00Z,data,117.2,mb,1.04,2026-01-24T18:44:00Z
usage_events-004894,EV-0004894,SU-00144,ST-0004,2026-01-24T18:51:00Z,voice,180.5,minutes,3.17,2026-01-24T18:51:00Z
usage_events-004895,EV-0004895,SU-00145,ST-0005,2026-01-24T18:58:00Z,data,373.8,mb,4.91,2026-01-24T18:58:00Z
usage_events-004896,EV-0004896,SU-00146,ST-0006,2026-01-24T19:05:00Z,voice,186.1,minutes,4.97,2026-01-24T19:05:00Z
usage_events-004897,EV-0004897,SU-00147,ST-0007,2026-01-24T19:12:00Z,voice,324.2,minutes,1.19,2026-01-24T19:12:00Z
usage_events-004898,EV-0004898,SU-00148,ST-0008,2026-01-24T19:19:00Z,sms,217.9,messages,1.02,2026-01-24T19:19:00Z
usage_events-004899,EV-0004899,SU-00149,ST-0009,2026-01-24T19:26:00Z,data,22.8,mb,4.07,2026-01-24T19:26:00Z
usage_events-004900,EV-0004900,SU-00150,ST-0010,2026-01-24T19:33:00Z,sms,164.3,messages,2.63,2026-01-24T19:33:00Z
usage_events-004901,EV-0004901,SU-00151,ST-0011,2026-01-24T19:40:00Z,voice,402.6,minutes,2.62,2026-01-24T19:40:00Z
usage_events-004902,EV-0004902,SU-00152,ST-0012,2026-01-24T19:47:00Z,voice,363.6,minutes,3.37,2026-01-24T19:47:00Z
usage_events-004903,EV-0004903,SU-00153,ST-0013,2026-01-24T19:54:00Z,voice,338.8,minutes,2.97,2026-01-24T19:54:00Z
usage_events-004904,EV-0004904,SU-00154,ST-0014,2026-01-24T20:01:00Z,sms,321.6,messages,1.68,2026-01-24T20:01:00Z
usage_events-004905,EV-0004905,SU-00155,ST-0015,2026-01-24T20:08:00Z,voice,248.5,minutes,4.73,2026-01-24T20:08:00Z
usage_events-004906,EV-0004906,SU-00156,ST-0016,2026-01-24T20:15:00Z,sms,324.4,messages,0.38,2026-01-24T20:15:00Z
usage_events-004907,EV-0004907,SU-00157,ST-0017,2026-01-24T20:22:00Z,voice,196.3,minutes,4.65,2026-01-24T20:22:00Z
usage_events-004908,EV-0004908,SU-00158,ST-0018,2026-01-24T20:29:00Z,sms,355.2,messages,2.49,2026-01-24T20:29:00Z
usage_events-004909,EV-0004909,SU-00159,ST-0019,2026-01-24T20:36:00Z,voice,191.2,minutes,3.56,2026-01-24T20:36:00Z
usage_events-004910,EV-0004910,SU-00160,ST-0020,2026-01-24T20:43:00Z,sms,302.2,messages,1.21,2026-01-24T20:43:00Z
usage_events-004911,EV-0004911,SU-00161,ST-0021,2026-01-24T20:50:00Z,voice,455.0,minutes,3.86,2026-01-24T20:50:00Z
usage_events-004912,EV-0004912,SU-00162,ST-0022,2026-01-24T20:57:00Z,sms,10.5,messages,3.47,2026-01-24T20:57:00Z
usage_events-004913,EV-0004913,SU-00163,ST-0023,2026-01-24T21:04:00Z,voice,239.6,minutes,1.21,2026-01-24T21:04:00Z
usage_events-004914,EV-0004914,SU-00164,ST-0024,2026-01-24T21:11:00Z,voice,74.7,minutes,0.52,2026-01-24T21:11:00Z
usage_events-004915,EV-0004915,SU-00165,ST-0025,2026-01-24T21:18:00Z,data,347.7,mb,1.47,2026-01-24T21:18:00Z
usage_events-004916,EV-0004916,SU-00166,ST-0026,2026-01-24T21:25:00Z,sms,42.5,messages,3.30,2026-01-24T21:25:00Z
usage_events-004917,EV-0004917,SU-00167,ST-0027,2026-01-24T21:32:00Z,data,27.8,mb,1.93,2026-01-24T21:32:00Z
usage_events-004918,EV-0004918,SU-00168,ST-0028,2026-01-24T21:39:00Z,voice,366.8,minutes,1.18,2026-01-24T21:39:00Z
usage_events-004919,EV-0004919,SU-00169,ST-0029,2026-01-24T21:46:00Z,voice,346.2,minutes,2.50,2026-01-24T21:46:00Z
usage_events-004920,EV-0004920,SU-00170,ST-0030,2026-01-24T21:53:00Z,data,109.1,mb,2.54,2026-01-24T21:53:00Z
usage_events-004921,EV-0004921,SU-00171,ST-0001,2026-01-24T22:00:00Z,voice,316.4,minutes,4.72,2026-01-24T22:00:00Z
usage_events-004922,EV-0004922,SU-00172,ST-0002,2026-01-24T22:07:00Z,data,122.0,mb,1.53,2026-01-24T22:07:00Z
usage_events-004923,EV-0004923,SU-00173,ST-0003,2026-01-24T22:14:00Z,voice,148.6,minutes,2.44,2026-01-24T22:14:00Z
usage_events-004924,EV-0004924,SU-00174,ST-0004,2026-01-24T22:21:00Z,data,23.4,mb,3.45,2026-01-24T22:21:00Z
usage_events-004925,EV-0004925,SU-00175,ST-0005,2026-01-24T22:28:00Z,data,108.4,mb,1.20,2026-01-24T22:28:00Z
usage_events-004926,EV-0004926,SU-00176,ST-0006,2026-01-24T22:35:00Z,sms,289.3,messages,3.10,2026-01-24T22:35:00Z
usage_events-004927,EV-0004927,SU-00177,ST-0007,2026-01-24T22:42:00Z,data,110.5,mb,1.97,2026-01-24T22:42:00Z
usage_events-004928,EV-0004928,SU-00178,ST-0008,2026-01-24T22:49:00Z,voice,378.0,minutes,1.06,2026-01-24T22:49:00Z
usage_events-004929,EV-0004929,SU-00179,ST-0009,2026-01-24T22:56:00Z,data,87.6,mb,4.23,2026-01-24T22:56:00Z
usage_events-004930,EV-0004930,SU-00180,ST-0010,2026-01-24T23:03:00Z,voice,53.1,minutes,2.68,2026-01-24T23:03:00Z
usage_events-004931,EV-0004931,SU-00181,ST-0011,2026-01-24T23:10:00Z,sms,332.2,messages,2.79,2026-01-24T23:10:00Z
usage_events-004932,EV-0004932,SU-00182,ST-0012,2026-01-24T23:17:00Z,voice,463.6,minutes,1.85,2026-01-24T23:17:00Z
usage_events-004933,EV-0004933,SU-00183,ST-0013,2026-01-24T23:24:00Z,voice,335.4,minutes,4.70,2026-01-24T23:24:00Z
usage_events-004934,EV-0004934,SU-00184,ST-0014,2026-01-24T23:31:00Z,voice,355.2,minutes,3.22,2026-01-24T23:31:00Z
usage_events-004935,EV-0004935,SU-00185,ST-0015,2026-01-24T23:38:00Z,sms,0.3,messages,1.00,2026-01-24T23:38:00Z
usage_events-004936,EV-0004936,SU-00186,ST-0016,2026-01-24T23:45:00Z,sms,283.2,messages,1.41,2026-01-24T23:45:00Z
usage_events-004937,EV-0004937,SU-00187,ST-0017,2026-01-24T23:52:00Z,sms,157.7,messages,0.97,2026-01-24T23:52:00Z
usage_events-004938,EV-0004938,SU-00188,ST-0018,2026-01-24T23:59:00Z,voice,129.9,minutes,4.40,2026-01-24T23:59:00Z
usage_events-004939,EV-0004939,SU-00189,ST-0019,2026-01-25T00:06:00Z,voice,332.8,minutes,0.94,2026-01-25T00:06:00Z
usage_events-004940,EV-0004940,SU-00190,ST-0020,2026-01-25T00:13:00Z,data,334.6,mb,1.23,2026-01-25T00:13:00Z
usage_events-004941,EV-0004941,SU-00191,ST-0021,2026-01-25T00:20:00Z,data,89.0,mb,2.87,2026-01-25T00:20:00Z
usage_events-004942,EV-0004942,SU-00192,ST-0022,2026-01-25T00:27:00Z,sms,100.0,messages,4.20,2026-01-25T00:27:00Z
usage_events-004943,EV-0004943,SU-00193,ST-0023,2026-01-25T00:34:00Z,voice,123.1,minutes,3.55,2026-01-25T00:34:00Z
usage_events-004944,EV-0004944,SU-00194,ST-0024,2026-01-25T00:41:00Z,sms,23.1,messages,1.27,2026-01-25T00:41:00Z
usage_events-004945,EV-0004945,SU-00195,ST-0025,2026-01-25T00:48:00Z,data,224.6,mb,4.28,2026-01-25T00:48:00Z
usage_events-004946,EV-0004946,SU-00196,ST-0026,2026-01-25T00:55:00Z,data,305.0,mb,0.90,2026-01-25T00:55:00Z
usage_events-004947,EV-0004947,SU-00197,ST-0027,2026-01-25T01:02:00Z,data,195.4,mb,1.56,2026-01-25T01:02:00Z
usage_events-004948,EV-0004948,SU-00198,ST-0028,2026-01-25T01:09:00Z,sms,490.0,messages,1.56,2026-01-25T01:09:00Z
usage_events-004949,EV-0004949,SU-00199,ST-0029,2026-01-25T01:16:00Z,sms,384.7,messages,4.37,2026-01-25T01:16:00Z
usage_events-004950,EV-0004950,SU-00200,ST-0030,2026-01-25T01:23:00Z,sms,39.7,messages,3.25,2026-01-25T01:23:00Z
usage_events-004951,EV-0004951,SU-00201,ST-0001,2026-01-25T01:30:00Z,data,387.3,mb,3.86,2026-01-25T01:30:00Z
usage_events-004952,EV-0004952,SU-00202,ST-0002,2026-01-25T01:37:00Z,sms,43.2,messages,2.89,2026-01-25T01:37:00Z
usage_events-004953,EV-0004953,SU-00203,ST-0003,2026-01-25T01:44:00Z,sms,66.5,messages,0.59,2026-01-25T01:44:00Z
usage_events-004954,EV-0004954,SU-00204,ST-0004,2026-01-25T01:51:00Z,sms,46.8,messages,0.38,2026-01-25T01:51:00Z
usage_events-004955,EV-0004955,SU-00205,ST-0005,2026-01-25T01:58:00Z,data,111.0,mb,0.16,2026-01-25T01:58:00Z
usage_events-004956,EV-0004956,SU-00206,ST-0006,2026-01-25T02:05:00Z,voice,436.4,minutes,0.81,2026-01-25T02:05:00Z
usage_events-004957,EV-0004957,SU-00207,ST-0007,2026-01-25T02:12:00Z,data,162.2,mb,4.39,2026-01-25T02:12:00Z
usage_events-004958,EV-0004958,SU-00208,ST-0008,2026-01-25T02:19:00Z,data,273.4,mb,1.87,2026-01-25T02:19:00Z
usage_events-004959,EV-0004959,SU-00209,ST-0009,2026-01-25T02:26:00Z,sms,21.2,messages,1.06,2026-01-25T02:26:00Z
usage_events-004960,EV-0004960,SU-00210,ST-0010,2026-01-25T02:33:00Z,voice,438.3,minutes,4.35,2026-01-25T02:33:00Z
usage_events-004961,EV-0004961,SU-00211,ST-0011,2026-01-25T02:40:00Z,voice,333.9,minutes,1.58,2026-01-25T02:40:00Z
usage_events-004962,EV-0004962,SU-00212,ST-0012,2026-01-25T02:47:00Z,voice,323.7,minutes,0.11,2026-01-25T02:47:00Z
usage_events-004963,EV-0004963,SU-00213,ST-0013,2026-01-25T02:54:00Z,sms,186.6,messages,4.15,2026-01-25T02:54:00Z
usage_events-004964,EV-0004964,SU-00214,ST-0014,2026-01-25T03:01:00Z,data,30.5,mb,1.01,2026-01-25T03:01:00Z
usage_events-004965,EV-0004965,SU-00215,ST-0015,2026-01-25T03:08:00Z,voice,431.8,minutes,2.12,2026-01-25T03:08:00Z
usage_events-004966,EV-0004966,SU-00216,ST-0016,2026-01-25T03:15:00Z,data,168.1,mb,2.07,2026-01-25T03:15:00Z
usage_events-004967,EV-0004967,SU-00217,ST-0017,2026-01-25T03:22:00Z,voice,125.6,minutes,0.08,2026-01-25T03:22:00Z
usage_events-004968,EV-0004968,SU-00218,ST-0018,2026-01-25T03:29:00Z,data,449.8,mb,4.85,2026-01-25T03:29:00Z
usage_events-004969,EV-0004969,SU-00219,ST-0019,2026-01-25T03:36:00Z,voice,17.8,minutes,3.86,2026-01-25T03:36:00Z
usage_events-004970,EV-0004970,SU-00220,ST-0020,2026-01-25T03:43:00Z,voice,247.3,minutes,0.85,2026-01-25T03:43:00Z
usage_events-004971,EV-0004971,SU-00221,ST-0021,2026-01-25T03:50:00Z,sms,474.6,messages,2.12,2026-01-25T03:50:00Z
usage_events-004972,EV-0004972,SU-00222,ST-0022,2026-01-25T03:57:00Z,voice,291.2,minutes,0.77,2026-01-25T03:57:00Z
usage_events-004973,EV-0004973,SU-00223,ST-0023,2026-01-25T04:04:00Z,sms,204.2,messages,4.93,2026-01-25T04:04:00Z
usage_events-004974,EV-0004974,SU-00224,ST-0024,2026-01-25T04:11:00Z,voice,284.5,minutes,2.36,2026-01-25T04:11:00Z
usage_events-004975,EV-0004975,SU-00225,ST-0025,2026-01-25T04:18:00Z,sms,20.6,messages,1.57,2026-01-25T04:18:00Z
usage_events-004976,EV-0004976,SU-00226,ST-0026,2026-01-25T04:25:00Z,sms,139.1,messages,0.71,2026-01-25T04:25:00Z
usage_events-004977,EV-0004977,SU-00227,ST-0027,2026-01-25T04:32:00Z,sms,360.8,messages,0.88,2026-01-25T04:32:00Z
usage_events-004978,EV-0004978,SU-00228,ST-0028,2026-01-25T04:39:00Z,data,480.9,mb,4.52,2026-01-25T04:39:00Z
usage_events-004979,EV-0004979,SU-00229,ST-0029,2026-01-25T04:46:00Z,data,382.9,mb,3.99,2026-01-25T04:46:00Z
usage_events-004980,EV-0004980,SU-00230,ST-0030,2026-01-25T04:53:00Z,sms,372.6,messages,4.05,2026-01-25T04:53:00Z
usage_events-004981,EV-0004981,SU-00231,ST-0001,2026-01-25T05:00:00Z,data,416.2,mb,3.48,2026-01-25T05:00:00Z
usage_events-004982,EV-0004982,SU-00232,ST-0002,2026-01-25T05:07:00Z,sms,341.4,messages,4.10,2026-01-25T05:07:00Z
usage_events-004983,EV-0004983,SU-00233,ST-0003,2026-01-25T05:14:00Z,sms,253.6,messages,3.94,2026-01-25T05:14:00Z
usage_events-004984,EV-0004984,SU-00234,ST-0004,2026-01-25T05:21:00Z,data,229.4,mb,2.19,2026-01-25T05:21:00Z
usage_events-004985,EV-0004985,SU-00235,ST-0005,2026-01-25T05:28:00Z,sms,333.7,messages,3.60,2026-01-25T05:28:00Z
usage_events-004986,EV-0004986,SU-00236,ST-0006,2026-01-25T05:35:00Z,voice,314.6,minutes,4.96,2026-01-25T05:35:00Z
usage_events-004987,EV-0004987,SU-00237,ST-0007,2026-01-25T05:42:00Z,sms,128.3,messages,2.62,2026-01-25T05:42:00Z
usage_events-004988,EV-0004988,SU-00238,ST-0008,2026-01-25T05:49:00Z,voice,32.9,minutes,2.41,2026-01-25T05:49:00Z
usage_events-004989,EV-0004989,SU-00239,ST-0009,2026-01-25T05:56:00Z,sms,464.4,messages,3.63,2026-01-25T05:56:00Z
usage_events-004990,EV-0004990,SU-00240,ST-0010,2026-01-25T06:03:00Z,sms,266.0,messages,0.74,2026-01-25T06:03:00Z
usage_events-004991,EV-0004991,SU-00241,ST-0011,2026-01-25T06:10:00Z,voice,261.0,minutes,0.09,2026-01-25T06:10:00Z
usage_events-004992,EV-0004992,SU-00242,ST-0012,2026-01-25T06:17:00Z,voice,47.4,minutes,4.28,2026-01-25T06:17:00Z
usage_events-004993,EV-0004993,SU-00243,ST-0013,2026-01-25T06:24:00Z,voice,398.0,minutes,4.78,2026-01-25T06:24:00Z
usage_events-004994,EV-0004994,SU-00244,ST-0014,2026-01-25T06:31:00Z,data,256.2,mb,0.71,2026-01-25T06:31:00Z
usage_events-004995,EV-0004995,SU-00245,ST-0015,2026-01-25T06:38:00Z,data,128.5,mb,0.49,2026-01-25T06:38:00Z
usage_events-004996,EV-0004996,SU-00246,ST-0016,2026-01-25T06:45:00Z,voice,250.4,minutes,1.78,2026-01-25T06:45:00Z
usage_events-004997,EV-0004997,SU-00247,ST-0017,2026-01-25T06:52:00Z,voice,497.9,minutes,3.73,2026-01-25T06:52:00Z
usage_events-004998,EV-0004998,SU-00248,ST-0018,2026-01-25T06:59:00Z,voice,242.7,minutes,3.11,2026-01-25T06:59:00Z
usage_events-004999,EV-0004999,SU-00249,ST-0019,2026-01-25T07:06:00Z,sms,404.5,messages,0.69,2026-01-25T07:06:00Z
usage_events-005000,EV-0005000,SU-00250,ST-0020,2026-01-25T07:13:00Z,voice,283.7,minutes,2.53,2026-01-25T07:13:00Z
usage_events-005001,EV-0005001,SU-00001,ST-0021,2026-01-25T07:20:00Z,data,204.6,mb,4.95,2026-01-25T07:20:00Z
usage_events-005002,EV-0005002,SU-00002,ST-0022,2026-01-25T07:27:00Z,sms,190.1,messages,3.47,2026-01-25T07:27:00Z
usage_events-005003,EV-0005003,SU-00003,ST-0023,2026-01-25T07:34:00Z,voice,244.9,minutes,1.44,2026-01-25T07:34:00Z
usage_events-005004,EV-0005004,SU-00004,ST-0024,2026-01-25T07:41:00Z,voice,244.5,minutes,1.50,2026-01-25T07:41:00Z
usage_events-005005,EV-0005005,SU-00005,ST-0025,2026-01-25T07:48:00Z,data,310.2,mb,3.07,2026-01-25T07:48:00Z
usage_events-005006,EV-0005006,SU-00006,ST-0026,2026-01-25T07:55:00Z,voice,375.8,minutes,3.66,2026-01-25T07:55:00Z
usage_events-005007,EV-0005007,SU-00007,ST-0027,2026-01-25T08:02:00Z,sms,270.1,messages,2.41,2026-01-25T08:02:00Z
usage_events-005008,EV-0005008,SU-00008,ST-0028,2026-01-25T08:09:00Z,voice,400.3,minutes,0.75,2026-01-25T08:09:00Z
usage_events-005009,EV-0005009,SU-00009,ST-0029,2026-01-25T08:16:00Z,data,128.3,mb,0.36,2026-01-25T08:16:00Z
usage_events-005010,EV-0005010,SU-00010,ST-0030,2026-01-25T08:23:00Z,sms,155.0,messages,2.14,2026-01-25T08:23:00Z
usage_events-005011,EV-0005011,SU-00011,ST-0001,2026-01-25T08:30:00Z,sms,494.9,messages,3.09,2026-01-25T08:30:00Z
usage_events-005012,EV-0005012,SU-00012,ST-0002,2026-01-25T08:37:00Z,data,326.8,mb,4.38,2026-01-25T08:37:00Z
usage_events-005013,EV-0005013,SU-00013,ST-0003,2026-01-25T08:44:00Z,data,133.3,mb,4.69,2026-01-25T08:44:00Z
usage_events-005014,EV-0005014,SU-00014,ST-0004,2026-01-25T08:51:00Z,data,24.2,mb,3.72,2026-01-25T08:51:00Z
usage_events-005015,EV-0005015,SU-00015,ST-0005,2026-01-25T08:58:00Z,sms,474.0,messages,1.94,2026-01-25T08:58:00Z
usage_events-005016,EV-0005016,SU-00016,ST-0006,2026-01-25T09:05:00Z,sms,483.2,messages,2.75,2026-01-25T09:05:00Z
usage_events-005017,EV-0005017,SU-00017,ST-0007,2026-01-25T09:12:00Z,data,483.3,mb,4.13,2026-01-25T09:12:00Z
usage_events-005018,EV-0005018,SU-00018,ST-0008,2026-01-25T09:19:00Z,data,31.4,mb,4.07,2026-01-25T09:19:00Z
usage_events-005019,EV-0005019,SU-00019,ST-0009,2026-01-25T09:26:00Z,voice,256.7,minutes,2.63,2026-01-25T09:26:00Z
usage_events-005020,EV-0005020,SU-00020,ST-0010,2026-01-25T09:33:00Z,data,352.4,mb,0.80,2026-01-25T09:33:00Z
usage_events-005021,EV-0005021,SU-00021,ST-0011,2026-01-25T09:40:00Z,voice,70.8,minutes,4.56,2026-01-25T09:40:00Z
usage_events-005022,EV-0005022,SU-00022,ST-0012,2026-01-25T09:47:00Z,voice,162.8,minutes,3.22,2026-01-25T09:47:00Z
usage_events-005023,EV-0005023,SU-00023,ST-0013,2026-01-25T09:54:00Z,data,387.7,mb,2.76,2026-01-25T09:54:00Z
usage_events-005024,EV-0005024,SU-00024,ST-0014,2026-01-25T10:01:00Z,sms,249.0,messages,3.66,2026-01-25T10:01:00Z
usage_events-005025,EV-0005025,SU-00025,ST-0015,2026-01-25T10:08:00Z,voice,496.8,minutes,0.07,2026-01-25T10:08:00Z
usage_events-005026,EV-0005026,SU-00026,ST-0016,2026-01-25T10:15:00Z,voice,377.2,minutes,4.37,2026-01-25T10:15:00Z
usage_events-005027,EV-0005027,SU-00027,ST-0017,2026-01-25T10:22:00Z,data,344.4,mb,1.01,2026-01-25T10:22:00Z
usage_events-005028,EV-0005028,SU-00028,ST-0018,2026-01-25T10:29:00Z,sms,249.4,messages,1.05,2026-01-25T10:29:00Z
usage_events-005029,EV-0005029,SU-00029,ST-0019,2026-01-25T10:36:00Z,data,243.9,mb,0.18,2026-01-25T10:36:00Z
usage_events-005030,EV-0005030,SU-00030,ST-0020,2026-01-25T10:43:00Z,sms,368.9,messages,1.30,2026-01-25T10:43:00Z
usage_events-005031,EV-0005031,SU-00031,ST-0021,2026-01-25T10:50:00Z,data,238.4,mb,1.74,2026-01-25T10:50:00Z
usage_events-005032,EV-0005032,SU-00032,ST-0022,2026-01-25T10:57:00Z,voice,140.7,minutes,0.37,2026-01-25T10:57:00Z
usage_events-005033,EV-0005033,SU-00033,ST-0023,2026-01-25T11:04:00Z,data,428.3,mb,3.55,2026-01-25T11:04:00Z
usage_events-005034,EV-0005034,SU-00034,ST-0024,2026-01-25T11:11:00Z,data,209.6,mb,3.64,2026-01-25T11:11:00Z
usage_events-005035,EV-0005035,SU-00035,ST-0025,2026-01-25T11:18:00Z,data,64.9,mb,4.67,2026-01-25T11:18:00Z
usage_events-005036,EV-0005036,SU-00036,ST-0026,2026-01-25T11:25:00Z,sms,304.1,messages,0.28,2026-01-25T11:25:00Z
usage_events-005037,EV-0005037,SU-00037,ST-0027,2026-01-25T11:32:00Z,data,374.7,mb,1.05,2026-01-25T11:32:00Z
usage_events-005038,EV-0005038,SU-00038,ST-0028,2026-01-25T11:39:00Z,data,206.0,mb,1.38,2026-01-25T11:39:00Z
usage_events-005039,EV-0005039,SU-00039,ST-0029,2026-01-25T11:46:00Z,data,448.5,mb,1.32,2026-01-25T11:46:00Z
usage_events-005040,EV-0005040,SU-00040,ST-0030,2026-01-25T11:53:00Z,data,120.2,mb,2.02,2026-01-25T11:53:00Z
usage_events-005041,EV-0005041,SU-00041,ST-0001,2026-01-25T12:00:00Z,data,387.1,mb,4.75,2026-01-25T12:00:00Z
usage_events-005042,EV-0005042,SU-00042,ST-0002,2026-01-25T12:07:00Z,sms,62.1,messages,1.61,2026-01-25T12:07:00Z
usage_events-005043,EV-0005043,SU-00043,ST-0003,2026-01-25T12:14:00Z,voice,151.5,minutes,4.55,2026-01-25T12:14:00Z
usage_events-005044,EV-0005044,SU-00044,ST-0004,2026-01-25T12:21:00Z,voice,66.5,minutes,0.72,2026-01-25T12:21:00Z
usage_events-005045,EV-0005045,SU-00045,ST-0005,2026-01-25T12:28:00Z,voice,491.9,minutes,0.64,2026-01-25T12:28:00Z
usage_events-005046,EV-0005046,SU-00046,ST-0006,2026-01-25T12:35:00Z,voice,322.0,minutes,3.19,2026-01-25T12:35:00Z
usage_events-005047,EV-0005047,SU-00047,ST-0007,2026-01-25T12:42:00Z,sms,81.3,messages,3.36,2026-01-25T12:42:00Z
usage_events-005048,EV-0005048,SU-00048,ST-0008,2026-01-25T12:49:00Z,sms,113.4,messages,1.44,2026-01-25T12:49:00Z
usage_events-005049,EV-0005049,SU-00049,ST-0009,2026-01-25T12:56:00Z,voice,15.0,minutes,3.16,2026-01-25T12:56:00Z
usage_events-005050,EV-0005050,SU-00050,ST-0010,2026-01-25T13:03:00Z,sms,246.7,messages,4.19,2026-01-25T13:03:00Z
usage_events-005051,EV-0005051,SU-00051,ST-0011,2026-01-25T13:10:00Z,data,458.1,mb,3.42,2026-01-25T13:10:00Z
usage_events-005052,EV-0005052,SU-00052,ST-0012,2026-01-25T13:17:00Z,voice,307.3,minutes,1.86,2026-01-25T13:17:00Z
usage_events-005053,EV-0005053,SU-00053,ST-0013,2026-01-25T13:24:00Z,sms,248.6,messages,3.41,2026-01-25T13:24:00Z
usage_events-005054,EV-0005054,SU-00054,ST-0014,2026-01-25T13:31:00Z,sms,481.8,messages,2.68,2026-01-25T13:31:00Z
usage_events-005055,EV-0005055,SU-00055,ST-0015,2026-01-25T13:38:00Z,data,93.0,mb,4.52,2026-01-25T13:38:00Z
usage_events-005056,EV-0005056,SU-00056,ST-0016,2026-01-25T13:45:00Z,data,303.4,mb,1.40,2026-01-25T13:45:00Z
usage_events-005057,EV-0005057,SU-00057,ST-0017,2026-01-25T13:52:00Z,voice,222.5,minutes,0.07,2026-01-25T13:52:00Z
usage_events-005058,EV-0005058,SU-00058,ST-0018,2026-01-25T13:59:00Z,data,65.0,mb,0.81,2026-01-25T13:59:00Z
usage_events-005059,EV-0005059,SU-00059,ST-0019,2026-01-25T14:06:00Z,sms,370.4,messages,1.08,2026-01-25T14:06:00Z
usage_events-005060,EV-0005060,SU-00060,ST-0020,2026-01-25T14:13:00Z,data,476.7,mb,3.17,2026-01-25T14:13:00Z
usage_events-005061,EV-0005061,SU-00061,ST-0021,2026-01-25T14:20:00Z,sms,271.0,messages,4.27,2026-01-25T14:20:00Z
usage_events-005062,EV-0005062,SU-00062,ST-0022,2026-01-25T14:27:00Z,data,2.4,mb,0.71,2026-01-25T14:27:00Z
usage_events-005063,EV-0005063,SU-00063,ST-0023,2026-01-25T14:34:00Z,data,369.5,mb,3.87,2026-01-25T14:34:00Z
usage_events-005064,EV-0005064,SU-00064,ST-0024,2026-01-25T14:41:00Z,data,284.1,mb,3.70,2026-01-25T14:41:00Z
usage_events-005065,EV-0005065,SU-00065,ST-0025,2026-01-25T14:48:00Z,data,326.1,mb,4.20,2026-01-25T14:48:00Z
usage_events-005066,EV-0005066,SU-00066,ST-0026,2026-01-25T14:55:00Z,data,39.8,mb,2.36,2026-01-25T14:55:00Z
usage_events-005067,EV-0005067,SU-00067,ST-0027,2026-01-25T15:02:00Z,voice,148.1,minutes,1.82,2026-01-25T15:02:00Z
usage_events-005068,EV-0005068,SU-00068,ST-0028,2026-01-25T15:09:00Z,data,175.1,mb,2.83,2026-01-25T15:09:00Z
usage_events-005069,EV-0005069,SU-00069,ST-0029,2026-01-25T15:16:00Z,data,319.3,mb,1.79,2026-01-25T15:16:00Z
usage_events-005070,EV-0005070,SU-00070,ST-0030,2026-01-25T15:23:00Z,data,238.5,mb,3.94,2026-01-25T15:23:00Z
usage_events-005071,EV-0005071,SU-00071,ST-0001,2026-01-25T15:30:00Z,data,448.6,mb,4.33,2026-01-25T15:30:00Z
usage_events-005072,EV-0005072,SU-00072,ST-0002,2026-01-25T15:37:00Z,sms,176.7,messages,4.19,2026-01-25T15:37:00Z
usage_events-005073,EV-0005073,SU-00073,ST-0003,2026-01-25T15:44:00Z,sms,484.6,messages,1.21,2026-01-25T15:44:00Z
usage_events-005074,EV-0005074,SU-00074,ST-0004,2026-01-25T15:51:00Z,data,458.5,mb,0.55,2026-01-25T15:51:00Z
usage_events-005075,EV-0005075,SU-00075,ST-0005,2026-01-25T15:58:00Z,voice,45.8,minutes,1.49,2026-01-25T15:58:00Z
usage_events-005076,EV-0005076,SU-00076,ST-0006,2026-01-25T16:05:00Z,data,497.0,mb,3.58,2026-01-25T16:05:00Z
usage_events-005077,EV-0005077,SU-00077,ST-0007,2026-01-25T16:12:00Z,data,36.1,mb,2.06,2026-01-25T16:12:00Z
usage_events-005078,EV-0005078,SU-00078,ST-0008,2026-01-25T16:19:00Z,voice,16.6,minutes,4.65,2026-01-25T16:19:00Z
usage_events-005079,EV-0005079,SU-00079,ST-0009,2026-01-25T16:26:00Z,voice,380.6,minutes,2.60,2026-01-25T16:26:00Z
usage_events-005080,EV-0005080,SU-00080,ST-0010,2026-01-25T16:33:00Z,data,112.3,mb,4.43,2026-01-25T16:33:00Z
usage_events-005081,EV-0005081,SU-00081,ST-0011,2026-01-25T16:40:00Z,voice,108.5,minutes,1.62,2026-01-25T16:40:00Z
usage_events-005082,EV-0005082,SU-00082,ST-0012,2026-01-25T16:47:00Z,sms,288.1,messages,1.27,2026-01-25T16:47:00Z
usage_events-005083,EV-0005083,SU-00083,ST-0013,2026-01-25T16:54:00Z,sms,262.9,messages,3.64,2026-01-25T16:54:00Z
usage_events-005084,EV-0005084,SU-00084,ST-0014,2026-01-25T17:01:00Z,data,53.9,mb,3.15,2026-01-25T17:01:00Z
usage_events-005085,EV-0005085,SU-00085,ST-0015,2026-01-25T17:08:00Z,sms,407.5,messages,1.49,2026-01-25T17:08:00Z
usage_events-005086,EV-0005086,SU-00086,ST-0016,2026-01-25T17:15:00Z,sms,333.7,messages,1.00,2026-01-25T17:15:00Z
usage_events-005087,EV-0005087,SU-00087,ST-0017,2026-01-25T17:22:00Z,sms,374.5,messages,1.13,2026-01-25T17:22:00Z
usage_events-005088,EV-0005088,SU-00088,ST-0018,2026-01-25T17:29:00Z,sms,358.2,messages,3.47,2026-01-25T17:29:00Z
usage_events-005089,EV-0005089,SU-00089,ST-0019,2026-01-25T17:36:00Z,data,225.6,mb,0.41,2026-01-25T17:36:00Z
usage_events-005090,EV-0005090,SU-00090,ST-0020,2026-01-25T17:43:00Z,data,378.9,mb,4.03,2026-01-25T17:43:00Z
usage_events-005091,EV-0005091,SU-00091,ST-0021,2026-01-25T17:50:00Z,voice,158.4,minutes,4.63,2026-01-25T17:50:00Z
usage_events-005092,EV-0005092,SU-00092,ST-0022,2026-01-25T17:57:00Z,voice,378.7,minutes,4.49,2026-01-25T17:57:00Z
usage_events-005093,EV-0005093,SU-00093,ST-0023,2026-01-25T18:04:00Z,sms,399.2,messages,0.47,2026-01-25T18:04:00Z
usage_events-005094,EV-0005094,SU-00094,ST-0024,2026-01-25T18:11:00Z,sms,53.8,messages,1.59,2026-01-25T18:11:00Z
usage_events-005095,EV-0005095,SU-00095,ST-0025,2026-01-25T18:18:00Z,data,207.3,mb,2.53,2026-01-25T18:18:00Z
usage_events-005096,EV-0005096,SU-00096,ST-0026,2026-01-25T18:25:00Z,voice,365.1,minutes,2.05,2026-01-25T18:25:00Z
usage_events-005097,EV-0005097,SU-00097,ST-0027,2026-01-25T18:32:00Z,sms,51.4,messages,3.82,2026-01-25T18:32:00Z
usage_events-005098,EV-0005098,SU-00098,ST-0028,2026-01-25T18:39:00Z,voice,286.4,minutes,1.94,2026-01-25T18:39:00Z
usage_events-005099,EV-0005099,SU-00099,ST-0029,2026-01-25T18:46:00Z,voice,21.8,minutes,4.09,2026-01-25T18:46:00Z
usage_events-005100,EV-0005100,SU-00100,ST-0030,2026-01-25T18:53:00Z,sms,351.0,messages,3.02,2026-01-25T18:53:00Z
usage_events-005101,EV-0005101,SU-00101,ST-0001,2026-01-25T19:00:00Z,voice,225.3,minutes,4.97,2026-01-25T19:00:00Z
usage_events-005102,EV-0005102,SU-00102,ST-0002,2026-01-25T19:07:00Z,voice,216.7,minutes,0.28,2026-01-25T19:07:00Z
usage_events-005103,EV-0005103,SU-00103,ST-0003,2026-01-25T19:14:00Z,voice,90.4,minutes,2.97,2026-01-25T19:14:00Z
usage_events-005104,EV-0005104,SU-00104,ST-0004,2026-01-25T19:21:00Z,data,212.6,mb,1.92,2026-01-25T19:21:00Z
usage_events-005105,EV-0005105,SU-00105,ST-0005,2026-01-25T19:28:00Z,voice,78.1,minutes,1.00,2026-01-25T19:28:00Z
usage_events-005106,EV-0005106,SU-00106,ST-0006,2026-01-25T19:35:00Z,data,337.5,mb,2.55,2026-01-25T19:35:00Z
usage_events-005107,EV-0005107,SU-00107,ST-0007,2026-01-25T19:42:00Z,voice,496.8,minutes,2.39,2026-01-25T19:42:00Z
usage_events-005108,EV-0005108,SU-00108,ST-0008,2026-01-25T19:49:00Z,voice,1.7,minutes,2.01,2026-01-25T19:49:00Z
usage_events-005109,EV-0005109,SU-00109,ST-0009,2026-01-25T19:56:00Z,sms,412.9,messages,1.54,2026-01-25T19:56:00Z
usage_events-005110,EV-0005110,SU-00110,ST-0010,2026-01-25T20:03:00Z,voice,51.0,minutes,3.16,2026-01-25T20:03:00Z
usage_events-005111,EV-0005111,SU-00111,ST-0011,2026-01-25T20:10:00Z,sms,367.6,messages,4.33,2026-01-25T20:10:00Z
usage_events-005112,EV-0005112,SU-00112,ST-0012,2026-01-25T20:17:00Z,sms,343.8,messages,4.35,2026-01-25T20:17:00Z
usage_events-005113,EV-0005113,SU-00113,ST-0013,2026-01-25T20:24:00Z,voice,434.3,minutes,1.34,2026-01-25T20:24:00Z
usage_events-005114,EV-0005114,SU-00114,ST-0014,2026-01-25T20:31:00Z,data,138.9,mb,2.99,2026-01-25T20:31:00Z
usage_events-005115,EV-0005115,SU-00115,ST-0015,2026-01-25T20:38:00Z,sms,220.3,messages,4.52,2026-01-25T20:38:00Z
usage_events-005116,EV-0005116,SU-00116,ST-0016,2026-01-25T20:45:00Z,voice,141.3,minutes,0.49,2026-01-25T20:45:00Z
usage_events-005117,EV-0005117,SU-00117,ST-0017,2026-01-25T20:52:00Z,data,431.5,mb,0.36,2026-01-25T20:52:00Z
usage_events-005118,EV-0005118,SU-00118,ST-0018,2026-01-25T20:59:00Z,voice,283.4,minutes,3.21,2026-01-25T20:59:00Z
usage_events-005119,EV-0005119,SU-00119,ST-0019,2026-01-25T21:06:00Z,data,136.0,mb,3.98,2026-01-25T21:06:00Z
usage_events-005120,EV-0005120,SU-00120,ST-0020,2026-01-25T21:13:00Z,sms,119.0,messages,3.83,2026-01-25T21:13:00Z
usage_events-005121,EV-0005121,SU-00121,ST-0021,2026-01-25T21:20:00Z,data,235.8,mb,2.62,2026-01-25T21:20:00Z
usage_events-005122,EV-0005122,SU-00122,ST-0022,2026-01-25T21:27:00Z,data,8.5,mb,3.66,2026-01-25T21:27:00Z
usage_events-005123,EV-0005123,SU-00123,ST-0023,2026-01-25T21:34:00Z,voice,205.0,minutes,4.23,2026-01-25T21:34:00Z
usage_events-005124,EV-0005124,SU-00124,ST-0024,2026-01-25T21:41:00Z,voice,265.6,minutes,1.39,2026-01-25T21:41:00Z
usage_events-005125,EV-0005125,SU-00125,ST-0025,2026-01-25T21:48:00Z,voice,293.4,minutes,0.99,2026-01-25T21:48:00Z
usage_events-005126,EV-0005126,SU-00126,ST-0026,2026-01-25T21:55:00Z,sms,216.0,messages,1.65,2026-01-25T21:55:00Z
usage_events-005127,EV-0005127,SU-00127,ST-0027,2026-01-25T22:02:00Z,voice,277.8,minutes,0.88,2026-01-25T22:02:00Z
usage_events-005128,EV-0005128,SU-00128,ST-0028,2026-01-25T22:09:00Z,sms,199.0,messages,3.94,2026-01-25T22:09:00Z
usage_events-005129,EV-0005129,SU-00129,ST-0029,2026-01-25T22:16:00Z,sms,21.4,messages,4.88,2026-01-25T22:16:00Z
usage_events-005130,EV-0005130,SU-00130,ST-0030,2026-01-25T22:23:00Z,sms,209.4,messages,4.40,2026-01-25T22:23:00Z
usage_events-005131,EV-0005131,SU-00131,ST-0001,2026-01-25T22:30:00Z,data,216.0,mb,2.89,2026-01-25T22:30:00Z
usage_events-005132,EV-0005132,SU-00132,ST-0002,2026-01-25T22:37:00Z,sms,65.7,messages,0.56,2026-01-25T22:37:00Z
usage_events-005133,EV-0005133,SU-00133,ST-0003,2026-01-25T22:44:00Z,data,132.1,mb,4.23,2026-01-25T22:44:00Z
usage_events-005134,EV-0005134,SU-00134,ST-0004,2026-01-25T22:51:00Z,sms,123.4,messages,2.79,2026-01-25T22:51:00Z
usage_events-005135,EV-0005135,SU-00135,ST-0005,2026-01-25T22:58:00Z,data,259.2,mb,3.27,2026-01-25T22:58:00Z
usage_events-005136,EV-0005136,SU-00136,ST-0006,2026-01-25T23:05:00Z,voice,157.5,minutes,4.65,2026-01-25T23:05:00Z
usage_events-005137,EV-0005137,SU-00137,ST-0007,2026-01-25T23:12:00Z,sms,235.4,messages,1.77,2026-01-25T23:12:00Z
usage_events-005138,EV-0005138,SU-00138,ST-0008,2026-01-25T23:19:00Z,sms,11.5,messages,2.35,2026-01-25T23:19:00Z
usage_events-005139,EV-0005139,SU-00139,ST-0009,2026-01-25T23:26:00Z,voice,28.3,minutes,1.60,2026-01-25T23:26:00Z
usage_events-005140,EV-0005140,SU-00140,ST-0010,2026-01-25T23:33:00Z,sms,261.8,messages,2.01,2026-01-25T23:33:00Z
usage_events-005141,EV-0005141,SU-00141,ST-0011,2026-01-25T23:40:00Z,voice,159.4,minutes,4.07,2026-01-25T23:40:00Z
usage_events-005142,EV-0005142,SU-00142,ST-0012,2026-01-25T23:47:00Z,data,72.3,mb,1.46,2026-01-25T23:47:00Z
usage_events-005143,EV-0005143,SU-00143,ST-0013,2026-01-25T23:54:00Z,data,155.9,mb,2.39,2026-01-25T23:54:00Z
usage_events-005144,EV-0005144,SU-00144,ST-0014,2026-01-26T00:01:00Z,voice,182.9,minutes,2.81,2026-01-26T00:01:00Z
usage_events-005145,EV-0005145,SU-00145,ST-0015,2026-01-26T00:08:00Z,sms,481.1,messages,3.63,2026-01-26T00:08:00Z
usage_events-005146,EV-0005146,SU-00146,ST-0016,2026-01-26T00:15:00Z,sms,119.3,messages,0.12,2026-01-26T00:15:00Z
usage_events-005147,EV-0005147,SU-00147,ST-0017,2026-01-26T00:22:00Z,sms,98.7,messages,2.59,2026-01-26T00:22:00Z
usage_events-005148,EV-0005148,SU-00148,ST-0018,2026-01-26T00:29:00Z,voice,423.5,minutes,2.35,2026-01-26T00:29:00Z
usage_events-005149,EV-0005149,SU-00149,ST-0019,2026-01-26T00:36:00Z,sms,416.0,messages,3.91,2026-01-26T00:36:00Z
usage_events-005150,EV-0005150,SU-00150,ST-0020,2026-01-26T00:43:00Z,sms,381.9,messages,2.48,2026-01-26T00:43:00Z
usage_events-005151,EV-0005151,SU-00151,ST-0021,2026-01-26T00:50:00Z,data,107.8,mb,0.62,2026-01-26T00:50:00Z
usage_events-005152,EV-0005152,SU-00152,ST-0022,2026-01-26T00:57:00Z,sms,218.3,messages,4.84,2026-01-26T00:57:00Z
usage_events-005153,EV-0005153,SU-00153,ST-0023,2026-01-26T01:04:00Z,data,399.1,mb,1.86,2026-01-26T01:04:00Z
usage_events-005154,EV-0005154,SU-00154,ST-0024,2026-01-26T01:11:00Z,sms,326.5,messages,4.57,2026-01-26T01:11:00Z
usage_events-005155,EV-0005155,SU-00155,ST-0025,2026-01-26T01:18:00Z,sms,313.9,messages,3.07,2026-01-26T01:18:00Z
usage_events-005156,EV-0005156,SU-00156,ST-0026,2026-01-26T01:25:00Z,sms,483.9,messages,0.66,2026-01-26T01:25:00Z
usage_events-005157,EV-0005157,SU-00157,ST-0027,2026-01-26T01:32:00Z,voice,313.6,minutes,3.19,2026-01-26T01:32:00Z
usage_events-005158,EV-0005158,SU-00158,ST-0028,2026-01-26T01:39:00Z,sms,296.7,messages,4.05,2026-01-26T01:39:00Z
usage_events-005159,EV-0005159,SU-00159,ST-0029,2026-01-26T01:46:00Z,data,388.0,mb,4.44,2026-01-26T01:46:00Z
usage_events-005160,EV-0005160,SU-00160,ST-0030,2026-01-26T01:53:00Z,data,143.1,mb,3.14,2026-01-26T01:53:00Z
usage_events-005161,EV-0005161,SU-00161,ST-0001,2026-01-26T02:00:00Z,voice,53.5,minutes,2.54,2026-01-26T02:00:00Z
usage_events-005162,EV-0005162,SU-00162,ST-0002,2026-01-26T02:07:00Z,sms,32.2,messages,0.10,2026-01-26T02:07:00Z
usage_events-005163,EV-0005163,SU-00163,ST-0003,2026-01-26T02:14:00Z,data,60.2,mb,3.33,2026-01-26T02:14:00Z
usage_events-005164,EV-0005164,SU-00164,ST-0004,2026-01-26T02:21:00Z,voice,490.8,minutes,2.03,2026-01-26T02:21:00Z
usage_events-005165,EV-0005165,SU-00165,ST-0005,2026-01-26T02:28:00Z,data,133.6,mb,3.58,2026-01-26T02:28:00Z
usage_events-005166,EV-0005166,SU-00166,ST-0006,2026-01-26T02:35:00Z,voice,102.6,minutes,1.16,2026-01-26T02:35:00Z
usage_events-005167,EV-0005167,SU-00167,ST-0007,2026-01-26T02:42:00Z,voice,300.3,minutes,2.85,2026-01-26T02:42:00Z
usage_events-005168,EV-0005168,SU-00168,ST-0008,2026-01-26T02:49:00Z,data,173.0,mb,2.58,2026-01-26T02:49:00Z
usage_events-005169,EV-0005169,SU-00169,ST-0009,2026-01-26T02:56:00Z,data,55.1,mb,4.77,2026-01-26T02:56:00Z
usage_events-005170,EV-0005170,SU-00170,ST-0010,2026-01-26T03:03:00Z,sms,273.1,messages,0.04,2026-01-26T03:03:00Z
usage_events-005171,EV-0005171,SU-00171,ST-0011,2026-01-26T03:10:00Z,sms,463.7,messages,3.65,2026-01-26T03:10:00Z
usage_events-005172,EV-0005172,SU-00172,ST-0012,2026-01-26T03:17:00Z,sms,281.7,messages,1.74,2026-01-26T03:17:00Z
usage_events-005173,EV-0005173,SU-00173,ST-0013,2026-01-26T03:24:00Z,data,202.5,mb,1.32,2026-01-26T03:24:00Z
usage_events-005174,EV-0005174,SU-00174,ST-0014,2026-01-26T03:31:00Z,voice,276.2,minutes,0.02,2026-01-26T03:31:00Z
usage_events-005175,EV-0005175,SU-00175,ST-0015,2026-01-26T03:38:00Z,sms,23.9,messages,2.43,2026-01-26T03:38:00Z
usage_events-005176,EV-0005176,SU-00176,ST-0016,2026-01-26T03:45:00Z,voice,155.0,minutes,1.88,2026-01-26T03:45:00Z
usage_events-005177,EV-0005177,SU-00177,ST-0017,2026-01-26T03:52:00Z,voice,275.4,minutes,2.60,2026-01-26T03:52:00Z
usage_events-005178,EV-0005178,SU-00178,ST-0018,2026-01-26T03:59:00Z,data,448.1,mb,0.63,2026-01-26T03:59:00Z
usage_events-005179,EV-0005179,SU-00179,ST-0019,2026-01-26T04:06:00Z,voice,334.1,minutes,3.81,2026-01-26T04:06:00Z
usage_events-005180,EV-0005180,SU-00180,ST-0020,2026-01-26T04:13:00Z,sms,178.2,messages,1.50,2026-01-26T04:13:00Z
usage_events-005181,EV-0005181,SU-00181,ST-0021,2026-01-26T04:20:00Z,sms,18.2,messages,0.62,2026-01-26T04:20:00Z
usage_events-005182,EV-0005182,SU-00182,ST-0022,2026-01-26T04:27:00Z,sms,354.6,messages,2.43,2026-01-26T04:27:00Z
usage_events-005183,EV-0005183,SU-00183,ST-0023,2026-01-26T04:34:00Z,sms,340.0,messages,4.10,2026-01-26T04:34:00Z
usage_events-005184,EV-0005184,SU-00184,ST-0024,2026-01-26T04:41:00Z,voice,27.5,minutes,0.23,2026-01-26T04:41:00Z
usage_events-005185,EV-0005185,SU-00185,ST-0025,2026-01-26T04:48:00Z,data,296.7,mb,4.66,2026-01-26T04:48:00Z
usage_events-005186,EV-0005186,SU-00186,ST-0026,2026-01-26T04:55:00Z,voice,264.3,minutes,4.71,2026-01-26T04:55:00Z
usage_events-005187,EV-0005187,SU-00187,ST-0027,2026-01-26T05:02:00Z,data,100.1,mb,1.13,2026-01-26T05:02:00Z
usage_events-005188,EV-0005188,SU-00188,ST-0028,2026-01-26T05:09:00Z,voice,22.5,minutes,0.55,2026-01-26T05:09:00Z
usage_events-005189,EV-0005189,SU-00189,ST-0029,2026-01-26T05:16:00Z,sms,336.2,messages,3.48,2026-01-26T05:16:00Z
usage_events-005190,EV-0005190,SU-00190,ST-0030,2026-01-26T05:23:00Z,sms,218.5,messages,0.23,2026-01-26T05:23:00Z
usage_events-005191,EV-0005191,SU-00191,ST-0001,2026-01-26T05:30:00Z,data,378.7,mb,4.00,2026-01-26T05:30:00Z
usage_events-005192,EV-0005192,SU-00192,ST-0002,2026-01-26T05:37:00Z,data,261.1,mb,2.15,2026-01-26T05:37:00Z
usage_events-005193,EV-0005193,SU-00193,ST-0003,2026-01-26T05:44:00Z,sms,239.2,messages,4.18,2026-01-26T05:44:00Z
usage_events-005194,EV-0005194,SU-00194,ST-0004,2026-01-26T05:51:00Z,data,42.2,mb,3.63,2026-01-26T05:51:00Z
usage_events-005195,EV-0005195,SU-00195,ST-0005,2026-01-26T05:58:00Z,sms,108.9,messages,3.96,2026-01-26T05:58:00Z
usage_events-005196,EV-0005196,SU-00196,ST-0006,2026-01-26T06:05:00Z,voice,449.3,minutes,3.07,2026-01-26T06:05:00Z
usage_events-005197,EV-0005197,SU-00197,ST-0007,2026-01-26T06:12:00Z,sms,480.4,messages,2.83,2026-01-26T06:12:00Z
usage_events-005198,EV-0005198,SU-00198,ST-0008,2026-01-26T06:19:00Z,data,10.6,mb,1.06,2026-01-26T06:19:00Z
usage_events-005199,EV-0005199,SU-00199,ST-0009,2026-01-26T06:26:00Z,voice,145.6,minutes,0.11,2026-01-26T06:26:00Z
usage_events-005200,EV-0005200,SU-00200,ST-0010,2026-01-26T06:33:00Z,voice,196.4,minutes,1.59,2026-01-26T06:33:00Z
usage_events-005201,EV-0005201,SU-00201,ST-0011,2026-01-26T06:40:00Z,voice,403.6,minutes,3.42,2026-01-26T06:40:00Z
usage_events-005202,EV-0005202,SU-00202,ST-0012,2026-01-26T06:47:00Z,voice,176.6,minutes,3.80,2026-01-26T06:47:00Z
usage_events-005203,EV-0005203,SU-00203,ST-0013,2026-01-26T06:54:00Z,data,313.7,mb,1.64,2026-01-26T06:54:00Z
usage_events-005204,EV-0005204,SU-00204,ST-0014,2026-01-26T07:01:00Z,sms,211.9,messages,2.03,2026-01-26T07:01:00Z
usage_events-005205,EV-0005205,SU-00205,ST-0015,2026-01-26T07:08:00Z,sms,29.7,messages,3.07,2026-01-26T07:08:00Z
usage_events-005206,EV-0005206,SU-00206,ST-0016,2026-01-26T07:15:00Z,voice,5.4,minutes,1.00,2026-01-26T07:15:00Z
usage_events-005207,EV-0005207,SU-00207,ST-0017,2026-01-26T07:22:00Z,sms,419.8,messages,0.19,2026-01-26T07:22:00Z
usage_events-005208,EV-0005208,SU-00208,ST-0018,2026-01-26T07:29:00Z,sms,332.7,messages,0.22,2026-01-26T07:29:00Z
usage_events-005209,EV-0005209,SU-00209,ST-0019,2026-01-26T07:36:00Z,data,322.8,mb,3.29,2026-01-26T07:36:00Z
usage_events-005210,EV-0005210,SU-00210,ST-0020,2026-01-26T07:43:00Z,voice,361.2,minutes,3.98,2026-01-26T07:43:00Z
usage_events-005211,EV-0005211,SU-00211,ST-0021,2026-01-26T07:50:00Z,sms,108.0,messages,1.16,2026-01-26T07:50:00Z
usage_events-005212,EV-0005212,SU-00212,ST-0022,2026-01-26T07:57:00Z,sms,403.4,messages,4.05,2026-01-26T07:57:00Z
usage_events-005213,EV-0005213,SU-00213,ST-0023,2026-01-26T08:04:00Z,data,27.2,mb,3.66,2026-01-26T08:04:00Z
usage_events-005214,EV-0005214,SU-00214,ST-0024,2026-01-26T08:11:00Z,voice,336.8,minutes,1.50,2026-01-26T08:11:00Z
usage_events-005215,EV-0005215,SU-00215,ST-0025,2026-01-26T08:18:00Z,voice,49.3,minutes,0.67,2026-01-26T08:18:00Z
usage_events-005216,EV-0005216,SU-00216,ST-0026,2026-01-26T08:25:00Z,voice,299.5,minutes,1.93,2026-01-26T08:25:00Z
usage_events-005217,EV-0005217,SU-00217,ST-0027,2026-01-26T08:32:00Z,data,415.3,mb,2.06,2026-01-26T08:32:00Z
usage_events-005218,EV-0005218,SU-00218,ST-0028,2026-01-26T08:39:00Z,voice,452.7,minutes,3.43,2026-01-26T08:39:00Z
usage_events-005219,EV-0005219,SU-00219,ST-0029,2026-01-26T08:46:00Z,sms,456.5,messages,2.27,2026-01-26T08:46:00Z
usage_events-005220,EV-0005220,SU-00220,ST-0030,2026-01-26T08:53:00Z,data,169.0,mb,1.65,2026-01-26T08:53:00Z
usage_events-005221,EV-0005221,SU-00221,ST-0001,2026-01-26T09:00:00Z,sms,486.4,messages,4.79,2026-01-26T09:00:00Z
usage_events-005222,EV-0005222,SU-00222,ST-0002,2026-01-26T09:07:00Z,sms,41.5,messages,2.85,2026-01-26T09:07:00Z
usage_events-005223,EV-0005223,SU-00223,ST-0003,2026-01-26T09:14:00Z,sms,324.2,messages,0.94,2026-01-26T09:14:00Z
usage_events-005224,EV-0005224,SU-00224,ST-0004,2026-01-26T09:21:00Z,voice,77.8,minutes,2.78,2026-01-26T09:21:00Z
usage_events-005225,EV-0005225,SU-00225,ST-0005,2026-01-26T09:28:00Z,sms,395.9,messages,3.71,2026-01-26T09:28:00Z
usage_events-005226,EV-0005226,SU-00226,ST-0006,2026-01-26T09:35:00Z,voice,153.5,minutes,2.25,2026-01-26T09:35:00Z
usage_events-005227,EV-0005227,SU-00227,ST-0007,2026-01-26T09:42:00Z,sms,386.0,messages,3.89,2026-01-26T09:42:00Z
usage_events-005228,EV-0005228,SU-00228,ST-0008,2026-01-26T09:49:00Z,voice,463.7,minutes,0.76,2026-01-26T09:49:00Z
usage_events-005229,EV-0005229,SU-00229,ST-0009,2026-01-26T09:56:00Z,data,47.2,mb,1.13,2026-01-26T09:56:00Z
usage_events-005230,EV-0005230,SU-00230,ST-0010,2026-01-26T10:03:00Z,voice,229.5,minutes,0.56,2026-01-26T10:03:00Z
usage_events-005231,EV-0005231,SU-00231,ST-0011,2026-01-26T10:10:00Z,voice,216.4,minutes,0.06,2026-01-26T10:10:00Z
usage_events-005232,EV-0005232,SU-00232,ST-0012,2026-01-26T10:17:00Z,voice,239.0,minutes,2.52,2026-01-26T10:17:00Z
usage_events-005233,EV-0005233,SU-00233,ST-0013,2026-01-26T10:24:00Z,sms,58.4,messages,0.24,2026-01-26T10:24:00Z
usage_events-005234,EV-0005234,SU-00234,ST-0014,2026-01-26T10:31:00Z,data,82.0,mb,3.83,2026-01-26T10:31:00Z
usage_events-005235,EV-0005235,SU-00235,ST-0015,2026-01-26T10:38:00Z,sms,372.5,messages,3.79,2026-01-26T10:38:00Z
usage_events-005236,EV-0005236,SU-00236,ST-0016,2026-01-26T10:45:00Z,voice,494.2,minutes,2.15,2026-01-26T10:45:00Z
usage_events-005237,EV-0005237,SU-00237,ST-0017,2026-01-26T10:52:00Z,sms,98.3,messages,4.36,2026-01-26T10:52:00Z
usage_events-005238,EV-0005238,SU-00238,ST-0018,2026-01-26T10:59:00Z,voice,431.2,minutes,0.75,2026-01-26T10:59:00Z
usage_events-005239,EV-0005239,SU-00239,ST-0019,2026-01-26T11:06:00Z,sms,204.1,messages,0.20,2026-01-26T11:06:00Z
usage_events-005240,EV-0005240,SU-00240,ST-0020,2026-01-26T11:13:00Z,voice,370.5,minutes,3.04,2026-01-26T11:13:00Z
usage_events-005241,EV-0005241,SU-00241,ST-0021,2026-01-26T11:20:00Z,voice,73.1,minutes,1.44,2026-01-26T11:20:00Z
usage_events-005242,EV-0005242,SU-00242,ST-0022,2026-01-26T11:27:00Z,voice,352.9,minutes,4.61,2026-01-26T11:27:00Z
usage_events-005243,EV-0005243,SU-00243,ST-0023,2026-01-26T11:34:00Z,data,345.7,mb,2.93,2026-01-26T11:34:00Z
usage_events-005244,EV-0005244,SU-00244,ST-0024,2026-01-26T11:41:00Z,data,429.2,mb,1.21,2026-01-26T11:41:00Z
usage_events-005245,EV-0005245,SU-00245,ST-0025,2026-01-26T11:48:00Z,voice,465.8,minutes,3.94,2026-01-26T11:48:00Z
usage_events-005246,EV-0005246,SU-00246,ST-0026,2026-01-26T11:55:00Z,sms,165.8,messages,0.28,2026-01-26T11:55:00Z
usage_events-005247,EV-0005247,SU-00247,ST-0027,2026-01-26T12:02:00Z,data,441.6,mb,1.37,2026-01-26T12:02:00Z
usage_events-005248,EV-0005248,SU-00248,ST-0028,2026-01-26T12:09:00Z,data,25.8,mb,1.95,2026-01-26T12:09:00Z
usage_events-005249,EV-0005249,SU-00249,ST-0029,2026-01-26T12:16:00Z,data,151.6,mb,4.37,2026-01-26T12:16:00Z
usage_events-005250,EV-0005250,SU-00250,ST-0030,2026-01-26T12:23:00Z,voice,461.4,minutes,1.62,2026-01-26T12:23:00Z
usage_events-005251,EV-0005251,SU-00001,ST-0001,2026-01-26T12:30:00Z,data,137.1,mb,0.87,2026-01-26T12:30:00Z
usage_events-005252,EV-0005252,SU-00002,ST-0002,2026-01-26T12:37:00Z,voice,217.1,minutes,4.91,2026-01-26T12:37:00Z
usage_events-005253,EV-0005253,SU-00003,ST-0003,2026-01-26T12:44:00Z,voice,116.7,minutes,0.82,2026-01-26T12:44:00Z
usage_events-005254,EV-0005254,SU-00004,ST-0004,2026-01-26T12:51:00Z,voice,313.2,minutes,2.57,2026-01-26T12:51:00Z
usage_events-005255,EV-0005255,SU-00005,ST-0005,2026-01-26T12:58:00Z,data,80.4,mb,3.91,2026-01-26T12:58:00Z
usage_events-005256,EV-0005256,SU-00006,ST-0006,2026-01-26T13:05:00Z,data,258.0,mb,1.83,2026-01-26T13:05:00Z
usage_events-005257,EV-0005257,SU-00007,ST-0007,2026-01-26T13:12:00Z,sms,112.8,messages,2.67,2026-01-26T13:12:00Z
usage_events-005258,EV-0005258,SU-00008,ST-0008,2026-01-26T13:19:00Z,sms,294.3,messages,3.38,2026-01-26T13:19:00Z
usage_events-005259,EV-0005259,SU-00009,ST-0009,2026-01-26T13:26:00Z,data,167.8,mb,2.21,2026-01-26T13:26:00Z
usage_events-005260,EV-0005260,SU-00010,ST-0010,2026-01-26T13:33:00Z,sms,482.8,messages,1.17,2026-01-26T13:33:00Z
usage_events-005261,EV-0005261,SU-00011,ST-0011,2026-01-26T13:40:00Z,voice,264.8,minutes,4.17,2026-01-26T13:40:00Z
usage_events-005262,EV-0005262,SU-00012,ST-0012,2026-01-26T13:47:00Z,data,329.6,mb,2.71,2026-01-26T13:47:00Z
usage_events-005263,EV-0005263,SU-00013,ST-0013,2026-01-26T13:54:00Z,sms,214.1,messages,2.22,2026-01-26T13:54:00Z
usage_events-005264,EV-0005264,SU-00014,ST-0014,2026-01-26T14:01:00Z,data,330.6,mb,0.63,2026-01-26T14:01:00Z
usage_events-005265,EV-0005265,SU-00015,ST-0015,2026-01-26T14:08:00Z,voice,114.2,minutes,3.63,2026-01-26T14:08:00Z
usage_events-005266,EV-0005266,SU-00016,ST-0016,2026-01-26T14:15:00Z,voice,380.7,minutes,3.15,2026-01-26T14:15:00Z
usage_events-005267,EV-0005267,SU-00017,ST-0017,2026-01-26T14:22:00Z,sms,382.9,messages,2.88,2026-01-26T14:22:00Z
usage_events-005268,EV-0005268,SU-00018,ST-0018,2026-01-26T14:29:00Z,voice,62.6,minutes,1.12,2026-01-26T14:29:00Z
usage_events-005269,EV-0005269,SU-00019,ST-0019,2026-01-26T14:36:00Z,sms,267.8,messages,2.15,2026-01-26T14:36:00Z
usage_events-005270,EV-0005270,SU-00020,ST-0020,2026-01-26T14:43:00Z,voice,433.7,minutes,2.17,2026-01-26T14:43:00Z
usage_events-005271,EV-0005271,SU-00021,ST-0021,2026-01-26T14:50:00Z,sms,213.9,messages,0.64,2026-01-26T14:50:00Z
usage_events-005272,EV-0005272,SU-00022,ST-0022,2026-01-26T14:57:00Z,voice,198.0,minutes,0.72,2026-01-26T14:57:00Z
usage_events-005273,EV-0005273,SU-00023,ST-0023,2026-01-26T15:04:00Z,data,254.0,mb,1.76,2026-01-26T15:04:00Z
usage_events-005274,EV-0005274,SU-00024,ST-0024,2026-01-26T15:11:00Z,data,70.1,mb,3.82,2026-01-26T15:11:00Z
usage_events-005275,EV-0005275,SU-00025,ST-0025,2026-01-26T15:18:00Z,voice,116.1,minutes,0.25,2026-01-26T15:18:00Z
usage_events-005276,EV-0005276,SU-00026,ST-0026,2026-01-26T15:25:00Z,data,208.9,mb,0.43,2026-01-26T15:25:00Z
usage_events-005277,EV-0005277,SU-00027,ST-0027,2026-01-26T15:32:00Z,voice,54.4,minutes,4.68,2026-01-26T15:32:00Z
usage_events-005278,EV-0005278,SU-00028,ST-0028,2026-01-26T15:39:00Z,data,105.4,mb,4.41,2026-01-26T15:39:00Z
usage_events-005279,EV-0005279,SU-00029,ST-0029,2026-01-26T15:46:00Z,voice,352.6,minutes,2.42,2026-01-26T15:46:00Z
usage_events-005280,EV-0005280,SU-00030,ST-0030,2026-01-26T15:53:00Z,voice,380.7,minutes,2.51,2026-01-26T15:53:00Z
usage_events-005281,EV-0005281,SU-00031,ST-0001,2026-01-26T16:00:00Z,data,176.2,mb,4.47,2026-01-26T16:00:00Z
usage_events-005282,EV-0005282,SU-00032,ST-0002,2026-01-26T16:07:00Z,data,176.8,mb,4.45,2026-01-26T16:07:00Z
usage_events-005283,EV-0005283,SU-00033,ST-0003,2026-01-26T16:14:00Z,data,305.4,mb,0.83,2026-01-26T16:14:00Z
usage_events-005284,EV-0005284,SU-00034,ST-0004,2026-01-26T16:21:00Z,voice,377.5,minutes,3.73,2026-01-26T16:21:00Z
usage_events-005285,EV-0005285,SU-00035,ST-0005,2026-01-26T16:28:00Z,sms,71.0,messages,1.38,2026-01-26T16:28:00Z
usage_events-005286,EV-0005286,SU-00036,ST-0006,2026-01-26T16:35:00Z,sms,73.2,messages,1.82,2026-01-26T16:35:00Z
usage_events-005287,EV-0005287,SU-00037,ST-0007,2026-01-26T16:42:00Z,data,38.5,mb,0.41,2026-01-26T16:42:00Z
usage_events-005288,EV-0005288,SU-00038,ST-0008,2026-01-26T16:49:00Z,sms,170.9,messages,3.96,2026-01-26T16:49:00Z
usage_events-005289,EV-0005289,SU-00039,ST-0009,2026-01-26T16:56:00Z,voice,444.8,minutes,2.70,2026-01-26T16:56:00Z
usage_events-005290,EV-0005290,SU-00040,ST-0010,2026-01-26T17:03:00Z,sms,260.4,messages,3.54,2026-01-26T17:03:00Z
usage_events-005291,EV-0005291,SU-00041,ST-0011,2026-01-26T17:10:00Z,voice,290.6,minutes,3.78,2026-01-26T17:10:00Z
usage_events-005292,EV-0005292,SU-00042,ST-0012,2026-01-26T17:17:00Z,data,0.3,mb,1.23,2026-01-26T17:17:00Z
usage_events-005293,EV-0005293,SU-00043,ST-0013,2026-01-26T17:24:00Z,voice,381.7,minutes,3.91,2026-01-26T17:24:00Z
usage_events-005294,EV-0005294,SU-00044,ST-0014,2026-01-26T17:31:00Z,sms,41.0,messages,0.72,2026-01-26T17:31:00Z
usage_events-005295,EV-0005295,SU-00045,ST-0015,2026-01-26T17:38:00Z,voice,309.7,minutes,3.23,2026-01-26T17:38:00Z
usage_events-005296,EV-0005296,SU-00046,ST-0016,2026-01-26T17:45:00Z,sms,224.6,messages,0.22,2026-01-26T17:45:00Z
usage_events-005297,EV-0005297,SU-00047,ST-0017,2026-01-26T17:52:00Z,sms,20.9,messages,0.22,2026-01-26T17:52:00Z
usage_events-005298,EV-0005298,SU-00048,ST-0018,2026-01-26T17:59:00Z,data,470.6,mb,1.51,2026-01-26T17:59:00Z
usage_events-005299,EV-0005299,SU-00049,ST-0019,2026-01-26T18:06:00Z,voice,331.3,minutes,0.38,2026-01-26T18:06:00Z
usage_events-005300,EV-0005300,SU-00050,ST-0020,2026-01-26T18:13:00Z,voice,320.8,minutes,4.67,2026-01-26T18:13:00Z
usage_events-005301,EV-0005301,SU-00051,ST-0021,2026-01-26T18:20:00Z,sms,67.6,messages,2.31,2026-01-26T18:20:00Z
usage_events-005302,EV-0005302,SU-00052,ST-0022,2026-01-26T18:27:00Z,data,343.3,mb,1.77,2026-01-26T18:27:00Z
usage_events-005303,EV-0005303,SU-00053,ST-0023,2026-01-26T18:34:00Z,voice,177.2,minutes,0.29,2026-01-26T18:34:00Z
usage_events-005304,EV-0005304,SU-00054,ST-0024,2026-01-26T18:41:00Z,data,246.8,mb,4.16,2026-01-26T18:41:00Z
usage_events-005305,EV-0005305,SU-00055,ST-0025,2026-01-26T18:48:00Z,sms,77.3,messages,4.04,2026-01-26T18:48:00Z
usage_events-005306,EV-0005306,SU-00056,ST-0026,2026-01-26T18:55:00Z,voice,271.4,minutes,0.85,2026-01-26T18:55:00Z
usage_events-005307,EV-0005307,SU-00057,ST-0027,2026-01-26T19:02:00Z,voice,271.3,minutes,0.02,2026-01-26T19:02:00Z
usage_events-005308,EV-0005308,SU-00058,ST-0028,2026-01-26T19:09:00Z,voice,151.4,minutes,0.49,2026-01-26T19:09:00Z
usage_events-005309,EV-0005309,SU-00059,ST-0029,2026-01-26T19:16:00Z,data,275.2,mb,2.83,2026-01-26T19:16:00Z
usage_events-005310,EV-0005310,SU-00060,ST-0030,2026-01-26T19:23:00Z,data,3.1,mb,3.04,2026-01-26T19:23:00Z
usage_events-005311,EV-0005311,SU-00061,ST-0001,2026-01-26T19:30:00Z,sms,304.1,messages,4.51,2026-01-26T19:30:00Z
usage_events-005312,EV-0005312,SU-00062,ST-0002,2026-01-26T19:37:00Z,voice,155.6,minutes,2.96,2026-01-26T19:37:00Z
usage_events-005313,EV-0005313,SU-00063,ST-0003,2026-01-26T19:44:00Z,sms,103.0,messages,4.02,2026-01-26T19:44:00Z
usage_events-005314,EV-0005314,SU-00064,ST-0004,2026-01-26T19:51:00Z,sms,327.1,messages,4.25,2026-01-26T19:51:00Z
usage_events-005315,EV-0005315,SU-00065,ST-0005,2026-01-26T19:58:00Z,voice,488.3,minutes,1.56,2026-01-26T19:58:00Z
usage_events-005316,EV-0005316,SU-00066,ST-0006,2026-01-26T20:05:00Z,sms,153.9,messages,4.88,2026-01-26T20:05:00Z
usage_events-005317,EV-0005317,SU-00067,ST-0007,2026-01-26T20:12:00Z,sms,32.9,messages,4.65,2026-01-26T20:12:00Z
usage_events-005318,EV-0005318,SU-00068,ST-0008,2026-01-26T20:19:00Z,voice,465.0,minutes,0.88,2026-01-26T20:19:00Z
usage_events-005319,EV-0005319,SU-00069,ST-0009,2026-01-26T20:26:00Z,voice,426.9,minutes,1.25,2026-01-26T20:26:00Z
usage_events-005320,EV-0005320,SU-00070,ST-0010,2026-01-26T20:33:00Z,voice,453.1,minutes,1.00,2026-01-26T20:33:00Z
usage_events-005321,EV-0005321,SU-00071,ST-0011,2026-01-26T20:40:00Z,sms,21.4,messages,2.78,2026-01-26T20:40:00Z
usage_events-005322,EV-0005322,SU-00072,ST-0012,2026-01-26T20:47:00Z,voice,429.4,minutes,2.45,2026-01-26T20:47:00Z
usage_events-005323,EV-0005323,SU-00073,ST-0013,2026-01-26T20:54:00Z,sms,421.7,messages,2.23,2026-01-26T20:54:00Z
usage_events-005324,EV-0005324,SU-00074,ST-0014,2026-01-26T21:01:00Z,data,217.8,mb,4.45,2026-01-26T21:01:00Z
usage_events-005325,EV-0005325,SU-00075,ST-0015,2026-01-26T21:08:00Z,voice,197.5,minutes,0.04,2026-01-26T21:08:00Z
usage_events-005326,EV-0005326,SU-00076,ST-0016,2026-01-26T21:15:00Z,data,312.7,mb,2.66,2026-01-26T21:15:00Z
usage_events-005327,EV-0005327,SU-00077,ST-0017,2026-01-26T21:22:00Z,data,405.7,mb,0.66,2026-01-26T21:22:00Z
usage_events-005328,EV-0005328,SU-00078,ST-0018,2026-01-26T21:29:00Z,data,119.1,mb,0.57,2026-01-26T21:29:00Z
usage_events-005329,EV-0005329,SU-00079,ST-0019,2026-01-26T21:36:00Z,sms,7.8,messages,1.66,2026-01-26T21:36:00Z
usage_events-005330,EV-0005330,SU-00080,ST-0020,2026-01-26T21:43:00Z,sms,144.1,messages,0.13,2026-01-26T21:43:00Z
usage_events-005331,EV-0005331,SU-00081,ST-0021,2026-01-26T21:50:00Z,voice,416.1,minutes,2.93,2026-01-26T21:50:00Z
usage_events-005332,EV-0005332,SU-00082,ST-0022,2026-01-26T21:57:00Z,voice,463.9,minutes,0.36,2026-01-26T21:57:00Z
usage_events-005333,EV-0005333,SU-00083,ST-0023,2026-01-26T22:04:00Z,sms,284.1,messages,4.64,2026-01-26T22:04:00Z
usage_events-005334,EV-0005334,SU-00084,ST-0024,2026-01-26T22:11:00Z,data,193.4,mb,0.69,2026-01-26T22:11:00Z
usage_events-005335,EV-0005335,SU-00085,ST-0025,2026-01-26T22:18:00Z,data,68.1,mb,2.35,2026-01-26T22:18:00Z
usage_events-005336,EV-0005336,SU-00086,ST-0026,2026-01-26T22:25:00Z,data,66.8,mb,3.13,2026-01-26T22:25:00Z
usage_events-005337,EV-0005337,SU-00087,ST-0027,2026-01-26T22:32:00Z,voice,347.1,minutes,0.05,2026-01-26T22:32:00Z
usage_events-005338,EV-0005338,SU-00088,ST-0028,2026-01-26T22:39:00Z,voice,295.2,minutes,4.22,2026-01-26T22:39:00Z
usage_events-005339,EV-0005339,SU-00089,ST-0029,2026-01-26T22:46:00Z,sms,387.5,messages,0.30,2026-01-26T22:46:00Z
usage_events-005340,EV-0005340,SU-00090,ST-0030,2026-01-26T22:53:00Z,data,319.6,mb,1.43,2026-01-26T22:53:00Z
usage_events-005341,EV-0005341,SU-00091,ST-0001,2026-01-26T23:00:00Z,data,423.7,mb,4.81,2026-01-26T23:00:00Z
usage_events-005342,EV-0005342,SU-00092,ST-0002,2026-01-26T23:07:00Z,voice,263.6,minutes,4.33,2026-01-26T23:07:00Z
usage_events-005343,EV-0005343,SU-00093,ST-0003,2026-01-26T23:14:00Z,sms,31.5,messages,2.99,2026-01-26T23:14:00Z
usage_events-005344,EV-0005344,SU-00094,ST-0004,2026-01-26T23:21:00Z,data,355.1,mb,3.85,2026-01-26T23:21:00Z
usage_events-005345,EV-0005345,SU-00095,ST-0005,2026-01-26T23:28:00Z,sms,488.8,messages,0.83,2026-01-26T23:28:00Z
usage_events-005346,EV-0005346,SU-00096,ST-0006,2026-01-26T23:35:00Z,sms,115.0,messages,0.44,2026-01-26T23:35:00Z
usage_events-005347,EV-0005347,SU-00097,ST-0007,2026-01-26T23:42:00Z,voice,4.5,minutes,2.23,2026-01-26T23:42:00Z
usage_events-005348,EV-0005348,SU-00098,ST-0008,2026-01-26T23:49:00Z,voice,211.1,minutes,1.93,2026-01-26T23:49:00Z
usage_events-005349,EV-0005349,SU-00099,ST-0009,2026-01-26T23:56:00Z,data,472.9,mb,4.21,2026-01-26T23:56:00Z
usage_events-005350,EV-0005350,SU-00100,ST-0010,2026-01-27T00:03:00Z,data,432.4,mb,3.86,2026-01-27T00:03:00Z
usage_events-005351,EV-0005351,SU-00101,ST-0011,2026-01-27T00:10:00Z,sms,393.6,messages,0.78,2026-01-27T00:10:00Z
usage_events-005352,EV-0005352,SU-00102,ST-0012,2026-01-27T00:17:00Z,voice,346.0,minutes,3.30,2026-01-27T00:17:00Z
usage_events-005353,EV-0005353,SU-00103,ST-0013,2026-01-27T00:24:00Z,data,412.2,mb,1.06,2026-01-27T00:24:00Z
usage_events-005354,EV-0005354,SU-00104,ST-0014,2026-01-27T00:31:00Z,sms,165.9,messages,2.56,2026-01-27T00:31:00Z
usage_events-005355,EV-0005355,SU-00105,ST-0015,2026-01-27T00:38:00Z,sms,141.6,messages,3.04,2026-01-27T00:38:00Z
usage_events-005356,EV-0005356,SU-00106,ST-0016,2026-01-27T00:45:00Z,voice,13.4,minutes,2.68,2026-01-27T00:45:00Z
usage_events-005357,EV-0005357,SU-00107,ST-0017,2026-01-27T00:52:00Z,voice,61.1,minutes,3.40,2026-01-27T00:52:00Z
usage_events-005358,EV-0005358,SU-00108,ST-0018,2026-01-27T00:59:00Z,data,1.8,mb,1.96,2026-01-27T00:59:00Z
usage_events-005359,EV-0005359,SU-00109,ST-0019,2026-01-27T01:06:00Z,sms,307.1,messages,1.90,2026-01-27T01:06:00Z
usage_events-005360,EV-0005360,SU-00110,ST-0020,2026-01-27T01:13:00Z,data,222.4,mb,1.61,2026-01-27T01:13:00Z
usage_events-005361,EV-0005361,SU-00111,ST-0021,2026-01-27T01:20:00Z,sms,116.4,messages,0.01,2026-01-27T01:20:00Z
usage_events-005362,EV-0005362,SU-00112,ST-0022,2026-01-27T01:27:00Z,sms,11.8,messages,1.92,2026-01-27T01:27:00Z
usage_events-005363,EV-0005363,SU-00113,ST-0023,2026-01-27T01:34:00Z,data,191.3,mb,3.01,2026-01-27T01:34:00Z
usage_events-005364,EV-0005364,SU-00114,ST-0024,2026-01-27T01:41:00Z,voice,4.3,minutes,2.13,2026-01-27T01:41:00Z
usage_events-005365,EV-0005365,SU-00115,ST-0025,2026-01-27T01:48:00Z,voice,176.4,minutes,4.23,2026-01-27T01:48:00Z
usage_events-005366,EV-0005366,SU-00116,ST-0026,2026-01-27T01:55:00Z,sms,474.8,messages,4.05,2026-01-27T01:55:00Z
usage_events-005367,EV-0005367,SU-00117,ST-0027,2026-01-27T02:02:00Z,voice,87.7,minutes,0.93,2026-01-27T02:02:00Z
usage_events-005368,EV-0005368,SU-00118,ST-0028,2026-01-27T02:09:00Z,voice,44.2,minutes,2.69,2026-01-27T02:09:00Z
usage_events-005369,EV-0005369,SU-00119,ST-0029,2026-01-27T02:16:00Z,data,132.8,mb,3.03,2026-01-27T02:16:00Z
usage_events-005370,EV-0005370,SU-00120,ST-0030,2026-01-27T02:23:00Z,data,440.0,mb,2.95,2026-01-27T02:23:00Z
usage_events-005371,EV-0005371,SU-00121,ST-0001,2026-01-27T02:30:00Z,sms,458.1,messages,1.86,2026-01-27T02:30:00Z
usage_events-005372,EV-0005372,SU-00122,ST-0002,2026-01-27T02:37:00Z,sms,39.2,messages,2.57,2026-01-27T02:37:00Z
usage_events-005373,EV-0005373,SU-00123,ST-0003,2026-01-27T02:44:00Z,sms,415.5,messages,3.84,2026-01-27T02:44:00Z
usage_events-005374,EV-0005374,SU-00124,ST-0004,2026-01-27T02:51:00Z,data,364.6,mb,3.04,2026-01-27T02:51:00Z
usage_events-005375,EV-0005375,SU-00125,ST-0005,2026-01-27T02:58:00Z,sms,76.3,messages,3.36,2026-01-27T02:58:00Z
usage_events-005376,EV-0005376,SU-00126,ST-0006,2026-01-27T03:05:00Z,voice,394.9,minutes,4.29,2026-01-27T03:05:00Z
usage_events-005377,EV-0005377,SU-00127,ST-0007,2026-01-27T03:12:00Z,sms,80.2,messages,4.18,2026-01-27T03:12:00Z
usage_events-005378,EV-0005378,SU-00128,ST-0008,2026-01-27T03:19:00Z,data,344.3,mb,1.57,2026-01-27T03:19:00Z
usage_events-005379,EV-0005379,SU-00129,ST-0009,2026-01-27T03:26:00Z,sms,330.3,messages,4.65,2026-01-27T03:26:00Z
usage_events-005380,EV-0005380,SU-00130,ST-0010,2026-01-27T03:33:00Z,data,25.7,mb,3.40,2026-01-27T03:33:00Z
usage_events-005381,EV-0005381,SU-00131,ST-0011,2026-01-27T03:40:00Z,data,491.3,mb,3.10,2026-01-27T03:40:00Z
usage_events-005382,EV-0005382,SU-00132,ST-0012,2026-01-27T03:47:00Z,data,166.3,mb,1.73,2026-01-27T03:47:00Z
usage_events-005383,EV-0005383,SU-00133,ST-0013,2026-01-27T03:54:00Z,sms,23.3,messages,3.70,2026-01-27T03:54:00Z
usage_events-005384,EV-0005384,SU-00134,ST-0014,2026-01-27T04:01:00Z,data,65.4,mb,3.63,2026-01-27T04:01:00Z
usage_events-005385,EV-0005385,SU-00135,ST-0015,2026-01-27T04:08:00Z,voice,241.5,minutes,0.10,2026-01-27T04:08:00Z
usage_events-005386,EV-0005386,SU-00136,ST-0016,2026-01-27T04:15:00Z,data,210.7,mb,3.48,2026-01-27T04:15:00Z
usage_events-005387,EV-0005387,SU-00137,ST-0017,2026-01-27T04:22:00Z,data,91.4,mb,0.44,2026-01-27T04:22:00Z
usage_events-005388,EV-0005388,SU-00138,ST-0018,2026-01-27T04:29:00Z,sms,222.6,messages,2.65,2026-01-27T04:29:00Z
usage_events-005389,EV-0005389,SU-00139,ST-0019,2026-01-27T04:36:00Z,data,388.7,mb,4.94,2026-01-27T04:36:00Z
usage_events-005390,EV-0005390,SU-00140,ST-0020,2026-01-27T04:43:00Z,data,322.3,mb,1.03,2026-01-27T04:43:00Z
usage_events-005391,EV-0005391,SU-00141,ST-0021,2026-01-27T04:50:00Z,voice,51.4,minutes,3.54,2026-01-27T04:50:00Z
usage_events-005392,EV-0005392,SU-00142,ST-0022,2026-01-27T04:57:00Z,data,230.7,mb,1.99,2026-01-27T04:57:00Z
usage_events-005393,EV-0005393,SU-00143,ST-0023,2026-01-27T05:04:00Z,data,495.0,mb,3.47,2026-01-27T05:04:00Z
usage_events-005394,EV-0005394,SU-00144,ST-0024,2026-01-27T05:11:00Z,voice,314.8,minutes,1.62,2026-01-27T05:11:00Z
usage_events-005395,EV-0005395,SU-00145,ST-0025,2026-01-27T05:18:00Z,sms,43.6,messages,4.09,2026-01-27T05:18:00Z
usage_events-005396,EV-0005396,SU-00146,ST-0026,2026-01-27T05:25:00Z,voice,220.9,minutes,1.24,2026-01-27T05:25:00Z
usage_events-005397,EV-0005397,SU-00147,ST-0027,2026-01-27T05:32:00Z,sms,390.3,messages,1.64,2026-01-27T05:32:00Z
usage_events-005398,EV-0005398,SU-00148,ST-0028,2026-01-27T05:39:00Z,sms,307.0,messages,3.47,2026-01-27T05:39:00Z
usage_events-005399,EV-0005399,SU-00149,ST-0029,2026-01-27T05:46:00Z,data,220.0,mb,1.36,2026-01-27T05:46:00Z
usage_events-005400,EV-0005400,SU-00150,ST-0030,2026-01-27T05:53:00Z,voice,207.2,minutes,1.47,2026-01-27T05:53:00Z
usage_events-005401,EV-0005401,SU-00151,ST-0001,2026-01-27T06:00:00Z,voice,297.5,minutes,4.14,2026-01-27T06:00:00Z
usage_events-005402,EV-0005402,SU-00152,ST-0002,2026-01-27T06:07:00Z,sms,27.5,messages,2.02,2026-01-27T06:07:00Z
usage_events-005403,EV-0005403,SU-00153,ST-0003,2026-01-27T06:14:00Z,sms,347.5,messages,3.73,2026-01-27T06:14:00Z
usage_events-005404,EV-0005404,SU-00154,ST-0004,2026-01-27T06:21:00Z,data,16.7,mb,4.60,2026-01-27T06:21:00Z
usage_events-005405,EV-0005405,SU-00155,ST-0005,2026-01-27T06:28:00Z,voice,208.7,minutes,3.57,2026-01-27T06:28:00Z
usage_events-005406,EV-0005406,SU-00156,ST-0006,2026-01-27T06:35:00Z,voice,205.9,minutes,2.98,2026-01-27T06:35:00Z
usage_events-005407,EV-0005407,SU-00157,ST-0007,2026-01-27T06:42:00Z,sms,100.3,messages,1.61,2026-01-27T06:42:00Z
usage_events-005408,EV-0005408,SU-00158,ST-0008,2026-01-27T06:49:00Z,voice,137.4,minutes,3.26,2026-01-27T06:49:00Z
usage_events-005409,EV-0005409,SU-00159,ST-0009,2026-01-27T06:56:00Z,sms,20.5,messages,4.49,2026-01-27T06:56:00Z
usage_events-005410,EV-0005410,SU-00160,ST-0010,2026-01-27T07:03:00Z,voice,225.5,minutes,0.64,2026-01-27T07:03:00Z
usage_events-005411,EV-0005411,SU-00161,ST-0011,2026-01-27T07:10:00Z,sms,150.8,messages,2.66,2026-01-27T07:10:00Z
usage_events-005412,EV-0005412,SU-00162,ST-0012,2026-01-27T07:17:00Z,sms,51.2,messages,3.81,2026-01-27T07:17:00Z
usage_events-005413,EV-0005413,SU-00163,ST-0013,2026-01-27T07:24:00Z,sms,22.2,messages,1.36,2026-01-27T07:24:00Z
usage_events-005414,EV-0005414,SU-00164,ST-0014,2026-01-27T07:31:00Z,sms,395.6,messages,2.39,2026-01-27T07:31:00Z
usage_events-005415,EV-0005415,SU-00165,ST-0015,2026-01-27T07:38:00Z,sms,267.4,messages,2.38,2026-01-27T07:38:00Z
usage_events-005416,EV-0005416,SU-00166,ST-0016,2026-01-27T07:45:00Z,data,425.3,mb,4.42,2026-01-27T07:45:00Z
usage_events-005417,EV-0005417,SU-00167,ST-0017,2026-01-27T07:52:00Z,data,302.7,mb,4.27,2026-01-27T07:52:00Z
usage_events-005418,EV-0005418,SU-00168,ST-0018,2026-01-27T07:59:00Z,data,158.6,mb,2.50,2026-01-27T07:59:00Z
usage_events-005419,EV-0005419,SU-00169,ST-0019,2026-01-27T08:06:00Z,data,147.6,mb,3.20,2026-01-27T08:06:00Z
usage_events-005420,EV-0005420,SU-00170,ST-0020,2026-01-27T08:13:00Z,sms,362.2,messages,2.01,2026-01-27T08:13:00Z
usage_events-005421,EV-0005421,SU-00171,ST-0021,2026-01-27T08:20:00Z,voice,396.3,minutes,4.93,2026-01-27T08:20:00Z
usage_events-005422,EV-0005422,SU-00172,ST-0022,2026-01-27T08:27:00Z,data,164.1,mb,4.47,2026-01-27T08:27:00Z
usage_events-005423,EV-0005423,SU-00173,ST-0023,2026-01-27T08:34:00Z,voice,447.9,minutes,2.67,2026-01-27T08:34:00Z
usage_events-005424,EV-0005424,SU-00174,ST-0024,2026-01-27T08:41:00Z,voice,495.3,minutes,2.76,2026-01-27T08:41:00Z
usage_events-005425,EV-0005425,SU-00175,ST-0025,2026-01-27T08:48:00Z,data,419.5,mb,4.52,2026-01-27T08:48:00Z
usage_events-005426,EV-0005426,SU-00176,ST-0026,2026-01-27T08:55:00Z,voice,141.3,minutes,1.49,2026-01-27T08:55:00Z
usage_events-005427,EV-0005427,SU-00177,ST-0027,2026-01-27T09:02:00Z,data,40.3,mb,2.08,2026-01-27T09:02:00Z
usage_events-005428,EV-0005428,SU-00178,ST-0028,2026-01-27T09:09:00Z,sms,20.2,messages,1.09,2026-01-27T09:09:00Z
usage_events-005429,EV-0005429,SU-00179,ST-0029,2026-01-27T09:16:00Z,sms,402.4,messages,1.55,2026-01-27T09:16:00Z
usage_events-005430,EV-0005430,SU-00180,ST-0030,2026-01-27T09:23:00Z,data,279.8,mb,0.46,2026-01-27T09:23:00Z
usage_events-005431,EV-0005431,SU-00181,ST-0001,2026-01-27T09:30:00Z,sms,162.7,messages,3.54,2026-01-27T09:30:00Z
usage_events-005432,EV-0005432,SU-00182,ST-0002,2026-01-27T09:37:00Z,sms,457.4,messages,3.00,2026-01-27T09:37:00Z
usage_events-005433,EV-0005433,SU-00183,ST-0003,2026-01-27T09:44:00Z,voice,339.8,minutes,2.71,2026-01-27T09:44:00Z
usage_events-005434,EV-0005434,SU-00184,ST-0004,2026-01-27T09:51:00Z,data,251.2,mb,1.83,2026-01-27T09:51:00Z
usage_events-005435,EV-0005435,SU-00185,ST-0005,2026-01-27T09:58:00Z,data,355.7,mb,1.02,2026-01-27T09:58:00Z
usage_events-005436,EV-0005436,SU-00186,ST-0006,2026-01-27T10:05:00Z,voice,315.8,minutes,3.21,2026-01-27T10:05:00Z
usage_events-005437,EV-0005437,SU-00187,ST-0007,2026-01-27T10:12:00Z,voice,276.4,minutes,0.19,2026-01-27T10:12:00Z
usage_events-005438,EV-0005438,SU-00188,ST-0008,2026-01-27T10:19:00Z,data,179.7,mb,4.17,2026-01-27T10:19:00Z
usage_events-005439,EV-0005439,SU-00189,ST-0009,2026-01-27T10:26:00Z,sms,163.9,messages,3.27,2026-01-27T10:26:00Z
usage_events-005440,EV-0005440,SU-00190,ST-0010,2026-01-27T10:33:00Z,sms,416.0,messages,4.18,2026-01-27T10:33:00Z
usage_events-005441,EV-0005441,SU-00191,ST-0011,2026-01-27T10:40:00Z,voice,465.4,minutes,4.57,2026-01-27T10:40:00Z
usage_events-005442,EV-0005442,SU-00192,ST-0012,2026-01-27T10:47:00Z,voice,278.5,minutes,1.97,2026-01-27T10:47:00Z
usage_events-005443,EV-0005443,SU-00193,ST-0013,2026-01-27T10:54:00Z,voice,222.1,minutes,3.53,2026-01-27T10:54:00Z
usage_events-005444,EV-0005444,SU-00194,ST-0014,2026-01-27T11:01:00Z,data,493.4,mb,4.26,2026-01-27T11:01:00Z
usage_events-005445,EV-0005445,SU-00195,ST-0015,2026-01-27T11:08:00Z,sms,411.2,messages,4.49,2026-01-27T11:08:00Z
usage_events-005446,EV-0005446,SU-00196,ST-0016,2026-01-27T11:15:00Z,voice,422.3,minutes,1.29,2026-01-27T11:15:00Z
usage_events-005447,EV-0005447,SU-00197,ST-0017,2026-01-27T11:22:00Z,voice,408.8,minutes,2.48,2026-01-27T11:22:00Z
usage_events-005448,EV-0005448,SU-00198,ST-0018,2026-01-27T11:29:00Z,sms,427.9,messages,1.43,2026-01-27T11:29:00Z
usage_events-005449,EV-0005449,SU-00199,ST-0019,2026-01-27T11:36:00Z,sms,92.5,messages,2.72,2026-01-27T11:36:00Z
usage_events-005450,EV-0005450,SU-00200,ST-0020,2026-01-27T11:43:00Z,sms,296.6,messages,0.41,2026-01-27T11:43:00Z
usage_events-005451,EV-0005451,SU-00201,ST-0021,2026-01-27T11:50:00Z,data,463.3,mb,2.92,2026-01-27T11:50:00Z
usage_events-005452,EV-0005452,SU-00202,ST-0022,2026-01-27T11:57:00Z,voice,107.7,minutes,0.39,2026-01-27T11:57:00Z
usage_events-005453,EV-0005453,SU-00203,ST-0023,2026-01-27T12:04:00Z,data,279.7,mb,1.21,2026-01-27T12:04:00Z
usage_events-005454,EV-0005454,SU-00204,ST-0024,2026-01-27T12:11:00Z,sms,367.7,messages,1.17,2026-01-27T12:11:00Z
usage_events-005455,EV-0005455,SU-00205,ST-0025,2026-01-27T12:18:00Z,data,178.5,mb,3.20,2026-01-27T12:18:00Z
usage_events-005456,EV-0005456,SU-00206,ST-0026,2026-01-27T12:25:00Z,sms,76.5,messages,1.92,2026-01-27T12:25:00Z
usage_events-005457,EV-0005457,SU-00207,ST-0027,2026-01-27T12:32:00Z,sms,49.1,messages,3.63,2026-01-27T12:32:00Z
usage_events-005458,EV-0005458,SU-00208,ST-0028,2026-01-27T12:39:00Z,sms,78.9,messages,0.80,2026-01-27T12:39:00Z
usage_events-005459,EV-0005459,SU-00209,ST-0029,2026-01-27T12:46:00Z,sms,105.7,messages,0.75,2026-01-27T12:46:00Z
usage_events-005460,EV-0005460,SU-00210,ST-0030,2026-01-27T12:53:00Z,sms,341.2,messages,0.18,2026-01-27T12:53:00Z
usage_events-005461,EV-0005461,SU-00211,ST-0001,2026-01-27T13:00:00Z,sms,73.3,messages,3.63,2026-01-27T13:00:00Z
usage_events-005462,EV-0005462,SU-00212,ST-0002,2026-01-27T13:07:00Z,data,358.5,mb,4.47,2026-01-27T13:07:00Z
usage_events-005463,EV-0005463,SU-00213,ST-0003,2026-01-27T13:14:00Z,data,347.4,mb,1.37,2026-01-27T13:14:00Z
usage_events-005464,EV-0005464,SU-00214,ST-0004,2026-01-27T13:21:00Z,data,65.9,mb,2.98,2026-01-27T13:21:00Z
usage_events-005465,EV-0005465,SU-00215,ST-0005,2026-01-27T13:28:00Z,data,5.7,mb,1.82,2026-01-27T13:28:00Z
usage_events-005466,EV-0005466,SU-00216,ST-0006,2026-01-27T13:35:00Z,data,494.4,mb,0.53,2026-01-27T13:35:00Z
usage_events-005467,EV-0005467,SU-00217,ST-0007,2026-01-27T13:42:00Z,data,200.7,mb,1.95,2026-01-27T13:42:00Z
usage_events-005468,EV-0005468,SU-00218,ST-0008,2026-01-27T13:49:00Z,data,275.7,mb,4.97,2026-01-27T13:49:00Z
usage_events-005469,EV-0005469,SU-00219,ST-0009,2026-01-27T13:56:00Z,sms,258.2,messages,1.28,2026-01-27T13:56:00Z
usage_events-005470,EV-0005470,SU-00220,ST-0010,2026-01-27T14:03:00Z,sms,454.2,messages,0.37,2026-01-27T14:03:00Z
usage_events-005471,EV-0005471,SU-00221,ST-0011,2026-01-27T14:10:00Z,sms,212.4,messages,0.97,2026-01-27T14:10:00Z
usage_events-005472,EV-0005472,SU-00222,ST-0012,2026-01-27T14:17:00Z,sms,315.2,messages,1.91,2026-01-27T14:17:00Z
usage_events-005473,EV-0005473,SU-00223,ST-0013,2026-01-27T14:24:00Z,sms,82.5,messages,0.29,2026-01-27T14:24:00Z
usage_events-005474,EV-0005474,SU-00224,ST-0014,2026-01-27T14:31:00Z,sms,423.2,messages,1.02,2026-01-27T14:31:00Z
usage_events-005475,EV-0005475,SU-00225,ST-0015,2026-01-27T14:38:00Z,sms,11.3,messages,4.34,2026-01-27T14:38:00Z
usage_events-005476,EV-0005476,SU-00226,ST-0016,2026-01-27T14:45:00Z,voice,206.6,minutes,3.99,2026-01-27T14:45:00Z
usage_events-005477,EV-0005477,SU-00227,ST-0017,2026-01-27T14:52:00Z,data,208.1,mb,4.44,2026-01-27T14:52:00Z
usage_events-005478,EV-0005478,SU-00228,ST-0018,2026-01-27T14:59:00Z,sms,458.6,messages,3.24,2026-01-27T14:59:00Z
usage_events-005479,EV-0005479,SU-00229,ST-0019,2026-01-27T15:06:00Z,data,112.0,mb,4.40,2026-01-27T15:06:00Z
usage_events-005480,EV-0005480,SU-00230,ST-0020,2026-01-27T15:13:00Z,voice,73.0,minutes,3.01,2026-01-27T15:13:00Z
usage_events-005481,EV-0005481,SU-00231,ST-0021,2026-01-27T15:20:00Z,data,494.2,mb,3.54,2026-01-27T15:20:00Z
usage_events-005482,EV-0005482,SU-00232,ST-0022,2026-01-27T15:27:00Z,sms,241.1,messages,0.40,2026-01-27T15:27:00Z
usage_events-005483,EV-0005483,SU-00233,ST-0023,2026-01-27T15:34:00Z,sms,308.6,messages,3.24,2026-01-27T15:34:00Z
usage_events-005484,EV-0005484,SU-00234,ST-0024,2026-01-27T15:41:00Z,voice,104.0,minutes,4.94,2026-01-27T15:41:00Z
usage_events-005485,EV-0005485,SU-00235,ST-0025,2026-01-27T15:48:00Z,data,303.0,mb,3.84,2026-01-27T15:48:00Z
usage_events-005486,EV-0005486,SU-00236,ST-0026,2026-01-27T15:55:00Z,sms,36.0,messages,2.30,2026-01-27T15:55:00Z
usage_events-005487,EV-0005487,SU-00237,ST-0027,2026-01-27T16:02:00Z,data,233.7,mb,1.46,2026-01-27T16:02:00Z
usage_events-005488,EV-0005488,SU-00238,ST-0028,2026-01-27T16:09:00Z,voice,335.1,minutes,0.31,2026-01-27T16:09:00Z
usage_events-005489,EV-0005489,SU-00239,ST-0029,2026-01-27T16:16:00Z,voice,261.9,minutes,0.52,2026-01-27T16:16:00Z
usage_events-005490,EV-0005490,SU-00240,ST-0030,2026-01-27T16:23:00Z,data,335.3,mb,2.57,2026-01-27T16:23:00Z
usage_events-005491,EV-0005491,SU-00241,ST-0001,2026-01-27T16:30:00Z,sms,50.7,messages,3.15,2026-01-27T16:30:00Z
usage_events-005492,EV-0005492,SU-00242,ST-0002,2026-01-27T16:37:00Z,data,261.5,mb,4.45,2026-01-27T16:37:00Z
usage_events-005493,EV-0005493,SU-00243,ST-0003,2026-01-27T16:44:00Z,data,380.5,mb,4.85,2026-01-27T16:44:00Z
usage_events-005494,EV-0005494,SU-00244,ST-0004,2026-01-27T16:51:00Z,data,124.9,mb,4.06,2026-01-27T16:51:00Z
usage_events-005495,EV-0005495,SU-00245,ST-0005,2026-01-27T16:58:00Z,voice,363.2,minutes,4.56,2026-01-27T16:58:00Z
usage_events-005496,EV-0005496,SU-00246,ST-0006,2026-01-27T17:05:00Z,data,386.0,mb,2.34,2026-01-27T17:05:00Z
usage_events-005497,EV-0005497,SU-00247,ST-0007,2026-01-27T17:12:00Z,sms,299.4,messages,0.37,2026-01-27T17:12:00Z
usage_events-005498,EV-0005498,SU-00248,ST-0008,2026-01-27T17:19:00Z,sms,229.6,messages,3.13,2026-01-27T17:19:00Z
usage_events-005499,EV-0005499,SU-00249,ST-0009,2026-01-27T17:26:00Z,voice,218.9,minutes,1.21,2026-01-27T17:26:00Z
usage_events-005500,EV-0005500,SU-00250,ST-0010,2026-01-27T17:33:00Z,data,41.6,mb,2.95,2026-01-27T17:33:00Z
usage_events-005501,EV-0005501,SU-00001,ST-0011,2026-01-27T17:40:00Z,sms,201.3,messages,2.35,2026-01-27T17:40:00Z
usage_events-005502,EV-0005502,SU-00002,ST-0012,2026-01-27T17:47:00Z,voice,321.7,minutes,3.61,2026-01-27T17:47:00Z
usage_events-005503,EV-0005503,SU-00003,ST-0013,2026-01-27T17:54:00Z,data,314.2,mb,2.39,2026-01-27T17:54:00Z
usage_events-005504,EV-0005504,SU-00004,ST-0014,2026-01-27T18:01:00Z,data,31.3,mb,0.71,2026-01-27T18:01:00Z
usage_events-005505,EV-0005505,SU-00005,ST-0015,2026-01-27T18:08:00Z,data,318.7,mb,1.42,2026-01-27T18:08:00Z
usage_events-005506,EV-0005506,SU-00006,ST-0016,2026-01-27T18:15:00Z,data,472.5,mb,4.72,2026-01-27T18:15:00Z
usage_events-005507,EV-0005507,SU-00007,ST-0017,2026-01-27T18:22:00Z,data,362.7,mb,1.37,2026-01-27T18:22:00Z
usage_events-005508,EV-0005508,SU-00008,ST-0018,2026-01-27T18:29:00Z,sms,111.3,messages,0.52,2026-01-27T18:29:00Z
usage_events-005509,EV-0005509,SU-00009,ST-0019,2026-01-27T18:36:00Z,voice,315.5,minutes,4.62,2026-01-27T18:36:00Z
usage_events-005510,EV-0005510,SU-00010,ST-0020,2026-01-27T18:43:00Z,voice,64.2,minutes,2.68,2026-01-27T18:43:00Z
usage_events-005511,EV-0005511,SU-00011,ST-0021,2026-01-27T18:50:00Z,sms,49.4,messages,3.70,2026-01-27T18:50:00Z
usage_events-005512,EV-0005512,SU-00012,ST-0022,2026-01-27T18:57:00Z,voice,82.4,minutes,4.69,2026-01-27T18:57:00Z
usage_events-005513,EV-0005513,SU-00013,ST-0023,2026-01-27T19:04:00Z,sms,301.4,messages,4.63,2026-01-27T19:04:00Z
usage_events-005514,EV-0005514,SU-00014,ST-0024,2026-01-27T19:11:00Z,data,346.4,mb,4.69,2026-01-27T19:11:00Z
usage_events-005515,EV-0005515,SU-00015,ST-0025,2026-01-27T19:18:00Z,data,204.8,mb,4.91,2026-01-27T19:18:00Z
usage_events-005516,EV-0005516,SU-00016,ST-0026,2026-01-27T19:25:00Z,data,433.0,mb,0.39,2026-01-27T19:25:00Z
usage_events-005517,EV-0005517,SU-00017,ST-0027,2026-01-27T19:32:00Z,data,149.6,mb,4.08,2026-01-27T19:32:00Z
usage_events-005518,EV-0005518,SU-00018,ST-0028,2026-01-27T19:39:00Z,data,150.3,mb,2.82,2026-01-27T19:39:00Z
usage_events-005519,EV-0005519,SU-00019,ST-0029,2026-01-27T19:46:00Z,voice,356.7,minutes,4.14,2026-01-27T19:46:00Z
usage_events-005520,EV-0005520,SU-00020,ST-0030,2026-01-27T19:53:00Z,data,412.5,mb,4.99,2026-01-27T19:53:00Z
usage_events-005521,EV-0005521,SU-00021,ST-0001,2026-01-27T20:00:00Z,data,483.6,mb,3.48,2026-01-27T20:00:00Z
usage_events-005522,EV-0005522,SU-00022,ST-0002,2026-01-27T20:07:00Z,data,148.0,mb,0.11,2026-01-27T20:07:00Z
usage_events-005523,EV-0005523,SU-00023,ST-0003,2026-01-27T20:14:00Z,voice,452.0,minutes,1.90,2026-01-27T20:14:00Z
usage_events-005524,EV-0005524,SU-00024,ST-0004,2026-01-27T20:21:00Z,sms,387.6,messages,3.83,2026-01-27T20:21:00Z
usage_events-005525,EV-0005525,SU-00025,ST-0005,2026-01-27T20:28:00Z,data,357.6,mb,3.05,2026-01-27T20:28:00Z
usage_events-005526,EV-0005526,SU-00026,ST-0006,2026-01-27T20:35:00Z,sms,68.2,messages,3.86,2026-01-27T20:35:00Z
usage_events-005527,EV-0005527,SU-00027,ST-0007,2026-01-27T20:42:00Z,voice,21.1,minutes,4.89,2026-01-27T20:42:00Z
usage_events-005528,EV-0005528,SU-00028,ST-0008,2026-01-27T20:49:00Z,voice,125.7,minutes,3.16,2026-01-27T20:49:00Z
usage_events-005529,EV-0005529,SU-00029,ST-0009,2026-01-27T20:56:00Z,data,64.3,mb,1.00,2026-01-27T20:56:00Z
usage_events-005530,EV-0005530,SU-00030,ST-0010,2026-01-27T21:03:00Z,voice,133.2,minutes,1.26,2026-01-27T21:03:00Z
usage_events-005531,EV-0005531,SU-00031,ST-0011,2026-01-27T21:10:00Z,voice,11.0,minutes,1.81,2026-01-27T21:10:00Z
usage_events-005532,EV-0005532,SU-00032,ST-0012,2026-01-27T21:17:00Z,sms,308.4,messages,4.54,2026-01-27T21:17:00Z
usage_events-005533,EV-0005533,SU-00033,ST-0013,2026-01-27T21:24:00Z,data,249.4,mb,4.53,2026-01-27T21:24:00Z
usage_events-005534,EV-0005534,SU-00034,ST-0014,2026-01-27T21:31:00Z,voice,47.9,minutes,0.45,2026-01-27T21:31:00Z
usage_events-005535,EV-0005535,SU-00035,ST-0015,2026-01-27T21:38:00Z,voice,314.7,minutes,4.66,2026-01-27T21:38:00Z
usage_events-005536,EV-0005536,SU-00036,ST-0016,2026-01-27T21:45:00Z,voice,476.1,minutes,2.71,2026-01-27T21:45:00Z
usage_events-005537,EV-0005537,SU-00037,ST-0017,2026-01-27T21:52:00Z,voice,371.7,minutes,3.17,2026-01-27T21:52:00Z
usage_events-005538,EV-0005538,SU-00038,ST-0018,2026-01-27T21:59:00Z,sms,123.9,messages,2.49,2026-01-27T21:59:00Z
usage_events-005539,EV-0005539,SU-00039,ST-0019,2026-01-27T22:06:00Z,sms,321.2,messages,2.19,2026-01-27T22:06:00Z
usage_events-005540,EV-0005540,SU-00040,ST-0020,2026-01-27T22:13:00Z,data,397.6,mb,4.36,2026-01-27T22:13:00Z
usage_events-005541,EV-0005541,SU-00041,ST-0021,2026-01-27T22:20:00Z,sms,474.2,messages,1.37,2026-01-27T22:20:00Z
usage_events-005542,EV-0005542,SU-00042,ST-0022,2026-01-27T22:27:00Z,sms,143.1,messages,0.39,2026-01-27T22:27:00Z
usage_events-005543,EV-0005543,SU-00043,ST-0023,2026-01-27T22:34:00Z,sms,497.5,messages,4.03,2026-01-27T22:34:00Z
usage_events-005544,EV-0005544,SU-00044,ST-0024,2026-01-27T22:41:00Z,data,350.3,mb,4.89,2026-01-27T22:41:00Z
usage_events-005545,EV-0005545,SU-00045,ST-0025,2026-01-27T22:48:00Z,data,119.6,mb,0.22,2026-01-27T22:48:00Z
usage_events-005546,EV-0005546,SU-00046,ST-0026,2026-01-27T22:55:00Z,voice,311.4,minutes,4.72,2026-01-27T22:55:00Z
usage_events-005547,EV-0005547,SU-00047,ST-0027,2026-01-27T23:02:00Z,sms,88.6,messages,1.86,2026-01-27T23:02:00Z
usage_events-005548,EV-0005548,SU-00048,ST-0028,2026-01-27T23:09:00Z,data,292.7,mb,4.83,2026-01-27T23:09:00Z
usage_events-005549,EV-0005549,SU-00049,ST-0029,2026-01-27T23:16:00Z,voice,350.2,minutes,4.79,2026-01-27T23:16:00Z
usage_events-005550,EV-0005550,SU-00050,ST-0030,2026-01-27T23:23:00Z,data,38.5,mb,4.98,2026-01-27T23:23:00Z
usage_events-005551,EV-0005551,SU-00051,ST-0001,2026-01-27T23:30:00Z,sms,66.6,messages,0.90,2026-01-27T23:30:00Z
usage_events-005552,EV-0005552,SU-00052,ST-0002,2026-01-27T23:37:00Z,data,286.7,mb,4.90,2026-01-27T23:37:00Z
usage_events-005553,EV-0005553,SU-00053,ST-0003,2026-01-27T23:44:00Z,sms,305.6,messages,1.47,2026-01-27T23:44:00Z
usage_events-005554,EV-0005554,SU-00054,ST-0004,2026-01-27T23:51:00Z,voice,231.5,minutes,4.59,2026-01-27T23:51:00Z
usage_events-005555,EV-0005555,SU-00055,ST-0005,2026-01-27T23:58:00Z,sms,472.1,messages,3.09,2026-01-27T23:58:00Z
usage_events-005556,EV-0005556,SU-00056,ST-0006,2026-01-28T00:05:00Z,data,464.5,mb,3.20,2026-01-28T00:05:00Z
usage_events-005557,EV-0005557,SU-00057,ST-0007,2026-01-28T00:12:00Z,sms,90.5,messages,2.52,2026-01-28T00:12:00Z
usage_events-005558,EV-0005558,SU-00058,ST-0008,2026-01-28T00:19:00Z,sms,97.1,messages,4.40,2026-01-28T00:19:00Z
usage_events-005559,EV-0005559,SU-00059,ST-0009,2026-01-28T00:26:00Z,data,165.0,mb,3.96,2026-01-28T00:26:00Z
usage_events-005560,EV-0005560,SU-00060,ST-0010,2026-01-28T00:33:00Z,sms,362.1,messages,2.54,2026-01-28T00:33:00Z
usage_events-005561,EV-0005561,SU-00061,ST-0011,2026-01-28T00:40:00Z,data,70.8,mb,1.94,2026-01-28T00:40:00Z
usage_events-005562,EV-0005562,SU-00062,ST-0012,2026-01-28T00:47:00Z,voice,271.0,minutes,0.33,2026-01-28T00:47:00Z
usage_events-005563,EV-0005563,SU-00063,ST-0013,2026-01-28T00:54:00Z,voice,157.7,minutes,2.72,2026-01-28T00:54:00Z
usage_events-005564,EV-0005564,SU-00064,ST-0014,2026-01-28T01:01:00Z,data,14.5,mb,0.21,2026-01-28T01:01:00Z
usage_events-005565,EV-0005565,SU-00065,ST-0015,2026-01-28T01:08:00Z,voice,443.1,minutes,0.47,2026-01-28T01:08:00Z
usage_events-005566,EV-0005566,SU-00066,ST-0016,2026-01-28T01:15:00Z,sms,329.6,messages,4.13,2026-01-28T01:15:00Z
usage_events-005567,EV-0005567,SU-00067,ST-0017,2026-01-28T01:22:00Z,data,385.3,mb,0.66,2026-01-28T01:22:00Z
usage_events-005568,EV-0005568,SU-00068,ST-0018,2026-01-28T01:29:00Z,voice,422.0,minutes,2.87,2026-01-28T01:29:00Z
usage_events-005569,EV-0005569,SU-00069,ST-0019,2026-01-28T01:36:00Z,voice,310.6,minutes,0.51,2026-01-28T01:36:00Z
usage_events-005570,EV-0005570,SU-00070,ST-0020,2026-01-28T01:43:00Z,sms,179.9,messages,0.48,2026-01-28T01:43:00Z
usage_events-005571,EV-0005571,SU-00071,ST-0021,2026-01-28T01:50:00Z,data,74.0,mb,3.04,2026-01-28T01:50:00Z
usage_events-005572,EV-0005572,SU-00072,ST-0022,2026-01-28T01:57:00Z,data,382.5,mb,1.55,2026-01-28T01:57:00Z
usage_events-005573,EV-0005573,SU-00073,ST-0023,2026-01-28T02:04:00Z,sms,337.0,messages,4.44,2026-01-28T02:04:00Z
usage_events-005574,EV-0005574,SU-00074,ST-0024,2026-01-28T02:11:00Z,sms,156.0,messages,3.76,2026-01-28T02:11:00Z
usage_events-005575,EV-0005575,SU-00075,ST-0025,2026-01-28T02:18:00Z,data,11.7,mb,4.16,2026-01-28T02:18:00Z
usage_events-005576,EV-0005576,SU-00076,ST-0026,2026-01-28T02:25:00Z,sms,424.3,messages,2.41,2026-01-28T02:25:00Z
usage_events-005577,EV-0005577,SU-00077,ST-0027,2026-01-28T02:32:00Z,data,157.7,mb,4.35,2026-01-28T02:32:00Z
usage_events-005578,EV-0005578,SU-00078,ST-0028,2026-01-28T02:39:00Z,data,77.4,mb,4.12,2026-01-28T02:39:00Z
usage_events-005579,EV-0005579,SU-00079,ST-0029,2026-01-28T02:46:00Z,sms,10.4,messages,1.00,2026-01-28T02:46:00Z
usage_events-005580,EV-0005580,SU-00080,ST-0030,2026-01-28T02:53:00Z,data,484.8,mb,3.43,2026-01-28T02:53:00Z
usage_events-005581,EV-0005581,SU-00081,ST-0001,2026-01-28T03:00:00Z,data,77.9,mb,0.97,2026-01-28T03:00:00Z
usage_events-005582,EV-0005582,SU-00082,ST-0002,2026-01-28T03:07:00Z,data,96.1,mb,1.81,2026-01-28T03:07:00Z
usage_events-005583,EV-0005583,SU-00083,ST-0003,2026-01-28T03:14:00Z,data,460.5,mb,3.93,2026-01-28T03:14:00Z
usage_events-005584,EV-0005584,SU-00084,ST-0004,2026-01-28T03:21:00Z,sms,227.1,messages,0.94,2026-01-28T03:21:00Z
usage_events-005585,EV-0005585,SU-00085,ST-0005,2026-01-28T03:28:00Z,voice,361.9,minutes,2.80,2026-01-28T03:28:00Z
usage_events-005586,EV-0005586,SU-00086,ST-0006,2026-01-28T03:35:00Z,sms,50.5,messages,4.51,2026-01-28T03:35:00Z
usage_events-005587,EV-0005587,SU-00087,ST-0007,2026-01-28T03:42:00Z,data,73.4,mb,0.66,2026-01-28T03:42:00Z
usage_events-005588,EV-0005588,SU-00088,ST-0008,2026-01-28T03:49:00Z,voice,205.2,minutes,4.51,2026-01-28T03:49:00Z
usage_events-005589,EV-0005589,SU-00089,ST-0009,2026-01-28T03:56:00Z,voice,276.4,minutes,3.46,2026-01-28T03:56:00Z
usage_events-005590,EV-0005590,SU-00090,ST-0010,2026-01-28T04:03:00Z,data,449.2,mb,3.38,2026-01-28T04:03:00Z
usage_events-005591,EV-0005591,SU-00091,ST-0011,2026-01-28T04:10:00Z,data,186.9,mb,2.87,2026-01-28T04:10:00Z
usage_events-005592,EV-0005592,SU-00092,ST-0012,2026-01-28T04:17:00Z,voice,291.9,minutes,1.76,2026-01-28T04:17:00Z
usage_events-005593,EV-0005593,SU-00093,ST-0013,2026-01-28T04:24:00Z,voice,317.9,minutes,4.83,2026-01-28T04:24:00Z
usage_events-005594,EV-0005594,SU-00094,ST-0014,2026-01-28T04:31:00Z,data,396.7,mb,2.74,2026-01-28T04:31:00Z
usage_events-005595,EV-0005595,SU-00095,ST-0015,2026-01-28T04:38:00Z,voice,438.1,minutes,3.23,2026-01-28T04:38:00Z
usage_events-005596,EV-0005596,SU-00096,ST-0016,2026-01-28T04:45:00Z,sms,202.9,messages,0.81,2026-01-28T04:45:00Z
usage_events-005597,EV-0005597,SU-00097,ST-0017,2026-01-28T04:52:00Z,voice,449.9,minutes,2.20,2026-01-28T04:52:00Z
usage_events-005598,EV-0005598,SU-00098,ST-0018,2026-01-28T04:59:00Z,voice,72.0,minutes,3.17,2026-01-28T04:59:00Z
usage_events-005599,EV-0005599,SU-00099,ST-0019,2026-01-28T05:06:00Z,data,252.1,mb,1.81,2026-01-28T05:06:00Z
usage_events-005600,EV-0005600,SU-00100,ST-0020,2026-01-28T05:13:00Z,sms,12.1,messages,3.84,2026-01-28T05:13:00Z
usage_events-005601,EV-0005601,SU-00101,ST-0021,2026-01-28T05:20:00Z,voice,375.7,minutes,3.50,2026-01-28T05:20:00Z
usage_events-005602,EV-0005602,SU-00102,ST-0022,2026-01-28T05:27:00Z,sms,201.2,messages,3.26,2026-01-28T05:27:00Z
usage_events-005603,EV-0005603,SU-00103,ST-0023,2026-01-28T05:34:00Z,voice,180.7,minutes,4.38,2026-01-28T05:34:00Z
usage_events-005604,EV-0005604,SU-00104,ST-0024,2026-01-28T05:41:00Z,data,156.0,mb,2.79,2026-01-28T05:41:00Z
usage_events-005605,EV-0005605,SU-00105,ST-0025,2026-01-28T05:48:00Z,sms,189.9,messages,1.70,2026-01-28T05:48:00Z
usage_events-005606,EV-0005606,SU-00106,ST-0026,2026-01-28T05:55:00Z,sms,415.7,messages,4.26,2026-01-28T05:55:00Z
usage_events-005607,EV-0005607,SU-00107,ST-0027,2026-01-28T06:02:00Z,data,495.2,mb,2.03,2026-01-28T06:02:00Z
usage_events-005608,EV-0005608,SU-00108,ST-0028,2026-01-28T06:09:00Z,sms,246.9,messages,0.11,2026-01-28T06:09:00Z
usage_events-005609,EV-0005609,SU-00109,ST-0029,2026-01-28T06:16:00Z,sms,358.5,messages,1.77,2026-01-28T06:16:00Z
usage_events-005610,EV-0005610,SU-00110,ST-0030,2026-01-28T06:23:00Z,voice,116.9,minutes,1.35,2026-01-28T06:23:00Z
usage_events-005611,EV-0005611,SU-00111,ST-0001,2026-01-28T06:30:00Z,sms,239.5,messages,3.72,2026-01-28T06:30:00Z
usage_events-005612,EV-0005612,SU-00112,ST-0002,2026-01-28T06:37:00Z,data,165.9,mb,0.98,2026-01-28T06:37:00Z
usage_events-005613,EV-0005613,SU-00113,ST-0003,2026-01-28T06:44:00Z,voice,386.1,minutes,0.18,2026-01-28T06:44:00Z
usage_events-005614,EV-0005614,SU-00114,ST-0004,2026-01-28T06:51:00Z,voice,140.8,minutes,0.70,2026-01-28T06:51:00Z
usage_events-005615,EV-0005615,SU-00115,ST-0005,2026-01-28T06:58:00Z,voice,418.6,minutes,0.11,2026-01-28T06:58:00Z
usage_events-005616,EV-0005616,SU-00116,ST-0006,2026-01-28T07:05:00Z,sms,38.8,messages,3.89,2026-01-28T07:05:00Z
usage_events-005617,EV-0005617,SU-00117,ST-0007,2026-01-28T07:12:00Z,data,143.9,mb,4.97,2026-01-28T07:12:00Z
usage_events-005618,EV-0005618,SU-00118,ST-0008,2026-01-28T07:19:00Z,sms,241.7,messages,3.53,2026-01-28T07:19:00Z
usage_events-005619,EV-0005619,SU-00119,ST-0009,2026-01-28T07:26:00Z,data,151.8,mb,4.19,2026-01-28T07:26:00Z
usage_events-005620,EV-0005620,SU-00120,ST-0010,2026-01-28T07:33:00Z,data,197.8,mb,0.42,2026-01-28T07:33:00Z
usage_events-005621,EV-0005621,SU-00121,ST-0011,2026-01-28T07:40:00Z,sms,425.6,messages,0.08,2026-01-28T07:40:00Z
usage_events-005622,EV-0005622,SU-00122,ST-0012,2026-01-28T07:47:00Z,data,488.7,mb,1.52,2026-01-28T07:47:00Z
usage_events-005623,EV-0005623,SU-00123,ST-0013,2026-01-28T07:54:00Z,voice,345.4,minutes,2.25,2026-01-28T07:54:00Z
usage_events-005624,EV-0005624,SU-00124,ST-0014,2026-01-28T08:01:00Z,voice,481.2,minutes,2.15,2026-01-28T08:01:00Z
usage_events-005625,EV-0005625,SU-00125,ST-0015,2026-01-28T08:08:00Z,voice,306.7,minutes,3.86,2026-01-28T08:08:00Z
usage_events-005626,EV-0005626,SU-00126,ST-0016,2026-01-28T08:15:00Z,data,255.8,mb,0.88,2026-01-28T08:15:00Z
usage_events-005627,EV-0005627,SU-00127,ST-0017,2026-01-28T08:22:00Z,sms,264.2,messages,1.56,2026-01-28T08:22:00Z
usage_events-005628,EV-0005628,SU-00128,ST-0018,2026-01-28T08:29:00Z,voice,261.6,minutes,1.33,2026-01-28T08:29:00Z
usage_events-005629,EV-0005629,SU-00129,ST-0019,2026-01-28T08:36:00Z,sms,57.8,messages,1.44,2026-01-28T08:36:00Z
usage_events-005630,EV-0005630,SU-00130,ST-0020,2026-01-28T08:43:00Z,data,406.1,mb,4.47,2026-01-28T08:43:00Z
usage_events-005631,EV-0005631,SU-00131,ST-0021,2026-01-28T08:50:00Z,voice,163.5,minutes,4.89,2026-01-28T08:50:00Z
usage_events-005632,EV-0005632,SU-00132,ST-0022,2026-01-28T08:57:00Z,sms,293.1,messages,0.92,2026-01-28T08:57:00Z
usage_events-005633,EV-0005633,SU-00133,ST-0023,2026-01-28T09:04:00Z,data,312.7,mb,0.74,2026-01-28T09:04:00Z
usage_events-005634,EV-0005634,SU-00134,ST-0024,2026-01-28T09:11:00Z,voice,320.1,minutes,0.90,2026-01-28T09:11:00Z
usage_events-005635,EV-0005635,SU-00135,ST-0025,2026-01-28T09:18:00Z,sms,286.8,messages,3.00,2026-01-28T09:18:00Z
usage_events-005636,EV-0005636,SU-00136,ST-0026,2026-01-28T09:25:00Z,sms,450.5,messages,4.89,2026-01-28T09:25:00Z
usage_events-005637,EV-0005637,SU-00137,ST-0027,2026-01-28T09:32:00Z,sms,360.5,messages,1.40,2026-01-28T09:32:00Z
usage_events-005638,EV-0005638,SU-00138,ST-0028,2026-01-28T09:39:00Z,voice,432.9,minutes,0.98,2026-01-28T09:39:00Z
usage_events-005639,EV-0005639,SU-00139,ST-0029,2026-01-28T09:46:00Z,voice,365.9,minutes,0.38,2026-01-28T09:46:00Z
usage_events-005640,EV-0005640,SU-00140,ST-0030,2026-01-28T09:53:00Z,sms,434.2,messages,4.16,2026-01-28T09:53:00Z
usage_events-005641,EV-0005641,SU-00141,ST-0001,2026-01-28T10:00:00Z,sms,423.1,messages,0.38,2026-01-28T10:00:00Z
usage_events-005642,EV-0005642,SU-00142,ST-0002,2026-01-28T10:07:00Z,data,467.6,mb,0.91,2026-01-28T10:07:00Z
usage_events-005643,EV-0005643,SU-00143,ST-0003,2026-01-28T10:14:00Z,sms,58.3,messages,3.79,2026-01-28T10:14:00Z
usage_events-005644,EV-0005644,SU-00144,ST-0004,2026-01-28T10:21:00Z,data,340.1,mb,1.02,2026-01-28T10:21:00Z
usage_events-005645,EV-0005645,SU-00145,ST-0005,2026-01-28T10:28:00Z,data,349.3,mb,4.04,2026-01-28T10:28:00Z
usage_events-005646,EV-0005646,SU-00146,ST-0006,2026-01-28T10:35:00Z,sms,102.8,messages,4.89,2026-01-28T10:35:00Z
usage_events-005647,EV-0005647,SU-00147,ST-0007,2026-01-28T10:42:00Z,sms,249.6,messages,0.02,2026-01-28T10:42:00Z
usage_events-005648,EV-0005648,SU-00148,ST-0008,2026-01-28T10:49:00Z,data,7.3,mb,1.13,2026-01-28T10:49:00Z
usage_events-005649,EV-0005649,SU-00149,ST-0009,2026-01-28T10:56:00Z,data,461.5,mb,4.62,2026-01-28T10:56:00Z
usage_events-005650,EV-0005650,SU-00150,ST-0010,2026-01-28T11:03:00Z,sms,383.0,messages,2.87,2026-01-28T11:03:00Z
usage_events-005651,EV-0005651,SU-00151,ST-0011,2026-01-28T11:10:00Z,data,485.5,mb,2.29,2026-01-28T11:10:00Z
usage_events-005652,EV-0005652,SU-00152,ST-0012,2026-01-28T11:17:00Z,sms,51.3,messages,3.67,2026-01-28T11:17:00Z
usage_events-005653,EV-0005653,SU-00153,ST-0013,2026-01-28T11:24:00Z,sms,397.7,messages,2.01,2026-01-28T11:24:00Z
usage_events-005654,EV-0005654,SU-00154,ST-0014,2026-01-28T11:31:00Z,data,222.5,mb,2.96,2026-01-28T11:31:00Z
usage_events-005655,EV-0005655,SU-00155,ST-0015,2026-01-28T11:38:00Z,sms,222.5,messages,4.34,2026-01-28T11:38:00Z
usage_events-005656,EV-0005656,SU-00156,ST-0016,2026-01-28T11:45:00Z,sms,132.6,messages,1.66,2026-01-28T11:45:00Z
usage_events-005657,EV-0005657,SU-00157,ST-0017,2026-01-28T11:52:00Z,voice,64.7,minutes,2.43,2026-01-28T11:52:00Z
usage_events-005658,EV-0005658,SU-00158,ST-0018,2026-01-28T11:59:00Z,data,337.0,mb,4.17,2026-01-28T11:59:00Z
usage_events-005659,EV-0005659,SU-00159,ST-0019,2026-01-28T12:06:00Z,voice,311.8,minutes,1.06,2026-01-28T12:06:00Z
usage_events-005660,EV-0005660,SU-00160,ST-0020,2026-01-28T12:13:00Z,sms,160.3,messages,1.99,2026-01-28T12:13:00Z
usage_events-005661,EV-0005661,SU-00161,ST-0021,2026-01-28T12:20:00Z,data,191.6,mb,2.35,2026-01-28T12:20:00Z
usage_events-005662,EV-0005662,SU-00162,ST-0022,2026-01-28T12:27:00Z,voice,483.7,minutes,1.58,2026-01-28T12:27:00Z
usage_events-005663,EV-0005663,SU-00163,ST-0023,2026-01-28T12:34:00Z,data,201.1,mb,4.95,2026-01-28T12:34:00Z
usage_events-005664,EV-0005664,SU-00164,ST-0024,2026-01-28T12:41:00Z,voice,471.9,minutes,4.53,2026-01-28T12:41:00Z
usage_events-005665,EV-0005665,SU-00165,ST-0025,2026-01-28T12:48:00Z,sms,192.7,messages,1.44,2026-01-28T12:48:00Z
usage_events-005666,EV-0005666,SU-00166,ST-0026,2026-01-28T12:55:00Z,sms,289.9,messages,1.69,2026-01-28T12:55:00Z
usage_events-005667,EV-0005667,SU-00167,ST-0027,2026-01-28T13:02:00Z,sms,496.6,messages,4.68,2026-01-28T13:02:00Z
usage_events-005668,EV-0005668,SU-00168,ST-0028,2026-01-28T13:09:00Z,voice,438.2,minutes,1.72,2026-01-28T13:09:00Z
usage_events-005669,EV-0005669,SU-00169,ST-0029,2026-01-28T13:16:00Z,sms,208.9,messages,0.42,2026-01-28T13:16:00Z
usage_events-005670,EV-0005670,SU-00170,ST-0030,2026-01-28T13:23:00Z,data,336.0,mb,0.09,2026-01-28T13:23:00Z
usage_events-005671,EV-0005671,SU-00171,ST-0001,2026-01-28T13:30:00Z,sms,444.2,messages,1.46,2026-01-28T13:30:00Z
usage_events-005672,EV-0005672,SU-00172,ST-0002,2026-01-28T13:37:00Z,data,24.1,mb,1.60,2026-01-28T13:37:00Z
usage_events-005673,EV-0005673,SU-00173,ST-0003,2026-01-28T13:44:00Z,data,455.0,mb,0.79,2026-01-28T13:44:00Z
usage_events-005674,EV-0005674,SU-00174,ST-0004,2026-01-28T13:51:00Z,data,366.6,mb,2.65,2026-01-28T13:51:00Z
usage_events-005675,EV-0005675,SU-00175,ST-0005,2026-01-28T13:58:00Z,voice,247.7,minutes,2.02,2026-01-28T13:58:00Z
usage_events-005676,EV-0005676,SU-00176,ST-0006,2026-01-28T14:05:00Z,data,169.7,mb,2.33,2026-01-28T14:05:00Z
usage_events-005677,EV-0005677,SU-00177,ST-0007,2026-01-28T14:12:00Z,voice,129.9,minutes,1.18,2026-01-28T14:12:00Z
usage_events-005678,EV-0005678,SU-00178,ST-0008,2026-01-28T14:19:00Z,sms,70.8,messages,1.99,2026-01-28T14:19:00Z
usage_events-005679,EV-0005679,SU-00179,ST-0009,2026-01-28T14:26:00Z,data,117.4,mb,2.64,2026-01-28T14:26:00Z
usage_events-005680,EV-0005680,SU-00180,ST-0010,2026-01-28T14:33:00Z,sms,379.0,messages,3.00,2026-01-28T14:33:00Z
usage_events-005681,EV-0005681,SU-00181,ST-0011,2026-01-28T14:40:00Z,voice,237.7,minutes,0.28,2026-01-28T14:40:00Z
usage_events-005682,EV-0005682,SU-00182,ST-0012,2026-01-28T14:47:00Z,voice,262.8,minutes,2.10,2026-01-28T14:47:00Z
usage_events-005683,EV-0005683,SU-00183,ST-0013,2026-01-28T14:54:00Z,sms,10.0,messages,3.28,2026-01-28T14:54:00Z
usage_events-005684,EV-0005684,SU-00184,ST-0014,2026-01-28T15:01:00Z,voice,160.2,minutes,2.77,2026-01-28T15:01:00Z
usage_events-005685,EV-0005685,SU-00185,ST-0015,2026-01-28T15:08:00Z,voice,320.3,minutes,2.51,2026-01-28T15:08:00Z
usage_events-005686,EV-0005686,SU-00186,ST-0016,2026-01-28T15:15:00Z,sms,452.2,messages,3.72,2026-01-28T15:15:00Z
usage_events-005687,EV-0005687,SU-00187,ST-0017,2026-01-28T15:22:00Z,data,298.9,mb,2.83,2026-01-28T15:22:00Z
usage_events-005688,EV-0005688,SU-00188,ST-0018,2026-01-28T15:29:00Z,voice,445.3,minutes,2.57,2026-01-28T15:29:00Z
usage_events-005689,EV-0005689,SU-00189,ST-0019,2026-01-28T15:36:00Z,voice,217.1,minutes,1.42,2026-01-28T15:36:00Z
usage_events-005690,EV-0005690,SU-00190,ST-0020,2026-01-28T15:43:00Z,data,226.7,mb,0.04,2026-01-28T15:43:00Z
usage_events-005691,EV-0005691,SU-00191,ST-0021,2026-01-28T15:50:00Z,sms,330.6,messages,2.31,2026-01-28T15:50:00Z
usage_events-005692,EV-0005692,SU-00192,ST-0022,2026-01-28T15:57:00Z,voice,421.5,minutes,2.02,2026-01-28T15:57:00Z
usage_events-005693,EV-0005693,SU-00193,ST-0023,2026-01-28T16:04:00Z,voice,231.3,minutes,0.02,2026-01-28T16:04:00Z
usage_events-005694,EV-0005694,SU-00194,ST-0024,2026-01-28T16:11:00Z,voice,387.2,minutes,4.17,2026-01-28T16:11:00Z
usage_events-005695,EV-0005695,SU-00195,ST-0025,2026-01-28T16:18:00Z,sms,193.7,messages,3.56,2026-01-28T16:18:00Z
usage_events-005696,EV-0005696,SU-00196,ST-0026,2026-01-28T16:25:00Z,voice,208.2,minutes,1.64,2026-01-28T16:25:00Z
usage_events-005697,EV-0005697,SU-00197,ST-0027,2026-01-28T16:32:00Z,voice,215.5,minutes,0.68,2026-01-28T16:32:00Z
usage_events-005698,EV-0005698,SU-00198,ST-0028,2026-01-28T16:39:00Z,voice,392.9,minutes,3.45,2026-01-28T16:39:00Z
usage_events-005699,EV-0005699,SU-00199,ST-0029,2026-01-28T16:46:00Z,sms,81.0,messages,2.86,2026-01-28T16:46:00Z
usage_events-005700,EV-0005700,SU-00200,ST-0030,2026-01-28T16:53:00Z,data,69.7,mb,2.16,2026-01-28T16:53:00Z
usage_events-005701,EV-0005701,SU-00201,ST-0001,2026-01-28T17:00:00Z,voice,351.9,minutes,3.54,2026-01-28T17:00:00Z
usage_events-005702,EV-0005702,SU-00202,ST-0002,2026-01-28T17:07:00Z,sms,174.5,messages,4.80,2026-01-28T17:07:00Z
usage_events-005703,EV-0005703,SU-00203,ST-0003,2026-01-28T17:14:00Z,sms,63.2,messages,1.03,2026-01-28T17:14:00Z
usage_events-005704,EV-0005704,SU-00204,ST-0004,2026-01-28T17:21:00Z,data,301.3,mb,3.19,2026-01-28T17:21:00Z
usage_events-005705,EV-0005705,SU-00205,ST-0005,2026-01-28T17:28:00Z,sms,228.3,messages,4.74,2026-01-28T17:28:00Z
usage_events-005706,EV-0005706,SU-00206,ST-0006,2026-01-28T17:35:00Z,data,393.0,mb,0.74,2026-01-28T17:35:00Z
usage_events-005707,EV-0005707,SU-00207,ST-0007,2026-01-28T17:42:00Z,data,390.8,mb,2.92,2026-01-28T17:42:00Z
usage_events-005708,EV-0005708,SU-00208,ST-0008,2026-01-28T17:49:00Z,voice,406.0,minutes,1.29,2026-01-28T17:49:00Z
usage_events-005709,EV-0005709,SU-00209,ST-0009,2026-01-28T17:56:00Z,voice,175.7,minutes,3.93,2026-01-28T17:56:00Z
usage_events-005710,EV-0005710,SU-00210,ST-0010,2026-01-28T18:03:00Z,sms,407.2,messages,1.41,2026-01-28T18:03:00Z
usage_events-005711,EV-0005711,SU-00211,ST-0011,2026-01-28T18:10:00Z,voice,135.3,minutes,0.92,2026-01-28T18:10:00Z
usage_events-005712,EV-0005712,SU-00212,ST-0012,2026-01-28T18:17:00Z,sms,113.9,messages,2.69,2026-01-28T18:17:00Z
usage_events-005713,EV-0005713,SU-00213,ST-0013,2026-01-28T18:24:00Z,voice,250.6,minutes,1.28,2026-01-28T18:24:00Z
usage_events-005714,EV-0005714,SU-00214,ST-0014,2026-01-28T18:31:00Z,data,180.0,mb,3.45,2026-01-28T18:31:00Z
usage_events-005715,EV-0005715,SU-00215,ST-0015,2026-01-28T18:38:00Z,data,320.6,mb,3.62,2026-01-28T18:38:00Z
usage_events-005716,EV-0005716,SU-00216,ST-0016,2026-01-28T18:45:00Z,sms,49.1,messages,3.78,2026-01-28T18:45:00Z
usage_events-005717,EV-0005717,SU-00217,ST-0017,2026-01-28T18:52:00Z,voice,297.5,minutes,4.30,2026-01-28T18:52:00Z
usage_events-005718,EV-0005718,SU-00218,ST-0018,2026-01-28T18:59:00Z,voice,474.8,minutes,3.90,2026-01-28T18:59:00Z
usage_events-005719,EV-0005719,SU-00219,ST-0019,2026-01-28T19:06:00Z,sms,224.8,messages,4.71,2026-01-28T19:06:00Z
usage_events-005720,EV-0005720,SU-00220,ST-0020,2026-01-28T19:13:00Z,data,187.0,mb,2.53,2026-01-28T19:13:00Z
usage_events-005721,EV-0005721,SU-00221,ST-0021,2026-01-28T19:20:00Z,voice,75.8,minutes,4.68,2026-01-28T19:20:00Z
usage_events-005722,EV-0005722,SU-00222,ST-0022,2026-01-28T19:27:00Z,data,482.3,mb,3.69,2026-01-28T19:27:00Z
usage_events-005723,EV-0005723,SU-00223,ST-0023,2026-01-28T19:34:00Z,data,356.9,mb,4.63,2026-01-28T19:34:00Z
usage_events-005724,EV-0005724,SU-00224,ST-0024,2026-01-28T19:41:00Z,voice,55.0,minutes,2.57,2026-01-28T19:41:00Z
usage_events-005725,EV-0005725,SU-00225,ST-0025,2026-01-28T19:48:00Z,sms,243.6,messages,4.17,2026-01-28T19:48:00Z
usage_events-005726,EV-0005726,SU-00226,ST-0026,2026-01-28T19:55:00Z,sms,345.2,messages,0.72,2026-01-28T19:55:00Z
usage_events-005727,EV-0005727,SU-00227,ST-0027,2026-01-28T20:02:00Z,sms,140.5,messages,3.07,2026-01-28T20:02:00Z
usage_events-005728,EV-0005728,SU-00228,ST-0028,2026-01-28T20:09:00Z,data,461.5,mb,1.66,2026-01-28T20:09:00Z
usage_events-005729,EV-0005729,SU-00229,ST-0029,2026-01-28T20:16:00Z,data,92.2,mb,0.05,2026-01-28T20:16:00Z
usage_events-005730,EV-0005730,SU-00230,ST-0030,2026-01-28T20:23:00Z,sms,333.4,messages,0.97,2026-01-28T20:23:00Z
usage_events-005731,EV-0005731,SU-00231,ST-0001,2026-01-28T20:30:00Z,voice,353.5,minutes,2.50,2026-01-28T20:30:00Z
usage_events-005732,EV-0005732,SU-00232,ST-0002,2026-01-28T20:37:00Z,sms,244.9,messages,0.80,2026-01-28T20:37:00Z
usage_events-005733,EV-0005733,SU-00233,ST-0003,2026-01-28T20:44:00Z,voice,285.5,minutes,3.55,2026-01-28T20:44:00Z
usage_events-005734,EV-0005734,SU-00234,ST-0004,2026-01-28T20:51:00Z,voice,212.8,minutes,1.78,2026-01-28T20:51:00Z
usage_events-005735,EV-0005735,SU-00235,ST-0005,2026-01-28T20:58:00Z,data,326.6,mb,0.82,2026-01-28T20:58:00Z
usage_events-005736,EV-0005736,SU-00236,ST-0006,2026-01-28T21:05:00Z,voice,158.6,minutes,3.43,2026-01-28T21:05:00Z
usage_events-005737,EV-0005737,SU-00237,ST-0007,2026-01-28T21:12:00Z,voice,320.3,minutes,2.38,2026-01-28T21:12:00Z
usage_events-005738,EV-0005738,SU-00238,ST-0008,2026-01-28T21:19:00Z,sms,263.1,messages,1.83,2026-01-28T21:19:00Z
usage_events-005739,EV-0005739,SU-00239,ST-0009,2026-01-28T21:26:00Z,data,29.2,mb,3.45,2026-01-28T21:26:00Z
usage_events-005740,EV-0005740,SU-00240,ST-0010,2026-01-28T21:33:00Z,sms,498.7,messages,1.36,2026-01-28T21:33:00Z
usage_events-005741,EV-0005741,SU-00241,ST-0011,2026-01-28T21:40:00Z,voice,305.5,minutes,0.67,2026-01-28T21:40:00Z
usage_events-005742,EV-0005742,SU-00242,ST-0012,2026-01-28T21:47:00Z,voice,278.3,minutes,3.10,2026-01-28T21:47:00Z
usage_events-005743,EV-0005743,SU-00243,ST-0013,2026-01-28T21:54:00Z,data,262.7,mb,1.86,2026-01-28T21:54:00Z
usage_events-005744,EV-0005744,SU-00244,ST-0014,2026-01-28T22:01:00Z,voice,422.5,minutes,2.94,2026-01-28T22:01:00Z
usage_events-005745,EV-0005745,SU-00245,ST-0015,2026-01-28T22:08:00Z,voice,88.7,minutes,0.83,2026-01-28T22:08:00Z
usage_events-005746,EV-0005746,SU-00246,ST-0016,2026-01-28T22:15:00Z,voice,30.9,minutes,0.18,2026-01-28T22:15:00Z
usage_events-005747,EV-0005747,SU-00247,ST-0017,2026-01-28T22:22:00Z,sms,261.9,messages,3.54,2026-01-28T22:22:00Z
usage_events-005748,EV-0005748,SU-00248,ST-0018,2026-01-28T22:29:00Z,sms,256.8,messages,4.71,2026-01-28T22:29:00Z
usage_events-005749,EV-0005749,SU-00249,ST-0019,2026-01-28T22:36:00Z,voice,240.9,minutes,0.65,2026-01-28T22:36:00Z
usage_events-005750,EV-0005750,SU-00250,ST-0020,2026-01-28T22:43:00Z,data,218.7,mb,4.38,2026-01-28T22:43:00Z
usage_events-005751,EV-0005751,SU-00001,ST-0021,2026-01-28T22:50:00Z,data,178.1,mb,2.32,2026-01-28T22:50:00Z
usage_events-005752,EV-0005752,SU-00002,ST-0022,2026-01-28T22:57:00Z,sms,357.4,messages,0.39,2026-01-28T22:57:00Z
usage_events-005753,EV-0005753,SU-00003,ST-0023,2026-01-28T23:04:00Z,voice,172.3,minutes,4.37,2026-01-28T23:04:00Z
usage_events-005754,EV-0005754,SU-00004,ST-0024,2026-01-28T23:11:00Z,data,417.0,mb,3.43,2026-01-28T23:11:00Z
usage_events-005755,EV-0005755,SU-00005,ST-0025,2026-01-28T23:18:00Z,voice,4.0,minutes,4.84,2026-01-28T23:18:00Z
usage_events-005756,EV-0005756,SU-00006,ST-0026,2026-01-28T23:25:00Z,sms,11.5,messages,2.44,2026-01-28T23:25:00Z
usage_events-005757,EV-0005757,SU-00007,ST-0027,2026-01-28T23:32:00Z,data,183.1,mb,3.00,2026-01-28T23:32:00Z
usage_events-005758,EV-0005758,SU-00008,ST-0028,2026-01-28T23:39:00Z,voice,271.3,minutes,2.80,2026-01-28T23:39:00Z
usage_events-005759,EV-0005759,SU-00009,ST-0029,2026-01-28T23:46:00Z,sms,350.0,messages,2.11,2026-01-28T23:46:00Z
usage_events-005760,EV-0005760,SU-00010,ST-0030,2026-01-28T23:53:00Z,data,70.9,mb,4.63,2026-01-28T23:53:00Z
usage_events-005761,EV-0005761,SU-00011,ST-0001,2026-01-29T00:00:00Z,voice,434.1,minutes,3.85,2026-01-29T00:00:00Z
usage_events-005762,EV-0005762,SU-00012,ST-0002,2026-01-29T00:07:00Z,sms,419.1,messages,0.55,2026-01-29T00:07:00Z
usage_events-005763,EV-0005763,SU-00013,ST-0003,2026-01-29T00:14:00Z,voice,434.3,minutes,4.66,2026-01-29T00:14:00Z
usage_events-005764,EV-0005764,SU-00014,ST-0004,2026-01-29T00:21:00Z,voice,46.4,minutes,1.41,2026-01-29T00:21:00Z
usage_events-005765,EV-0005765,SU-00015,ST-0005,2026-01-29T00:28:00Z,sms,74.1,messages,0.47,2026-01-29T00:28:00Z
usage_events-005766,EV-0005766,SU-00016,ST-0006,2026-01-29T00:35:00Z,voice,233.8,minutes,0.21,2026-01-29T00:35:00Z
usage_events-005767,EV-0005767,SU-00017,ST-0007,2026-01-29T00:42:00Z,sms,119.3,messages,1.99,2026-01-29T00:42:00Z
usage_events-005768,EV-0005768,SU-00018,ST-0008,2026-01-29T00:49:00Z,data,165.4,mb,2.54,2026-01-29T00:49:00Z
usage_events-005769,EV-0005769,SU-00019,ST-0009,2026-01-29T00:56:00Z,sms,274.4,messages,3.93,2026-01-29T00:56:00Z
usage_events-005770,EV-0005770,SU-00020,ST-0010,2026-01-29T01:03:00Z,voice,15.1,minutes,0.05,2026-01-29T01:03:00Z
usage_events-005771,EV-0005771,SU-00021,ST-0011,2026-01-29T01:10:00Z,data,388.0,mb,3.71,2026-01-29T01:10:00Z
usage_events-005772,EV-0005772,SU-00022,ST-0012,2026-01-29T01:17:00Z,sms,63.0,messages,3.09,2026-01-29T01:17:00Z
usage_events-005773,EV-0005773,SU-00023,ST-0013,2026-01-29T01:24:00Z,voice,455.9,minutes,0.13,2026-01-29T01:24:00Z
usage_events-005774,EV-0005774,SU-00024,ST-0014,2026-01-29T01:31:00Z,voice,364.0,minutes,0.01,2026-01-29T01:31:00Z
usage_events-005775,EV-0005775,SU-00025,ST-0015,2026-01-29T01:38:00Z,sms,290.5,messages,3.92,2026-01-29T01:38:00Z
usage_events-005776,EV-0005776,SU-00026,ST-0016,2026-01-29T01:45:00Z,sms,162.0,messages,3.79,2026-01-29T01:45:00Z
usage_events-005777,EV-0005777,SU-00027,ST-0017,2026-01-29T01:52:00Z,sms,166.2,messages,0.62,2026-01-29T01:52:00Z
usage_events-005778,EV-0005778,SU-00028,ST-0018,2026-01-29T01:59:00Z,voice,136.1,minutes,3.52,2026-01-29T01:59:00Z
usage_events-005779,EV-0005779,SU-00029,ST-0019,2026-01-29T02:06:00Z,data,28.6,mb,3.87,2026-01-29T02:06:00Z
usage_events-005780,EV-0005780,SU-00030,ST-0020,2026-01-29T02:13:00Z,sms,119.3,messages,4.24,2026-01-29T02:13:00Z
usage_events-005781,EV-0005781,SU-00031,ST-0021,2026-01-29T02:20:00Z,voice,279.0,minutes,1.73,2026-01-29T02:20:00Z
usage_events-005782,EV-0005782,SU-00032,ST-0022,2026-01-29T02:27:00Z,sms,26.4,messages,3.32,2026-01-29T02:27:00Z
usage_events-005783,EV-0005783,SU-00033,ST-0023,2026-01-29T02:34:00Z,sms,214.7,messages,2.08,2026-01-29T02:34:00Z
usage_events-005784,EV-0005784,SU-00034,ST-0024,2026-01-29T02:41:00Z,data,366.3,mb,1.59,2026-01-29T02:41:00Z
usage_events-005785,EV-0005785,SU-00035,ST-0025,2026-01-29T02:48:00Z,voice,370.9,minutes,3.98,2026-01-29T02:48:00Z
usage_events-005786,EV-0005786,SU-00036,ST-0026,2026-01-29T02:55:00Z,sms,195.9,messages,2.41,2026-01-29T02:55:00Z
usage_events-005787,EV-0005787,SU-00037,ST-0027,2026-01-29T03:02:00Z,data,410.1,mb,4.51,2026-01-29T03:02:00Z
usage_events-005788,EV-0005788,SU-00038,ST-0028,2026-01-29T03:09:00Z,data,260.9,mb,3.56,2026-01-29T03:09:00Z
usage_events-005789,EV-0005789,SU-00039,ST-0029,2026-01-29T03:16:00Z,data,26.0,mb,2.23,2026-01-29T03:16:00Z
usage_events-005790,EV-0005790,SU-00040,ST-0030,2026-01-29T03:23:00Z,voice,381.3,minutes,4.45,2026-01-29T03:23:00Z
usage_events-005791,EV-0005791,SU-00041,ST-0001,2026-01-29T03:30:00Z,voice,406.7,minutes,2.18,2026-01-29T03:30:00Z
usage_events-005792,EV-0005792,SU-00042,ST-0002,2026-01-29T03:37:00Z,sms,244.4,messages,0.01,2026-01-29T03:37:00Z
usage_events-005793,EV-0005793,SU-00043,ST-0003,2026-01-29T03:44:00Z,voice,164.5,minutes,3.49,2026-01-29T03:44:00Z
usage_events-005794,EV-0005794,SU-00044,ST-0004,2026-01-29T03:51:00Z,data,41.3,mb,2.44,2026-01-29T03:51:00Z
usage_events-005795,EV-0005795,SU-00045,ST-0005,2026-01-29T03:58:00Z,sms,2.7,messages,3.66,2026-01-29T03:58:00Z
usage_events-005796,EV-0005796,SU-00046,ST-0006,2026-01-29T04:05:00Z,data,146.2,mb,2.28,2026-01-29T04:05:00Z
usage_events-005797,EV-0005797,SU-00047,ST-0007,2026-01-29T04:12:00Z,sms,30.8,messages,0.78,2026-01-29T04:12:00Z
usage_events-005798,EV-0005798,SU-00048,ST-0008,2026-01-29T04:19:00Z,data,162.4,mb,0.99,2026-01-29T04:19:00Z
usage_events-005799,EV-0005799,SU-00049,ST-0009,2026-01-29T04:26:00Z,voice,92.3,minutes,0.42,2026-01-29T04:26:00Z
usage_events-005800,EV-0005800,SU-00050,ST-0010,2026-01-29T04:33:00Z,data,12.8,mb,1.17,2026-01-29T04:33:00Z
usage_events-005801,EV-0005801,SU-00051,ST-0011,2026-01-29T04:40:00Z,sms,485.7,messages,2.98,2026-01-29T04:40:00Z
usage_events-005802,EV-0005802,SU-00052,ST-0012,2026-01-29T04:47:00Z,data,8.5,mb,3.30,2026-01-29T04:47:00Z
usage_events-005803,EV-0005803,SU-00053,ST-0013,2026-01-29T04:54:00Z,sms,190.4,messages,0.54,2026-01-29T04:54:00Z
usage_events-005804,EV-0005804,SU-00054,ST-0014,2026-01-29T05:01:00Z,voice,37.7,minutes,3.82,2026-01-29T05:01:00Z
usage_events-005805,EV-0005805,SU-00055,ST-0015,2026-01-29T05:08:00Z,voice,149.6,minutes,0.19,2026-01-29T05:08:00Z
usage_events-005806,EV-0005806,SU-00056,ST-0016,2026-01-29T05:15:00Z,voice,231.6,minutes,0.70,2026-01-29T05:15:00Z
usage_events-005807,EV-0005807,SU-00057,ST-0017,2026-01-29T05:22:00Z,sms,318.3,messages,4.82,2026-01-29T05:22:00Z
usage_events-005808,EV-0005808,SU-00058,ST-0018,2026-01-29T05:29:00Z,data,302.6,mb,4.90,2026-01-29T05:29:00Z
usage_events-005809,EV-0005809,SU-00059,ST-0019,2026-01-29T05:36:00Z,sms,354.6,messages,2.86,2026-01-29T05:36:00Z
usage_events-005810,EV-0005810,SU-00060,ST-0020,2026-01-29T05:43:00Z,sms,320.7,messages,2.46,2026-01-29T05:43:00Z
usage_events-005811,EV-0005811,SU-00061,ST-0021,2026-01-29T05:50:00Z,sms,411.7,messages,2.28,2026-01-29T05:50:00Z
usage_events-005812,EV-0005812,SU-00062,ST-0022,2026-01-29T05:57:00Z,sms,95.8,messages,2.09,2026-01-29T05:57:00Z
usage_events-005813,EV-0005813,SU-00063,ST-0023,2026-01-29T06:04:00Z,sms,270.7,messages,1.90,2026-01-29T06:04:00Z
usage_events-005814,EV-0005814,SU-00064,ST-0024,2026-01-29T06:11:00Z,sms,150.6,messages,3.25,2026-01-29T06:11:00Z
usage_events-005815,EV-0005815,SU-00065,ST-0025,2026-01-29T06:18:00Z,voice,234.8,minutes,4.60,2026-01-29T06:18:00Z
usage_events-005816,EV-0005816,SU-00066,ST-0026,2026-01-29T06:25:00Z,sms,394.0,messages,4.12,2026-01-29T06:25:00Z
usage_events-005817,EV-0005817,SU-00067,ST-0027,2026-01-29T06:32:00Z,data,278.3,mb,3.40,2026-01-29T06:32:00Z
usage_events-005818,EV-0005818,SU-00068,ST-0028,2026-01-29T06:39:00Z,data,231.0,mb,0.79,2026-01-29T06:39:00Z
usage_events-005819,EV-0005819,SU-00069,ST-0029,2026-01-29T06:46:00Z,voice,131.0,minutes,4.47,2026-01-29T06:46:00Z
usage_events-005820,EV-0005820,SU-00070,ST-0030,2026-01-29T06:53:00Z,data,371.3,mb,4.44,2026-01-29T06:53:00Z
usage_events-005821,EV-0005821,SU-00071,ST-0001,2026-01-29T07:00:00Z,sms,21.0,messages,1.77,2026-01-29T07:00:00Z
usage_events-005822,EV-0005822,SU-00072,ST-0002,2026-01-29T07:07:00Z,voice,396.8,minutes,1.69,2026-01-29T07:07:00Z
usage_events-005823,EV-0005823,SU-00073,ST-0003,2026-01-29T07:14:00Z,voice,360.6,minutes,0.84,2026-01-29T07:14:00Z
usage_events-005824,EV-0005824,SU-00074,ST-0004,2026-01-29T07:21:00Z,data,194.3,mb,3.11,2026-01-29T07:21:00Z
usage_events-005825,EV-0005825,SU-00075,ST-0005,2026-01-29T07:28:00Z,voice,412.6,minutes,2.55,2026-01-29T07:28:00Z
usage_events-005826,EV-0005826,SU-00076,ST-0006,2026-01-29T07:35:00Z,voice,472.3,minutes,2.67,2026-01-29T07:35:00Z
usage_events-005827,EV-0005827,SU-00077,ST-0007,2026-01-29T07:42:00Z,data,102.4,mb,2.70,2026-01-29T07:42:00Z
usage_events-005828,EV-0005828,SU-00078,ST-0008,2026-01-29T07:49:00Z,sms,400.6,messages,0.18,2026-01-29T07:49:00Z
usage_events-005829,EV-0005829,SU-00079,ST-0009,2026-01-29T07:56:00Z,data,179.2,mb,3.75,2026-01-29T07:56:00Z
usage_events-005830,EV-0005830,SU-00080,ST-0010,2026-01-29T08:03:00Z,voice,467.7,minutes,2.88,2026-01-29T08:03:00Z
usage_events-005831,EV-0005831,SU-00081,ST-0011,2026-01-29T08:10:00Z,sms,44.7,messages,0.04,2026-01-29T08:10:00Z
usage_events-005832,EV-0005832,SU-00082,ST-0012,2026-01-29T08:17:00Z,sms,338.9,messages,1.73,2026-01-29T08:17:00Z
usage_events-005833,EV-0005833,SU-00083,ST-0013,2026-01-29T08:24:00Z,data,466.7,mb,1.72,2026-01-29T08:24:00Z
usage_events-005834,EV-0005834,SU-00084,ST-0014,2026-01-29T08:31:00Z,data,179.8,mb,4.73,2026-01-29T08:31:00Z
usage_events-005835,EV-0005835,SU-00085,ST-0015,2026-01-29T08:38:00Z,voice,321.8,minutes,0.14,2026-01-29T08:38:00Z
usage_events-005836,EV-0005836,SU-00086,ST-0016,2026-01-29T08:45:00Z,voice,203.4,minutes,2.78,2026-01-29T08:45:00Z
usage_events-005837,EV-0005837,SU-00087,ST-0017,2026-01-29T08:52:00Z,voice,54.5,minutes,0.34,2026-01-29T08:52:00Z
usage_events-005838,EV-0005838,SU-00088,ST-0018,2026-01-29T08:59:00Z,data,322.0,mb,3.31,2026-01-29T08:59:00Z
usage_events-005839,EV-0005839,SU-00089,ST-0019,2026-01-29T09:06:00Z,voice,118.4,minutes,0.56,2026-01-29T09:06:00Z
usage_events-005840,EV-0005840,SU-00090,ST-0020,2026-01-29T09:13:00Z,voice,287.5,minutes,1.88,2026-01-29T09:13:00Z
usage_events-005841,EV-0005841,SU-00091,ST-0021,2026-01-29T09:20:00Z,voice,86.3,minutes,1.80,2026-01-29T09:20:00Z
usage_events-005842,EV-0005842,SU-00092,ST-0022,2026-01-29T09:27:00Z,data,427.3,mb,0.24,2026-01-29T09:27:00Z
usage_events-005843,EV-0005843,SU-00093,ST-0023,2026-01-29T09:34:00Z,sms,331.4,messages,3.09,2026-01-29T09:34:00Z
usage_events-005844,EV-0005844,SU-00094,ST-0024,2026-01-29T09:41:00Z,voice,0.2,minutes,1.85,2026-01-29T09:41:00Z
usage_events-005845,EV-0005845,SU-00095,ST-0025,2026-01-29T09:48:00Z,sms,194.8,messages,2.61,2026-01-29T09:48:00Z
usage_events-005846,EV-0005846,SU-00096,ST-0026,2026-01-29T09:55:00Z,data,272.1,mb,3.38,2026-01-29T09:55:00Z
usage_events-005847,EV-0005847,SU-00097,ST-0027,2026-01-29T10:02:00Z,data,26.5,mb,2.21,2026-01-29T10:02:00Z
usage_events-005848,EV-0005848,SU-00098,ST-0028,2026-01-29T10:09:00Z,voice,101.7,minutes,4.90,2026-01-29T10:09:00Z
usage_events-005849,EV-0005849,SU-00099,ST-0029,2026-01-29T10:16:00Z,voice,6.9,minutes,0.11,2026-01-29T10:16:00Z
usage_events-005850,EV-0005850,SU-00100,ST-0030,2026-01-29T10:23:00Z,voice,271.1,minutes,1.29,2026-01-29T10:23:00Z
usage_events-005851,EV-0005851,SU-00101,ST-0001,2026-01-29T10:30:00Z,data,167.1,mb,3.91,2026-01-29T10:30:00Z
usage_events-005852,EV-0005852,SU-00102,ST-0002,2026-01-29T10:37:00Z,sms,130.2,messages,2.77,2026-01-29T10:37:00Z
usage_events-005853,EV-0005853,SU-00103,ST-0003,2026-01-29T10:44:00Z,voice,47.3,minutes,0.83,2026-01-29T10:44:00Z
usage_events-005854,EV-0005854,SU-00104,ST-0004,2026-01-29T10:51:00Z,data,200.1,mb,2.39,2026-01-29T10:51:00Z
usage_events-005855,EV-0005855,SU-00105,ST-0005,2026-01-29T10:58:00Z,data,55.6,mb,4.31,2026-01-29T10:58:00Z
usage_events-005856,EV-0005856,SU-00106,ST-0006,2026-01-29T11:05:00Z,sms,107.5,messages,1.99,2026-01-29T11:05:00Z
usage_events-005857,EV-0005857,SU-00107,ST-0007,2026-01-29T11:12:00Z,voice,198.4,minutes,3.01,2026-01-29T11:12:00Z
usage_events-005858,EV-0005858,SU-00108,ST-0008,2026-01-29T11:19:00Z,voice,221.8,minutes,4.40,2026-01-29T11:19:00Z
usage_events-005859,EV-0005859,SU-00109,ST-0009,2026-01-29T11:26:00Z,data,274.9,mb,1.17,2026-01-29T11:26:00Z
usage_events-005860,EV-0005860,SU-00110,ST-0010,2026-01-29T11:33:00Z,data,417.5,mb,0.39,2026-01-29T11:33:00Z
usage_events-005861,EV-0005861,SU-00111,ST-0011,2026-01-29T11:40:00Z,data,284.9,mb,3.37,2026-01-29T11:40:00Z
usage_events-005862,EV-0005862,SU-00112,ST-0012,2026-01-29T11:47:00Z,data,350.2,mb,2.62,2026-01-29T11:47:00Z
usage_events-005863,EV-0005863,SU-00113,ST-0013,2026-01-29T11:54:00Z,data,354.6,mb,2.92,2026-01-29T11:54:00Z
usage_events-005864,EV-0005864,SU-00114,ST-0014,2026-01-29T12:01:00Z,sms,124.8,messages,4.43,2026-01-29T12:01:00Z
usage_events-005865,EV-0005865,SU-00115,ST-0015,2026-01-29T12:08:00Z,voice,338.9,minutes,1.58,2026-01-29T12:08:00Z
usage_events-005866,EV-0005866,SU-00116,ST-0016,2026-01-29T12:15:00Z,voice,288.4,minutes,1.32,2026-01-29T12:15:00Z
usage_events-005867,EV-0005867,SU-00117,ST-0017,2026-01-29T12:22:00Z,voice,339.7,minutes,0.46,2026-01-29T12:22:00Z
usage_events-005868,EV-0005868,SU-00118,ST-0018,2026-01-29T12:29:00Z,data,159.3,mb,4.39,2026-01-29T12:29:00Z
usage_events-005869,EV-0005869,SU-00119,ST-0019,2026-01-29T12:36:00Z,sms,195.0,messages,4.11,2026-01-29T12:36:00Z
usage_events-005870,EV-0005870,SU-00120,ST-0020,2026-01-29T12:43:00Z,sms,443.3,messages,2.05,2026-01-29T12:43:00Z
usage_events-005871,EV-0005871,SU-00121,ST-0021,2026-01-29T12:50:00Z,data,121.4,mb,0.90,2026-01-29T12:50:00Z
usage_events-005872,EV-0005872,SU-00122,ST-0022,2026-01-29T12:57:00Z,sms,283.5,messages,1.42,2026-01-29T12:57:00Z
usage_events-005873,EV-0005873,SU-00123,ST-0023,2026-01-29T13:04:00Z,data,26.2,mb,0.08,2026-01-29T13:04:00Z
usage_events-005874,EV-0005874,SU-00124,ST-0024,2026-01-29T13:11:00Z,data,347.9,mb,2.42,2026-01-29T13:11:00Z
usage_events-005875,EV-0005875,SU-00125,ST-0025,2026-01-29T13:18:00Z,voice,440.3,minutes,0.11,2026-01-29T13:18:00Z
usage_events-005876,EV-0005876,SU-00126,ST-0026,2026-01-29T13:25:00Z,voice,352.0,minutes,1.94,2026-01-29T13:25:00Z
usage_events-005877,EV-0005877,SU-00127,ST-0027,2026-01-29T13:32:00Z,sms,345.1,messages,4.76,2026-01-29T13:32:00Z
usage_events-005878,EV-0005878,SU-00128,ST-0028,2026-01-29T13:39:00Z,sms,205.2,messages,0.13,2026-01-29T13:39:00Z
usage_events-005879,EV-0005879,SU-00129,ST-0029,2026-01-29T13:46:00Z,data,479.9,mb,1.88,2026-01-29T13:46:00Z
usage_events-005880,EV-0005880,SU-00130,ST-0030,2026-01-29T13:53:00Z,sms,439.4,messages,4.68,2026-01-29T13:53:00Z
usage_events-005881,EV-0005881,SU-00131,ST-0001,2026-01-29T14:00:00Z,sms,377.2,messages,2.21,2026-01-29T14:00:00Z
usage_events-005882,EV-0005882,SU-00132,ST-0002,2026-01-29T14:07:00Z,sms,150.4,messages,1.98,2026-01-29T14:07:00Z
usage_events-005883,EV-0005883,SU-00133,ST-0003,2026-01-29T14:14:00Z,data,304.1,mb,3.04,2026-01-29T14:14:00Z
usage_events-005884,EV-0005884,SU-00134,ST-0004,2026-01-29T14:21:00Z,sms,459.1,messages,1.59,2026-01-29T14:21:00Z
usage_events-005885,EV-0005885,SU-00135,ST-0005,2026-01-29T14:28:00Z,sms,23.1,messages,0.55,2026-01-29T14:28:00Z
usage_events-005886,EV-0005886,SU-00136,ST-0006,2026-01-29T14:35:00Z,data,266.9,mb,4.60,2026-01-29T14:35:00Z
usage_events-005887,EV-0005887,SU-00137,ST-0007,2026-01-29T14:42:00Z,data,192.8,mb,1.09,2026-01-29T14:42:00Z
usage_events-005888,EV-0005888,SU-00138,ST-0008,2026-01-29T14:49:00Z,data,345.2,mb,3.89,2026-01-29T14:49:00Z
usage_events-005889,EV-0005889,SU-00139,ST-0009,2026-01-29T14:56:00Z,voice,342.6,minutes,3.81,2026-01-29T14:56:00Z
usage_events-005890,EV-0005890,SU-00140,ST-0010,2026-01-29T15:03:00Z,voice,108.0,minutes,0.75,2026-01-29T15:03:00Z
usage_events-005891,EV-0005891,SU-00141,ST-0011,2026-01-29T15:10:00Z,sms,266.7,messages,3.15,2026-01-29T15:10:00Z
usage_events-005892,EV-0005892,SU-00142,ST-0012,2026-01-29T15:17:00Z,sms,35.1,messages,4.60,2026-01-29T15:17:00Z
usage_events-005893,EV-0005893,SU-00143,ST-0013,2026-01-29T15:24:00Z,voice,361.7,minutes,3.21,2026-01-29T15:24:00Z
usage_events-005894,EV-0005894,SU-00144,ST-0014,2026-01-29T15:31:00Z,data,254.8,mb,0.35,2026-01-29T15:31:00Z
usage_events-005895,EV-0005895,SU-00145,ST-0015,2026-01-29T15:38:00Z,sms,473.0,messages,3.41,2026-01-29T15:38:00Z
usage_events-005896,EV-0005896,SU-00146,ST-0016,2026-01-29T15:45:00Z,sms,81.6,messages,3.06,2026-01-29T15:45:00Z
usage_events-005897,EV-0005897,SU-00147,ST-0017,2026-01-29T15:52:00Z,sms,469.5,messages,4.21,2026-01-29T15:52:00Z
usage_events-005898,EV-0005898,SU-00148,ST-0018,2026-01-29T15:59:00Z,sms,193.0,messages,1.86,2026-01-29T15:59:00Z
usage_events-005899,EV-0005899,SU-00149,ST-0019,2026-01-29T16:06:00Z,sms,313.1,messages,2.70,2026-01-29T16:06:00Z
usage_events-005900,EV-0005900,SU-00150,ST-0020,2026-01-29T16:13:00Z,sms,151.2,messages,4.74,2026-01-29T16:13:00Z
usage_events-005901,EV-0005901,SU-00151,ST-0021,2026-01-29T16:20:00Z,sms,339.6,messages,2.04,2026-01-29T16:20:00Z
usage_events-005902,EV-0005902,SU-00152,ST-0022,2026-01-29T16:27:00Z,sms,333.3,messages,4.82,2026-01-29T16:27:00Z
usage_events-005903,EV-0005903,SU-00153,ST-0023,2026-01-29T16:34:00Z,sms,10.9,messages,3.56,2026-01-29T16:34:00Z
usage_events-005904,EV-0005904,SU-00154,ST-0024,2026-01-29T16:41:00Z,voice,91.2,minutes,3.27,2026-01-29T16:41:00Z
usage_events-005905,EV-0005905,SU-00155,ST-0025,2026-01-29T16:48:00Z,voice,155.3,minutes,1.88,2026-01-29T16:48:00Z
usage_events-005906,EV-0005906,SU-00156,ST-0026,2026-01-29T16:55:00Z,voice,230.2,minutes,3.44,2026-01-29T16:55:00Z
usage_events-005907,EV-0005907,SU-00157,ST-0027,2026-01-29T17:02:00Z,sms,460.8,messages,0.60,2026-01-29T17:02:00Z
usage_events-005908,EV-0005908,SU-00158,ST-0028,2026-01-29T17:09:00Z,data,284.0,mb,1.51,2026-01-29T17:09:00Z
usage_events-005909,EV-0005909,SU-00159,ST-0029,2026-01-29T17:16:00Z,voice,263.4,minutes,3.90,2026-01-29T17:16:00Z
usage_events-005910,EV-0005910,SU-00160,ST-0030,2026-01-29T17:23:00Z,data,400.4,mb,4.44,2026-01-29T17:23:00Z
usage_events-005911,EV-0005911,SU-00161,ST-0001,2026-01-29T17:30:00Z,voice,54.5,minutes,0.84,2026-01-29T17:30:00Z
usage_events-005912,EV-0005912,SU-00162,ST-0002,2026-01-29T17:37:00Z,sms,74.4,messages,1.77,2026-01-29T17:37:00Z
usage_events-005913,EV-0005913,SU-00163,ST-0003,2026-01-29T17:44:00Z,data,102.8,mb,4.40,2026-01-29T17:44:00Z
usage_events-005914,EV-0005914,SU-00164,ST-0004,2026-01-29T17:51:00Z,voice,401.0,minutes,2.92,2026-01-29T17:51:00Z
usage_events-005915,EV-0005915,SU-00165,ST-0005,2026-01-29T17:58:00Z,data,177.7,mb,0.96,2026-01-29T17:58:00Z
usage_events-005916,EV-0005916,SU-00166,ST-0006,2026-01-29T18:05:00Z,data,456.4,mb,1.32,2026-01-29T18:05:00Z
usage_events-005917,EV-0005917,SU-00167,ST-0007,2026-01-29T18:12:00Z,data,340.6,mb,3.93,2026-01-29T18:12:00Z
usage_events-005918,EV-0005918,SU-00168,ST-0008,2026-01-29T18:19:00Z,sms,347.7,messages,1.94,2026-01-29T18:19:00Z
usage_events-005919,EV-0005919,SU-00169,ST-0009,2026-01-29T18:26:00Z,voice,377.4,minutes,1.26,2026-01-29T18:26:00Z
usage_events-005920,EV-0005920,SU-00170,ST-0010,2026-01-29T18:33:00Z,sms,317.7,messages,1.85,2026-01-29T18:33:00Z
usage_events-005921,EV-0005921,SU-00171,ST-0011,2026-01-29T18:40:00Z,data,84.0,mb,0.01,2026-01-29T18:40:00Z
usage_events-005922,EV-0005922,SU-00172,ST-0012,2026-01-29T18:47:00Z,data,268.8,mb,1.78,2026-01-29T18:47:00Z
usage_events-005923,EV-0005923,SU-00173,ST-0013,2026-01-29T18:54:00Z,voice,421.3,minutes,2.46,2026-01-29T18:54:00Z
usage_events-005924,EV-0005924,SU-00174,ST-0014,2026-01-29T19:01:00Z,sms,41.1,messages,2.05,2026-01-29T19:01:00Z
usage_events-005925,EV-0005925,SU-00175,ST-0015,2026-01-29T19:08:00Z,sms,71.7,messages,0.85,2026-01-29T19:08:00Z
usage_events-005926,EV-0005926,SU-00176,ST-0016,2026-01-29T19:15:00Z,voice,293.9,minutes,0.73,2026-01-29T19:15:00Z
usage_events-005927,EV-0005927,SU-00177,ST-0017,2026-01-29T19:22:00Z,data,362.4,mb,4.25,2026-01-29T19:22:00Z
usage_events-005928,EV-0005928,SU-00178,ST-0018,2026-01-29T19:29:00Z,sms,363.6,messages,3.15,2026-01-29T19:29:00Z
usage_events-005929,EV-0005929,SU-00179,ST-0019,2026-01-29T19:36:00Z,sms,237.9,messages,3.35,2026-01-29T19:36:00Z
usage_events-005930,EV-0005930,SU-00180,ST-0020,2026-01-29T19:43:00Z,data,307.2,mb,3.59,2026-01-29T19:43:00Z
usage_events-005931,EV-0005931,SU-00181,ST-0021,2026-01-29T19:50:00Z,voice,145.7,minutes,0.29,2026-01-29T19:50:00Z
usage_events-005932,EV-0005932,SU-00182,ST-0022,2026-01-29T19:57:00Z,voice,458.7,minutes,1.19,2026-01-29T19:57:00Z
usage_events-005933,EV-0005933,SU-00183,ST-0023,2026-01-29T20:04:00Z,data,294.8,mb,2.08,2026-01-29T20:04:00Z
usage_events-005934,EV-0005934,SU-00184,ST-0024,2026-01-29T20:11:00Z,sms,453.8,messages,4.93,2026-01-29T20:11:00Z
usage_events-005935,EV-0005935,SU-00185,ST-0025,2026-01-29T20:18:00Z,data,420.2,mb,1.50,2026-01-29T20:18:00Z
usage_events-005936,EV-0005936,SU-00186,ST-0026,2026-01-29T20:25:00Z,data,382.0,mb,2.11,2026-01-29T20:25:00Z
usage_events-005937,EV-0005937,SU-00187,ST-0027,2026-01-29T20:32:00Z,voice,279.8,minutes,4.79,2026-01-29T20:32:00Z
usage_events-005938,EV-0005938,SU-00188,ST-0028,2026-01-29T20:39:00Z,data,205.8,mb,2.96,2026-01-29T20:39:00Z
usage_events-005939,EV-0005939,SU-00189,ST-0029,2026-01-29T20:46:00Z,data,69.1,mb,3.31,2026-01-29T20:46:00Z
usage_events-005940,EV-0005940,SU-00190,ST-0030,2026-01-29T20:53:00Z,sms,369.6,messages,4.80,2026-01-29T20:53:00Z
usage_events-005941,EV-0005941,SU-00191,ST-0001,2026-01-29T21:00:00Z,data,67.1,mb,2.62,2026-01-29T21:00:00Z
usage_events-005942,EV-0005942,SU-00192,ST-0002,2026-01-29T21:07:00Z,voice,256.7,minutes,3.72,2026-01-29T21:07:00Z
usage_events-005943,EV-0005943,SU-00193,ST-0003,2026-01-29T21:14:00Z,voice,82.8,minutes,1.42,2026-01-29T21:14:00Z
usage_events-005944,EV-0005944,SU-00194,ST-0004,2026-01-29T21:21:00Z,data,377.9,mb,3.92,2026-01-29T21:21:00Z
usage_events-005945,EV-0005945,SU-00195,ST-0005,2026-01-29T21:28:00Z,data,71.6,mb,1.28,2026-01-29T21:28:00Z
usage_events-005946,EV-0005946,SU-00196,ST-0006,2026-01-29T21:35:00Z,data,487.6,mb,3.06,2026-01-29T21:35:00Z
usage_events-005947,EV-0005947,SU-00197,ST-0007,2026-01-29T21:42:00Z,voice,22.0,minutes,1.72,2026-01-29T21:42:00Z
usage_events-005948,EV-0005948,SU-00198,ST-0008,2026-01-29T21:49:00Z,sms,47.6,messages,1.14,2026-01-29T21:49:00Z
usage_events-005949,EV-0005949,SU-00199,ST-0009,2026-01-29T21:56:00Z,sms,424.5,messages,0.38,2026-01-29T21:56:00Z
usage_events-005950,EV-0005950,SU-00200,ST-0010,2026-01-29T22:03:00Z,sms,378.5,messages,2.74,2026-01-29T22:03:00Z
usage_events-005951,EV-0005951,SU-00201,ST-0011,2026-01-29T22:10:00Z,voice,352.7,minutes,1.36,2026-01-29T22:10:00Z
usage_events-005952,EV-0005952,SU-00202,ST-0012,2026-01-29T22:17:00Z,voice,466.4,minutes,1.30,2026-01-29T22:17:00Z
usage_events-005953,EV-0005953,SU-00203,ST-0013,2026-01-29T22:24:00Z,voice,343.7,minutes,0.03,2026-01-29T22:24:00Z
usage_events-005954,EV-0005954,SU-00204,ST-0014,2026-01-29T22:31:00Z,data,397.2,mb,4.57,2026-01-29T22:31:00Z
usage_events-005955,EV-0005955,SU-00205,ST-0015,2026-01-29T22:38:00Z,data,202.1,mb,4.58,2026-01-29T22:38:00Z
usage_events-005956,EV-0005956,SU-00206,ST-0016,2026-01-29T22:45:00Z,data,477.6,mb,4.37,2026-01-29T22:45:00Z
usage_events-005957,EV-0005957,SU-00207,ST-0017,2026-01-29T22:52:00Z,voice,323.0,minutes,0.91,2026-01-29T22:52:00Z
usage_events-005958,EV-0005958,SU-00208,ST-0018,2026-01-29T22:59:00Z,data,105.8,mb,4.64,2026-01-29T22:59:00Z
usage_events-005959,EV-0005959,SU-00209,ST-0019,2026-01-29T23:06:00Z,sms,145.0,messages,2.85,2026-01-29T23:06:00Z
usage_events-005960,EV-0005960,SU-00210,ST-0020,2026-01-29T23:13:00Z,sms,233.3,messages,3.15,2026-01-29T23:13:00Z
usage_events-005961,EV-0005961,SU-00211,ST-0021,2026-01-29T23:20:00Z,sms,198.4,messages,0.16,2026-01-29T23:20:00Z
usage_events-005962,EV-0005962,SU-00212,ST-0022,2026-01-29T23:27:00Z,sms,48.6,messages,0.14,2026-01-29T23:27:00Z
usage_events-005963,EV-0005963,SU-00213,ST-0023,2026-01-29T23:34:00Z,data,192.5,mb,2.42,2026-01-29T23:34:00Z
usage_events-005964,EV-0005964,SU-00214,ST-0024,2026-01-29T23:41:00Z,sms,467.1,messages,4.92,2026-01-29T23:41:00Z
usage_events-005965,EV-0005965,SU-00215,ST-0025,2026-01-29T23:48:00Z,voice,332.0,minutes,2.41,2026-01-29T23:48:00Z
usage_events-005966,EV-0005966,SU-00216,ST-0026,2026-01-29T23:55:00Z,data,457.6,mb,3.00,2026-01-29T23:55:00Z
usage_events-005967,EV-0005967,SU-00217,ST-0027,2026-01-30T00:02:00Z,data,58.9,mb,3.03,2026-01-30T00:02:00Z
usage_events-005968,EV-0005968,SU-00218,ST-0028,2026-01-30T00:09:00Z,voice,493.5,minutes,4.03,2026-01-30T00:09:00Z
usage_events-005969,EV-0005969,SU-00219,ST-0029,2026-01-30T00:16:00Z,voice,19.7,minutes,0.09,2026-01-30T00:16:00Z
usage_events-005970,EV-0005970,SU-00220,ST-0030,2026-01-30T00:23:00Z,voice,399.8,minutes,0.41,2026-01-30T00:23:00Z
usage_events-005971,EV-0005971,SU-00221,ST-0001,2026-01-30T00:30:00Z,sms,16.4,messages,4.50,2026-01-30T00:30:00Z
usage_events-005972,EV-0005972,SU-00222,ST-0002,2026-01-30T00:37:00Z,data,263.3,mb,0.28,2026-01-30T00:37:00Z
usage_events-005973,EV-0005973,SU-00223,ST-0003,2026-01-30T00:44:00Z,sms,218.6,messages,0.37,2026-01-30T00:44:00Z
usage_events-005974,EV-0005974,SU-00224,ST-0004,2026-01-30T00:51:00Z,voice,113.5,minutes,4.68,2026-01-30T00:51:00Z
usage_events-005975,EV-0005975,SU-00225,ST-0005,2026-01-30T00:58:00Z,sms,451.8,messages,4.72,2026-01-30T00:58:00Z
usage_events-005976,EV-0005976,SU-00226,ST-0006,2026-01-30T01:05:00Z,voice,476.9,minutes,2.80,2026-01-30T01:05:00Z
usage_events-005977,EV-0005977,SU-00227,ST-0007,2026-01-30T01:12:00Z,voice,87.1,minutes,4.42,2026-01-30T01:12:00Z
usage_events-005978,EV-0005978,SU-00228,ST-0008,2026-01-30T01:19:00Z,sms,398.0,messages,3.57,2026-01-30T01:19:00Z
usage_events-005979,EV-0005979,SU-00229,ST-0009,2026-01-30T01:26:00Z,data,90.4,mb,1.60,2026-01-30T01:26:00Z
usage_events-005980,EV-0005980,SU-00230,ST-0010,2026-01-30T01:33:00Z,voice,393.5,minutes,0.44,2026-01-30T01:33:00Z
usage_events-005981,EV-0005981,SU-00231,ST-0011,2026-01-30T01:40:00Z,voice,349.4,minutes,4.82,2026-01-30T01:40:00Z
usage_events-005982,EV-0005982,SU-00232,ST-0012,2026-01-30T01:47:00Z,sms,58.3,messages,4.93,2026-01-30T01:47:00Z
usage_events-005983,EV-0005983,SU-00233,ST-0013,2026-01-30T01:54:00Z,voice,263.7,minutes,3.10,2026-01-30T01:54:00Z
usage_events-005984,EV-0005984,SU-00234,ST-0014,2026-01-30T02:01:00Z,sms,448.2,messages,0.18,2026-01-30T02:01:00Z
usage_events-005985,EV-0005985,SU-00235,ST-0015,2026-01-30T02:08:00Z,voice,111.5,minutes,0.73,2026-01-30T02:08:00Z
usage_events-005986,EV-0005986,SU-00236,ST-0016,2026-01-30T02:15:00Z,sms,326.9,messages,0.43,2026-01-30T02:15:00Z
usage_events-005987,EV-0005987,SU-00237,ST-0017,2026-01-30T02:22:00Z,data,97.1,mb,3.71,2026-01-30T02:22:00Z
usage_events-005988,EV-0005988,SU-00238,ST-0018,2026-01-30T02:29:00Z,sms,206.9,messages,3.25,2026-01-30T02:29:00Z
usage_events-005989,EV-0005989,SU-00239,ST-0019,2026-01-30T02:36:00Z,data,0.2,mb,1.77,2026-01-30T02:36:00Z
usage_events-005990,EV-0005990,SU-00240,ST-0020,2026-01-30T02:43:00Z,data,15.7,mb,1.07,2026-01-30T02:43:00Z
usage_events-005991,EV-0005991,SU-00241,ST-0021,2026-01-30T02:50:00Z,voice,19.9,minutes,3.45,2026-01-30T02:50:00Z
usage_events-005992,EV-0005992,SU-00242,ST-0022,2026-01-30T02:57:00Z,data,322.7,mb,0.97,2026-01-30T02:57:00Z
usage_events-005993,EV-0005993,SU-00243,ST-0023,2026-01-30T03:04:00Z,sms,77.8,messages,4.21,2026-01-30T03:04:00Z
usage_events-005994,EV-0005994,SU-00244,ST-0024,2026-01-30T03:11:00Z,voice,168.0,minutes,0.59,2026-01-30T03:11:00Z
usage_events-005995,EV-0005995,SU-00245,ST-0025,not-a-timestamp,data,480.2,mb,3.87,2026-01-30T03:18:00Z
usage_events-005996,EV-0005996,SU-00246,ST-0026,2026-01-30T03:25:00Z,voice,427.1,gallons,0.59,2026-01-30T03:25:00Z
usage_events-005997,EV-0005997,SU-00247,ST-0027,2026-01-30T03:32:00Z,voice,-5,minutes,1.49,2026-01-30T03:32:00Z
usage_events-005998,EV-0005998,SU-ORPHAN,ST-0028,2026-01-30T03:39:00Z,voice,484.8,minutes,1.55,2026-01-30T03:39:00Z
usage_events-005999,EV-0005999,SU-00249,ST-0029,2026-01-30T03:46:00Z,data,392.4,mb,2.35,2026-01-30T03:46:00Z
usage_events-006000,EV-0005999,SU-00250,ST-0030,2026-01-30T03:53:00Z,sms,111.9,messages,3.40,2026-01-30T03:53:00Z
