source_row_id,transaction_id,account_id,event_time,transaction_type,channel,merchant_category,currency,amount,status,updated_at
transactions-000001,TX-0000001,AC-00001,2026-01-01T00:00:00Z,refund,mobile,utilities,USD,73.00,posted,2026-01-01T00:00:00Z
transactions-000002,TX-0000002,AC-00002,2026-01-01T00:11:00Z,refund,mobile,grocery,USD,113.50,posted,2026-01-01T00:11:00Z
transactions-000003,TX-0000003,AC-00003,2026-01-01T00:22:00Z,debit,branch,travel,USD,93.00,posted,2026-01-01T00:22:00Z
transactions-000004,TX-0000004,AC-00004,2026-01-01T00:33:00Z,refund,card,travel,USD,148.00,posted,2026-01-01T00:33:00Z
transactions-000005,TX-0000005,AC-00005,2026-01-01T00:44:00Z,credit,atm,services,USD,126.00,posted,2026-01-01T00:44:00Z
transactions-000006,TX-0000006,AC-00006,2026-01-01T00:55:00Z,debit,card,travel,USD,112.00,posted,2026-01-01T00:55:00Z
transactions-000007,TX-0000007,AC-00007,2026-01-01T01:06:00Z,refund,branch,travel,USD,270.50,posted,2026-01-01T01:06:00Z
transactions-000008,TX-0000008,AC-00008,2026-01-01T01:17:00Z,debit,card,utilities,USD,107.25,posted,2026-01-01T01:17:00Z
transactions-000009,TX-0000009,AC-00009,2026-01-01T01:28:00Z,refund,mobile,grocery,USD,230.25,posted,2026-01-01T01:28:00Z
transactions-000010,TX-0000010,AC-00010,2026-01-01T01:39:00Z,refund,card,grocery,USD,225.75,posted,2026-01-01T01:39:00Z
transactions-000011,TX-0000011,AC-00011,2026-01-01T01:50:00Z,credit,card,grocery,USD,191.75,posted,2026-01-01T01:50:00Z
transactions-000012,TX-0000012,AC-00012,2026-01-01T02:01:00Z,refund,branch,services,USD,147.25,posted,2026-01-01T02:01:00Z
transactions-000013,TX-0000013,AC-00013,2026-01-01T02:12:00Z,debit,mobile,travel,USD,120.00,posted,2026-01-01T02:12:00Z
transactions-000014,TX-0000014,AC-00014,2026-01-01T02:23:00Z,refund,atm,grocery,USD,36.25,posted,2026-01-01T02:23:00Z
transactions-000015,TX-0000015,AC-00015,2026-01-01T02:34:00Z,credit,branch,services,USD,163.25,posted,2026-01-01T02:34:00Z
transactions-000016,TX-0000016,AC-00016,2026-01-01T02:45:00Z,credit,mobile,services,USD,14.00,posted,2026-01-01T02:45:00Z
transactions-000017,TX-0000017,AC-00017,2026-01-01T02:56:00Z,debit,atm,travel,USD,239.25,posted,2026-01-01T02:56:00Z
transactions-000018,TX-0000018,AC-00018,2026-01-01T03:07:00Z,credit,branch,utilities,USD,153.75,posted,2026-01-01T03:07:00Z
transactions-000019,TX-0000019,AC-00019,2026-01-01T03:18:00Z,credit,mobile,travel,USD,122.75,posted,2026-01-01T03:18:00Z
transactions-000020,TX-0000020,AC-00020,2026-01-01T03:29:00Z,credit,card,grocery,USD,183.50,posted,2026-01-01T03:29:00Z
transactions-000021,TX-0000021,AC-00021,2026-01-01T03:40:00Z,credit,atm,travel,USD,175.00,posted,2026-01-01T03:40:00Z
transactions-000022,TX-0000022,AC-00022,2026-01-01T03:51:00Z,debit,atm,services,USD,259.75,posted,2026-01-01T03:51:00Z
transactions-000023,TX-0000023,AC-00023,2026-01-01T04:02:00Z,refund,card,utilities,USD,194.00,posted,2026-01-01T04:02:00Z
transactions-000024,TX-0000024,AC-00024,2026-01-01T04:13:00Z,debit,mobile,travel,USD,224.25,posted,2026-01-01T04:13:00Z
transactions-000025,TX-0000025,AC-00025,2026-01-01T04:24:00Z,refund,branch,grocery,USD,290.25,posted,2026-01-01T04:24:00Z
transactions-000026,TX-0000026,AC-00026,2026-01-01T04:35:00Z,refund,branch,utilities,USD,103.75,posted,2026-01-01T04:35:00Z
transactions-000027,TX-0000027,AC-00027,2026-01-01T04:46:00Z,refund,branch,services,USD,208.75,posted,2026-01-01T04:46:00Z
transactions-000028,TX-0000028,AC-00028,2026-01-01T04:57:00Z,credit,card,services,USD,128.00,posted,2026-01-01T04:57:00Z
transactions-000029,TX-0000029,AC-00029,2026-01-01T05:08:00Z,debit,card,grocery,USD,188.00,posted,2026-01-01T05:08:00Z
transactions-000030,TX-0000030,AC-00030,2026-01-01T05:19:00Z,refund,mobile,utilities,USD,219.50,posted,2026-01-01T05:19:00Z
transactions-000031,TX-0000031,AC-00031,2026-01-01T05:30:00Z,credit,branch,utilities,USD,293.75,posted,2026-01-01T05:30:00Z
transactions-000032,TX-0000032,AC-00032,2026-01-01T05:41:00Z,refund,card,grocery,USD,225.00,posted,2026-01-01T05:41:00Z
transactions-000033,TX-0000033,AC-00033,2026-01-01T05:52:00Z,debit,card,services,USD,173.75,posted,2026-01-01T05:52:00Z
transactions-000034,TX-0000034,AC-00034,2026-01-01T06:03:00Z,debit,card,utilities,USD,267.75,posted,2026-01-01T06:03:00Z
transactions-000035,TX-0000035,AC-00035,2026-01-01T06:14:00Z,debit,mobile,grocery,USD,164.50,posted,2026-01-01T06:14:00Z
transactions-000036,TX-0000036,AC-00036,2026-01-01T06:25:00Z,credit,branch,grocery,USD,174.25,posted,2026-01-01T06:25:00Z
transactions-000037,TX-0000037,AC-00037,2026-01-01T06:36:00Z,refund,branch,utilities,USD,230.75,posted,2026-01-01T06:36:00Z
transactions-000038,TX-0000038,AC-00038,2026-01-01T06:47:00Z,credit,card,utilities,USD,20.50,posted,2026-01-01T06:47:00Z
transactions-000039,TX-0000039,AC-00039,2026-01-01T06:58:00Z,refund,mobile,utilities,USD,278.00,posted,2026-01-01T06:58:00Z
transactions-000040,TX-0000040,AC-00040,2026-01-01T07:09:00Z,credit,mobile,travel,USD,291.75,posted,2026-01-01T07:09:00Z
transactions-000041,TX-0000041,AC-00041,2026-01-01T07:20:00Z,debit,branch,travel,USD,254.50,posted,2026-01-01T07:20:00Z
transactions-000042,TX-0000042,AC-00042,2026-01-01T07:31:00Z,credit,branch,utilities,USD,213.50,posted,2026-01-01T07:31:00Z
transactions-000043,TX-0000043,AC-00043,2026-01-01T07:42:00Z,refund,card,grocery,USD,225.50,posted,2026-01-01T07:42:00Z
transactions-000044,TX-0000044,AC-00044,2026-01-01T07:53:00Z,credit,branch,grocery,USD,286.25,posted,2026-01-01T07:53:00Z
transactions-000045,TX-0000045,AC-00045,2026-01-01T08:04:00Z,debit,branch,services,USD,27.25,posted,2026-01-01T08:04:00Z
transactions-000046,TX-0000046,AC-00046,2026-01-01T08:15:00Z,credit,mobile,utilities,USD,253.75,posted,2026-01-01T08:15:00Z
transactions-000047,TX-0000047,AC-00047,2026-01-01T08:26:00Z,debit,mobile,utilities,USD,207.00,posted,2026-01-01T08:26:00Z
transactions-000048,TX-0000048,AC-00048,2026-01-01T08:37:00Z,credit,card,services,USD,291.25,posted,2026-01-01T08:37:00Z
transactions-000049,TX-0000049,AC-00049,2026-01-01T08:48:00Z,refund,mobile,grocery,USD,221.75,posted,2026-01-01T08:48:00Z
transactions-000050,TX-0000050,AC-00050,2026-01-01T08:59:00Z,debit,branch,services,USD,115.50,posted,2026-01-01T08:59:00Z
transactions-000051,TX-0000051,AC-00051,2026-01-01T09:10:00Z,refund,atm,services,USD,173.75,posted,2026-01-01T09:10:00Z
transactions-000052,TX-0000052,AC-00052,2026-01-01T09:21:00Z,credit,mobile,utilities,USD,23.00,posted,2026-01-01T09:21:00Z
transactions-000053,TX-0000053,AC-00053,2026-01-01T09:32:00Z,debit,atm,services,USD,182.25,posted,2026-01-01T09:32:00Z
transactions-000054,TX-0000054,AC-00054,2026-01-01T09:43:00Z,debit,card,services,USD,27.75,posted,2026-01-01T09:43:00Z
transactions-000055,TX-0000055,AC-00055,2026-01-01T09:54:00Z,debit,card,travel,USD,104.75,posted,2026-01-01T09:54:00Z
transactions-000056,TX-0000056,AC-00056,2026-01-01T10:05:00Z,debit,atm,utilities,USD,213.75,posted,2026-01-01T10:05:00Z
transactions-000057,TX-0000057,AC-00057,2026-01-01T10:16:00Z,credit,card,services,USD,74.00,posted,2026-01-01T10:16:00Z
transactions-000058,TX-0000058,AC-00058,2026-01-01T10:27:00Z,credit,card,utilities,USD,51.25,posted,2026-01-01T10:27:00Z
transactions-000059,TX-0000059,AC-00059,2026-01-01T10:38:00Z,credit,mobile,services,USD,103.75,posted,2026-01-01T10:38:00Z
transactions-000060,TX-0000060,AC-00060,2026-01-01T10:49:00Z,refund,atm,utilities,USD,241.75,posted,2026-01-01T10:49:00Z
transactions-000061,TX-0000061,AC-00061,2026-01-01T11:00:00Z,refund,branch,utilities,USD,133.25,posted,2026-01-01T11:00:00Z
transactions-000062,TX-0000062,AC-00062,2026-01-01T11:11:00Z,credit,atm,grocery,USD,28.00,posted,2026-01-01T11:11:00Z
transactions-000063,TX-0000063,AC-00063,2026-01-01T11:22:00Z,debit,mobile,grocery,USD,135.00,posted,2026-01-01T11:22:00Z
transactions-000064,TX-0000064,AC-00064,2026-01-01T11:33:00Z,credit,mobile,travel,USD,232.00,posted,2026-01-01T11:33:00Z
transactions-000065,TX-0000065,AC-00065,2026-01-01T11:44:00Z,refund,atm,travel,USD,38.75,posted,2026-01-01T11:44:00Z
transactions-000066,TX-0000066,AC-00066,2026-01-01T11:55:00Z,debit,branch,services,USD,240.75,posted,2026-01-01T11:55:00Z
transactions-000067,TX-0000067,AC-00067,2026-01-01T12:06:00Z,refund,mobile,grocery,USD,215.75,posted,2026-01-01T12:06:00Z
transactions-000068,TX-0000068,AC-00068,2026-01-01T12:17:00Z,refund,atm,travel,USD,207.25,posted,2026-01-01T12:17:00Z
transactions-000069,TX-0000069,AC-00069,2026-01-01T12:28:00Z,credit,mobile,utilities,USD,56.50,posted,2026-01-01T12:28:00Z
transactions-000070,TX-0000070,AC-00070,2026-01-01T12:39:00Z,refund,branch,utilities,USD,212.25,posted,2026-01-01T12:39:00Z
transactions-000071,TX-0000071,AC-00071,2026-01-01T12:50:00Z,debit,mobile,utilities,USD,151.25,posted,2026-01-01T12:50:00Z
transactions-000072,TX-0000072,AC-00072,2026-01-01T13:01:00Z,debit,atm,travel,USD,253.50,posted,2026-01-01T13:01:00Z
transactions-000073,TX-0000073,AC-00073,2026-01-01T13:12:00Z,debit,atm,travel,USD,158.50,posted,2026-01-01T13:12:00Z
transactions-000074,TX-0000074,AC-00074,2026-01-01T13:23:00Z,credit,card,travel,USD,273.50,posted,2026-01-01T13:23:00Z
transactions-000075,TX-0000075,AC-00075,2026-01-01T13:34:00Z,refund,atm,utilities,USD,108.50,posted,2026-01-01T13:34:00Z
transactions-000076,TX-0000076,AC-00076,2026-01-01T13:45:00Z,debit,branch,grocery,USD,8.00,posted,2026-01-01T13:45:00Z
transactions-000077,TX-0000077,AC-00077,2026-01-01T13:56:00Z,credit,branch,utilities,USD,124.25,posted,2026-01-01T13:56:00Z
transactions-000078,TX-0000078,AC-00078,2026-01-01T14:07:00Z,credit,card,utilities,USD,91.50,posted,2026-01-01T14:07:00Z
transactions-000079,TX-0000079,AC-00079,2026-01-01T14:18:00Z,refund,card,utilities,USD,155.25,posted,2026-01-01T14:18:00Z
transactions-000080,TX-0000080,AC-00080,2026-01-01T14:29:00Z,credit,branch,travel,USD,183.25,posted,2026-01-01T14:29:00Z
transactions-000081,TX-0000081,AC-00081,2026-01-01T14:40:00Z,debit,mobile,travel,USD,221.50,posted,2026-01-01T14:40:00Z
transactions-000082,TX-0000082,AC-00082,2026-01-01T14:51:00Z,credit,atm,utilities,USD,74.00,posted,2026-01-01T14:51:00Z
transactions-000083,TX-0000083,AC-00083,2026-01-01T15:02:00Z,credit,mobile,travel,USD,55.25,posted,2026-01-01T15:02:00Z
transactions-000084,TX-0000084,AC-00084,2026-01-01T15:13:00Z,refund,card,grocery,USD,137.50,posted,2026-01-01T15:13:00Z
transactions-000085,TX-0000085,AC-00085,2026-01-01T15:24:00Z,debit,mobile,services,USD,248.25,posted,2026-01-01T15:24:00Z
transactions-000086,TX-0000086,AC-00086,2026-01-01T15:35:00Z,refund,card,grocery,USD,299.00,posted,2026-01-01T15:35:00Z
transactions-000087,TX-0000087,AC-00087,2026-01-01T15:46:00Z,debit,branch,utilities,USD,77.00,posted,2026-01-01T15:46:00Z
transactions-000088,TX-0000088,AC-00088,2026-01-01T15:57:00Z,refund,card,travel,USD,238.00,posted,2026-01-01T15:57:00Z
transactions-000089,TX-0000089,AC-00089,2026-01-01T16:08:00Z,debit,mobile,grocery,USD,24.00,posted,2026-01-01T16:08:00Z
transactions-000090,TX-0000090,AC-00090,2026-01-01T16:19:00Z,refund,card,travel,USD,101.50,posted,2026-01-01T16:19:00Z
transactions-000091,TX-0000091,AC-00091,2026-01-01T16:30:00Z,debit,branch,grocery,USD,39.25,posted,2026-01-01T16:30:00Z
transactions-000092,TX-0000092,AC-00092,2026-01-01T16:41:00Z,credit,mobile,travel,USD,30.50,posted,2026-01-01T16:41:00Z
transactions-000093,TX-0000093,AC-00093,2026-01-01T16:52:00Z,debit,mobile,travel,USD,126.50,posted,2026-01-01T16:52:00Z
transactions-000094,TX-0000094,AC-00094,2026-01-01T17:03:00Z,credit,atm,utilities,USD,162.50,posted,2026-01-01T17:03:00Z
transactions-000095,TX-0000095,AC-00095,2026-01-01T17:14:00Z,credit,atm,utilities,USD,237.75,posted,2026-01-01T17:14:00Z
transactions-000096,TX-0000096,AC-00096,2026-01-01T17:25:00Z,refund,card,utilities,USD,258.00,posted,2026-01-01T17:25:00Z
transactions-000097,TX-0000097,AC-00097,2026-01-01T17:36:00Z,credit,card,grocery,USD,290.50,posted,2026-01-01T17:36:00Z
transactions-000098,TX-0000098,AC-00098,2026-01-01T17:47:00Z,debit,card,services,USD,189.00,posted,2026-01-01T17:47:00Z
transactions-000099,TX-0000099,AC-00099,2026-01-01T17:58:00Z,refund,card,utilities,USD,122.00,posted,2026-01-01T17:58:00Z
transactions-000100,TX-0000100,AC-00100,2026-01-01T18:09:00Z,debit,atm,utilities,USD,128.50,posted,2026-01-01T18:09:00Z
transactions-000101,TX-0000101,AC-00101,2026-01-01T18:20:00Z,credit,atm,travel,USD,27.25,posted,2026-01-01T18:20:00Z
transactions-000102,TX-0000102,AC-00102,2026-01-01T18:31:00Z,credit,card,utilities,USD,96.25,posted,2026-01-01T18:31:00Z
transactions-000103,TX-0000103,AC-00103,2026-01-01T18:42:00Z,credit,mobile,utilities,USD,233.50,posted,2026-01-01T18:42:00Z
transactions-000104,TX-0000104,AC-00104,2026-01-01T18:53:00Z,refund,card,travel,USD,153.75,posted,2026-01-01T18:53:00Z
transactions-000105,TX-0000105,AC-00105,2026-01-01T19:04:00Z,refund,atm,travel,USD,249.00,posted,2026-01-01T19:04:00Z
transactions-000106,TX-0000106,AC-00106,2026-01-01T19:15:00Z,debit,branch,travel,USD,81.50,posted,2026-01-01T19:15:00Z
transactions-000107,TX-0000107,AC-00107,2026-01-01T19:26:00Z,debit,branch,grocery,USD,102.75,posted,2026-01-01T19:26:00Z
transactions-000108,TX-0000108,AC-00108,2026-01-01T19:37:00Z,credit,branch,utilities,USD,269.50,posted,2026-01-01T19:37:00Z
transactions-000109,TX-0000109,AC-00109,2026-01-01T19:48:00Z,debit,branch,grocery,USD,214.25,posted,2026-01-01T19:48:00Z
transactions-000110,TX-0000110,AC-00110,2026-01-01T19:59:00Z,refund,mobile,travel,USD,89.50,posted,2026-01-01T19:59:00Z
transactions-000111,TX-0000111,AC-00111,2026-01-01T20:10:00Z,debit,branch,utilities,USD,65.50,posted,2026-01-01T20:10:00Z
transactions-000112,TX-0000112,AC-00112,2026-01-01T20:21:00Z,credit,mobile,services,USD,76.25,posted,2026-01-01T20:21:00Z
transactions-000113,TX-0000113,AC-00113,2026-01-01T20:32:00Z,refund,mobile,utilities,USD,108.25,posted,2026-01-01T20:32:00Z
transactions-000114,TX-0000114,AC-00114,2026-01-01T20:43:00Z,credit,card,grocery,USD,261.75,posted,2026-01-01T20:43:00Z
transactions-000115,TX-0000115,AC-00115,2026-01-01T20:54:00Z,credit,atm,grocery,USD,213.25,posted,2026-01-01T20:54:00Z
transactions-000116,TX-0000116,AC-00116,2026-01-01T21:05:00Z,credit,card,grocery,USD,154.75,posted,2026-01-01T21:05:00Z
transactions-000117,TX-0000117,AC-00117,2026-01-01T21:16:00Z,refund,branch,utilities,USD,0.25,posted,2026-01-01T21:16:00Z
transactions-000118,TX-0000118,AC-00118,2026-01-01T21:27:00Z,credit,card,services,USD,18.50,posted,2026-01-01T21:27:00Z
transactions-000119,TX-0000119,AC-00119,2026-01-01T21:38:00Z,credit,mobile,utilities,USD,122.00,posted,2026-01-01T21:38:00Z
transactions-000120,TX-0000120,AC-00120,2026-01-01T21:49:00Z,credit,branch,services,USD,194.75,posted,2026-01-01T21:49:00Z
transactions-000121,TX-0000121,AC-00121,2026-01-01T22:00:00Z,refund,atm,travel,USD,278.50,posted,2026-01-01T22:00:00Z
transactions-000122,TX-0000122,AC-00122,2026-01-01T22:11:00Z,refund,branch,utilities,USD,119.25,posted,2026-01-01T22:11:00Z
transactions-000123,TX-0000123,AC-00123,2026-01-01T22:22:00Z,credit,branch,grocery,USD,232.25,posted,2026-01-01T22:22:00Z
transactions-000124,TX-0000124,AC-00124,2026-01-01T22:33:00Z,refund,branch,grocery,USD,189.00,posted,2026-01-01T22:33:00Z
transactions-000125,TX-0000125,AC-00125,2026-01-01T22:44:00Z,refund,mobile,travel,USD,48.00,posted,2026-01-01T22:44:00Z
transactions-000126,TX-0000126,AC-00126,2026-01-01T22:55:00Z,refund,atm,services,USD,15.00,posted,2026-01-01T22:55:00Z
transactions-000127,TX-0000127,AC-00127,2026-01-01T23:06:00Z,refund,card,travel,USD,234.25,posted,2026-01-01T23:06:00Z
transactions-000128,TX-0000128,AC-00128,2026-01-01T23:17:00Z,debit,branch,utilities,USD,195.00,posted,2026-01-01T23:17:00Z
transactions-000129,TX-0000129,AC-00129,2026-01-01T23:28:00Z,debit,mobile,services,USD,126.75,posted,2026-01-01T23:28:00Z
transactions-000130,TX-0000130,AC-00130,2026-01-01T23:39:00Z,refund,mobile,travel,USD,150.00,posted,2026-01-01T23:39:00Z
transactions-000131,TX-0000131,AC-00131,2026-01-01T23:50:00Z,debit,branch,services,USD,127.00,posted,2026-01-01T23:50:00Z
transactions-000132,TX-0000132,AC-00132,2026-01-02T00:01:00Z,debit,atm,utilities,USD,269.00,posted,2026-01-02T00:01:00Z
transactions-000133,TX-0000133,AC-00133,2026-01-02T00:12:00Z,refund,mobile,utilities,USD,37.25,posted,2026-01-02T00:12:00Z
transactions-000134,TX-0000134,AC-00134,2026-01-02T00:23:00Z,credit,card,travel,USD,108.25,posted,2026-01-02T00:23:00Z
transactions-000135,TX-0000135,AC-00135,2026-01-02T00:34:00Z,debit,mobile,travel,USD,230.25,posted,2026-01-02T00:34:00Z
transactions-000136,TX-0000136,AC-00136,2026-01-02T00:45:00Z,debit,atm,utilities,USD,260.50,posted,2026-01-02T00:45:00Z
transactions-000137,TX-0000137,AC-00137,2026-01-02T00:56:00Z,refund,atm,services,USD,38.25,posted,2026-01-02T00:56:00Z
transactions-000138,TX-0000138,AC-00138,2026-01-02T01:07:00Z,debit,mobile,services,USD,113.00,posted,2026-01-02T01:07:00Z
transactions-000139,TX-0000139,AC-00139,2026-01-02T01:18:00Z,debit,branch,services,USD,208.00,posted,2026-01-02T01:18:00Z
transactions-000140,TX-0000140,AC-00140,2026-01-02T01:29:00Z,debit,card,grocery,USD,35.25,posted,2026-01-02T01:29:00Z
transactions-000141,TX-0000141,AC-00141,2026-01-02T01:40:00Z,debit,atm,travel,USD,68.00,posted,2026-01-02T01:40:00Z
transactions-000142,TX-0000142,AC-00142,2026-01-02T01:51:00Z,refund,card,services,USD,186.75,posted,2026-01-02T01:51:00Z
transactions-000143,TX-0000143,AC-00143,2026-01-02T02:02:00Z,refund,card,utilities,USD,72.50,posted,2026-01-02T02:02:00Z
transactions-000144,TX-0000144,AC-00144,2026-01-02T02:13:00Z,credit,mobile,utilities,USD,208.75,posted,2026-01-02T02:13:00Z
transactions-000145,TX-0000145,AC-00145,2026-01-02T02:24:00Z,debit,branch,services,USD,104.75,posted,2026-01-02T02:24:00Z
transactions-000146,TX-0000146,AC-00146,2026-01-02T02:35:00Z,refund,branch,utilities,USD,107.25,posted,2026-01-02T02:35:00Z
transactions-000147,TX-0000147,AC-00147,2026-01-02T02:46:00Z,credit,mobile,grocery,USD,60.25,posted,2026-01-02T02:46:00Z
transactions-000148,TX-0000148,AC-00148,2026-01-02T02:57:00Z,debit,branch,services,USD,24.50,posted,2026-01-02T02:57:00Z
transactions-000149,TX-0000149,AC-00149,2026-01-02T03:08:00Z,refund,atm,services,USD,108.25,posted,2026-01-02T03:08:00Z
transactions-000150,TX-0000150,AC-00150,2026-01-02T03:19:00Z,debit,card,grocery,USD,274.00,posted,2026-01-02T03:19:00Z
transactions-000151,TX-0000151,AC-00151,2026-01-02T03:30:00Z,debit,atm,utilities,USD,89.50,posted,2026-01-02T03:30:00Z
transactions-000152,TX-0000152,AC-00152,2026-01-02T03:41:00Z,credit,atm,grocery,USD,108.50,posted,2026-01-02T03:41:00Z
transactions-000153,TX-0000153,AC-00153,2026-01-02T03:52:00Z,credit,mobile,utilities,USD,106.25,posted,2026-01-02T03:52:00Z
transactions-000154,TX-0000154,AC-00154,2026-01-02T04:03:00Z,refund,mobile,services,USD,111.25,posted,2026-01-02T04:03:00Z
transactions-000155,TX-0000155,AC-00155,2026-01-02T04:14:00Z,debit,atm,travel,USD,140.25,posted,2026-01-02T04:14:00Z
transactions-000156,TX-0000156,AC-00156,2026-01-02T04:25:00Z,debit,atm,travel,USD,226.50,posted,2026-01-02T04:25:00Z
transactions-000157,TX-0000157,AC-00157,2026-01-02T04:36:00Z,credit,mobile,travel,USD,29.00,posted,2026-01-02T04:36:00Z
transactions-000158,TX-0000158,AC-00158,2026-01-02T04:47:00Z,refund,mobile,services,USD,148.75,posted,2026-01-02T04:47:00Z
transactions-000159,TX-0000159,AC-00159,2026-01-02T04:58:00Z,credit,branch,services,USD,94.00,posted,2026-01-02T04:58:00Z
transactions-000160,TX-0000160,AC-00160,2026-01-02T05:09:00Z,debit,mobile,grocery,USD,86.00,posted,2026-01-02T05:09:00Z
transactions-000161,TX-0000161,AC-00161,2026-01-02T05:20:00Z,debit,atm,utilities,USD,135.25,posted,2026-01-02T05:20:00Z
transactions-000162,TX-0000162,AC-00162,2026-01-02T05:31:00Z,refund,mobile,services,USD,106.50,posted,2026-01-02T05:31:00Z
transactions-000163,TX-0000163,AC-00163,2026-01-02T05:42:00Z,debit,mobile,utilities,USD,71.50,posted,2026-01-02T05:42:00Z
transactions-000164,TX-0000164,AC-00164,2026-01-02T05:53:00Z,credit,mobile,grocery,USD,270.50,posted,2026-01-02T05:53:00Z
transactions-000165,TX-0000165,AC-00165,2026-01-02T06:04:00Z,debit,atm,travel,USD,61.25,posted,2026-01-02T06:04:00Z
transactions-000166,TX-0000166,AC-00166,2026-01-02T06:15:00Z,credit,mobile,travel,USD,193.75,posted,2026-01-02T06:15:00Z
transactions-000167,TX-0000167,AC-00167,2026-01-02T06:26:00Z,refund,branch,utilities,USD,13.00,posted,2026-01-02T06:26:00Z
transactions-000168,TX-0000168,AC-00168,2026-01-02T06:37:00Z,debit,branch,utilities,USD,199.00,posted,2026-01-02T06:37:00Z
transactions-000169,TX-0000169,AC-00169,2026-01-02T06:48:00Z,credit,atm,services,USD,192.50,posted,2026-01-02T06:48:00Z
transactions-000170,TX-0000170,AC-00170,2026-01-02T06:59:00Z,debit,card,travel,USD,258.75,posted,2026-01-02T06:59:00Z
transactions-000171,TX-0000171,AC-00171,2026-01-02T07:10:00Z,credit,card,utilities,USD,187.25,posted,2026-01-02T07:10:00Z
transactions-000172,TX-0000172,AC-00172,2026-01-02T07:21:00Z,credit,atm,services,USD,40.00,posted,2026-01-02T07:21:00Z
transactions-000173,TX-0000173,AC-00173,2026-01-02T07:32:00Z,refund,branch,utilities,USD,261.75,posted,2026-01-02T07:32:00Z
transactions-000174,TX-0000174,AC-00174,2026-01-02T07:43:00Z,credit,branch,utilities,USD,53.25,posted,2026-01-02T07:43:00Z
transactions-000175,TX-0000175,AC-00175,2026-01-02T07:54:00Z,refund,mobile,travel,USD,197.00,posted,2026-01-02T07:54:00Z
transactions-000176,TX-0000176,AC-00176,2026-01-02T08:05:00Z,refund,branch,utilities,USD,103.25,posted,2026-01-02T08:05:00Z
transactions-000177,TX-0000177,AC-00177,2026-01-02T08:16:00Z,refund,atm,grocery,USD,227.50,posted,2026-01-02T08:16:00Z
transactions-000178,TX-0000178,AC-00178,2026-01-02T08:27:00Z,debit,branch,utilities,USD,258.50,posted,2026-01-02T08:27:00Z
transactions-000179,TX-0000179,AC-00179,2026-01-02T08:38:00Z,debit,card,travel,USD,70.25,posted,2026-01-02T08:38:00Z
transactions-000180,TX-0000180,AC-00180,2026-01-02T08:49:00Z,credit,mobile,grocery,USD,93.75,posted,2026-01-02T08:49:00Z
transactions-000181,TX-0000181,AC-00181,2026-01-02T09:00:00Z,refund,branch,utilities,USD,213.50,posted,2026-01-02T09:00:00Z
transactions-000182,TX-0000182,AC-00182,2026-01-02T09:11:00Z,debit,card,grocery,USD,122.75,posted,2026-01-02T09:11:00Z
transactions-000183,TX-0000183,AC-00183,2026-01-02T09:22:00Z,debit,card,grocery,USD,230.75,posted,2026-01-02T09:22:00Z
transactions-000184,TX-0000184,AC-00184,2026-01-02T09:33:00Z,credit,branch,utilities,USD,257.50,posted,2026-01-02T09:33:00Z
transactions-000185,TX-0000185,AC-00185,2026-01-02T09:44:00Z,debit,card,utilities,USD,201.25,posted,2026-01-02T09:44:00Z
transactions-000186,TX-0000186,AC-00186,2026-01-02T09:55:00Z,debit,atm,services,USD,23.00,posted,2026-01-02T09:55:00Z
transactions-000187,TX-0000187,AC-00187,2026-01-02T10:06:00Z,credit,card,utilities,USD,124.00,posted,2026-01-02T10:06:00Z
transactions-000188,TX-0000188,AC-00188,2026-01-02T10:17:00Z,refund,card,services,USD,125.00,posted,2026-01-02T10:17:00Z
transactions-000189,TX-0000189,AC-00189,2026-01-02T10:28:00Z,credit,branch,travel,USD,176.75,posted,2026-01-02T10:28:00Z
transactions-000190,TX-0000190,AC-00190,2026-01-02T10:39:00Z,debit,atm,utilities,USD,265.00,posted,2026-01-02T10:39:00Z
transactions-000191,TX-0000191,AC-00191,2026-01-02T10:50:00Z,debit,mobile,grocery,USD,226.75,posted,2026-01-02T10:50:00Z
transactions-000192,TX-0000192,AC-00192,2026-01-02T11:01:00Z,debit,card,travel,USD,83.50,posted,2026-01-02T11:01:00Z
transactions-000193,TX-0000193,AC-00193,2026-01-02T11:12:00Z,debit,branch,services,USD,19.00,posted,2026-01-02T11:12:00Z
transactions-000194,TX-0000194,AC-00194,2026-01-02T11:23:00Z,refund,atm,services,USD,274.00,posted,2026-01-02T11:23:00Z
transactions-000195,TX-0000195,AC-00195,2026-01-02T11:34:00Z,credit,mobile,grocery,USD,155.25,posted,2026-01-02T11:34:00Z
transactions-000196,TX-0000196,AC-00196,2026-01-02T11:45:00Z,credit,card,services,USD,198.25,posted,2026-01-02T11:45:00Z
transactions-000197,TX-0000197,AC-00197,2026-01-02T11:56:00Z,refund,atm,travel,USD,165.00,posted,2026-01-02T11:56:00Z
transactions-000198,TX-0000198,AC-00198,2026-01-02T12:07:00Z,credit,branch,utilities,USD,292.50,posted,2026-01-02T12:07:00Z
transactions-000199,TX-0000199,AC-00199,2026-01-02T12:18:00Z,credit,atm,grocery,USD,231.25,posted,2026-01-02T12:18:00Z
transactions-000200,TX-0000200,AC-00200,2026-01-02T12:29:00Z,refund,atm,grocery,USD,88.75,posted,2026-01-02T12:29:00Z
transactions-000201,TX-0000201,AC-00201,2026-01-02T12:40:00Z,credit,card,grocery,USD,60.50,posted,2026-01-02T12:40:00Z
transactions-000202,TX-0000202,AC-00202,2026-01-02T12:51:00Z,credit,branch,utilities,USD,209.75,posted,2026-01-02T12:51:00Z
transactions-000203,TX-0000203,AC-00203,2026-01-02T13:02:00Z,refund,mobile,utilities,USD,172.25,posted,2026-01-02T13:02:00Z
transactions-000204,TX-0000204,AC-00204,2026-01-02T13:13:00Z,credit,branch,utilities,USD,153.00,posted,2026-01-02T13:13:00Z
transactions-000205,TX-0000205,AC-00205,2026-01-02T13:24:00Z,debit,card,services,USD,236.75,posted,2026-01-02T13:24:00Z
transactions-000206,TX-0000206,AC-00206,2026-01-02T13:35:00Z,credit,mobile,grocery,USD,277.25,posted,2026-01-02T13:35:00Z
transactions-000207,TX-0000207,AC-00207,2026-01-02T13:46:00Z,debit,atm,utilities,USD,144.00,posted,2026-01-02T13:46:00Z
transactions-000208,TX-0000208,AC-00208,2026-01-02T13:57:00Z,credit,card,travel,USD,118.75,posted,2026-01-02T13:57:00Z
transactions-000209,TX-0000209,AC-00209,2026-01-02T14:08:00Z,debit,atm,travel,USD,290.50,posted,2026-01-02T14:08:00Z
transactions-000210,TX-0000210,AC-00210,2026-01-02T14:19:00Z,refund,card,travel,USD,36.00,posted,2026-01-02T14:19:00Z
transactions-000211,TX-0000211,AC-00211,2026-01-02T14:30:00Z,debit,card,utilities,USD,255.75,posted,2026-01-02T14:30:00Z
transactions-000212,TX-0000212,AC-00212,2026-01-02T14:41:00Z,refund,card,utilities,USD,141.50,posted,2026-01-02T14:41:00Z
transactions-000213,TX-0000213,AC-00213,2026-01-02T14:52:00Z,credit,mobile,grocery,USD,281.75,posted,2026-01-02T14:52:00Z
transactions-000214,TX-0000214,AC-00214,2026-01-02T15:03:00Z,debit,mobile,grocery,USD,241.50,posted,2026-01-02T15:03:00Z
transactions-000215,TX-0000215,AC-00215,2026-01-02T15:14:00Z,credit,branch,services,USD,279.50,posted,2026-01-02T15:14:00Z
transactions-000216,TX-0000216,AC-00216,2026-01-02T15:25:00Z,refund,atm,services,USD,269.50,posted,2026-01-02T15:25:00Z
transactions-000217,TX-0000217,AC-00217,2026-01-02T15:36:00Z,refund,branch,utilities,USD,278.50,posted,2026-01-02T15:36:00Z
transactions-000218,TX-0000218,AC-00218,2026-01-02T15:47:00Z,debit,branch,travel,USD,204.75,posted,2026-01-02T15:47:00Z
transactions-000219,TX-0000219,AC-00219,2026-01-02T15:58:00Z,debit,mobile,grocery,USD,204.00,posted,2026-01-02T15:58:00Z
transactions-000220,TX-0000220,AC-00220,2026-01-02T16:09:00Z,refund,mobile,travel,USD,118.25,posted,2026-01-02T16:09:00Z
transactions-000221,TX-0000221,AC-00221,2026-01-02T16:20:00Z,debit,atm,grocery,USD,257.25,posted,2026-01-02T16:20:00Z
transactions-000222,TX-0000222,AC-00222,2026-01-02T16:31:00Z,debit,mobile,travel,USD,49.00,posted,2026-01-02T16:31:00Z
transactions-000223,TX-0000223,AC-00223,2026-01-02T16:42:00Z,refund,atm,grocery,USD,11.50,posted,2026-01-02T16:42:00Z
transactions-000224,TX-0000224,AC-00224,2026-01-02T16:53:00Z,debit,mobile,grocery,USD,61.75,posted,2026-01-02T16:53:00Z
transactions-000225,TX-0000225,AC-00225,2026-01-02T17:04:00Z,debit,mobile,services,USD,141.25,posted,2026-01-02T17:04:00Z
transactions-000226,TX-0000226,AC-00226,2026-01-02T17:15:00Z,credit,branch,travel,USD,57.00,posted,2026-01-02T17:15:00Z
transactions-000227,TX-0000227,AC-00227,2026-01-02T17:26:00Z,debit,mobile,travel,USD,52.50,posted,2026-01-02T17:26:00Z
transactions-000228,TX-0000228,AC-00228,2026-01-02T17:37:00Z,credit,branch,services,USD,156.50,posted,2026-01-02T17:37:00Z
transactions-000229,TX-0000229,AC-00229,2026-01-02T17:48:00Z,debit,card,services,USD,222.00,posted,2026-01-02T17:48:00Z
transactions-000230,TX-0000230,AC-00230,2026-01-02T17:59:00Z,refund,card,services,USD,216.75,posted,2026-01-02T17:59:00Z
transactions-000231,TX-0000231,AC-00231,2026-01-02T18:10:00Z,credit,mobile,services,USD,105.00,posted,2026-01-02T18:10:00Z
transactions-000232,TX-0000232,AC-00232,2026-01-02T18:21:00Z,debit,card,utilities,USD,184.25,posted,2026-01-02T18:21:00Z
transactions-000233,TX-0000233,AC-00233,2026-01-02T18:32:00Z,refund,branch,grocery,USD,24.00,posted,2026-01-02T18:32:00Z
transactions-000234,TX-0000234,AC-00234,2026-01-02T18:43:00Z,debit,card,travel,USD,254.75,posted,2026-01-02T18:43:00Z
transactions-000235,TX-0000235,AC-00235,2026-01-02T18:54:00Z,refund,atm,services,USD,165.75,posted,2026-01-02T18:54:00Z
transactions-000236,TX-0000236,AC-00236,2026-01-02T19:05:00Z,debit,branch,utilities,USD,27.75,posted,2026-01-02T19:05:00Z
transactions-000237,TX-0000237,AC-00237,2026-01-02T19:16:00Z,refund,card,services,USD,47.50,posted,2026-01-02T19:16:00Z
transactions-000238,TX-0000238,AC-00238,2026-01-02T19:27:00Z,debit,atm,services,USD,196.25,posted,2026-01-02T19:27:00Z
transactions-000239,TX-0000239,AC-00239,2026-01-02T19:38:00Z,debit,card,services,USD,228.00,posted,2026-01-02T19:38:00Z
transactions-000240,TX-0000240,AC-00240,2026-01-02T19:49:00Z,credit,branch,utilities,USD,2.25,posted,2026-01-02T19:49:00Z
transactions-000241,TX-0000241,AC-00241,2026-01-02T20:00:00Z,debit,atm,services,USD,96.00,posted,2026-01-02T20:00:00Z
transactions-000242,TX-0000242,AC-00242,2026-01-02T20:11:00Z,debit,atm,utilities,USD,225.25,posted,2026-01-02T20:11:00Z
transactions-000243,TX-0000243,AC-00243,2026-01-02T20:22:00Z,debit,mobile,grocery,USD,134.50,posted,2026-01-02T20:22:00Z
transactions-000244,TX-0000244,AC-00244,2026-01-02T20:33:00Z,debit,card,travel,USD,284.25,posted,2026-01-02T20:33:00Z
transactions-000245,TX-0000245,AC-00245,2026-01-02T20:44:00Z,debit,mobile,travel,USD,277.00,posted,2026-01-02T20:44:00Z
transactions-000246,TX-0000246,AC-00246,2026-01-02T20:55:00Z,refund,branch,grocery,USD,2.25,posted,2026-01-02T20:55:00Z
transactions-000247,TX-0000247,AC-00247,2026-01-02T21:06:00Z,debit,card,travel,USD,125.00,posted,2026-01-02T21:06:00Z
transactions-000248,TX-0000248,AC-00248,2026-01-02T21:17:00Z,refund,card,services,USD,188.00,posted,2026-01-02T21:17:00Z
transactions-000249,TX-0000249,AC-00249,2026-01-02T21:28:00Z,refund,mobile,travel,USD,229.00,posted,2026-01-02T21:28:00Z
transactions-000250,TX-0000250,AC-00250,2026-01-02T21:39:00Z,refund,branch,travel,USD,18.50,posted,2026-01-02T21:39:00Z
transactions-000251,TX-0000251,AC-00251,2026-01-02T21:50:00Z,debit,atm,grocery,USD,15.50,posted,2026-01-02T21:50:00Z
transactions-000252,TX-0000252,AC-00252,2026-01-02T22:01:00Z,credit,mobile,utilities,USD,211.75,posted,2026-01-02T22:01:00Z
transactions-000253,TX-0000253,AC-00253,2026-01-02T22:12:00Z,debit,atm,travel,USD,87.25,posted,2026-01-02T22:12:00Z
transactions-000254,TX-0000254,AC-00254,2026-01-02T22:23:00Z,debit,mobile,services,USD,189.75,posted,2026-01-02T22:23:00Z
transactions-000255,TX-0000255,AC-00255,2026-01-02T22:34:00Z,debit,mobile,services,USD,98.75,posted,2026-01-02T22:34:00Z
transactions-000256,TX-0000256,AC-00256,2026-01-02T22:45:00Z,credit,branch,utilities,USD,188.50,posted,2026-01-02T22:45:00Z
transactions-000257,TX-0000257,AC-00257,2026-01-02T22:56:00Z,debit,atm,grocery,USD,139.75,posted,2026-01-02T22:56:00Z
transactions-000258,TX-0000258,AC-00258,2026-01-02T23:07:00Z,credit,branch,services,USD,44.25,posted,2026-01-02T23:07:00Z
transactions-000259,TX-0000259,AC-00259,2026-01-02T23:18:00Z,credit,branch,utilities,USD,35.75,posted,2026-01-02T23:18:00Z
transactions-000260,TX-0000260,AC-00260,2026-01-02T23:29:00Z,debit,card,utilities,USD,43.75,posted,2026-01-02T23:29:00Z
transactions-000261,TX-0000261,AC-00261,2026-01-02T23:40:00Z,refund,atm,utilities,USD,227.50,posted,2026-01-02T23:40:00Z
transactions-000262,TX-0000262,AC-00262,2026-01-02T23:51:00Z,debit,mobile,grocery,USD,212.50,posted,2026-01-02T23:51:00Z
transactions-000263,TX-0000263,AC-00263,2026-01-03T00:02:00Z,debit,card,utilities,USD,159.00,posted,2026-01-03T00:02:00Z
transactions-000264,TX-0000264,AC-00264,2026-01-03T00:13:00Z,debit,branch,utilities,USD,243.00,posted,2026-01-03T00:13:00Z
transactions-000265,TX-0000265,AC-00265,2026-01-03T00:24:00Z,credit,card,utilities,USD,239.50,posted,2026-01-03T00:24:00Z
transactions-000266,TX-0000266,AC-00266,2026-01-03T00:35:00Z,refund,atm,grocery,USD,181.25,posted,2026-01-03T00:35:00Z
transactions-000267,TX-0000267,AC-00267,2026-01-03T00:46:00Z,refund,card,grocery,USD,62.75,posted,2026-01-03T00:46:00Z
transactions-000268,TX-0000268,AC-00268,2026-01-03T00:57:00Z,refund,card,travel,USD,216.75,posted,2026-01-03T00:57:00Z
transactions-000269,TX-0000269,AC-00269,2026-01-03T01:08:00Z,credit,mobile,travel,USD,75.00,posted,2026-01-03T01:08:00Z
transactions-000270,TX-0000270,AC-00270,2026-01-03T01:19:00Z,credit,atm,travel,USD,96.50,posted,2026-01-03T01:19:00Z
transactions-000271,TX-0000271,AC-00271,2026-01-03T01:30:00Z,refund,branch,travel,USD,278.25,posted,2026-01-03T01:30:00Z
transactions-000272,TX-0000272,AC-00272,2026-01-03T01:41:00Z,debit,atm,services,USD,107.25,posted,2026-01-03T01:41:00Z
transactions-000273,TX-0000273,AC-00273,2026-01-03T01:52:00Z,refund,mobile,services,USD,109.50,posted,2026-01-03T01:52:00Z
transactions-000274,TX-0000274,AC-00274,2026-01-03T02:03:00Z,debit,branch,utilities,USD,202.75,posted,2026-01-03T02:03:00Z
transactions-000275,TX-0000275,AC-00275,2026-01-03T02:14:00Z,credit,card,grocery,USD,33.00,posted,2026-01-03T02:14:00Z
transactions-000276,TX-0000276,AC-00276,2026-01-03T02:25:00Z,refund,atm,grocery,USD,164.00,posted,2026-01-03T02:25:00Z
transactions-000277,TX-0000277,AC-00277,2026-01-03T02:36:00Z,refund,atm,grocery,USD,78.50,posted,2026-01-03T02:36:00Z
transactions-000278,TX-0000278,AC-00278,2026-01-03T02:47:00Z,credit,card,travel,USD,16.50,posted,2026-01-03T02:47:00Z
transactions-000279,TX-0000279,AC-00279,2026-01-03T02:58:00Z,credit,branch,travel,USD,138.00,posted,2026-01-03T02:58:00Z
transactions-000280,TX-0000280,AC-00280,2026-01-03T03:09:00Z,refund,card,grocery,USD,117.50,posted,2026-01-03T03:09:00Z
transactions-000281,TX-0000281,AC-00281,2026-01-03T03:20:00Z,credit,atm,grocery,USD,223.25,posted,2026-01-03T03:20:00Z
transactions-000282,TX-0000282,AC-00282,2026-01-03T03:31:00Z,debit,card,travel,USD,23.75,posted,2026-01-03T03:31:00Z
transactions-000283,TX-0000283,AC-00283,2026-01-03T03:42:00Z,debit,mobile,travel,USD,259.50,posted,2026-01-03T03:42:00Z
transactions-000284,TX-0000284,AC-00284,2026-01-03T03:53:00Z,debit,branch,utilities,USD,17.50,posted,2026-01-03T03:53:00Z
transactions-000285,TX-0000285,AC-00285,2026-01-03T04:04:00Z,debit,card,services,USD,43.50,posted,2026-01-03T04:04:00Z
transactions-000286,TX-0000286,AC-00286,2026-01-03T04:15:00Z,debit,card,services,USD,216.75,posted,2026-01-03T04:15:00Z
transactions-000287,TX-0000287,AC-00287,2026-01-03T04:26:00Z,refund,atm,utilities,USD,181.50,posted,2026-01-03T04:26:00Z
transactions-000288,TX-0000288,AC-00288,2026-01-03T04:37:00Z,refund,branch,travel,USD,244.75,posted,2026-01-03T04:37:00Z
transactions-000289,TX-0000289,AC-00289,2026-01-03T04:48:00Z,refund,atm,utilities,USD,214.75,posted,2026-01-03T04:48:00Z
transactions-000290,TX-0000290,AC-00290,2026-01-03T04:59:00Z,credit,mobile,grocery,USD,194.75,posted,2026-01-03T04:59:00Z
transactions-000291,TX-0000291,AC-00291,2026-01-03T05:10:00Z,refund,atm,travel,USD,74.75,posted,2026-01-03T05:10:00Z
transactions-000292,TX-0000292,AC-00292,2026-01-03T05:21:00Z,debit,atm,grocery,USD,58.75,posted,2026-01-03T05:21:00Z
transactions-000293,TX-0000293,AC-00293,2026-01-03T05:32:00Z,credit,card,utilities,USD,29.00,posted,2026-01-03T05:32:00Z
transactions-000294,TX-0000294,AC-00294,2026-01-03T05:43:00Z,debit,atm,travel,USD,67.25,posted,2026-01-03T05:43:00Z
transactions-000295,TX-0000295,AC-00295,2026-01-03T05:54:00Z,debit,card,travel,USD,49.50,posted,2026-01-03T05:54:00Z
transactions-000296,TX-0000296,AC-00296,2026-01-03T06:05:00Z,refund,mobile,grocery,USD,181.00,posted,2026-01-03T06:05:00Z
transactions-000297,TX-0000297,AC-00297,2026-01-03T06:16:00Z,debit,mobile,services,USD,215.25,posted,2026-01-03T06:16:00Z
transactions-000298,TX-0000298,AC-00298,2026-01-03T06:27:00Z,refund,atm,services,USD,292.00,posted,2026-01-03T06:27:00Z
transactions-000299,TX-0000299,AC-00299,2026-01-03T06:38:00Z,debit,card,utilities,USD,66.75,posted,2026-01-03T06:38:00Z
transactions-000300,TX-0000300,AC-00300,2026-01-03T06:49:00Z,refund,mobile,utilities,USD,97.25,posted,2026-01-03T06:49:00Z
transactions-000301,TX-0000301,AC-00301,2026-01-03T07:00:00Z,debit,atm,utilities,USD,235.75,posted,2026-01-03T07:00:00Z
transactions-000302,TX-0000302,AC-00302,2026-01-03T07:11:00Z,credit,atm,utilities,USD,125.75,posted,2026-01-03T07:11:00Z
transactions-000303,TX-0000303,AC-00303,2026-01-03T07:22:00Z,credit,card,travel,USD,111.00,posted,2026-01-03T07:22:00Z
transactions-000304,TX-0000304,AC-00304,2026-01-03T07:33:00Z,refund,card,utilities,USD,52.50,posted,2026-01-03T07:33:00Z
transactions-000305,TX-0000305,AC-00305,2026-01-03T07:44:00Z,debit,card,grocery,USD,63.00,posted,2026-01-03T07:44:00Z
transactions-000306,TX-0000306,AC-00306,2026-01-03T07:55:00Z,refund,branch,travel,USD,62.75,posted,2026-01-03T07:55:00Z
transactions-000307,TX-0000307,AC-00307,2026-01-03T08:06:00Z,debit,branch,utilities,USD,27.00,posted,2026-01-03T08:06:00Z
transactions-000308,TX-0000308,AC-00308,2026-01-03T08:17:00Z,credit,branch,travel,USD,201.75,posted,2026-01-03T08:17:00Z
transactions-000309,TX-0000309,AC-00309,2026-01-03T08:28:00Z,refund,mobile,grocery,USD,68.75,posted,2026-01-03T08:28:00Z
transactions-000310,TX-0000310,AC-00310,2026-01-03T08:39:00Z,refund,branch,utilities,USD,140.25,posted,2026-01-03T08:39:00Z
transactions-000311,TX-0000311,AC-00311,2026-01-03T08:50:00Z,refund,card,utilities,USD,205.25,posted,2026-01-03T08:50:00Z
transactions-000312,TX-0000312,AC-00312,2026-01-03T09:01:00Z,credit,branch,utilities,USD,93.00,posted,2026-01-03T09:01:00Z
transactions-000313,TX-0000313,AC-00313,2026-01-03T09:12:00Z,credit,branch,utilities,USD,171.75,posted,2026-01-03T09:12:00Z
transactions-000314,TX-0000314,AC-00314,2026-01-03T09:23:00Z,refund,mobile,utilities,USD,109.75,posted,2026-01-03T09:23:00Z
transactions-000315,TX-0000315,AC-00315,2026-01-03T09:34:00Z,debit,mobile,grocery,USD,29.50,posted,2026-01-03T09:34:00Z
transactions-000316,TX-0000316,AC-00316,2026-01-03T09:45:00Z,debit,branch,travel,USD,107.50,posted,2026-01-03T09:45:00Z
transactions-000317,TX-0000317,AC-00317,2026-01-03T09:56:00Z,debit,atm,utilities,USD,85.25,posted,2026-01-03T09:56:00Z
transactions-000318,TX-0000318,AC-00318,2026-01-03T10:07:00Z,refund,branch,grocery,USD,296.25,posted,2026-01-03T10:07:00Z
transactions-000319,TX-0000319,AC-00319,2026-01-03T10:18:00Z,credit,atm,travel,USD,162.25,posted,2026-01-03T10:18:00Z
transactions-000320,TX-0000320,AC-00320,2026-01-03T10:29:00Z,refund,card,grocery,USD,182.50,posted,2026-01-03T10:29:00Z
transactions-000321,TX-0000321,AC-00001,2026-01-03T10:40:00Z,debit,atm,travel,USD,275.25,posted,2026-01-03T10:40:00Z
transactions-000322,TX-0000322,AC-00002,2026-01-03T10:51:00Z,debit,branch,travel,USD,227.25,posted,2026-01-03T10:51:00Z
transactions-000323,TX-0000323,AC-00003,2026-01-03T11:02:00Z,refund,atm,services,USD,273.25,posted,2026-01-03T11:02:00Z
transactions-000324,TX-0000324,AC-00004,2026-01-03T11:13:00Z,debit,card,utilities,USD,69.75,posted,2026-01-03T11:13:00Z
transactions-000325,TX-0000325,AC-00005,2026-01-03T11:24:00Z,debit,branch,utilities,USD,277.25,posted,2026-01-03T11:24:00Z
transactions-000326,TX-0000326,AC-00006,2026-01-03T11:35:00Z,debit,mobile,travel,USD,250.00,posted,2026-01-03T11:35:00Z
transactions-000327,TX-0000327,AC-00007,2026-01-03T11:46:00Z,credit,atm,travel,USD,147.25,posted,2026-01-03T11:46:00Z
transactions-000328,TX-0000328,AC-00008,2026-01-03T11:57:00Z,credit,mobile,utilities,USD,5.50,posted,2026-01-03T11:57:00Z
transactions-000329,TX-0000329,AC-00009,2026-01-03T12:08:00Z,debit,card,grocery,USD,156.25,posted,2026-01-03T12:08:00Z
transactions-000330,TX-0000330,AC-00010,2026-01-03T12:19:00Z,credit,atm,grocery,USD,107.25,posted,2026-01-03T12:19:00Z
transactions-000331,TX-0000331,AC-00011,2026-01-03T12:30:00Z,debit,card,services,USD,1.75,posted,2026-01-03T12:30:00Z
transactions-000332,TX-0000332,AC-00012,2026-01-03T12:41:00Z,refund,mobile,travel,USD,177.50,posted,2026-01-03T12:41:00Z
transactions-000333,TX-0000333,AC-00013,2026-01-03T12:52:00Z,debit,card,travel,USD,256.50,posted,2026-01-03T12:52:00Z
transactions-000334,TX-0000334,AC-00014,2026-01-03T13:03:00Z,debit,atm,utilities,USD,73.50,posted,2026-01-03T13:03:00Z
transactions-000335,TX-0000335,AC-00015,2026-01-03T13:14:00Z,credit,atm,services,USD,181.50,posted,2026-01-03T13:14:00Z
transactions-000336,TX-0000336,AC-00016,2026-01-03T13:25:00Z,refund,card,travel,USD,212.00,posted,2026-01-03T13:25:00Z
transactions-000337,TX-0000337,AC-00017,2026-01-03T13:36:00Z,refund,atm,travel,USD,276.00,posted,2026-01-03T13:36:00Z
transactions-000338,TX-0000338,AC-00018,2026-01-03T13:47:00Z,debit,card,travel,USD,25.50,posted,2026-01-03T13:47:00Z
transactions-000339,TX-0000339,AC-00019,2026-01-03T13:58:00Z,refund,card,utilities,USD,230.50,posted,2026-01-03T13:58:00Z
transactions-000340,TX-0000340,AC-00020,2026-01-03T14:09:00Z,credit,atm,utilities,USD,294.50,posted,2026-01-03T14:09:00Z
transactions-000341,TX-0000341,AC-00021,2026-01-03T14:20:00Z,debit,card,grocery,USD,90.75,posted,2026-01-03T14:20:00Z
transactions-000342,TX-0000342,AC-00022,2026-01-03T14:31:00Z,debit,card,services,USD,56.50,posted,2026-01-03T14:31:00Z
transactions-000343,TX-0000343,AC-00023,2026-01-03T14:42:00Z,debit,branch,services,USD,98.50,posted,2026-01-03T14:42:00Z
transactions-000344,TX-0000344,AC-00024,2026-01-03T14:53:00Z,refund,mobile,grocery,USD,47.00,posted,2026-01-03T14:53:00Z
transactions-000345,TX-0000345,AC-00025,2026-01-03T15:04:00Z,credit,branch,grocery,USD,160.75,posted,2026-01-03T15:04:00Z
transactions-000346,TX-0000346,AC-00026,2026-01-03T15:15:00Z,debit,mobile,utilities,USD,180.00,posted,2026-01-03T15:15:00Z
transactions-000347,TX-0000347,AC-00027,2026-01-03T15:26:00Z,credit,card,services,USD,38.50,posted,2026-01-03T15:26:00Z
transactions-000348,TX-0000348,AC-00028,2026-01-03T15:37:00Z,refund,branch,grocery,USD,164.00,posted,2026-01-03T15:37:00Z
transactions-000349,TX-0000349,AC-00029,2026-01-03T15:48:00Z,debit,atm,grocery,USD,15.25,posted,2026-01-03T15:48:00Z
transactions-000350,TX-0000350,AC-00030,2026-01-03T15:59:00Z,credit,card,travel,USD,297.25,posted,2026-01-03T15:59:00Z
transactions-000351,TX-0000351,AC-00031,2026-01-03T16:10:00Z,credit,atm,utilities,USD,265.75,posted,2026-01-03T16:10:00Z
transactions-000352,TX-0000352,AC-00032,2026-01-03T16:21:00Z,debit,branch,utilities,USD,127.25,posted,2026-01-03T16:21:00Z
transactions-000353,TX-0000353,AC-00033,2026-01-03T16:32:00Z,credit,atm,services,USD,193.25,posted,2026-01-03T16:32:00Z
transactions-000354,TX-0000354,AC-00034,2026-01-03T16:43:00Z,credit,card,services,USD,125.00,posted,2026-01-03T16:43:00Z
transactions-000355,TX-0000355,AC-00035,2026-01-03T16:54:00Z,credit,branch,grocery,USD,268.25,posted,2026-01-03T16:54:00Z
transactions-000356,TX-0000356,AC-00036,2026-01-03T17:05:00Z,credit,branch,services,USD,31.75,posted,2026-01-03T17:05:00Z
transactions-000357,TX-0000357,AC-00037,2026-01-03T17:16:00Z,refund,mobile,services,USD,155.50,posted,2026-01-03T17:16:00Z
transactions-000358,TX-0000358,AC-00038,2026-01-03T17:27:00Z,refund,atm,utilities,USD,205.50,posted,2026-01-03T17:27:00Z
transactions-000359,TX-0000359,AC-00039,2026-01-03T17:38:00Z,debit,mobile,services,USD,285.00,posted,2026-01-03T17:38:00Z
transactions-000360,TX-0000360,AC-00040,2026-01-03T17:49:00Z,refund,branch,travel,USD,53.75,posted,2026-01-03T17:49:00Z
transactions-000361,TX-0000361,AC-00041,2026-01-03T18:00:00Z,debit,atm,services,USD,285.50,posted,2026-01-03T18:00:00Z
transactions-000362,TX-0000362,AC-00042,2026-01-03T18:11:00Z,refund,mobile,travel,USD,161.25,posted,2026-01-03T18:11:00Z
transactions-000363,TX-0000363,AC-00043,2026-01-03T18:22:00Z,credit,branch,grocery,USD,135.75,posted,2026-01-03T18:22:00Z
transactions-000364,TX-0000364,AC-00044,2026-01-03T18:33:00Z,debit,branch,travel,USD,160.00,posted,2026-01-03T18:33:00Z
transactions-000365,TX-0000365,AC-00045,2026-01-03T18:44:00Z,debit,mobile,services,USD,279.75,posted,2026-01-03T18:44:00Z
transactions-000366,TX-0000366,AC-00046,2026-01-03T18:55:00Z,credit,atm,utilities,USD,285.75,posted,2026-01-03T18:55:00Z
transactions-000367,TX-0000367,AC-00047,2026-01-03T19:06:00Z,refund,card,travel,USD,272.50,posted,2026-01-03T19:06:00Z
transactions-000368,TX-0000368,AC-00048,2026-01-03T19:17:00Z,debit,atm,travel,USD,106.25,posted,2026-01-03T19:17:00Z
transactions-000369,TX-0000369,AC-00049,2026-01-03T19:28:00Z,debit,mobile,utilities,USD,258.50,posted,2026-01-03T19:28:00Z
transactions-000370,TX-0000370,AC-00050,2026-01-03T19:39:00Z,debit,branch,services,USD,62.00,posted,2026-01-03T19:39:00Z
transactions-000371,TX-0000371,AC-00051,2026-01-03T19:50:00Z,credit,card,services,USD,48.25,posted,2026-01-03T19:50:00Z
transactions-000372,TX-0000372,AC-00052,2026-01-03T20:01:00Z,refund,branch,travel,USD,236.00,posted,2026-01-03T20:01:00Z
transactions-000373,TX-0000373,AC-00053,2026-01-03T20:12:00Z,debit,atm,grocery,USD,140.25,posted,2026-01-03T20:12:00Z
transactions-000374,TX-0000374,AC-00054,2026-01-03T20:23:00Z,credit,branch,grocery,USD,136.50,posted,2026-01-03T20:23:00Z
transactions-000375,TX-0000375,AC-00055,2026-01-03T20:34:00Z,debit,atm,services,USD,271.00,posted,2026-01-03T20:34:00Z
transactions-000376,TX-0000376,AC-00056,2026-01-03T20:45:00Z,refund,mobile,travel,USD,177.75,posted,2026-01-03T20:45:00Z
transactions-000377,TX-0000377,AC-00057,2026-01-03T20:56:00Z,debit,card,services,USD,115.25,posted,2026-01-03T20:56:00Z
transactions-000378,TX-0000378,AC-00058,2026-01-03T21:07:00Z,refund,branch,utilities,USD,73.50,posted,2026-01-03T21:07:00Z
transactions-000379,TX-0000379,AC-00059,2026-01-03T21:18:00Z,debit,branch,services,USD,128.50,posted,2026-01-03T21:18:00Z
transactions-000380,TX-0000380,AC-00060,2026-01-03T21:29:00Z,refund,atm,services,USD,198.00,posted,2026-01-03T21:29:00Z
transactions-000381,TX-0000381,AC-00061,2026-01-03T21:40:00Z,debit,card,utilities,USD,14.00,posted,2026-01-03T21:40:00Z
transactions-000382,TX-0000382,AC-00062,2026-01-03T21:51:00Z,debit,mobile,utilities,USD,287.50,posted,2026-01-03T21:51:00Z
transactions-000383,TX-0000383,AC-00063,2026-01-03T22:02:00Z,debit,card,services,USD,45.00,posted,2026-01-03T22:02:00Z
transactions-000384,TX-0000384,AC-00064,2026-01-03T22:13:00Z,debit,mobile,grocery,USD,175.75,posted,2026-01-03T22:13:00Z
transactions-000385,TX-0000385,AC-00065,2026-01-03T22:24:00Z,refund,mobile,travel,USD,120.50,posted,2026-01-03T22:24:00Z
transactions-000386,TX-0000386,AC-00066,2026-01-03T22:35:00Z,refund,mobile,grocery,USD,63.75,posted,2026-01-03T22:35:00Z
transactions-000387,TX-0000387,AC-00067,2026-01-03T22:46:00Z,debit,atm,utilities,USD,182.00,posted,2026-01-03T22:46:00Z
transactions-000388,TX-0000388,AC-00068,2026-01-03T22:57:00Z,credit,mobile,utilities,USD,257.25,posted,2026-01-03T22:57:00Z
transactions-000389,TX-0000389,AC-00069,2026-01-03T23:08:00Z,refund,branch,services,USD,74.25,posted,2026-01-03T23:08:00Z
transactions-000390,TX-0000390,AC-00070,2026-01-03T23:19:00Z,refund,atm,utilities,USD,205.75,posted,2026-01-03T23:19:00Z
transactions-000391,TX-0000391,AC-00071,2026-01-03T23:30:00Z,debit,card,travel,USD,205.50,posted,2026-01-03T23:30:00Z
transactions-000392,TX-0000392,AC-00072,2026-01-03T23:41:00Z,debit,atm,services,USD,246.75,posted,2026-01-03T23:41:00Z
transactions-000393,TX-0000393,AC-00073,2026-01-03T23:52:00Z,credit,card,travel,USD,74.75,posted,2026-01-03T23:52:00Z
transactions-000394,TX-0000394,AC-00074,2026-01-04T00:03:00Z,credit,branch,services,USD,249.50,posted,2026-01-04T00:03:00Z
transactions-000395,TX-0000395,AC-00075,2026-01-04T00:14:00Z,refund,card,travel,USD,131.00,posted,2026-01-04T00:14:00Z
transactions-000396,TX-0000396,AC-00076,2026-01-04T00:25:00Z,refund,branch,grocery,USD,209.75,posted,2026-01-04T00:25:00Z
transactions-000397,TX-0000397,AC-00077,2026-01-04T00:36:00Z,credit,card,utilities,USD,262.50,posted,2026-01-04T00:36:00Z
transactions-000398,TX-0000398,AC-00078,2026-01-04T00:47:00Z,refund,branch,utilities,USD,195.75,posted,2026-01-04T00:47:00Z
transactions-000399,TX-0000399,AC-00079,2026-01-04T00:58:00Z,credit,atm,travel,USD,193.75,posted,2026-01-04T00:58:00Z
transactions-000400,TX-0000400,AC-00080,2026-01-04T01:09:00Z,debit,mobile,grocery,USD,181.50,posted,2026-01-04T01:09:00Z
transactions-000401,TX-0000401,AC-00081,2026-01-04T01:20:00Z,credit,branch,travel,USD,222.25,posted,2026-01-04T01:20:00Z
transactions-000402,TX-0000402,AC-00082,2026-01-04T01:31:00Z,refund,atm,travel,USD,182.50,posted,2026-01-04T01:31:00Z
transactions-000403,TX-0000403,AC-00083,2026-01-04T01:42:00Z,credit,card,utilities,USD,21.75,posted,2026-01-04T01:42:00Z
transactions-000404,TX-0000404,AC-00084,2026-01-04T01:53:00Z,credit,mobile,services,USD,129.50,posted,2026-01-04T01:53:00Z
transactions-000405,TX-0000405,AC-00085,2026-01-04T02:04:00Z,debit,card,services,USD,161.50,posted,2026-01-04T02:04:00Z
transactions-000406,TX-0000406,AC-00086,2026-01-04T02:15:00Z,refund,atm,grocery,USD,167.75,posted,2026-01-04T02:15:00Z
transactions-000407,TX-0000407,AC-00087,2026-01-04T02:26:00Z,credit,atm,utilities,USD,104.50,posted,2026-01-04T02:26:00Z
transactions-000408,TX-0000408,AC-00088,2026-01-04T02:37:00Z,credit,card,grocery,USD,263.50,posted,2026-01-04T02:37:00Z
transactions-000409,TX-0000409,AC-00089,2026-01-04T02:48:00Z,debit,mobile,travel,USD,147.25,posted,2026-01-04T02:48:00Z
transactions-000410,TX-0000410,AC-00090,2026-01-04T02:59:00Z,debit,atm,travel,USD,109.25,posted,2026-01-04T02:59:00Z
transactions-000411,TX-0000411,AC-00091,2026-01-04T03:10:00Z,debit,branch,services,USD,208.50,posted,2026-01-04T03:10:00Z
transactions-000412,TX-0000412,AC-00092,2026-01-04T03:21:00Z,debit,branch,services,USD,228.25,posted,2026-01-04T03:21:00Z
transactions-000413,TX-0000413,AC-00093,2026-01-04T03:32:00Z,refund,branch,travel,USD,276.25,posted,2026-01-04T03:32:00Z
transactions-000414,TX-0000414,AC-00094,2026-01-04T03:43:00Z,refund,branch,travel,USD,89.00,posted,2026-01-04T03:43:00Z
transactions-000415,TX-0000415,AC-00095,2026-01-04T03:54:00Z,refund,card,travel,USD,142.50,posted,2026-01-04T03:54:00Z
transactions-000416,TX-0000416,AC-00096,2026-01-04T04:05:00Z,debit,card,services,USD,48.50,posted,2026-01-04T04:05:00Z
transactions-000417,TX-0000417,AC-00097,2026-01-04T04:16:00Z,credit,atm,grocery,USD,176.25,posted,2026-01-04T04:16:00Z
transactions-000418,TX-0000418,AC-00098,2026-01-04T04:27:00Z,credit,mobile,grocery,USD,126.25,posted,2026-01-04T04:27:00Z
transactions-000419,TX-0000419,AC-00099,2026-01-04T04:38:00Z,refund,atm,utilities,USD,156.75,posted,2026-01-04T04:38:00Z
transactions-000420,TX-0000420,AC-00100,2026-01-04T04:49:00Z,debit,mobile,utilities,USD,154.50,posted,2026-01-04T04:49:00Z
transactions-000421,TX-0000421,AC-00101,2026-01-04T05:00:00Z,refund,atm,travel,USD,78.75,posted,2026-01-04T05:00:00Z
transactions-000422,TX-0000422,AC-00102,2026-01-04T05:11:00Z,refund,mobile,services,USD,188.00,posted,2026-01-04T05:11:00Z
transactions-000423,TX-0000423,AC-00103,2026-01-04T05:22:00Z,debit,atm,utilities,USD,216.25,posted,2026-01-04T05:22:00Z
transactions-000424,TX-0000424,AC-00104,2026-01-04T05:33:00Z,refund,card,grocery,USD,125.75,posted,2026-01-04T05:33:00Z
transactions-000425,TX-0000425,AC-00105,2026-01-04T05:44:00Z,refund,branch,utilities,USD,145.50,posted,2026-01-04T05:44:00Z
transactions-000426,TX-0000426,AC-00106,2026-01-04T05:55:00Z,refund,atm,travel,USD,265.25,posted,2026-01-04T05:55:00Z
transactions-000427,TX-0000427,AC-00107,2026-01-04T06:06:00Z,refund,card,services,USD,222.75,posted,2026-01-04T06:06:00Z
transactions-000428,TX-0000428,AC-00108,2026-01-04T06:17:00Z,refund,atm,travel,USD,1.50,posted,2026-01-04T06:17:00Z
transactions-000429,TX-0000429,AC-00109,2026-01-04T06:28:00Z,credit,branch,services,USD,231.25,posted,2026-01-04T06:28:00Z
transactions-000430,TX-0000430,AC-00110,2026-01-04T06:39:00Z,refund,card,grocery,USD,7.75,posted,2026-01-04T06:39:00Z
transactions-000431,TX-0000431,AC-00111,2026-01-04T06:50:00Z,credit,atm,services,USD,70.00,posted,2026-01-04T06:50:00Z
transactions-000432,TX-0000432,AC-00112,2026-01-04T07:01:00Z,debit,atm,services,USD,257.25,posted,2026-01-04T07:01:00Z
transactions-000433,TX-0000433,AC-00113,2026-01-04T07:12:00Z,debit,mobile,grocery,USD,205.00,posted,2026-01-04T07:12:00Z
transactions-000434,TX-0000434,AC-00114,2026-01-04T07:23:00Z,credit,card,services,USD,90.50,posted,2026-01-04T07:23:00Z
transactions-000435,TX-0000435,AC-00115,2026-01-04T07:34:00Z,debit,mobile,utilities,USD,272.50,posted,2026-01-04T07:34:00Z
transactions-000436,TX-0000436,AC-00116,2026-01-04T07:45:00Z,refund,atm,grocery,USD,56.00,posted,2026-01-04T07:45:00Z
transactions-000437,TX-0000437,AC-00117,2026-01-04T07:56:00Z,debit,mobile,utilities,USD,107.50,posted,2026-01-04T07:56:00Z
transactions-000438,TX-0000438,AC-00118,2026-01-04T08:07:00Z,refund,card,services,USD,106.50,posted,2026-01-04T08:07:00Z
transactions-000439,TX-0000439,AC-00119,2026-01-04T08:18:00Z,credit,atm,utilities,USD,265.50,posted,2026-01-04T08:18:00Z
transactions-000440,TX-0000440,AC-00120,2026-01-04T08:29:00Z,debit,atm,travel,USD,115.25,posted,2026-01-04T08:29:00Z
transactions-000441,TX-0000441,AC-00121,2026-01-04T08:40:00Z,refund,atm,services,USD,244.75,posted,2026-01-04T08:40:00Z
transactions-000442,TX-0000442,AC-00122,2026-01-04T08:51:00Z,refund,atm,grocery,USD,144.25,posted,2026-01-04T08:51:00Z
transactions-000443,TX-0000443,AC-00123,2026-01-04T09:02:00Z,credit,branch,travel,USD,256.50,posted,2026-01-04T09:02:00Z
transactions-000444,TX-0000444,AC-00124,2026-01-04T09:13:00Z,debit,branch,grocery,USD,189.00,posted,2026-01-04T09:13:00Z
transactions-000445,TX-0000445,AC-00125,2026-01-04T09:24:00Z,credit,mobile,utilities,USD,133.00,posted,2026-01-04T09:24:00Z
transactions-000446,TX-0000446,AC-00126,2026-01-04T09:35:00Z,credit,card,utilities,USD,46.75,posted,2026-01-04T09:35:00Z
transactions-000447,TX-0000447,AC-00127,2026-01-04T09:46:00Z,refund,mobile,grocery,USD,52.75,posted,2026-01-04T09:46:00Z
transactions-000448,TX-0000448,AC-00128,2026-01-04T09:57:00Z,credit,atm,services,USD,273.75,posted,2026-01-04T09:57:00Z
transactions-000449,TX-0000449,AC-00129,2026-01-04T10:08:00Z,refund,branch,services,USD,210.00,posted,2026-01-04T10:08:00Z
transactions-000450,TX-0000450,AC-00130,2026-01-04T10:19:00Z,refund,atm,grocery,USD,142.25,posted,2026-01-04T10:19:00Z
transactions-000451,TX-0000451,AC-00131,2026-01-04T10:30:00Z,credit,atm,travel,USD,61.25,posted,2026-01-04T10:30:00Z
transactions-000452,TX-0000452,AC-00132,2026-01-04T10:41:00Z,refund,mobile,grocery,USD,45.75,posted,2026-01-04T10:41:00Z
transactions-000453,TX-0000453,AC-00133,2026-01-04T10:52:00Z,credit,card,utilities,USD,13.25,posted,2026-01-04T10:52:00Z
transactions-000454,TX-0000454,AC-00134,2026-01-04T11:03:00Z,debit,mobile,services,USD,127.50,posted,2026-01-04T11:03:00Z
transactions-000455,TX-0000455,AC-00135,2026-01-04T11:14:00Z,credit,branch,utilities,USD,226.50,posted,2026-01-04T11:14:00Z
transactions-000456,TX-0000456,AC-00136,2026-01-04T11:25:00Z,debit,mobile,travel,USD,95.25,posted,2026-01-04T11:25:00Z
transactions-000457,TX-0000457,AC-00137,2026-01-04T11:36:00Z,credit,atm,grocery,USD,205.50,posted,2026-01-04T11:36:00Z
transactions-000458,TX-0000458,AC-00138,2026-01-04T11:47:00Z,debit,atm,utilities,USD,171.75,posted,2026-01-04T11:47:00Z
transactions-000459,TX-0000459,AC-00139,2026-01-04T11:58:00Z,debit,mobile,grocery,USD,237.75,posted,2026-01-04T11:58:00Z
transactions-000460,TX-0000460,AC-00140,2026-01-04T12:09:00Z,refund,branch,grocery,USD,22.50,posted,2026-01-04T12:09:00Z
transactions-000461,TX-0000461,AC-00141,2026-01-04T12:20:00Z,credit,mobile,travel,USD,177.00,posted,2026-01-04T12:20:00Z
transactions-000462,TX-0000462,AC-00142,2026-01-04T12:31:00Z,refund,atm,travel,USD,156.50,posted,2026-01-04T12:31:00Z
transactions-000463,TX-0000463,AC-00143,2026-01-04T12:42:00Z,credit,atm,travel,USD,213.75,posted,2026-01-04T12:42:00Z
transactions-000464,TX-0000464,AC-00144,2026-01-04T12:53:00Z,refund,atm,travel,USD,244.25,posted,2026-01-04T12:53:00Z
transactions-000465,TX-0000465,AC-00145,2026-01-04T13:04:00Z,debit,atm,services,USD,30.75,posted,2026-01-04T13:04:00Z
transactions-000466,TX-0000466,AC-00146,2026-01-04T13:15:00Z,credit,atm,travel,USD,86.75,posted,2026-01-04T13:15:00Z
transactions-000467,TX-0000467,AC-00147,2026-01-04T13:26:00Z,debit,atm,services,USD,48.00,posted,2026-01-04T13:26:00Z
transactions-000468,TX-0000468,AC-00148,2026-01-04T13:37:00Z,credit,card,travel,USD,263.50,posted,2026-01-04T13:37:00Z
transactions-000469,TX-0000469,AC-00149,2026-01-04T13:48:00Z,refund,atm,utilities,USD,238.75,posted,2026-01-04T13:48:00Z
transactions-000470,TX-0000470,AC-00150,2026-01-04T13:59:00Z,credit,atm,utilities,USD,72.00,posted,2026-01-04T13:59:00Z
transactions-000471,TX-0000471,AC-00151,2026-01-04T14:10:00Z,debit,mobile,utilities,USD,49.75,posted,2026-01-04T14:10:00Z
transactions-000472,TX-0000472,AC-00152,2026-01-04T14:21:00Z,credit,card,travel,USD,253.00,posted,2026-01-04T14:21:00Z
transactions-000473,TX-0000473,AC-00153,2026-01-04T14:32:00Z,refund,branch,grocery,USD,234.00,posted,2026-01-04T14:32:00Z
transactions-000474,TX-0000474,AC-00154,2026-01-04T14:43:00Z,debit,atm,utilities,USD,260.25,posted,2026-01-04T14:43:00Z
transactions-000475,TX-0000475,AC-00155,2026-01-04T14:54:00Z,debit,mobile,utilities,USD,29.50,posted,2026-01-04T14:54:00Z
transactions-000476,TX-0000476,AC-00156,2026-01-04T15:05:00Z,debit,atm,services,USD,105.25,posted,2026-01-04T15:05:00Z
transactions-000477,TX-0000477,AC-00157,2026-01-04T15:16:00Z,debit,card,grocery,USD,126.75,posted,2026-01-04T15:16:00Z
transactions-000478,TX-0000478,AC-00158,2026-01-04T15:27:00Z,debit,mobile,services,USD,85.50,posted,2026-01-04T15:27:00Z
transactions-000479,TX-0000479,AC-00159,2026-01-04T15:38:00Z,credit,atm,services,USD,223.50,posted,2026-01-04T15:38:00Z
transactions-000480,TX-0000480,AC-00160,2026-01-04T15:49:00Z,debit,branch,grocery,USD,7.75,posted,2026-01-04T15:49:00Z
transactions-000481,TX-0000481,AC-00161,2026-01-04T16:00:00Z,credit,atm,utilities,USD,108.50,posted,2026-01-04T16:00:00Z
transactions-000482,TX-0000482,AC-00162,2026-01-04T16:11:00Z,refund,card,services,USD,118.25,posted,2026-01-04T16:11:00Z
transactions-000483,TX-0000483,AC-00163,2026-01-04T16:22:00Z,debit,atm,services,USD,21.25,posted,2026-01-04T16:22:00Z
transactions-000484,TX-0000484,AC-00164,2026-01-04T16:33:00Z,refund,branch,travel,USD,279.50,posted,2026-01-04T16:33:00Z
transactions-000485,TX-0000485,AC-00165,2026-01-04T16:44:00Z,refund,mobile,utilities,USD,273.00,posted,2026-01-04T16:44:00Z
transactions-000486,TX-0000486,AC-00166,2026-01-04T16:55:00Z,refund,mobile,grocery,USD,139.75,posted,2026-01-04T16:55:00Z
transactions-000487,TX-0000487,AC-00167,2026-01-04T17:06:00Z,refund,card,services,USD,138.25,posted,2026-01-04T17:06:00Z
transactions-000488,TX-0000488,AC-00168,2026-01-04T17:17:00Z,credit,mobile,travel,USD,78.25,posted,2026-01-04T17:17:00Z
transactions-000489,TX-0000489,AC-00169,2026-01-04T17:28:00Z,debit,atm,services,USD,118.00,posted,2026-01-04T17:28:00Z
transactions-000490,TX-0000490,AC-00170,2026-01-04T17:39:00Z,refund,branch,utilities,USD,116.50,posted,2026-01-04T17:39:00Z
transactions-000491,TX-0000491,AC-00171,2026-01-04T17:50:00Z,debit,atm,grocery,USD,203.25,posted,2026-01-04T17:50:00Z
transactions-000492,TX-0000492,AC-00172,2026-01-04T18:01:00Z,credit,card,grocery,USD,233.25,posted,2026-01-04T18:01:00Z
transactions-000493,TX-0000493,AC-00173,2026-01-04T18:12:00Z,credit,atm,services,USD,56.25,posted,2026-01-04T18:12:00Z
transactions-000494,TX-0000494,AC-00174,2026-01-04T18:23:00Z,debit,atm,utilities,USD,6.00,posted,2026-01-04T18:23:00Z
transactions-000495,TX-0000495,AC-00175,2026-01-04T18:34:00Z,debit,atm,travel,USD,239.75,posted,2026-01-04T18:34:00Z
transactions-000496,TX-0000496,AC-00176,2026-01-04T18:45:00Z,refund,branch,grocery,USD,123.25,posted,2026-01-04T18:45:00Z
transactions-000497,TX-0000497,AC-00177,2026-01-04T18:56:00Z,credit,atm,travel,USD,68.75,posted,2026-01-04T18:56:00Z
transactions-000498,TX-0000498,AC-00178,2026-01-04T19:07:00Z,credit,mobile,utilities,USD,84.50,posted,2026-01-04T19:07:00Z
transactions-000499,TX-0000499,AC-00179,2026-01-04T19:18:00Z,credit,branch,services,USD,11.75,posted,2026-01-04T19:18:00Z
transactions-000500,TX-0000500,AC-00180,2026-01-04T19:29:00Z,refund,mobile,utilities,USD,97.00,posted,2026-01-04T19:29:00Z
transactions-000501,TX-0000501,AC-00181,2026-01-04T19:40:00Z,debit,atm,travel,USD,2.75,posted,2026-01-04T19:40:00Z
transactions-000502,TX-0000502,AC-00182,2026-01-04T19:51:00Z,refund,card,travel,USD,206.00,posted,2026-01-04T19:51:00Z
transactions-000503,TX-0000503,AC-00183,2026-01-04T20:02:00Z,credit,card,grocery,USD,244.25,posted,2026-01-04T20:02:00Z
transactions-000504,TX-0000504,AC-00184,2026-01-04T20:13:00Z,debit,branch,utilities,USD,231.25,posted,2026-01-04T20:13:00Z
transactions-000505,TX-0000505,AC-00185,2026-01-04T20:24:00Z,debit,branch,utilities,USD,110.25,posted,2026-01-04T20:24:00Z
transactions-000506,TX-0000506,AC-00186,2026-01-04T20:35:00Z,debit,card,utilities,USD,62.25,posted,2026-01-04T20:35:00Z
transactions-000507,TX-0000507,AC-00187,2026-01-04T20:46:00Z,credit,mobile,grocery,USD,207.00,posted,2026-01-04T20:46:00Z
transactions-000508,TX-0000508,AC-00188,2026-01-04T20:57:00Z,debit,mobile,utilities,USD,86.75,posted,2026-01-04T20:57:00Z
transactions-000509,TX-0000509,AC-00189,2026-01-04T21:08:00Z,debit,card,utilities,USD,226.00,posted,2026-01-04T21:08:00Z
transactions-000510,TX-0000510,AC-00190,2026-01-04T21:19:00Z,refund,card,utilities,USD,180.00,posted,2026-01-04T21:19:00Z
transactions-000511,TX-0000511,AC-00191,2026-01-04T21:30:00Z,refund,card,services,USD,8.50,posted,2026-01-04T21:30:00Z
transactions-000512,TX-0000512,AC-00192,2026-01-04T21:41:00Z,refund,mobile,grocery,USD,127.50,posted,2026-01-04T21:41:00Z
transactions-000513,TX-0000513,AC-00193,2026-01-04T21:52:00Z,credit,atm,grocery,USD,137.25,posted,2026-01-04T21:52:00Z
transactions-000514,TX-0000514,AC-00194,2026-01-04T22:03:00Z,refund,branch,travel,USD,261.50,posted,2026-01-04T22:03:00Z
transactions-000515,TX-0000515,AC-00195,2026-01-04T22:14:00Z,credit,branch,travel,USD,166.50,posted,2026-01-04T22:14:00Z
transactions-000516,TX-0000516,AC-00196,2026-01-04T22:25:00Z,credit,card,travel,USD,98.75,posted,2026-01-04T22:25:00Z
transactions-000517,TX-0000517,AC-00197,2026-01-04T22:36:00Z,refund,mobile,services,USD,8.50,posted,2026-01-04T22:36:00Z
transactions-000518,TX-0000518,AC-00198,2026-01-04T22:47:00Z,credit,atm,services,USD,297.00,posted,2026-01-04T22:47:00Z
transactions-000519,TX-0000519,AC-00199,2026-01-04T22:58:00Z,credit,mobile,utilities,USD,9.75,posted,2026-01-04T22:58:00Z
transactions-000520,TX-0000520,AC-00200,2026-01-04T23:09:00Z,refund,branch,services,USD,77.50,posted,2026-01-04T23:09:00Z
transactions-000521,TX-0000521,AC-00201,2026-01-04T23:20:00Z,credit,mobile,services,USD,287.75,posted,2026-01-04T23:20:00Z
transactions-000522,TX-0000522,AC-00202,2026-01-04T23:31:00Z,credit,atm,grocery,USD,88.50,posted,2026-01-04T23:31:00Z
transactions-000523,TX-0000523,AC-00203,2026-01-04T23:42:00Z,credit,atm,grocery,USD,94.50,posted,2026-01-04T23:42:00Z
transactions-000524,TX-0000524,AC-00204,2026-01-04T23:53:00Z,debit,atm,grocery,USD,235.00,posted,2026-01-04T23:53:00Z
transactions-000525,TX-0000525,AC-00205,2026-01-05T00:04:00Z,credit,atm,services,USD,151.75,posted,2026-01-05T00:04:00Z
transactions-000526,TX-0000526,AC-00206,2026-01-05T00:15:00Z,refund,branch,travel,USD,249.50,posted,2026-01-05T00:15:00Z
transactions-000527,TX-0000527,AC-00207,2026-01-05T00:26:00Z,credit,branch,services,USD,115.75,posted,2026-01-05T00:26:00Z
transactions-000528,TX-0000528,AC-00208,2026-01-05T00:37:00Z,credit,mobile,services,USD,266.50,posted,2026-01-05T00:37:00Z
transactions-000529,TX-0000529,AC-00209,2026-01-05T00:48:00Z,refund,card,grocery,USD,130.75,posted,2026-01-05T00:48:00Z
transactions-000530,TX-0000530,AC-00210,2026-01-05T00:59:00Z,refund,atm,travel,USD,80.50,posted,2026-01-05T00:59:00Z
transactions-000531,TX-0000531,AC-00211,2026-01-05T01:10:00Z,refund,atm,utilities,USD,102.25,posted,2026-01-05T01:10:00Z
transactions-000532,TX-0000532,AC-00212,2026-01-05T01:21:00Z,debit,atm,services,USD,87.25,posted,2026-01-05T01:21:00Z
transactions-000533,TX-0000533,AC-00213,2026-01-05T01:32:00Z,credit,atm,grocery,USD,238.00,posted,2026-01-05T01:32:00Z
transactions-000534,TX-0000534,AC-00214,2026-01-05T01:43:00Z,debit,card,travel,USD,58.50,posted,2026-01-05T01:43:00Z
transactions-000535,TX-0000535,AC-00215,2026-01-05T01:54:00Z,credit,atm,travel,USD,220.25,posted,2026-01-05T01:54:00Z
transactions-000536,TX-0000536,AC-00216,2026-01-05T02:05:00Z,debit,mobile,services,USD,41.75,posted,2026-01-05T02:05:00Z
transactions-000537,TX-0000537,AC-00217,2026-01-05T02:16:00Z,refund,branch,grocery,USD,76.00,posted,2026-01-05T02:16:00Z
transactions-000538,TX-0000538,AC-00218,2026-01-05T02:27:00Z,debit,card,grocery,USD,99.25,posted,2026-01-05T02:27:00Z
transactions-000539,TX-0000539,AC-00219,2026-01-05T02:38:00Z,credit,mobile,grocery,USD,158.75,posted,2026-01-05T02:38:00Z
transactions-000540,TX-0000540,AC-00220,2026-01-05T02:49:00Z,debit,atm,utilities,USD,294.25,posted,2026-01-05T02:49:00Z
transactions-000541,TX-0000541,AC-00221,2026-01-05T03:00:00Z,debit,card,services,USD,156.25,posted,2026-01-05T03:00:00Z
transactions-000542,TX-0000542,AC-00222,2026-01-05T03:11:00Z,refund,atm,utilities,USD,89.75,posted,2026-01-05T03:11:00Z
transactions-000543,TX-0000543,AC-00223,2026-01-05T03:22:00Z,debit,card,travel,USD,180.00,posted,2026-01-05T03:22:00Z
transactions-000544,TX-0000544,AC-00224,2026-01-05T03:33:00Z,refund,card,services,USD,52.50,posted,2026-01-05T03:33:00Z
transactions-000545,TX-0000545,AC-00225,2026-01-05T03:44:00Z,debit,card,travel,USD,117.25,posted,2026-01-05T03:44:00Z
transactions-000546,TX-0000546,AC-00226,2026-01-05T03:55:00Z,credit,card,services,USD,30.00,posted,2026-01-05T03:55:00Z
transactions-000547,TX-0000547,AC-00227,2026-01-05T04:06:00Z,refund,branch,travel,USD,60.75,posted,2026-01-05T04:06:00Z
transactions-000548,TX-0000548,AC-00228,2026-01-05T04:17:00Z,refund,mobile,services,USD,15.50,posted,2026-01-05T04:17:00Z
transactions-000549,TX-0000549,AC-00229,2026-01-05T04:28:00Z,refund,branch,utilities,USD,3.00,posted,2026-01-05T04:28:00Z
transactions-000550,TX-0000550,AC-00230,2026-01-05T04:39:00Z,credit,card,services,USD,179.00,posted,2026-01-05T04:39:00Z
transactions-000551,TX-0000551,AC-00231,2026-01-05T04:50:00Z,refund,branch,grocery,USD,214.00,posted,2026-01-05T04:50:00Z
transactions-000552,TX-0000552,AC-00232,2026-01-05T05:01:00Z,credit,card,utilities,USD,261.75,posted,2026-01-05T05:01:00Z
transactions-000553,TX-0000553,AC-00233,2026-01-05T05:12:00Z,debit,branch,services,USD,122.50,posted,2026-01-05T05:12:00Z
transactions-000554,TX-0000554,AC-00234,2026-01-05T05:23:00Z,refund,atm,travel,USD,21.00,posted,2026-01-05T05:23:00Z
transactions-000555,TX-0000555,AC-00235,2026-01-05T05:34:00Z,debit,card,utilities,USD,199.75,posted,2026-01-05T05:34:00Z
transactions-000556,TX-0000556,AC-00236,2026-01-05T05:45:00Z,credit,branch,travel,USD,85.50,posted,2026-01-05T05:45:00Z
transactions-000557,TX-0000557,AC-00237,2026-01-05T05:56:00Z,debit,branch,services,USD,16.25,posted,2026-01-05T05:56:00Z
transactions-000558,TX-0000558,AC-00238,2026-01-05T06:07:00Z,debit,card,travel,USD,125.75,posted,2026-01-05T06:07:00Z
transactions-000559,TX-0000559,AC-00239,2026-01-05T06:18:00Z,credit,branch,grocery,USD,10.50,posted,2026-01-05T06:18:00Z
transactions-000560,TX-0000560,AC-00240,2026-01-05T06:29:00Z,refund,mobile,services,USD,49.75,posted,2026-01-05T06:29:00Z
transactions-000561,TX-0000561,AC-00241,2026-01-05T06:40:00Z,debit,atm,grocery,USD,257.25,posted,2026-01-05T06:40:00Z
transactions-000562,TX-0000562,AC-00242,2026-01-05T06:51:00Z,refund,branch,services,USD,273.50,posted,2026-01-05T06:51:00Z
transactions-000563,TX-0000563,AC-00243,2026-01-05T07:02:00Z,debit,mobile,services,USD,58.25,posted,2026-01-05T07:02:00Z
transactions-000564,TX-0000564,AC-00244,2026-01-05T07:13:00Z,credit,card,utilities,USD,54.25,posted,2026-01-05T07:13:00Z
transactions-000565,TX-0000565,AC-00245,2026-01-05T07:24:00Z,debit,mobile,travel,USD,60.25,posted,2026-01-05T07:24:00Z
transactions-000566,TX-0000566,AC-00246,2026-01-05T07:35:00Z,credit,branch,grocery,USD,247.75,posted,2026-01-05T07:35:00Z
transactions-000567,TX-0000567,AC-00247,2026-01-05T07:46:00Z,refund,branch,utilities,USD,229.75,posted,2026-01-05T07:46:00Z
transactions-000568,TX-0000568,AC-00248,2026-01-05T07:57:00Z,credit,branch,services,USD,240.75,posted,2026-01-05T07:57:00Z
transactions-000569,TX-0000569,AC-00249,2026-01-05T08:08:00Z,debit,card,travel,USD,109.50,posted,2026-01-05T08:08:00Z
transactions-000570,TX-0000570,AC-00250,2026-01-05T08:19:00Z,credit,atm,services,USD,110.25,posted,2026-01-05T08:19:00Z
transactions-000571,TX-0000571,AC-00251,2026-01-05T08:30:00Z,credit,branch,utilities,USD,172.75,posted,2026-01-05T08:30:00Z
transactions-000572,TX-0000572,AC-00252,2026-01-05T08:41:00Z,debit,mobile,travel,USD,197.25,posted,2026-01-05T08:41:00Z
transactions-000573,TX-0000573,AC-00253,2026-01-05T08:52:00Z,debit,atm,travel,USD,272.50,posted,2026-01-05T08:52:00Z
transactions-000574,TX-0000574,AC-00254,2026-01-05T09:03:00Z,credit,branch,grocery,USD,158.75,posted,2026-01-05T09:03:00Z
transactions-000575,TX-0000575,AC-00255,2026-01-05T09:14:00Z,refund,mobile,travel,USD,234.25,posted,2026-01-05T09:14:00Z
transactions-000576,TX-0000576,AC-00256,2026-01-05T09:25:00Z,refund,branch,utilities,USD,242.50,posted,2026-01-05T09:25:00Z
transactions-000577,TX-0000577,AC-00257,2026-01-05T09:36:00Z,debit,card,travel,USD,259.50,posted,2026-01-05T09:36:00Z
transactions-000578,TX-0000578,AC-00258,2026-01-05T09:47:00Z,debit,atm,travel,USD,62.50,posted,2026-01-05T09:47:00Z
transactions-000579,TX-0000579,AC-00259,2026-01-05T09:58:00Z,refund,atm,services,USD,237.25,posted,2026-01-05T09:58:00Z
transactions-000580,TX-0000580,AC-00260,2026-01-05T10:09:00Z,debit,card,grocery,USD,183.50,posted,2026-01-05T10:09:00Z
transactions-000581,TX-0000581,AC-00261,2026-01-05T10:20:00Z,debit,card,travel,USD,211.25,posted,2026-01-05T10:20:00Z
transactions-000582,TX-0000582,AC-00262,2026-01-05T10:31:00Z,debit,card,utilities,USD,74.25,posted,2026-01-05T10:31:00Z
transactions-000583,TX-0000583,AC-00263,2026-01-05T10:42:00Z,debit,card,services,USD,194.50,posted,2026-01-05T10:42:00Z
transactions-000584,TX-0000584,AC-00264,2026-01-05T10:53:00Z,refund,mobile,utilities,USD,149.00,posted,2026-01-05T10:53:00Z
transactions-000585,TX-0000585,AC-00265,2026-01-05T11:04:00Z,debit,mobile,services,USD,247.25,posted,2026-01-05T11:04:00Z
transactions-000586,TX-0000586,AC-00266,2026-01-05T11:15:00Z,credit,mobile,utilities,USD,89.50,posted,2026-01-05T11:15:00Z
transactions-000587,TX-0000587,AC-00267,2026-01-05T11:26:00Z,refund,atm,travel,USD,26.75,posted,2026-01-05T11:26:00Z
transactions-000588,TX-0000588,AC-00268,2026-01-05T11:37:00Z,debit,mobile,utilities,USD,160.00,posted,2026-01-05T11:37:00Z
transactions-000589,TX-0000589,AC-00269,2026-01-05T11:48:00Z,credit,mobile,grocery,USD,59.50,posted,2026-01-05T11:48:00Z
transactions-000590,TX-0000590,AC-00270,2026-01-05T11:59:00Z,debit,mobile,services,USD,77.25,posted,2026-01-05T11:59:00Z
transactions-000591,TX-0000591,AC-00271,2026-01-05T12:10:00Z,debit,branch,grocery,USD,192.25,posted,2026-01-05T12:10:00Z
transactions-000592,TX-0000592,AC-00272,2026-01-05T12:21:00Z,credit,card,grocery,USD,287.75,posted,2026-01-05T12:21:00Z
transactions-000593,TX-0000593,AC-00273,2026-01-05T12:32:00Z,refund,mobile,services,USD,184.00,posted,2026-01-05T12:32:00Z
transactions-000594,TX-0000594,AC-00274,2026-01-05T12:43:00Z,credit,mobile,travel,USD,158.75,posted,2026-01-05T12:43:00Z
transactions-000595,TX-0000595,AC-00275,2026-01-05T12:54:00Z,credit,card,travel,USD,294.25,posted,2026-01-05T12:54:00Z
transactions-000596,TX-0000596,AC-00276,2026-01-05T13:05:00Z,debit,atm,services,USD,165.00,posted,2026-01-05T13:05:00Z
transactions-000597,TX-0000597,AC-00277,2026-01-05T13:16:00Z,debit,mobile,services,USD,7.75,posted,2026-01-05T13:16:00Z
transactions-000598,TX-0000598,AC-00278,2026-01-05T13:27:00Z,debit,branch,grocery,USD,275.50,posted,2026-01-05T13:27:00Z
transactions-000599,TX-0000599,AC-00279,2026-01-05T13:38:00Z,refund,mobile,travel,USD,134.25,posted,2026-01-05T13:38:00Z
transactions-000600,TX-0000600,AC-00280,2026-01-05T13:49:00Z,debit,atm,services,USD,287.00,posted,2026-01-05T13:49:00Z
transactions-000601,TX-0000601,AC-00281,2026-01-05T14:00:00Z,credit,branch,travel,USD,169.00,posted,2026-01-05T14:00:00Z
transactions-000602,TX-0000602,AC-00282,2026-01-05T14:11:00Z,refund,branch,travel,USD,237.50,posted,2026-01-05T14:11:00Z
transactions-000603,TX-0000603,AC-00283,2026-01-05T14:22:00Z,refund,card,services,USD,165.50,posted,2026-01-05T14:22:00Z
transactions-000604,TX-0000604,AC-00284,2026-01-05T14:33:00Z,refund,mobile,utilities,USD,113.00,posted,2026-01-05T14:33:00Z
transactions-000605,TX-0000605,AC-00285,2026-01-05T14:44:00Z,debit,branch,services,USD,116.25,posted,2026-01-05T14:44:00Z
transactions-000606,TX-0000606,AC-00286,2026-01-05T14:55:00Z,debit,card,services,USD,219.50,posted,2026-01-05T14:55:00Z
transactions-000607,TX-0000607,AC-00287,2026-01-05T15:06:00Z,debit,atm,utilities,USD,33.25,posted,2026-01-05T15:06:00Z
transactions-000608,TX-0000608,AC-00288,2026-01-05T15:17:00Z,debit,atm,travel,USD,159.25,posted,2026-01-05T15:17:00Z
transactions-000609,TX-0000609,AC-00289,2026-01-05T15:28:00Z,credit,mobile,utilities,USD,246.25,posted,2026-01-05T15:28:00Z
transactions-000610,TX-0000610,AC-00290,2026-01-05T15:39:00Z,refund,branch,travel,USD,273.00,posted,2026-01-05T15:39:00Z
transactions-000611,TX-0000611,AC-00291,2026-01-05T15:50:00Z,credit,card,utilities,USD,185.25,posted,2026-01-05T15:50:00Z
transactions-000612,TX-0000612,AC-00292,2026-01-05T16:01:00Z,refund,atm,services,USD,280.25,posted,2026-01-05T16:01:00Z
transactions-000613,TX-0000613,AC-00293,2026-01-05T16:12:00Z,debit,card,grocery,USD,5.00,posted,2026-01-05T16:12:00Z
transactions-000614,TX-0000614,AC-00294,2026-01-05T16:23:00Z,credit,atm,travel,USD,173.50,posted,2026-01-05T16:23:00Z
transactions-000615,TX-0000615,AC-00295,2026-01-05T16:34:00Z,debit,mobile,travel,USD,44.75,posted,2026-01-05T16:34:00Z
transactions-000616,TX-0000616,AC-00296,2026-01-05T16:45:00Z,refund,card,services,USD,149.00,posted,2026-01-05T16:45:00Z
transactions-000617,TX-0000617,AC-00297,2026-01-05T16:56:00Z,credit,atm,grocery,USD,190.50,posted,2026-01-05T16:56:00Z
transactions-000618,TX-0000618,AC-00298,2026-01-05T17:07:00Z,refund,atm,travel,USD,44.50,posted,2026-01-05T17:07:00Z
transactions-000619,TX-0000619,AC-00299,2026-01-05T17:18:00Z,credit,atm,utilities,USD,197.25,posted,2026-01-05T17:18:00Z
transactions-000620,TX-0000620,AC-00300,2026-01-05T17:29:00Z,refund,mobile,grocery,USD,82.00,posted,2026-01-05T17:29:00Z
transactions-000621,TX-0000621,AC-00301,2026-01-05T17:40:00Z,debit,atm,travel,USD,198.00,posted,2026-01-05T17:40:00Z
transactions-000622,TX-0000622,AC-00302,2026-01-05T17:51:00Z,refund,mobile,grocery,USD,85.75,posted,2026-01-05T17:51:00Z
transactions-000623,TX-0000623,AC-00303,2026-01-05T18:02:00Z,credit,branch,services,USD,56.00,posted,2026-01-05T18:02:00Z
transactions-000624,TX-0000624,AC-00304,2026-01-05T18:13:00Z,credit,card,services,USD,208.50,posted,2026-01-05T18:13:00Z
transactions-000625,TX-0000625,AC-00305,2026-01-05T18:24:00Z,credit,atm,grocery,USD,21.25,posted,2026-01-05T18:24:00Z
transactions-000626,TX-0000626,AC-00306,2026-01-05T18:35:00Z,debit,card,travel,USD,232.25,posted,2026-01-05T18:35:00Z
transactions-000627,TX-0000627,AC-00307,2026-01-05T18:46:00Z,debit,branch,services,USD,257.50,posted,2026-01-05T18:46:00Z
transactions-000628,TX-0000628,AC-00308,2026-01-05T18:57:00Z,debit,card,grocery,USD,111.25,posted,2026-01-05T18:57:00Z
transactions-000629,TX-0000629,AC-00309,2026-01-05T19:08:00Z,credit,atm,utilities,USD,32.25,posted,2026-01-05T19:08:00Z
transactions-000630,TX-0000630,AC-00310,2026-01-05T19:19:00Z,credit,branch,services,USD,190.75,posted,2026-01-05T19:19:00Z
transactions-000631,TX-0000631,AC-00311,2026-01-05T19:30:00Z,refund,card,utilities,USD,149.25,posted,2026-01-05T19:30:00Z
transactions-000632,TX-0000632,AC-00312,2026-01-05T19:41:00Z,credit,card,utilities,USD,136.50,posted,2026-01-05T19:41:00Z
transactions-000633,TX-0000633,AC-00313,2026-01-05T19:52:00Z,credit,card,travel,USD,233.50,posted,2026-01-05T19:52:00Z
transactions-000634,TX-0000634,AC-00314,2026-01-05T20:03:00Z,debit,branch,travel,USD,25.25,posted,2026-01-05T20:03:00Z
transactions-000635,TX-0000635,AC-00315,2026-01-05T20:14:00Z,refund,mobile,grocery,USD,225.75,posted,2026-01-05T20:14:00Z
transactions-000636,TX-0000636,AC-00316,2026-01-05T20:25:00Z,debit,atm,utilities,USD,176.25,posted,2026-01-05T20:25:00Z
transactions-000637,TX-0000637,AC-00317,2026-01-05T20:36:00Z,refund,atm,travel,USD,178.75,posted,2026-01-05T20:36:00Z
transactions-000638,TX-0000638,AC-00318,2026-01-05T20:47:00Z,refund,branch,travel,USD,42.25,posted,2026-01-05T20:47:00Z
transactions-000639,TX-0000639,AC-00319,2026-01-05T20:58:00Z,refund,atm,utilities,USD,78.00,posted,2026-01-05T20:58:00Z
transactions-000640,TX-0000640,AC-00320,2026-01-05T21:09:00Z,debit,atm,grocery,USD,246.50,posted,2026-01-05T21:09:00Z
transactions-000641,TX-0000641,AC-00001,2026-01-05T21:20:00Z,refund,card,utilities,USD,247.00,posted,2026-01-05T21:20:00Z
transactions-000642,TX-0000642,AC-00002,2026-01-05T21:31:00Z,credit,branch,services,USD,212.50,posted,2026-01-05T21:31:00Z
transactions-000643,TX-0000643,AC-00003,2026-01-05T21:42:00Z,debit,branch,travel,USD,291.75,posted,2026-01-05T21:42:00Z
transactions-000644,TX-0000644,AC-00004,2026-01-05T21:53:00Z,credit,card,grocery,USD,48.50,posted,2026-01-05T21:53:00Z
transactions-000645,TX-0000645,AC-00005,2026-01-05T22:04:00Z,debit,atm,travel,USD,261.75,posted,2026-01-05T22:04:00Z
transactions-000646,TX-0000646,AC-00006,2026-01-05T22:15:00Z,refund,atm,travel,USD,242.00,posted,2026-01-05T22:15:00Z
transactions-000647,TX-0000647,AC-00007,2026-01-05T22:26:00Z,debit,card,services,USD,34.25,posted,2026-01-05T22:26:00Z
transactions-000648,TX-0000648,AC-00008,2026-01-05T22:37:00Z,debit,branch,grocery,USD,32.25,posted,2026-01-05T22:37:00Z
transactions-000649,TX-0000649,AC-00009,2026-01-05T22:48:00Z,debit,branch,travel,USD,129.25,posted,2026-01-05T22:48:00Z
transactions-000650,TX-0000650,AC-00010,2026-01-05T22:59:00Z,refund,atm,utilities,USD,169.00,posted,2026-01-05T22:59:00Z
transactions-000651,TX-0000651,AC-00011,2026-01-05T23:10:00Z,refund,atm,services,USD,73.25,posted,2026-01-05T23:10:00Z
transactions-000652,TX-0000652,AC-00012,2026-01-05T23:21:00Z,credit,branch,travel,USD,249.50,posted,2026-01-05T23:21:00Z
transactions-000653,TX-0000653,AC-00013,2026-01-05T23:32:00Z,credit,atm,utilities,USD,99.25,posted,2026-01-05T23:32:00Z
transactions-000654,TX-0000654,AC-00014,2026-01-05T23:43:00Z,refund,branch,grocery,USD,198.25,posted,2026-01-05T23:43:00Z
transactions-000655,TX-0000655,AC-00015,2026-01-05T23:54:00Z,debit,card,utilities,USD,249.00,posted,2026-01-05T23:54:00Z
transactions-000656,TX-0000656,AC-00016,2026-01-06T00:05:00Z,refund,mobile,travel,USD,205.75,posted,2026-01-06T00:05:00Z
transactions-000657,TX-0000657,AC-00017,2026-01-06T00:16:00Z,credit,branch,grocery,USD,218.75,posted,2026-01-06T00:16:00Z
transactions-000658,TX-0000658,AC-00018,2026-01-06T00:27:00Z,refund,atm,services,USD,214.25,posted,2026-01-06T00:27:00Z
transactions-000659,TX-0000659,AC-00019,2026-01-06T00:38:00Z,refund,mobile,services,USD,101.50,posted,2026-01-06T00:38:00Z
transactions-000660,TX-0000660,AC-00020,2026-01-06T00:49:00Z,refund,branch,travel,USD,233.75,posted,2026-01-06T00:49:00Z
transactions-000661,TX-0000661,AC-00021,2026-01-06T01:00:00Z,credit,card,utilities,USD,68.00,posted,2026-01-06T01:00:00Z
transactions-000662,TX-0000662,AC-00022,2026-01-06T01:11:00Z,refund,branch,services,USD,139.75,posted,2026-01-06T01:11:00Z
transactions-000663,TX-0000663,AC-00023,2026-01-06T01:22:00Z,debit,atm,services,USD,22.25,posted,2026-01-06T01:22:00Z
transactions-000664,TX-0000664,AC-00024,2026-01-06T01:33:00Z,credit,card,utilities,USD,274.50,posted,2026-01-06T01:33:00Z
transactions-000665,TX-0000665,AC-00025,2026-01-06T01:44:00Z,credit,mobile,travel,USD,95.00,posted,2026-01-06T01:44:00Z
transactions-000666,TX-0000666,AC-00026,2026-01-06T01:55:00Z,refund,mobile,utilities,USD,256.50,posted,2026-01-06T01:55:00Z
transactions-000667,TX-0000667,AC-00027,2026-01-06T02:06:00Z,credit,mobile,services,USD,86.00,posted,2026-01-06T02:06:00Z
transactions-000668,TX-0000668,AC-00028,2026-01-06T02:17:00Z,refund,card,services,USD,294.50,posted,2026-01-06T02:17:00Z
transactions-000669,TX-0000669,AC-00029,2026-01-06T02:28:00Z,credit,branch,utilities,USD,8.25,posted,2026-01-06T02:28:00Z
transactions-000670,TX-0000670,AC-00030,2026-01-06T02:39:00Z,refund,mobile,utilities,USD,102.25,posted,2026-01-06T02:39:00Z
transactions-000671,TX-0000671,AC-00031,2026-01-06T02:50:00Z,debit,branch,travel,USD,17.75,posted,2026-01-06T02:50:00Z
transactions-000672,TX-0000672,AC-00032,2026-01-06T03:01:00Z,refund,mobile,services,USD,132.50,posted,2026-01-06T03:01:00Z
transactions-000673,TX-0000673,AC-00033,2026-01-06T03:12:00Z,debit,card,travel,USD,98.25,posted,2026-01-06T03:12:00Z
transactions-000674,TX-0000674,AC-00034,2026-01-06T03:23:00Z,debit,card,travel,USD,194.00,posted,2026-01-06T03:23:00Z
transactions-000675,TX-0000675,AC-00035,2026-01-06T03:34:00Z,debit,atm,grocery,USD,11.75,posted,2026-01-06T03:34:00Z
transactions-000676,TX-0000676,AC-00036,2026-01-06T03:45:00Z,credit,branch,travel,USD,257.50,posted,2026-01-06T03:45:00Z
transactions-000677,TX-0000677,AC-00037,2026-01-06T03:56:00Z,debit,mobile,travel,USD,108.75,posted,2026-01-06T03:56:00Z
transactions-000678,TX-0000678,AC-00038,2026-01-06T04:07:00Z,debit,branch,travel,USD,163.00,posted,2026-01-06T04:07:00Z
transactions-000679,TX-0000679,AC-00039,2026-01-06T04:18:00Z,credit,mobile,grocery,USD,224.00,posted,2026-01-06T04:18:00Z
transactions-000680,TX-0000680,AC-00040,2026-01-06T04:29:00Z,refund,card,travel,USD,177.50,posted,2026-01-06T04:29:00Z
transactions-000681,TX-0000681,AC-00041,2026-01-06T04:40:00Z,credit,atm,services,USD,44.25,posted,2026-01-06T04:40:00Z
transactions-000682,TX-0000682,AC-00042,2026-01-06T04:51:00Z,refund,atm,utilities,USD,245.00,posted,2026-01-06T04:51:00Z
transactions-000683,TX-0000683,AC-00043,2026-01-06T05:02:00Z,debit,card,services,USD,123.00,posted,2026-01-06T05:02:00Z
transactions-000684,TX-0000684,AC-00044,2026-01-06T05:13:00Z,debit,atm,grocery,USD,261.00,posted,2026-01-06T05:13:00Z
transactions-000685,TX-0000685,AC-00045,2026-01-06T05:24:00Z,credit,mobile,services,USD,199.75,posted,2026-01-06T05:24:00Z
transactions-000686,TX-0000686,AC-00046,2026-01-06T05:35:00Z,credit,branch,utilities,USD,227.25,posted,2026-01-06T05:35:00Z
transactions-000687,TX-0000687,AC-00047,2026-01-06T05:46:00Z,refund,branch,utilities,USD,191.00,posted,2026-01-06T05:46:00Z
transactions-000688,TX-0000688,AC-00048,2026-01-06T05:57:00Z,credit,atm,travel,USD,11.00,posted,2026-01-06T05:57:00Z
transactions-000689,TX-0000689,AC-00049,2026-01-06T06:08:00Z,debit,mobile,grocery,USD,131.00,posted,2026-01-06T06:08:00Z
transactions-000690,TX-0000690,AC-00050,2026-01-06T06:19:00Z,debit,atm,travel,USD,50.75,posted,2026-01-06T06:19:00Z
transactions-000691,TX-0000691,AC-00051,2026-01-06T06:30:00Z,credit,branch,travel,USD,248.75,posted,2026-01-06T06:30:00Z
transactions-000692,TX-0000692,AC-00052,2026-01-06T06:41:00Z,credit,atm,grocery,USD,62.75,posted,2026-01-06T06:41:00Z
transactions-000693,TX-0000693,AC-00053,2026-01-06T06:52:00Z,credit,atm,utilities,USD,209.25,posted,2026-01-06T06:52:00Z
transactions-000694,TX-0000694,AC-00054,2026-01-06T07:03:00Z,refund,mobile,services,USD,269.75,posted,2026-01-06T07:03:00Z
transactions-000695,TX-0000695,AC-00055,2026-01-06T07:14:00Z,refund,branch,utilities,USD,189.50,posted,2026-01-06T07:14:00Z
transactions-000696,TX-0000696,AC-00056,2026-01-06T07:25:00Z,debit,card,travel,USD,113.75,posted,2026-01-06T07:25:00Z
transactions-000697,TX-0000697,AC-00057,2026-01-06T07:36:00Z,refund,branch,services,USD,249.75,posted,2026-01-06T07:36:00Z
transactions-000698,TX-0000698,AC-00058,2026-01-06T07:47:00Z,debit,mobile,grocery,USD,120.50,posted,2026-01-06T07:47:00Z
transactions-000699,TX-0000699,AC-00059,2026-01-06T07:58:00Z,refund,atm,travel,USD,251.50,posted,2026-01-06T07:58:00Z
transactions-000700,TX-0000700,AC-00060,2026-01-06T08:09:00Z,refund,atm,services,USD,180.50,posted,2026-01-06T08:09:00Z
transactions-000701,TX-0000701,AC-00061,2026-01-06T08:20:00Z,debit,atm,grocery,USD,6.00,posted,2026-01-06T08:20:00Z
transactions-000702,TX-0000702,AC-00062,2026-01-06T08:31:00Z,refund,mobile,grocery,USD,69.50,posted,2026-01-06T08:31:00Z
transactions-000703,TX-0000703,AC-00063,2026-01-06T08:42:00Z,credit,mobile,utilities,USD,201.50,posted,2026-01-06T08:42:00Z
transactions-000704,TX-0000704,AC-00064,2026-01-06T08:53:00Z,credit,atm,grocery,USD,229.75,posted,2026-01-06T08:53:00Z
transactions-000705,TX-0000705,AC-00065,2026-01-06T09:04:00Z,debit,branch,utilities,USD,124.50,posted,2026-01-06T09:04:00Z
transactions-000706,TX-0000706,AC-00066,2026-01-06T09:15:00Z,refund,atm,utilities,USD,26.50,posted,2026-01-06T09:15:00Z
transactions-000707,TX-0000707,AC-00067,2026-01-06T09:26:00Z,refund,atm,utilities,USD,101.75,posted,2026-01-06T09:26:00Z
transactions-000708,TX-0000708,AC-00068,2026-01-06T09:37:00Z,debit,branch,services,USD,149.50,posted,2026-01-06T09:37:00Z
transactions-000709,TX-0000709,AC-00069,2026-01-06T09:48:00Z,debit,atm,travel,USD,170.25,posted,2026-01-06T09:48:00Z
transactions-000710,TX-0000710,AC-00070,2026-01-06T09:59:00Z,refund,mobile,services,USD,133.00,posted,2026-01-06T09:59:00Z
transactions-000711,TX-0000711,AC-00071,2026-01-06T10:10:00Z,debit,mobile,grocery,USD,7.50,posted,2026-01-06T10:10:00Z
transactions-000712,TX-0000712,AC-00072,2026-01-06T10:21:00Z,debit,atm,utilities,USD,224.50,posted,2026-01-06T10:21:00Z
transactions-000713,TX-0000713,AC-00073,2026-01-06T10:32:00Z,debit,branch,travel,USD,299.50,posted,2026-01-06T10:32:00Z
transactions-000714,TX-0000714,AC-00074,2026-01-06T10:43:00Z,debit,atm,services,USD,151.00,posted,2026-01-06T10:43:00Z
transactions-000715,TX-0000715,AC-00075,2026-01-06T10:54:00Z,credit,branch,travel,USD,160.75,posted,2026-01-06T10:54:00Z
transactions-000716,TX-0000716,AC-00076,2026-01-06T11:05:00Z,debit,mobile,utilities,USD,297.00,posted,2026-01-06T11:05:00Z
transactions-000717,TX-0000717,AC-00077,2026-01-06T11:16:00Z,debit,atm,grocery,USD,226.50,posted,2026-01-06T11:16:00Z
transactions-000718,TX-0000718,AC-00078,2026-01-06T11:27:00Z,debit,branch,utilities,USD,122.75,posted,2026-01-06T11:27:00Z
transactions-000719,TX-0000719,AC-00079,2026-01-06T11:38:00Z,debit,atm,travel,USD,32.75,posted,2026-01-06T11:38:00Z
transactions-000720,TX-0000720,AC-00080,2026-01-06T11:49:00Z,debit,card,utilities,USD,128.50,posted,2026-01-06T11:49:00Z
transactions-000721,TX-0000721,AC-00081,2026-01-06T12:00:00Z,refund,card,grocery,USD,248.75,posted,2026-01-06T12:00:00Z
transactions-000722,TX-0000722,AC-00082,2026-01-06T12:11:00Z,credit,mobile,services,USD,60.00,posted,2026-01-06T12:11:00Z
transactions-000723,TX-0000723,AC-00083,2026-01-06T12:22:00Z,debit,atm,utilities,USD,6.50,posted,2026-01-06T12:22:00Z
transactions-000724,TX-0000724,AC-00084,2026-01-06T12:33:00Z,credit,atm,utilities,USD,208.00,posted,2026-01-06T12:33:00Z
transactions-000725,TX-0000725,AC-00085,2026-01-06T12:44:00Z,refund,atm,travel,USD,188.25,posted,2026-01-06T12:44:00Z
transactions-000726,TX-0000726,AC-00086,2026-01-06T12:55:00Z,credit,card,utilities,USD,44.75,posted,2026-01-06T12:55:00Z
transactions-000727,TX-0000727,AC-00087,2026-01-06T13:06:00Z,refund,mobile,travel,USD,179.00,posted,2026-01-06T13:06:00Z
transactions-000728,TX-0000728,AC-00088,2026-01-06T13:17:00Z,credit,branch,services,USD,71.25,posted,2026-01-06T13:17:00Z
transactions-000729,TX-0000729,AC-00089,2026-01-06T13:28:00Z,credit,atm,services,USD,61.75,posted,2026-01-06T13:28:00Z
transactions-000730,TX-0000730,AC-00090,2026-01-06T13:39:00Z,credit,card,services,USD,71.00,posted,2026-01-06T13:39:00Z
transactions-000731,TX-0000731,AC-00091,2026-01-06T13:50:00Z,credit,branch,travel,USD,193.25,posted,2026-01-06T13:50:00Z
transactions-000732,TX-0000732,AC-00092,2026-01-06T14:01:00Z,credit,branch,travel,USD,212.00,posted,2026-01-06T14:01:00Z
transactions-000733,TX-0000733,AC-00093,2026-01-06T14:12:00Z,refund,mobile,travel,USD,171.25,posted,2026-01-06T14:12:00Z
transactions-000734,TX-0000734,AC-00094,2026-01-06T14:23:00Z,debit,card,utilities,USD,283.75,posted,2026-01-06T14:23:00Z
transactions-000735,TX-0000735,AC-00095,2026-01-06T14:34:00Z,credit,card,services,USD,80.00,posted,2026-01-06T14:34:00Z
transactions-000736,TX-0000736,AC-00096,2026-01-06T14:45:00Z,debit,mobile,grocery,USD,168.00,posted,2026-01-06T14:45:00Z
transactions-000737,TX-0000737,AC-00097,2026-01-06T14:56:00Z,refund,atm,utilities,USD,273.50,posted,2026-01-06T14:56:00Z
transactions-000738,TX-0000738,AC-00098,2026-01-06T15:07:00Z,debit,mobile,travel,USD,247.00,posted,2026-01-06T15:07:00Z
transactions-000739,TX-0000739,AC-00099,2026-01-06T15:18:00Z,debit,card,travel,USD,89.25,posted,2026-01-06T15:18:00Z
transactions-000740,TX-0000740,AC-00100,2026-01-06T15:29:00Z,credit,branch,grocery,USD,149.25,posted,2026-01-06T15:29:00Z
transactions-000741,TX-0000741,AC-00101,2026-01-06T15:40:00Z,refund,atm,utilities,USD,92.00,posted,2026-01-06T15:40:00Z
transactions-000742,TX-0000742,AC-00102,2026-01-06T15:51:00Z,debit,branch,grocery,USD,119.75,posted,2026-01-06T15:51:00Z
transactions-000743,TX-0000743,AC-00103,2026-01-06T16:02:00Z,refund,branch,grocery,USD,64.25,posted,2026-01-06T16:02:00Z
transactions-000744,TX-0000744,AC-00104,2026-01-06T16:13:00Z,credit,branch,travel,USD,68.75,posted,2026-01-06T16:13:00Z
transactions-000745,TX-0000745,AC-00105,2026-01-06T16:24:00Z,debit,atm,travel,USD,7.75,posted,2026-01-06T16:24:00Z
transactions-000746,TX-0000746,AC-00106,2026-01-06T16:35:00Z,credit,mobile,travel,USD,276.00,posted,2026-01-06T16:35:00Z
transactions-000747,TX-0000747,AC-00107,2026-01-06T16:46:00Z,refund,mobile,utilities,USD,129.25,posted,2026-01-06T16:46:00Z
transactions-000748,TX-0000748,AC-00108,2026-01-06T16:57:00Z,refund,card,services,USD,47.75,posted,2026-01-06T16:57:00Z
transactions-000749,TX-0000749,AC-00109,2026-01-06T17:08:00Z,debit,branch,grocery,USD,205.75,posted,2026-01-06T17:08:00Z
transactions-000750,TX-0000750,AC-00110,2026-01-06T17:19:00Z,refund,atm,travel,USD,74.00,posted,2026-01-06T17:19:00Z
transactions-000751,TX-0000751,AC-00111,2026-01-06T17:30:00Z,refund,card,utilities,USD,167.00,posted,2026-01-06T17:30:00Z
transactions-000752,TX-0000752,AC-00112,2026-01-06T17:41:00Z,refund,branch,grocery,USD,170.75,posted,2026-01-06T17:41:00Z
transactions-000753,TX-0000753,AC-00113,2026-01-06T17:52:00Z,refund,card,travel,USD,150.00,posted,2026-01-06T17:52:00Z
transactions-000754,TX-0000754,AC-00114,2026-01-06T18:03:00Z,debit,branch,grocery,USD,20.50,posted,2026-01-06T18:03:00Z
transactions-000755,TX-0000755,AC-00115,2026-01-06T18:14:00Z,credit,card,services,USD,6.00,posted,2026-01-06T18:14:00Z
transactions-000756,TX-0000756,AC-00116,2026-01-06T18:25:00Z,debit,card,grocery,USD,276.00,posted,2026-01-06T18:25:00Z
transactions-000757,TX-0000757,AC-00117,2026-01-06T18:36:00Z,credit,card,services,USD,36.75,posted,2026-01-06T18:36:00Z
transactions-000758,TX-0000758,AC-00118,2026-01-06T18:47:00Z,debit,mobile,grocery,USD,194.25,posted,2026-01-06T18:47:00Z
transactions-000759,TX-0000759,AC-00119,2026-01-06T18:58:00Z,credit,atm,utilities,USD,273.50,posted,2026-01-06T18:58:00Z
transactions-000760,TX-0000760,AC-00120,2026-01-06T19:09:00Z,debit,atm,travel,USD,79.25,posted,2026-01-06T19:09:00Z
transactions-000761,TX-0000761,AC-00121,2026-01-06T19:20:00Z,debit,atm,travel,USD,277.00,posted,2026-01-06T19:20:00Z
transactions-000762,TX-0000762,AC-00122,2026-01-06T19:31:00Z,debit,card,grocery,USD,2.75,posted,2026-01-06T19:31:00Z
transactions-000763,TX-0000763,AC-00123,2026-01-06T19:42:00Z,credit,card,grocery,USD,274.75,posted,2026-01-06T19:42:00Z
transactions-000764,TX-0000764,AC-00124,2026-01-06T19:53:00Z,debit,mobile,utilities,USD,37.50,posted,2026-01-06T19:53:00Z
transactions-000765,TX-0000765,AC-00125,2026-01-06T20:04:00Z,debit,card,utilities,USD,122.00,posted,2026-01-06T20:04:00Z
transactions-000766,TX-0000766,AC-00126,2026-01-06T20:15:00Z,refund,card,utilities,USD,198.25,posted,2026-01-06T20:15:00Z
transactions-000767,TX-0000767,AC-00127,2026-01-06T20:26:00Z,credit,atm,utilities,USD,247.00,posted,2026-01-06T20:26:00Z
transactions-000768,TX-0000768,AC-00128,2026-01-06T20:37:00Z,credit,mobile,utilities,USD,83.75,posted,2026-01-06T20:37:00Z
transactions-000769,TX-0000769,AC-00129,2026-01-06T20:48:00Z,credit,branch,grocery,USD,224.50,posted,2026-01-06T20:48:00Z
transactions-000770,TX-0000770,AC-00130,2026-01-06T20:59:00Z,refund,mobile,grocery,USD,92.50,posted,2026-01-06T20:59:00Z
transactions-000771,TX-0000771,AC-00131,2026-01-06T21:10:00Z,credit,branch,utilities,USD,11.25,posted,2026-01-06T21:10:00Z
transactions-000772,TX-0000772,AC-00132,2026-01-06T21:21:00Z,credit,branch,services,USD,276.50,posted,2026-01-06T21:21:00Z
transactions-000773,TX-0000773,AC-00133,2026-01-06T21:32:00Z,debit,atm,grocery,USD,199.00,posted,2026-01-06T21:32:00Z
transactions-000774,TX-0000774,AC-00134,2026-01-06T21:43:00Z,refund,atm,utilities,USD,228.50,posted,2026-01-06T21:43:00Z
transactions-000775,TX-0000775,AC-00135,2026-01-06T21:54:00Z,refund,branch,grocery,USD,105.50,posted,2026-01-06T21:54:00Z
transactions-000776,TX-0000776,AC-00136,2026-01-06T22:05:00Z,credit,branch,services,USD,106.00,posted,2026-01-06T22:05:00Z
transactions-000777,TX-0000777,AC-00137,2026-01-06T22:16:00Z,debit,card,services,USD,57.25,posted,2026-01-06T22:16:00Z
transactions-000778,TX-0000778,AC-00138,2026-01-06T22:27:00Z,debit,branch,grocery,USD,268.25,posted,2026-01-06T22:27:00Z
transactions-000779,TX-0000779,AC-00139,2026-01-06T22:38:00Z,refund,mobile,services,USD,14.50,posted,2026-01-06T22:38:00Z
transactions-000780,TX-0000780,AC-00140,2026-01-06T22:49:00Z,debit,card,utilities,USD,145.50,posted,2026-01-06T22:49:00Z
transactions-000781,TX-0000781,AC-00141,2026-01-06T23:00:00Z,refund,mobile,utilities,USD,97.25,posted,2026-01-06T23:00:00Z
transactions-000782,TX-0000782,AC-00142,2026-01-06T23:11:00Z,debit,mobile,grocery,USD,120.00,posted,2026-01-06T23:11:00Z
transactions-000783,TX-0000783,AC-00143,2026-01-06T23:22:00Z,credit,atm,grocery,USD,141.50,posted,2026-01-06T23:22:00Z
transactions-000784,TX-0000784,AC-00144,2026-01-06T23:33:00Z,debit,mobile,travel,USD,27.00,posted,2026-01-06T23:33:00Z
transactions-000785,TX-0000785,AC-00145,2026-01-06T23:44:00Z,debit,card,services,USD,140.25,posted,2026-01-06T23:44:00Z
transactions-000786,TX-0000786,AC-00146,2026-01-06T23:55:00Z,credit,mobile,utilities,USD,152.25,posted,2026-01-06T23:55:00Z
transactions-000787,TX-0000787,AC-00147,2026-01-07T00:06:00Z,debit,mobile,grocery,USD,292.25,posted,2026-01-07T00:06:00Z
transactions-000788,TX-0000788,AC-00148,2026-01-07T00:17:00Z,refund,mobile,grocery,USD,119.25,posted,2026-01-07T00:17:00Z
transactions-000789,TX-0000789,AC-00149,2026-01-07T00:28:00Z,credit,branch,services,USD,261.75,posted,2026-01-07T00:28:00Z
transactions-000790,TX-0000790,AC-00150,2026-01-07T00:39:00Z,credit,branch,services,USD,204.75,posted,2026-01-07T00:39:00Z
transactions-000791,TX-0000791,AC-00151,2026-01-07T00:50:00Z,credit,branch,grocery,USD,81.50,posted,2026-01-07T00:50:00Z
transactions-000792,TX-0000792,AC-00152,2026-01-07T01:01:00Z,credit,mobile,grocery,USD,1.50,posted,2026-01-07T01:01:00Z
transactions-000793,TX-0000793,AC-00153,2026-01-07T01:12:00Z,debit,branch,grocery,USD,236.75,posted,2026-01-07T01:12:00Z
transactions-000794,TX-0000794,AC-00154,2026-01-07T01:23:00Z,credit,branch,services,USD,28.50,posted,2026-01-07T01:23:00Z
transactions-000795,TX-0000795,AC-00155,2026-01-07T01:34:00Z,credit,branch,travel,USD,238.50,posted,2026-01-07T01:34:00Z
transactions-000796,TX-0000796,AC-00156,2026-01-07T01:45:00Z,credit,card,grocery,USD,15.50,posted,2026-01-07T01:45:00Z
transactions-000797,TX-0000797,AC-00157,2026-01-07T01:56:00Z,refund,branch,grocery,USD,104.25,posted,2026-01-07T01:56:00Z
transactions-000798,TX-0000798,AC-00158,2026-01-07T02:07:00Z,debit,card,travel,USD,242.25,posted,2026-01-07T02:07:00Z
transactions-000799,TX-0000799,AC-00159,2026-01-07T02:18:00Z,debit,card,travel,USD,138.75,posted,2026-01-07T02:18:00Z
transactions-000800,TX-0000800,AC-00160,2026-01-07T02:29:00Z,debit,mobile,travel,USD,40.25,posted,2026-01-07T02:29:00Z
transactions-000801,TX-0000801,AC-00161,2026-01-07T02:40:00Z,debit,card,services,USD,17.00,posted,2026-01-07T02:40:00Z
transactions-000802,TX-0000802,AC-00162,2026-01-07T02:51:00Z,credit,mobile,travel,USD,276.00,posted,2026-01-07T02:51:00Z
transactions-000803,TX-0000803,AC-00163,2026-01-07T03:02:00Z,debit,atm,utilities,USD,26.50,posted,2026-01-07T03:02:00Z
transactions-000804,TX-0000804,AC-00164,2026-01-07T03:13:00Z,refund,branch,services,USD,193.25,posted,2026-01-07T03:13:00Z
transactions-000805,TX-0000805,AC-00165,2026-01-07T03:24:00Z,debit,card,travel,USD,294.00,posted,2026-01-07T03:24:00Z
transactions-000806,TX-0000806,AC-00166,2026-01-07T03:35:00Z,refund,card,travel,USD,71.00,posted,2026-01-07T03:35:00Z
transactions-000807,TX-0000807,AC-00167,2026-01-07T03:46:00Z,credit,branch,travel,USD,156.00,posted,2026-01-07T03:46:00Z
transactions-000808,TX-0000808,AC-00168,2026-01-07T03:57:00Z,debit,branch,services,USD,25.00,posted,2026-01-07T03:57:00Z
transactions-000809,TX-0000809,AC-00169,2026-01-07T04:08:00Z,debit,mobile,travel,USD,283.50,posted,2026-01-07T04:08:00Z
transactions-000810,TX-0000810,AC-00170,2026-01-07T04:19:00Z,credit,mobile,travel,USD,269.50,posted,2026-01-07T04:19:00Z
transactions-000811,TX-0000811,AC-00171,2026-01-07T04:30:00Z,credit,mobile,travel,USD,238.75,posted,2026-01-07T04:30:00Z
transactions-000812,TX-0000812,AC-00172,2026-01-07T04:41:00Z,credit,atm,services,USD,261.50,posted,2026-01-07T04:41:00Z
transactions-000813,TX-0000813,AC-00173,2026-01-07T04:52:00Z,refund,branch,utilities,USD,131.00,posted,2026-01-07T04:52:00Z
transactions-000814,TX-0000814,AC-00174,2026-01-07T05:03:00Z,debit,branch,utilities,USD,265.50,posted,2026-01-07T05:03:00Z
transactions-000815,TX-0000815,AC-00175,2026-01-07T05:14:00Z,debit,mobile,utilities,USD,274.25,posted,2026-01-07T05:14:00Z
transactions-000816,TX-0000816,AC-00176,2026-01-07T05:25:00Z,refund,atm,services,USD,40.50,posted,2026-01-07T05:25:00Z
transactions-000817,TX-0000817,AC-00177,2026-01-07T05:36:00Z,credit,card,grocery,USD,261.25,posted,2026-01-07T05:36:00Z
transactions-000818,TX-0000818,AC-00178,2026-01-07T05:47:00Z,credit,branch,utilities,USD,41.50,posted,2026-01-07T05:47:00Z
transactions-000819,TX-0000819,AC-00179,2026-01-07T05:58:00Z,refund,mobile,utilities,USD,35.50,posted,2026-01-07T05:58:00Z
transactions-000820,TX-0000820,AC-00180,2026-01-07T06:09:00Z,debit,card,services,USD,216.00,posted,2026-01-07T06:09:00Z
transactions-000821,TX-0000821,AC-00181,2026-01-07T06:20:00Z,credit,atm,services,USD,253.00,posted,2026-01-07T06:20:00Z
transactions-000822,TX-0000822,AC-00182,2026-01-07T06:31:00Z,refund,branch,utilities,USD,9.25,posted,2026-01-07T06:31:00Z
transactions-000823,TX-0000823,AC-00183,2026-01-07T06:42:00Z,credit,branch,services,USD,137.75,posted,2026-01-07T06:42:00Z
transactions-000824,TX-0000824,AC-00184,2026-01-07T06:53:00Z,credit,atm,travel,USD,4.75,posted,2026-01-07T06:53:00Z
transactions-000825,TX-0000825,AC-00185,2026-01-07T07:04:00Z,debit,mobile,grocery,USD,96.00,posted,2026-01-07T07:04:00Z
transactions-000826,TX-0000826,AC-00186,2026-01-07T07:15:00Z,debit,atm,travel,USD,132.75,posted,2026-01-07T07:15:00Z
transactions-000827,TX-0000827,AC-00187,2026-01-07T07:26:00Z,debit,atm,grocery,USD,62.75,posted,2026-01-07T07:26:00Z
transactions-000828,TX-0000828,AC-00188,2026-01-07T07:37:00Z,debit,atm,grocery,USD,115.25,posted,2026-01-07T07:37:00Z
transactions-000829,TX-0000829,AC-00189,2026-01-07T07:48:00Z,refund,branch,services,USD,214.75,posted,2026-01-07T07:48:00Z
transactions-000830,TX-0000830,AC-00190,2026-01-07T07:59:00Z,refund,branch,travel,USD,12.00,posted,2026-01-07T07:59:00Z
transactions-000831,TX-0000831,AC-00191,2026-01-07T08:10:00Z,refund,atm,travel,USD,150.50,posted,2026-01-07T08:10:00Z
transactions-000832,TX-0000832,AC-00192,2026-01-07T08:21:00Z,debit,card,utilities,USD,187.00,posted,2026-01-07T08:21:00Z
transactions-000833,TX-0000833,AC-00193,2026-01-07T08:32:00Z,debit,card,travel,USD,272.00,posted,2026-01-07T08:32:00Z
transactions-000834,TX-0000834,AC-00194,2026-01-07T08:43:00Z,refund,branch,utilities,USD,9.75,posted,2026-01-07T08:43:00Z
transactions-000835,TX-0000835,AC-00195,2026-01-07T08:54:00Z,refund,atm,services,USD,79.00,posted,2026-01-07T08:54:00Z
transactions-000836,TX-0000836,AC-00196,2026-01-07T09:05:00Z,credit,atm,utilities,USD,36.75,posted,2026-01-07T09:05:00Z
transactions-000837,TX-0000837,AC-00197,2026-01-07T09:16:00Z,debit,branch,travel,USD,10.00,posted,2026-01-07T09:16:00Z
transactions-000838,TX-0000838,AC-00198,2026-01-07T09:27:00Z,debit,branch,utilities,USD,101.75,posted,2026-01-07T09:27:00Z
transactions-000839,TX-0000839,AC-00199,2026-01-07T09:38:00Z,debit,mobile,travel,USD,150.75,posted,2026-01-07T09:38:00Z
transactions-000840,TX-0000840,AC-00200,2026-01-07T09:49:00Z,refund,mobile,grocery,USD,194.50,posted,2026-01-07T09:49:00Z
transactions-000841,TX-0000841,AC-00201,2026-01-07T10:00:00Z,debit,card,services,USD,86.50,posted,2026-01-07T10:00:00Z
transactions-000842,TX-0000842,AC-00202,2026-01-07T10:11:00Z,credit,card,travel,USD,226.50,posted,2026-01-07T10:11:00Z
transactions-000843,TX-0000843,AC-00203,2026-01-07T10:22:00Z,refund,card,services,USD,15.25,posted,2026-01-07T10:22:00Z
transactions-000844,TX-0000844,AC-00204,2026-01-07T10:33:00Z,debit,card,travel,USD,31.75,posted,2026-01-07T10:33:00Z
transactions-000845,TX-0000845,AC-00205,2026-01-07T10:44:00Z,debit,branch,utilities,USD,278.75,posted,2026-01-07T10:44:00Z
transactions-000846,TX-0000846,AC-00206,2026-01-07T10:55:00Z,credit,atm,utilities,USD,41.25,posted,2026-01-07T10:55:00Z
transactions-000847,TX-0000847,AC-00207,2026-01-07T11:06:00Z,debit,branch,utilities,USD,185.50,posted,2026-01-07T11:06:00Z
transactions-000848,TX-0000848,AC-00208,2026-01-07T11:17:00Z,credit,mobile,services,USD,115.00,posted,2026-01-07T11:17:00Z
transactions-000849,TX-0000849,AC-00209,2026-01-07T11:28:00Z,refund,card,travel,USD,163.50,posted,2026-01-07T11:28:00Z
transactions-000850,TX-0000850,AC-00210,2026-01-07T11:39:00Z,refund,atm,services,USD,36.75,posted,2026-01-07T11:39:00Z
transactions-000851,TX-0000851,AC-00211,2026-01-07T11:50:00Z,credit,mobile,grocery,USD,173.50,posted,2026-01-07T11:50:00Z
transactions-000852,TX-0000852,AC-00212,2026-01-07T12:01:00Z,refund,atm,services,USD,82.75,posted,2026-01-07T12:01:00Z
transactions-000853,TX-0000853,AC-00213,2026-01-07T12:12:00Z,credit,branch,grocery,USD,86.25,posted,2026-01-07T12:12:00Z
transactions-000854,TX-0000854,AC-00214,2026-01-07T12:23:00Z,refund,card,services,USD,4.00,posted,2026-01-07T12:23:00Z
transactions-000855,TX-0000855,AC-00215,2026-01-07T12:34:00Z,credit,card,travel,USD,48.00,posted,2026-01-07T12:34:00Z
transactions-000856,TX-0000856,AC-00216,2026-01-07T12:45:00Z,refund,branch,grocery,USD,232.00,posted,2026-01-07T12:45:00Z
transactions-000857,TX-0000857,AC-00217,2026-01-07T12:56:00Z,refund,mobile,utilities,USD,148.00,posted,2026-01-07T12:56:00Z
transactions-000858,TX-0000858,AC-00218,2026-01-07T13:07:00Z,debit,mobile,services,USD,139.50,posted,2026-01-07T13:07:00Z
transactions-000859,TX-0000859,AC-00219,2026-01-07T13:18:00Z,credit,mobile,services,USD,269.25,posted,2026-01-07T13:18:00Z
transactions-000860,TX-0000860,AC-00220,2026-01-07T13:29:00Z,credit,mobile,utilities,USD,171.75,posted,2026-01-07T13:29:00Z
transactions-000861,TX-0000861,AC-00221,2026-01-07T13:40:00Z,debit,branch,services,USD,251.50,posted,2026-01-07T13:40:00Z
transactions-000862,TX-0000862,AC-00222,2026-01-07T13:51:00Z,credit,card,travel,USD,248.00,posted,2026-01-07T13:51:00Z
transactions-000863,TX-0000863,AC-00223,2026-01-07T14:02:00Z,debit,mobile,grocery,USD,244.50,posted,2026-01-07T14:02:00Z
transactions-000864,TX-0000864,AC-00224,2026-01-07T14:13:00Z,refund,atm,grocery,USD,144.25,posted,2026-01-07T14:13:00Z
transactions-000865,TX-0000865,AC-00225,2026-01-07T14:24:00Z,debit,branch,travel,USD,51.00,posted,2026-01-07T14:24:00Z
transactions-000866,TX-0000866,AC-00226,2026-01-07T14:35:00Z,refund,atm,utilities,USD,190.25,posted,2026-01-07T14:35:00Z
transactions-000867,TX-0000867,AC-00227,2026-01-07T14:46:00Z,debit,branch,grocery,USD,192.50,posted,2026-01-07T14:46:00Z
transactions-000868,TX-0000868,AC-00228,2026-01-07T14:57:00Z,debit,mobile,services,USD,66.75,posted,2026-01-07T14:57:00Z
transactions-000869,TX-0000869,AC-00229,2026-01-07T15:08:00Z,refund,atm,services,USD,229.75,posted,2026-01-07T15:08:00Z
transactions-000870,TX-0000870,AC-00230,2026-01-07T15:19:00Z,credit,card,utilities,USD,82.25,posted,2026-01-07T15:19:00Z
transactions-000871,TX-0000871,AC-00231,2026-01-07T15:30:00Z,refund,atm,travel,USD,168.75,posted,2026-01-07T15:30:00Z
transactions-000872,TX-0000872,AC-00232,2026-01-07T15:41:00Z,debit,mobile,travel,USD,216.25,posted,2026-01-07T15:41:00Z
transactions-000873,TX-0000873,AC-00233,2026-01-07T15:52:00Z,refund,card,travel,USD,147.25,posted,2026-01-07T15:52:00Z
transactions-000874,TX-0000874,AC-00234,2026-01-07T16:03:00Z,debit,branch,utilities,USD,81.50,posted,2026-01-07T16:03:00Z
transactions-000875,TX-0000875,AC-00235,2026-01-07T16:14:00Z,credit,mobile,grocery,USD,158.50,posted,2026-01-07T16:14:00Z
transactions-000876,TX-0000876,AC-00236,2026-01-07T16:25:00Z,refund,atm,utilities,USD,256.75,posted,2026-01-07T16:25:00Z
transactions-000877,TX-0000877,AC-00237,2026-01-07T16:36:00Z,refund,card,utilities,USD,2.25,posted,2026-01-07T16:36:00Z
transactions-000878,TX-0000878,AC-00238,2026-01-07T16:47:00Z,refund,card,grocery,USD,208.50,posted,2026-01-07T16:47:00Z
transactions-000879,TX-0000879,AC-00239,2026-01-07T16:58:00Z,credit,atm,utilities,USD,131.50,posted,2026-01-07T16:58:00Z
transactions-000880,TX-0000880,AC-00240,2026-01-07T17:09:00Z,refund,atm,grocery,USD,254.75,posted,2026-01-07T17:09:00Z
transactions-000881,TX-0000881,AC-00241,2026-01-07T17:20:00Z,refund,branch,grocery,USD,250.75,posted,2026-01-07T17:20:00Z
transactions-000882,TX-0000882,AC-00242,2026-01-07T17:31:00Z,debit,card,travel,USD,26.00,posted,2026-01-07T17:31:00Z
transactions-000883,TX-0000883,AC-00243,2026-01-07T17:42:00Z,debit,branch,travel,USD,152.00,posted,2026-01-07T17:42:00Z
transactions-000884,TX-0000884,AC-00244,2026-01-07T17:53:00Z,credit,branch,travel,USD,221.75,posted,2026-01-07T17:53:00Z
transactions-000885,TX-0000885,AC-00245,2026-01-07T18:04:00Z,credit,card,travel,USD,129.50,posted,2026-01-07T18:04:00Z
transactions-000886,TX-0000886,AC-00246,2026-01-07T18:15:00Z,debit,branch,services,USD,126.50,posted,2026-01-07T18:15:00Z
transactions-000887,TX-0000887,AC-00247,2026-01-07T18:26:00Z,debit,mobile,utilities,USD,267.25,posted,2026-01-07T18:26:00Z
transactions-000888,TX-0000888,AC-00248,2026-01-07T18:37:00Z,refund,branch,services,USD,60.00,posted,2026-01-07T18:37:00Z
transactions-000889,TX-0000889,AC-00249,2026-01-07T18:48:00Z,debit,branch,services,USD,223.25,posted,2026-01-07T18:48:00Z
transactions-000890,TX-0000890,AC-00250,2026-01-07T18:59:00Z,credit,branch,travel,USD,264.50,posted,2026-01-07T18:59:00Z
transactions-000891,TX-0000891,AC-00251,2026-01-07T19:10:00Z,debit,mobile,services,USD,52.50,posted,2026-01-07T19:10:00Z
transactions-000892,TX-0000892,AC-00252,2026-01-07T19:21:00Z,refund,mobile,services,USD,249.25,posted,2026-01-07T19:21:00Z
transactions-000893,TX-0000893,AC-00253,2026-01-07T19:32:00Z,credit,mobile,travel,USD,43.50,posted,2026-01-07T19:32:00Z
transactions-000894,TX-0000894,AC-00254,2026-01-07T19:43:00Z,refund,branch,utilities,USD,53.00,posted,2026-01-07T19:43:00Z
transactions-000895,TX-0000895,AC-00255,2026-01-07T19:54:00Z,refund,mobile,grocery,USD,13.75,posted,2026-01-07T19:54:00Z
transactions-000896,TX-0000896,AC-00256,2026-01-07T20:05:00Z,debit,branch,services,USD,194.00,posted,2026-01-07T20:05:00Z
transactions-000897,TX-0000897,AC-00257,2026-01-07T20:16:00Z,credit,atm,services,USD,267.75,posted,2026-01-07T20:16:00Z
transactions-000898,TX-0000898,AC-00258,2026-01-07T20:27:00Z,credit,card,utilities,USD,265.50,posted,2026-01-07T20:27:00Z
transactions-000899,TX-0000899,AC-00259,2026-01-07T20:38:00Z,debit,branch,utilities,USD,208.25,posted,2026-01-07T20:38:00Z
transactions-000900,TX-0000900,AC-00260,2026-01-07T20:49:00Z,debit,atm,travel,USD,297.00,posted,2026-01-07T20:49:00Z
transactions-000901,TX-0000901,AC-00261,2026-01-07T21:00:00Z,refund,branch,grocery,USD,45.00,posted,2026-01-07T21:00:00Z
transactions-000902,TX-0000902,AC-00262,2026-01-07T21:11:00Z,debit,mobile,grocery,USD,240.75,posted,2026-01-07T21:11:00Z
transactions-000903,TX-0000903,AC-00263,2026-01-07T21:22:00Z,debit,card,grocery,USD,193.75,posted,2026-01-07T21:22:00Z
transactions-000904,TX-0000904,AC-00264,2026-01-07T21:33:00Z,debit,mobile,grocery,USD,96.75,posted,2026-01-07T21:33:00Z
transactions-000905,TX-0000905,AC-00265,2026-01-07T21:44:00Z,debit,mobile,grocery,USD,69.00,posted,2026-01-07T21:44:00Z
transactions-000906,TX-0000906,AC-00266,2026-01-07T21:55:00Z,credit,mobile,grocery,USD,111.25,posted,2026-01-07T21:55:00Z
transactions-000907,TX-0000907,AC-00267,2026-01-07T22:06:00Z,refund,mobile,utilities,USD,203.00,posted,2026-01-07T22:06:00Z
transactions-000908,TX-0000908,AC-00268,2026-01-07T22:17:00Z,refund,mobile,utilities,USD,202.25,posted,2026-01-07T22:17:00Z
transactions-000909,TX-0000909,AC-00269,2026-01-07T22:28:00Z,refund,mobile,travel,USD,83.50,posted,2026-01-07T22:28:00Z
transactions-000910,TX-0000910,AC-00270,2026-01-07T22:39:00Z,debit,card,services,USD,135.50,posted,2026-01-07T22:39:00Z
transactions-000911,TX-0000911,AC-00271,2026-01-07T22:50:00Z,credit,branch,travel,USD,226.50,posted,2026-01-07T22:50:00Z
transactions-000912,TX-0000912,AC-00272,2026-01-07T23:01:00Z,debit,atm,services,USD,145.50,posted,2026-01-07T23:01:00Z
transactions-000913,TX-0000913,AC-00273,2026-01-07T23:12:00Z,credit,card,travel,USD,9.75,posted,2026-01-07T23:12:00Z
transactions-000914,TX-0000914,AC-00274,2026-01-07T23:23:00Z,credit,atm,services,USD,186.50,posted,2026-01-07T23:23:00Z
transactions-000915,TX-0000915,AC-00275,2026-01-07T23:34:00Z,credit,atm,grocery,USD,34.75,posted,2026-01-07T23:34:00Z
transactions-000916,TX-0000916,AC-00276,2026-01-07T23:45:00Z,refund,card,services,USD,150.75,posted,2026-01-07T23:45:00Z
transactions-000917,TX-0000917,AC-00277,2026-01-07T23:56:00Z,debit,card,travel,USD,108.75,posted,2026-01-07T23:56:00Z
transactions-000918,TX-0000918,AC-00278,2026-01-08T00:07:00Z,debit,mobile,utilities,USD,96.25,posted,2026-01-08T00:07:00Z
transactions-000919,TX-0000919,AC-00279,2026-01-08T00:18:00Z,credit,card,utilities,USD,211.00,posted,2026-01-08T00:18:00Z
transactions-000920,TX-0000920,AC-00280,2026-01-08T00:29:00Z,debit,mobile,grocery,USD,130.50,posted,2026-01-08T00:29:00Z
transactions-000921,TX-0000921,AC-00281,2026-01-08T00:40:00Z,debit,mobile,utilities,USD,200.50,posted,2026-01-08T00:40:00Z
transactions-000922,TX-0000922,AC-00282,2026-01-08T00:51:00Z,credit,atm,travel,USD,239.75,posted,2026-01-08T00:51:00Z
transactions-000923,TX-0000923,AC-00283,2026-01-08T01:02:00Z,debit,mobile,grocery,USD,37.50,posted,2026-01-08T01:02:00Z
transactions-000924,TX-0000924,AC-00284,2026-01-08T01:13:00Z,debit,mobile,services,USD,200.50,posted,2026-01-08T01:13:00Z
transactions-000925,TX-0000925,AC-00285,2026-01-08T01:24:00Z,debit,mobile,grocery,USD,176.50,posted,2026-01-08T01:24:00Z
transactions-000926,TX-0000926,AC-00286,2026-01-08T01:35:00Z,refund,branch,services,USD,188.50,posted,2026-01-08T01:35:00Z
transactions-000927,TX-0000927,AC-00287,2026-01-08T01:46:00Z,debit,card,travel,USD,197.50,posted,2026-01-08T01:46:00Z
transactions-000928,TX-0000928,AC-00288,2026-01-08T01:57:00Z,refund,mobile,grocery,USD,207.25,posted,2026-01-08T01:57:00Z
transactions-000929,TX-0000929,AC-00289,2026-01-08T02:08:00Z,debit,card,services,USD,18.50,posted,2026-01-08T02:08:00Z
transactions-000930,TX-0000930,AC-00290,2026-01-08T02:19:00Z,refund,atm,services,USD,81.50,posted,2026-01-08T02:19:00Z
transactions-000931,TX-0000931,AC-00291,2026-01-08T02:30:00Z,refund,card,utilities,USD,37.25,posted,2026-01-08T02:30:00Z
transactions-000932,TX-0000932,AC-00292,2026-01-08T02:41:00Z,debit,branch,services,USD,291.75,posted,2026-01-08T02:41:00Z
transactions-000933,TX-0000933,AC-00293,2026-01-08T02:52:00Z,credit,atm,services,USD,292.50,posted,2026-01-08T02:52:00Z
transactions-000934,TX-0000934,AC-00294,2026-01-08T03:03:00Z,credit,atm,travel,USD,231.00,posted,2026-01-08T03:03:00Z
transactions-000935,TX-0000935,AC-00295,2026-01-08T03:14:00Z,debit,atm,grocery,USD,261.25,posted,2026-01-08T03:14:00Z
transactions-000936,TX-0000936,AC-00296,2026-01-08T03:25:00Z,credit,atm,grocery,USD,112.25,posted,2026-01-08T03:25:00Z
transactions-000937,TX-0000937,AC-00297,2026-01-08T03:36:00Z,debit,card,travel,USD,273.50,posted,2026-01-08T03:36:00Z
transactions-000938,TX-0000938,AC-00298,2026-01-08T03:47:00Z,credit,branch,services,USD,88.75,posted,2026-01-08T03:47:00Z
transactions-000939,TX-0000939,AC-00299,2026-01-08T03:58:00Z,credit,mobile,services,USD,37.75,posted,2026-01-08T03:58:00Z
transactions-000940,TX-0000940,AC-00300,2026-01-08T04:09:00Z,debit,branch,travel,USD,242.75,posted,2026-01-08T04:09:00Z
transactions-000941,TX-0000941,AC-00301,2026-01-08T04:20:00Z,debit,branch,travel,USD,92.25,posted,2026-01-08T04:20:00Z
transactions-000942,TX-0000942,AC-00302,2026-01-08T04:31:00Z,credit,atm,travel,USD,62.50,posted,2026-01-08T04:31:00Z
transactions-000943,TX-0000943,AC-00303,2026-01-08T04:42:00Z,refund,atm,utilities,USD,196.25,posted,2026-01-08T04:42:00Z
transactions-000944,TX-0000944,AC-00304,2026-01-08T04:53:00Z,debit,mobile,utilities,USD,23.25,posted,2026-01-08T04:53:00Z
transactions-000945,TX-0000945,AC-00305,2026-01-08T05:04:00Z,debit,branch,utilities,USD,251.50,posted,2026-01-08T05:04:00Z
transactions-000946,TX-0000946,AC-00306,2026-01-08T05:15:00Z,debit,mobile,grocery,USD,11.25,posted,2026-01-08T05:15:00Z
transactions-000947,TX-0000947,AC-00307,2026-01-08T05:26:00Z,credit,atm,travel,USD,276.25,posted,2026-01-08T05:26:00Z
transactions-000948,TX-0000948,AC-00308,2026-01-08T05:37:00Z,credit,atm,services,USD,120.75,posted,2026-01-08T05:37:00Z
transactions-000949,TX-0000949,AC-00309,2026-01-08T05:48:00Z,credit,mobile,utilities,USD,2.75,posted,2026-01-08T05:48:00Z
transactions-000950,TX-0000950,AC-00310,2026-01-08T05:59:00Z,credit,card,utilities,USD,142.00,posted,2026-01-08T05:59:00Z
transactions-000951,TX-0000951,AC-00311,2026-01-08T06:10:00Z,debit,card,grocery,USD,181.25,posted,2026-01-08T06:10:00Z
transactions-000952,TX-0000952,AC-00312,2026-01-08T06:21:00Z,credit,card,services,USD,140.75,posted,2026-01-08T06:21:00Z
transactions-000953,TX-0000953,AC-00313,2026-01-08T06:32:00Z,debit,mobile,grocery,USD,283.25,posted,2026-01-08T06:32:00Z
transactions-000954,TX-0000954,AC-00314,2026-01-08T06:43:00Z,refund,mobile,services,USD,76.25,posted,2026-01-08T06:43:00Z
transactions-000955,TX-0000955,AC-00315,2026-01-08T06:54:00Z,credit,mobile,utilities,USD,115.25,posted,2026-01-08T06:54:00Z
transactions-000956,TX-0000956,AC-00316,2026-01-08T07:05:00Z,refund,mobile,utilities,USD,111.00,posted,2026-01-08T07:05:00Z
transactions-000957,TX-0000957,AC-00317,2026-01-08T07:16:00Z,credit,atm,services,USD,261.25,posted,2026-01-08T07:16:00Z
transactions-000958,TX-0000958,AC-00318,2026-01-08T07:27:00Z,debit,atm,services,USD,9.00,posted,2026-01-08T07:27:00Z
transactions-000959,TX-0000959,AC-00319,2026-01-08T07:38:00Z,refund,branch,services,USD,145.00,posted,2026-01-08T07:38:00Z
transactions-000960,TX-0000960,AC-00320,2026-01-08T07:49:00Z,refund,card,travel,USD,231.75,posted,2026-01-08T07:49:00Z
transactions-000961,TX-0000961,AC-00001,2026-01-08T08:00:00Z,refund,card,grocery,USD,195.50,posted,2026-01-08T08:00:00Z
transactions-000962,TX-0000962,AC-00002,2026-01-08T08:11:00Z,debit,mobile,travel,USD,284.75,posted,2026-01-08T08:11:00Z
transactions-000963,TX-0000963,AC-00003,2026-01-08T08:22:00Z,debit,atm,grocery,USD,10.25,posted,2026-01-08T08:22:00Z
transactions-000964,TX-0000964,AC-00004,2026-01-08T08:33:00Z,refund,branch,travel,USD,130.25,posted,2026-01-08T08:33:00Z
transactions-000965,TX-0000965,AC-00005,2026-01-08T08:44:00Z,refund,card,utilities,USD,135.00,posted,2026-01-08T08:44:00Z
transactions-000966,TX-0000966,AC-00006,2026-01-08T08:55:00Z,debit,card,travel,USD,290.00,posted,2026-01-08T08:55:00Z
transactions-000967,TX-0000967,AC-00007,2026-01-08T09:06:00Z,credit,card,utilities,USD,9.50,posted,2026-01-08T09:06:00Z
transactions-000968,TX-0000968,AC-00008,2026-01-08T09:17:00Z,debit,mobile,utilities,USD,277.00,posted,2026-01-08T09:17:00Z
transactions-000969,TX-0000969,AC-00009,2026-01-08T09:28:00Z,credit,atm,grocery,USD,121.50,posted,2026-01-08T09:28:00Z
transactions-000970,TX-0000970,AC-00010,2026-01-08T09:39:00Z,refund,branch,utilities,USD,146.75,posted,2026-01-08T09:39:00Z
transactions-000971,TX-0000971,AC-00011,2026-01-08T09:50:00Z,debit,atm,services,USD,59.75,posted,2026-01-08T09:50:00Z
transactions-000972,TX-0000972,AC-00012,2026-01-08T10:01:00Z,credit,card,travel,USD,280.00,posted,2026-01-08T10:01:00Z
transactions-000973,TX-0000973,AC-00013,2026-01-08T10:12:00Z,refund,mobile,grocery,USD,213.00,posted,2026-01-08T10:12:00Z
transactions-000974,TX-0000974,AC-00014,2026-01-08T10:23:00Z,refund,branch,utilities,USD,20.50,posted,2026-01-08T10:23:00Z
transactions-000975,TX-0000975,AC-00015,2026-01-08T10:34:00Z,debit,atm,travel,USD,209.00,posted,2026-01-08T10:34:00Z
transactions-000976,TX-0000976,AC-00016,2026-01-08T10:45:00Z,credit,card,travel,USD,13.75,posted,2026-01-08T10:45:00Z
transactions-000977,TX-0000977,AC-00017,2026-01-08T10:56:00Z,credit,branch,grocery,USD,18.75,posted,2026-01-08T10:56:00Z
transactions-000978,TX-0000978,AC-00018,2026-01-08T11:07:00Z,credit,atm,services,USD,207.50,posted,2026-01-08T11:07:00Z
transactions-000979,TX-0000979,AC-00019,2026-01-08T11:18:00Z,credit,card,travel,USD,268.25,posted,2026-01-08T11:18:00Z
transactions-000980,TX-0000980,AC-00020,2026-01-08T11:29:00Z,debit,atm,grocery,USD,44.00,posted,2026-01-08T11:29:00Z
transactions-000981,TX-0000981,AC-00021,2026-01-08T11:40:00Z,debit,card,grocery,USD,230.50,posted,2026-01-08T11:40:00Z
transactions-000982,TX-0000982,AC-00022,2026-01-08T11:51:00Z,debit,card,utilities,USD,200.50,posted,2026-01-08T11:51:00Z
transactions-000983,TX-0000983,AC-00023,2026-01-08T12:02:00Z,credit,card,grocery,USD,239.75,posted,2026-01-08T12:02:00Z
transactions-000984,TX-0000984,AC-00024,2026-01-08T12:13:00Z,debit,atm,grocery,USD,116.00,posted,2026-01-08T12:13:00Z
transactions-000985,TX-0000985,AC-00025,2026-01-08T12:24:00Z,refund,atm,grocery,USD,53.75,posted,2026-01-08T12:24:00Z
transactions-000986,TX-0000986,AC-00026,2026-01-08T12:35:00Z,refund,mobile,travel,USD,238.50,posted,2026-01-08T12:35:00Z
transactions-000987,TX-0000987,AC-00027,2026-01-08T12:46:00Z,credit,card,utilities,USD,81.25,posted,2026-01-08T12:46:00Z
transactions-000988,TX-0000988,AC-00028,2026-01-08T12:57:00Z,refund,atm,utilities,USD,87.00,posted,2026-01-08T12:57:00Z
transactions-000989,TX-0000989,AC-00029,2026-01-08T13:08:00Z,debit,mobile,travel,USD,106.25,posted,2026-01-08T13:08:00Z
transactions-000990,TX-0000990,AC-00030,2026-01-08T13:19:00Z,credit,mobile,services,USD,134.25,posted,2026-01-08T13:19:00Z
transactions-000991,TX-0000991,AC-00031,2026-01-08T13:30:00Z,credit,mobile,travel,USD,257.00,posted,2026-01-08T13:30:00Z
transactions-000992,TX-0000992,AC-00032,2026-01-08T13:41:00Z,debit,card,travel,USD,114.00,posted,2026-01-08T13:41:00Z
transactions-000993,TX-0000993,AC-00033,2026-01-08T13:52:00Z,credit,atm,grocery,USD,181.00,posted,2026-01-08T13:52:00Z
transactions-000994,TX-0000994,AC-00034,2026-01-08T14:03:00Z,credit,mobile,grocery,USD,74.75,posted,2026-01-08T14:03:00Z
transactions-000995,TX-0000995,AC-00035,2026-01-08T14:14:00Z,refund,mobile,travel,USD,285.75,posted,2026-01-08T14:14:00Z
transactions-000996,TX-0000996,AC-00036,2026-01-08T14:25:00Z,credit,atm,travel,USD,173.00,posted,2026-01-08T14:25:00Z
transactions-000997,TX-0000997,AC-00037,2026-01-08T14:36:00Z,debit,mobile,travel,USD,298.50,posted,2026-01-08T14:36:00Z
transactions-000998,TX-0000998,AC-00038,2026-01-08T14:47:00Z,refund,atm,grocery,USD,299.00,posted,2026-01-08T14:47:00Z
transactions-000999,TX-0000999,AC-00039,2026-01-08T14:58:00Z,refund,atm,services,USD,240.25,posted,2026-01-08T14:58:00Z
transactions-001000,TX-0001000,AC-00040,2026-01-08T15:09:00Z,debit,atm,grocery,USD,78.25,posted,2026-01-08T15:09:00Z
transactions-001001,TX-0001001,AC-00041,2026-01-08T15:20:00Z,credit,branch,grocery,USD,174.50,posted,2026-01-08T15:20:00Z
transactions-001002,TX-0001002,AC-00042,2026-01-08T15:31:00Z,refund,atm,services,USD,94.50,posted,2026-01-08T15:31:00Z
transactions-001003,TX-0001003,AC-00043,2026-01-08T15:42:00Z,debit,mobile,travel,USD,15.75,posted,2026-01-08T15:42:00Z
transactions-001004,TX-0001004,AC-00044,2026-01-08T15:53:00Z,debit,branch,utilities,USD,52.00,posted,2026-01-08T15:53:00Z
transactions-001005,TX-0001005,AC-00045,2026-01-08T16:04:00Z,credit,atm,services,USD,210.25,posted,2026-01-08T16:04:00Z
transactions-001006,TX-0001006,AC-00046,2026-01-08T16:15:00Z,refund,atm,grocery,USD,84.25,posted,2026-01-08T16:15:00Z
transactions-001007,TX-0001007,AC-00047,2026-01-08T16:26:00Z,credit,card,utilities,USD,13.50,posted,2026-01-08T16:26:00Z
transactions-001008,TX-0001008,AC-00048,2026-01-08T16:37:00Z,debit,atm,utilities,USD,160.25,posted,2026-01-08T16:37:00Z
transactions-001009,TX-0001009,AC-00049,2026-01-08T16:48:00Z,debit,atm,grocery,USD,236.25,posted,2026-01-08T16:48:00Z
transactions-001010,TX-0001010,AC-00050,2026-01-08T16:59:00Z,refund,mobile,travel,USD,224.50,posted,2026-01-08T16:59:00Z
transactions-001011,TX-0001011,AC-00051,2026-01-08T17:10:00Z,credit,branch,services,USD,237.75,posted,2026-01-08T17:10:00Z
transactions-001012,TX-0001012,AC-00052,2026-01-08T17:21:00Z,credit,card,travel,USD,138.75,posted,2026-01-08T17:21:00Z
transactions-001013,TX-0001013,AC-00053,2026-01-08T17:32:00Z,credit,branch,grocery,USD,153.00,posted,2026-01-08T17:32:00Z
transactions-001014,TX-0001014,AC-00054,2026-01-08T17:43:00Z,debit,mobile,travel,USD,43.00,posted,2026-01-08T17:43:00Z
transactions-001015,TX-0001015,AC-00055,2026-01-08T17:54:00Z,debit,card,utilities,USD,77.25,posted,2026-01-08T17:54:00Z
transactions-001016,TX-0001016,AC-00056,2026-01-08T18:05:00Z,refund,branch,utilities,USD,234.25,posted,2026-01-08T18:05:00Z
transactions-001017,TX-0001017,AC-00057,2026-01-08T18:16:00Z,refund,branch,services,USD,248.00,posted,2026-01-08T18:16:00Z
transactions-001018,TX-0001018,AC-00058,2026-01-08T18:27:00Z,refund,atm,services,USD,294.25,posted,2026-01-08T18:27:00Z
transactions-001019,TX-0001019,AC-00059,2026-01-08T18:38:00Z,credit,atm,travel,USD,35.75,posted,2026-01-08T18:38:00Z
transactions-001020,TX-0001020,AC-00060,2026-01-08T18:49:00Z,refund,mobile,utilities,USD,187.00,posted,2026-01-08T18:49:00Z
transactions-001021,TX-0001021,AC-00061,2026-01-08T19:00:00Z,credit,mobile,services,USD,1.50,posted,2026-01-08T19:00:00Z
transactions-001022,TX-0001022,AC-00062,2026-01-08T19:11:00Z,refund,card,grocery,USD,253.25,posted,2026-01-08T19:11:00Z
transactions-001023,TX-0001023,AC-00063,2026-01-08T19:22:00Z,credit,atm,services,USD,188.75,posted,2026-01-08T19:22:00Z
transactions-001024,TX-0001024,AC-00064,2026-01-08T19:33:00Z,debit,mobile,travel,USD,6.50,posted,2026-01-08T19:33:00Z
transactions-001025,TX-0001025,AC-00065,2026-01-08T19:44:00Z,refund,mobile,grocery,USD,41.25,posted,2026-01-08T19:44:00Z
transactions-001026,TX-0001026,AC-00066,2026-01-08T19:55:00Z,refund,mobile,services,USD,19.75,posted,2026-01-08T19:55:00Z
transactions-001027,TX-0001027,AC-00067,2026-01-08T20:06:00Z,credit,card,travel,USD,254.25,posted,2026-01-08T20:06:00Z
transactions-001028,TX-0001028,AC-00068,2026-01-08T20:17:00Z,debit,branch,utilities,USD,259.00,posted,2026-01-08T20:17:00Z
transactions-001029,TX-0001029,AC-00069,2026-01-08T20:28:00Z,debit,mobile,services,USD,231.00,posted,2026-01-08T20:28:00Z
transactions-001030,TX-0001030,AC-00070,2026-01-08T20:39:00Z,debit,branch,services,USD,134.75,posted,2026-01-08T20:39:00Z
transactions-001031,TX-0001031,AC-00071,2026-01-08T20:50:00Z,debit,atm,utilities,USD,130.50,posted,2026-01-08T20:50:00Z
transactions-001032,TX-0001032,AC-00072,2026-01-08T21:01:00Z,refund,mobile,utilities,USD,63.75,posted,2026-01-08T21:01:00Z
transactions-001033,TX-0001033,AC-00073,2026-01-08T21:12:00Z,debit,atm,travel,USD,78.00,posted,2026-01-08T21:12:00Z
transactions-001034,TX-0001034,AC-00074,2026-01-08T21:23:00Z,credit,card,utilities,USD,225.25,posted,2026-01-08T21:23:00Z
transactions-001035,TX-0001035,AC-00075,2026-01-08T21:34:00Z,refund,branch,services,USD,149.00,posted,2026-01-08T21:34:00Z
transactions-001036,TX-0001036,AC-00076,2026-01-08T21:45:00Z,debit,atm,services,USD,271.75,posted,2026-01-08T21:45:00Z
transactions-001037,TX-0001037,AC-00077,2026-01-08T21:56:00Z,refund,card,services,USD,181.00,posted,2026-01-08T21:56:00Z
transactions-001038,TX-0001038,AC-00078,2026-01-08T22:07:00Z,refund,card,grocery,USD,176.75,posted,2026-01-08T22:07:00Z
transactions-001039,TX-0001039,AC-00079,2026-01-08T22:18:00Z,debit,mobile,utilities,USD,240.25,posted,2026-01-08T22:18:00Z
transactions-001040,TX-0001040,AC-00080,2026-01-08T22:29:00Z,refund,card,grocery,USD,222.25,posted,2026-01-08T22:29:00Z
transactions-001041,TX-0001041,AC-00081,2026-01-08T22:40:00Z,credit,mobile,utilities,USD,83.25,posted,2026-01-08T22:40:00Z
transactions-001042,TX-0001042,AC-00082,2026-01-08T22:51:00Z,refund,branch,services,USD,178.75,posted,2026-01-08T22:51:00Z
transactions-001043,TX-0001043,AC-00083,2026-01-08T23:02:00Z,refund,mobile,grocery,USD,244.25,posted,2026-01-08T23:02:00Z
transactions-001044,TX-0001044,AC-00084,2026-01-08T23:13:00Z,credit,branch,utilities,USD,189.25,posted,2026-01-08T23:13:00Z
transactions-001045,TX-0001045,AC-00085,2026-01-08T23:24:00Z,debit,card,grocery,USD,83.25,posted,2026-01-08T23:24:00Z
transactions-001046,TX-0001046,AC-00086,2026-01-08T23:35:00Z,credit,branch,utilities,USD,221.00,posted,2026-01-08T23:35:00Z
transactions-001047,TX-0001047,AC-00087,2026-01-08T23:46:00Z,debit,branch,grocery,USD,103.75,posted,2026-01-08T23:46:00Z
transactions-001048,TX-0001048,AC-00088,2026-01-08T23:57:00Z,credit,atm,utilities,USD,130.50,posted,2026-01-08T23:57:00Z
transactions-001049,TX-0001049,AC-00089,2026-01-09T00:08:00Z,credit,atm,utilities,USD,148.25,posted,2026-01-09T00:08:00Z
transactions-001050,TX-0001050,AC-00090,2026-01-09T00:19:00Z,refund,mobile,grocery,USD,278.00,posted,2026-01-09T00:19:00Z
transactions-001051,TX-0001051,AC-00091,2026-01-09T00:30:00Z,debit,mobile,grocery,USD,266.25,posted,2026-01-09T00:30:00Z
transactions-001052,TX-0001052,AC-00092,2026-01-09T00:41:00Z,debit,atm,utilities,USD,229.00,posted,2026-01-09T00:41:00Z
transactions-001053,TX-0001053,AC-00093,2026-01-09T00:52:00Z,refund,branch,services,USD,62.50,posted,2026-01-09T00:52:00Z
transactions-001054,TX-0001054,AC-00094,2026-01-09T01:03:00Z,refund,mobile,grocery,USD,21.25,posted,2026-01-09T01:03:00Z
transactions-001055,TX-0001055,AC-00095,2026-01-09T01:14:00Z,credit,mobile,travel,USD,157.50,posted,2026-01-09T01:14:00Z
transactions-001056,TX-0001056,AC-00096,2026-01-09T01:25:00Z,refund,atm,services,USD,204.25,posted,2026-01-09T01:25:00Z
transactions-001057,TX-0001057,AC-00097,2026-01-09T01:36:00Z,credit,atm,grocery,USD,100.00,posted,2026-01-09T01:36:00Z
transactions-001058,TX-0001058,AC-00098,2026-01-09T01:47:00Z,refund,card,grocery,USD,33.50,posted,2026-01-09T01:47:00Z
transactions-001059,TX-0001059,AC-00099,2026-01-09T01:58:00Z,credit,atm,travel,USD,251.00,posted,2026-01-09T01:58:00Z
transactions-001060,TX-0001060,AC-00100,2026-01-09T02:09:00Z,refund,card,grocery,USD,261.25,posted,2026-01-09T02:09:00Z
transactions-001061,TX-0001061,AC-00101,2026-01-09T02:20:00Z,refund,branch,utilities,USD,200.25,posted,2026-01-09T02:20:00Z
transactions-001062,TX-0001062,AC-00102,2026-01-09T02:31:00Z,credit,branch,travel,USD,191.50,posted,2026-01-09T02:31:00Z
transactions-001063,TX-0001063,AC-00103,2026-01-09T02:42:00Z,refund,branch,grocery,USD,246.00,posted,2026-01-09T02:42:00Z
transactions-001064,TX-0001064,AC-00104,2026-01-09T02:53:00Z,credit,branch,services,USD,242.75,posted,2026-01-09T02:53:00Z
transactions-001065,TX-0001065,AC-00105,2026-01-09T03:04:00Z,refund,mobile,grocery,USD,239.75,posted,2026-01-09T03:04:00Z
transactions-001066,TX-0001066,AC-00106,2026-01-09T03:15:00Z,credit,branch,services,USD,8.25,posted,2026-01-09T03:15:00Z
transactions-001067,TX-0001067,AC-00107,2026-01-09T03:26:00Z,credit,atm,grocery,USD,255.75,posted,2026-01-09T03:26:00Z
transactions-001068,TX-0001068,AC-00108,2026-01-09T03:37:00Z,credit,branch,travel,USD,80.75,posted,2026-01-09T03:37:00Z
transactions-001069,TX-0001069,AC-00109,2026-01-09T03:48:00Z,debit,atm,travel,USD,249.75,posted,2026-01-09T03:48:00Z
transactions-001070,TX-0001070,AC-00110,2026-01-09T03:59:00Z,debit,card,travel,USD,267.00,posted,2026-01-09T03:59:00Z
transactions-001071,TX-0001071,AC-00111,2026-01-09T04:10:00Z,credit,branch,travel,USD,148.00,posted,2026-01-09T04:10:00Z
transactions-001072,TX-0001072,AC-00112,2026-01-09T04:21:00Z,credit,branch,grocery,USD,229.25,posted,2026-01-09T04:21:00Z
transactions-001073,TX-0001073,AC-00113,2026-01-09T04:32:00Z,credit,branch,grocery,USD,50.50,posted,2026-01-09T04:32:00Z
transactions-001074,TX-0001074,AC-00114,2026-01-09T04:43:00Z,refund,branch,services,USD,120.00,posted,2026-01-09T04:43:00Z
transactions-001075,TX-0001075,AC-00115,2026-01-09T04:54:00Z,debit,branch,services,USD,278.75,posted,2026-01-09T04:54:00Z
transactions-001076,TX-0001076,AC-00116,2026-01-09T05:05:00Z,credit,mobile,travel,USD,297.50,posted,2026-01-09T05:05:00Z
transactions-001077,TX-0001077,AC-00117,2026-01-09T05:16:00Z,credit,atm,utilities,USD,253.75,posted,2026-01-09T05:16:00Z
transactions-001078,TX-0001078,AC-00118,2026-01-09T05:27:00Z,debit,branch,utilities,USD,34.00,posted,2026-01-09T05:27:00Z
transactions-001079,TX-0001079,AC-00119,2026-01-09T05:38:00Z,refund,card,utilities,USD,80.00,posted,2026-01-09T05:38:00Z
transactions-001080,TX-0001080,AC-00120,2026-01-09T05:49:00Z,debit,card,services,USD,244.00,posted,2026-01-09T05:49:00Z
transactions-001081,TX-0001081,AC-00121,2026-01-09T06:00:00Z,refund,mobile,services,USD,161.00,posted,2026-01-09T06:00:00Z
transactions-001082,TX-0001082,AC-00122,2026-01-09T06:11:00Z,credit,atm,travel,USD,267.50,posted,2026-01-09T06:11:00Z
transactions-001083,TX-0001083,AC-00123,2026-01-09T06:22:00Z,debit,branch,services,USD,8.75,posted,2026-01-09T06:22:00Z
transactions-001084,TX-0001084,AC-00124,2026-01-09T06:33:00Z,refund,atm,travel,USD,135.75,posted,2026-01-09T06:33:00Z
transactions-001085,TX-0001085,AC-00125,2026-01-09T06:44:00Z,credit,branch,utilities,USD,205.75,posted,2026-01-09T06:44:00Z
transactions-001086,TX-0001086,AC-00126,2026-01-09T06:55:00Z,debit,mobile,services,USD,160.25,posted,2026-01-09T06:55:00Z
transactions-001087,TX-0001087,AC-00127,2026-01-09T07:06:00Z,refund,atm,utilities,USD,144.25,posted,2026-01-09T07:06:00Z
transactions-001088,TX-0001088,AC-00128,2026-01-09T07:17:00Z,debit,mobile,grocery,USD,248.25,posted,2026-01-09T07:17:00Z
transactions-001089,TX-0001089,AC-00129,2026-01-09T07:28:00Z,debit,atm,services,USD,168.50,posted,2026-01-09T07:28:00Z
transactions-001090,TX-0001090,AC-00130,2026-01-09T07:39:00Z,credit,atm,travel,USD,53.50,posted,2026-01-09T07:39:00Z
transactions-001091,TX-0001091,AC-00131,2026-01-09T07:50:00Z,credit,card,services,USD,40.25,posted,2026-01-09T07:50:00Z
transactions-001092,TX-0001092,AC-00132,2026-01-09T08:01:00Z,refund,card,grocery,USD,103.00,posted,2026-01-09T08:01:00Z
transactions-001093,TX-0001093,AC-00133,2026-01-09T08:12:00Z,debit,branch,utilities,USD,124.25,posted,2026-01-09T08:12:00Z
transactions-001094,TX-0001094,AC-00134,2026-01-09T08:23:00Z,refund,atm,grocery,USD,190.50,posted,2026-01-09T08:23:00Z
transactions-001095,TX-0001095,AC-00135,2026-01-09T08:34:00Z,credit,card,grocery,USD,120.25,posted,2026-01-09T08:34:00Z
transactions-001096,TX-0001096,AC-00136,2026-01-09T08:45:00Z,refund,card,services,USD,134.50,posted,2026-01-09T08:45:00Z
transactions-001097,TX-0001097,AC-00137,2026-01-09T08:56:00Z,credit,card,services,USD,105.50,posted,2026-01-09T08:56:00Z
transactions-001098,TX-0001098,AC-00138,2026-01-09T09:07:00Z,debit,mobile,grocery,USD,149.00,posted,2026-01-09T09:07:00Z
transactions-001099,TX-0001099,AC-00139,2026-01-09T09:18:00Z,refund,branch,utilities,USD,149.50,posted,2026-01-09T09:18:00Z
transactions-001100,TX-0001100,AC-00140,2026-01-09T09:29:00Z,credit,atm,travel,USD,62.00,posted,2026-01-09T09:29:00Z
transactions-001101,TX-0001101,AC-00141,2026-01-09T09:40:00Z,credit,mobile,travel,USD,167.75,posted,2026-01-09T09:40:00Z
transactions-001102,TX-0001102,AC-00142,2026-01-09T09:51:00Z,refund,mobile,services,USD,123.50,posted,2026-01-09T09:51:00Z
transactions-001103,TX-0001103,AC-00143,2026-01-09T10:02:00Z,debit,atm,services,USD,46.75,posted,2026-01-09T10:02:00Z
transactions-001104,TX-0001104,AC-00144,2026-01-09T10:13:00Z,debit,card,utilities,USD,32.00,posted,2026-01-09T10:13:00Z
transactions-001105,TX-0001105,AC-00145,2026-01-09T10:24:00Z,debit,mobile,services,USD,184.75,posted,2026-01-09T10:24:00Z
transactions-001106,TX-0001106,AC-00146,2026-01-09T10:35:00Z,refund,atm,utilities,USD,231.50,posted,2026-01-09T10:35:00Z
transactions-001107,TX-0001107,AC-00147,2026-01-09T10:46:00Z,credit,atm,grocery,USD,81.75,posted,2026-01-09T10:46:00Z
transactions-001108,TX-0001108,AC-00148,2026-01-09T10:57:00Z,credit,branch,travel,USD,212.25,posted,2026-01-09T10:57:00Z
transactions-001109,TX-0001109,AC-00149,2026-01-09T11:08:00Z,credit,mobile,services,USD,10.75,posted,2026-01-09T11:08:00Z
transactions-001110,TX-0001110,AC-00150,2026-01-09T11:19:00Z,debit,branch,grocery,USD,289.75,posted,2026-01-09T11:19:00Z
transactions-001111,TX-0001111,AC-00151,2026-01-09T11:30:00Z,debit,card,grocery,USD,119.75,posted,2026-01-09T11:30:00Z
transactions-001112,TX-0001112,AC-00152,2026-01-09T11:41:00Z,credit,branch,services,USD,269.25,posted,2026-01-09T11:41:00Z
transactions-001113,TX-0001113,AC-00153,2026-01-09T11:52:00Z,credit,atm,travel,USD,48.00,posted,2026-01-09T11:52:00Z
transactions-001114,TX-0001114,AC-00154,2026-01-09T12:03:00Z,credit,branch,travel,USD,119.00,posted,2026-01-09T12:03:00Z
transactions-001115,TX-0001115,AC-00155,2026-01-09T12:14:00Z,debit,atm,services,USD,41.75,posted,2026-01-09T12:14:00Z
transactions-001116,TX-0001116,AC-00156,2026-01-09T12:25:00Z,debit,atm,services,USD,86.50,posted,2026-01-09T12:25:00Z
transactions-001117,TX-0001117,AC-00157,2026-01-09T12:36:00Z,debit,atm,travel,USD,39.50,posted,2026-01-09T12:36:00Z
transactions-001118,TX-0001118,AC-00158,2026-01-09T12:47:00Z,debit,atm,utilities,USD,276.75,posted,2026-01-09T12:47:00Z
transactions-001119,TX-0001119,AC-00159,2026-01-09T12:58:00Z,refund,mobile,utilities,USD,27.75,posted,2026-01-09T12:58:00Z
transactions-001120,TX-0001120,AC-00160,2026-01-09T13:09:00Z,credit,atm,grocery,USD,143.00,posted,2026-01-09T13:09:00Z
transactions-001121,TX-0001121,AC-00161,2026-01-09T13:20:00Z,refund,branch,services,USD,108.00,posted,2026-01-09T13:20:00Z
transactions-001122,TX-0001122,AC-00162,2026-01-09T13:31:00Z,refund,atm,grocery,USD,108.25,posted,2026-01-09T13:31:00Z
transactions-001123,TX-0001123,AC-00163,2026-01-09T13:42:00Z,debit,card,services,USD,173.75,posted,2026-01-09T13:42:00Z
transactions-001124,TX-0001124,AC-00164,2026-01-09T13:53:00Z,credit,card,travel,USD,224.00,posted,2026-01-09T13:53:00Z
transactions-001125,TX-0001125,AC-00165,2026-01-09T14:04:00Z,refund,branch,travel,USD,241.00,posted,2026-01-09T14:04:00Z
transactions-001126,TX-0001126,AC-00166,2026-01-09T14:15:00Z,debit,mobile,travel,USD,236.25,posted,2026-01-09T14:15:00Z
transactions-001127,TX-0001127,AC-00167,2026-01-09T14:26:00Z,refund,mobile,travel,USD,274.25,posted,2026-01-09T14:26:00Z
transactions-001128,TX-0001128,AC-00168,2026-01-09T14:37:00Z,credit,mobile,utilities,USD,100.25,posted,2026-01-09T14:37:00Z
transactions-001129,TX-0001129,AC-00169,2026-01-09T14:48:00Z,credit,branch,grocery,USD,133.25,posted,2026-01-09T14:48:00Z
transactions-001130,TX-0001130,AC-00170,2026-01-09T14:59:00Z,refund,card,grocery,USD,91.25,posted,2026-01-09T14:59:00Z
transactions-001131,TX-0001131,AC-00171,2026-01-09T15:10:00Z,debit,branch,travel,USD,187.00,posted,2026-01-09T15:10:00Z
transactions-001132,TX-0001132,AC-00172,2026-01-09T15:21:00Z,credit,branch,utilities,USD,14.50,posted,2026-01-09T15:21:00Z
transactions-001133,TX-0001133,AC-00173,2026-01-09T15:32:00Z,debit,branch,services,USD,16.75,posted,2026-01-09T15:32:00Z
transactions-001134,TX-0001134,AC-00174,2026-01-09T15:43:00Z,debit,card,services,USD,2.50,posted,2026-01-09T15:43:00Z
transactions-001135,TX-0001135,AC-00175,2026-01-09T15:54:00Z,credit,card,utilities,USD,183.25,posted,2026-01-09T15:54:00Z
transactions-001136,TX-0001136,AC-00176,2026-01-09T16:05:00Z,debit,branch,grocery,USD,209.25,posted,2026-01-09T16:05:00Z
transactions-001137,TX-0001137,AC-00177,2026-01-09T16:16:00Z,debit,atm,utilities,USD,216.75,posted,2026-01-09T16:16:00Z
transactions-001138,TX-0001138,AC-00178,2026-01-09T16:27:00Z,credit,branch,travel,USD,146.25,posted,2026-01-09T16:27:00Z
transactions-001139,TX-0001139,AC-00179,2026-01-09T16:38:00Z,refund,atm,travel,USD,153.75,posted,2026-01-09T16:38:00Z
transactions-001140,TX-0001140,AC-00180,2026-01-09T16:49:00Z,debit,branch,grocery,USD,276.50,posted,2026-01-09T16:49:00Z
transactions-001141,TX-0001141,AC-00181,2026-01-09T17:00:00Z,refund,branch,grocery,USD,212.50,posted,2026-01-09T17:00:00Z
transactions-001142,TX-0001142,AC-00182,2026-01-09T17:11:00Z,refund,atm,grocery,USD,160.50,posted,2026-01-09T17:11:00Z
transactions-001143,TX-0001143,AC-00183,2026-01-09T17:22:00Z,debit,mobile,travel,USD,59.75,posted,2026-01-09T17:22:00Z
transactions-001144,TX-0001144,AC-00184,2026-01-09T17:33:00Z,refund,card,services,USD,105.50,posted,2026-01-09T17:33:00Z
transactions-001145,TX-0001145,AC-00185,2026-01-09T17:44:00Z,debit,mobile,grocery,USD,196.75,posted,2026-01-09T17:44:00Z
transactions-001146,TX-0001146,AC-00186,2026-01-09T17:55:00Z,credit,atm,grocery,USD,55.00,posted,2026-01-09T17:55:00Z
transactions-001147,TX-0001147,AC-00187,2026-01-09T18:06:00Z,credit,atm,grocery,USD,212.00,posted,2026-01-09T18:06:00Z
transactions-001148,TX-0001148,AC-00188,2026-01-09T18:17:00Z,credit,atm,services,USD,73.25,posted,2026-01-09T18:17:00Z
transactions-001149,TX-0001149,AC-00189,2026-01-09T18:28:00Z,refund,card,grocery,USD,133.00,posted,2026-01-09T18:28:00Z
transactions-001150,TX-0001150,AC-00190,2026-01-09T18:39:00Z,refund,atm,utilities,USD,114.75,posted,2026-01-09T18:39:00Z
transactions-001151,TX-0001151,AC-00191,2026-01-09T18:50:00Z,refund,card,services,USD,154.25,posted,2026-01-09T18:50:00Z
transactions-001152,TX-0001152,AC-00192,2026-01-09T19:01:00Z,debit,mobile,grocery,USD,254.00,posted,2026-01-09T19:01:00Z
transactions-001153,TX-0001153,AC-00193,2026-01-09T19:12:00Z,refund,card,services,USD,296.50,posted,2026-01-09T19:12:00Z
transactions-001154,TX-0001154,AC-00194,2026-01-09T19:23:00Z,debit,mobile,grocery,USD,40.50,posted,2026-01-09T19:23:00Z
transactions-001155,TX-0001155,AC-00195,2026-01-09T19:34:00Z,credit,branch,services,USD,59.25,posted,2026-01-09T19:34:00Z
transactions-001156,TX-0001156,AC-00196,2026-01-09T19:45:00Z,debit,card,grocery,USD,32.25,posted,2026-01-09T19:45:00Z
transactions-001157,TX-0001157,AC-00197,2026-01-09T19:56:00Z,refund,card,grocery,USD,195.50,posted,2026-01-09T19:56:00Z
transactions-001158,TX-0001158,AC-00198,2026-01-09T20:07:00Z,refund,atm,utilities,USD,289.50,posted,2026-01-09T20:07:00Z
transactions-001159,TX-0001159,AC-00199,2026-01-09T20:18:00Z,refund,branch,grocery,USD,272.00,posted,2026-01-09T20:18:00Z
transactions-001160,TX-0001160,AC-00200,2026-01-09T20:29:00Z,debit,branch,grocery,USD,87.25,posted,2026-01-09T20:29:00Z
transactions-001161,TX-0001161,AC-00201,2026-01-09T20:40:00Z,credit,card,grocery,USD,105.25,posted,2026-01-09T20:40:00Z
transactions-001162,TX-0001162,AC-00202,2026-01-09T20:51:00Z,credit,mobile,grocery,USD,87.75,posted,2026-01-09T20:51:00Z
transactions-001163,TX-0001163,AC-00203,2026-01-09T21:02:00Z,refund,branch,grocery,USD,112.00,posted,2026-01-09T21:02:00Z
transactions-001164,TX-0001164,AC-00204,2026-01-09T21:13:00Z,debit,card,grocery,USD,239.50,posted,2026-01-09T21:13:00Z
transactions-001165,TX-0001165,AC-00205,2026-01-09T21:24:00Z,credit,atm,services,USD,196.75,posted,2026-01-09T21:24:00Z
transactions-001166,TX-0001166,AC-00206,2026-01-09T21:35:00Z,refund,atm,utilities,USD,109.00,posted,2026-01-09T21:35:00Z
transactions-001167,TX-0001167,AC-00207,2026-01-09T21:46:00Z,debit,branch,utilities,USD,228.25,posted,2026-01-09T21:46:00Z
transactions-001168,TX-0001168,AC-00208,2026-01-09T21:57:00Z,credit,atm,grocery,USD,18.00,posted,2026-01-09T21:57:00Z
transactions-001169,TX-0001169,AC-00209,2026-01-09T22:08:00Z,debit,mobile,grocery,USD,233.25,posted,2026-01-09T22:08:00Z
transactions-001170,TX-0001170,AC-00210,2026-01-09T22:19:00Z,refund,mobile,grocery,USD,46.50,posted,2026-01-09T22:19:00Z
transactions-001171,TX-0001171,AC-00211,2026-01-09T22:30:00Z,credit,mobile,travel,USD,117.75,posted,2026-01-09T22:30:00Z
transactions-001172,TX-0001172,AC-00212,2026-01-09T22:41:00Z,debit,mobile,grocery,USD,192.25,posted,2026-01-09T22:41:00Z
transactions-001173,TX-0001173,AC-00213,2026-01-09T22:52:00Z,credit,card,services,USD,279.75,posted,2026-01-09T22:52:00Z
transactions-001174,TX-0001174,AC-00214,2026-01-09T23:03:00Z,credit,branch,travel,USD,234.75,posted,2026-01-09T23:03:00Z
transactions-001175,TX-0001175,AC-00215,2026-01-09T23:14:00Z,refund,card,services,USD,96.75,posted,2026-01-09T23:14:00Z
transactions-001176,TX-0001176,AC-00216,2026-01-09T23:25:00Z,credit,branch,travel,USD,14.75,posted,2026-01-09T23:25:00Z
transactions-001177,TX-0001177,AC-00217,2026-01-09T23:36:00Z,credit,atm,grocery,USD,1.00,posted,2026-01-09T23:36:00Z
transactions-001178,TX-0001178,AC-00218,2026-01-09T23:47:00Z,debit,card,utilities,USD,224.50,posted,2026-01-09T23:47:00Z
transactions-001179,TX-0001179,AC-00219,2026-01-09T23:58:00Z,debit,branch,grocery,USD,47.25,posted,2026-01-09T23:58:00Z
transactions-001180,TX-0001180,AC-00220,2026-01-10T00:09:00Z,debit,mobile,grocery,USD,83.00,posted,2026-01-10T00:09:00Z
transactions-001181,TX-0001181,AC-00221,2026-01-10T00:20:00Z,credit,card,travel,USD,79.50,posted,2026-01-10T00:20:00Z
transactions-001182,TX-0001182,AC-00222,2026-01-10T00:31:00Z,debit,card,travel,USD,53.50,posted,2026-01-10T00:31:00Z
transactions-001183,TX-0001183,AC-00223,2026-01-10T00:42:00Z,refund,atm,travel,USD,23.25,posted,2026-01-10T00:42:00Z
transactions-001184,TX-0001184,AC-00224,2026-01-10T00:53:00Z,debit,branch,utilities,USD,37.75,posted,2026-01-10T00:53:00Z
transactions-001185,TX-0001185,AC-00225,2026-01-10T01:04:00Z,debit,atm,utilities,USD,291.00,posted,2026-01-10T01:04:00Z
transactions-001186,TX-0001186,AC-00226,2026-01-10T01:15:00Z,credit,branch,grocery,USD,270.75,posted,2026-01-10T01:15:00Z
transactions-001187,TX-0001187,AC-00227,2026-01-10T01:26:00Z,debit,mobile,travel,USD,102.00,posted,2026-01-10T01:26:00Z
transactions-001188,TX-0001188,AC-00228,2026-01-10T01:37:00Z,debit,card,services,USD,71.75,posted,2026-01-10T01:37:00Z
transactions-001189,TX-0001189,AC-00229,2026-01-10T01:48:00Z,refund,atm,grocery,USD,285.25,posted,2026-01-10T01:48:00Z
transactions-001190,TX-0001190,AC-00230,2026-01-10T01:59:00Z,credit,branch,travel,USD,181.50,posted,2026-01-10T01:59:00Z
transactions-001191,TX-0001191,AC-00231,2026-01-10T02:10:00Z,debit,card,grocery,USD,148.25,posted,2026-01-10T02:10:00Z
transactions-001192,TX-0001192,AC-00232,2026-01-10T02:21:00Z,refund,branch,travel,USD,90.50,posted,2026-01-10T02:21:00Z
transactions-001193,TX-0001193,AC-00233,2026-01-10T02:32:00Z,debit,branch,utilities,USD,10.00,posted,2026-01-10T02:32:00Z
transactions-001194,TX-0001194,AC-00234,2026-01-10T02:43:00Z,debit,card,grocery,USD,133.75,posted,2026-01-10T02:43:00Z
transactions-001195,TX-0001195,AC-00235,2026-01-10T02:54:00Z,debit,mobile,services,USD,40.50,posted,2026-01-10T02:54:00Z
transactions-001196,TX-0001196,AC-00236,2026-01-10T03:05:00Z,debit,mobile,travel,USD,204.75,posted,2026-01-10T03:05:00Z
transactions-001197,TX-0001197,AC-00237,2026-01-10T03:16:00Z,debit,card,services,USD,103.75,posted,2026-01-10T03:16:00Z
transactions-001198,TX-0001198,AC-00238,2026-01-10T03:27:00Z,credit,branch,travel,USD,123.50,posted,2026-01-10T03:27:00Z
transactions-001199,TX-0001199,AC-00239,2026-01-10T03:38:00Z,debit,mobile,services,USD,217.50,posted,2026-01-10T03:38:00Z
transactions-001200,TX-0001200,AC-00240,2026-01-10T03:49:00Z,debit,mobile,services,USD,50.00,posted,2026-01-10T03:49:00Z
transactions-001201,TX-0001201,AC-00241,2026-01-10T04:00:00Z,debit,card,travel,USD,28.75,posted,2026-01-10T04:00:00Z
transactions-001202,TX-0001202,AC-00242,2026-01-10T04:11:00Z,debit,mobile,services,USD,199.00,posted,2026-01-10T04:11:00Z
transactions-001203,TX-0001203,AC-00243,2026-01-10T04:22:00Z,debit,card,utilities,USD,266.75,posted,2026-01-10T04:22:00Z
transactions-001204,TX-0001204,AC-00244,2026-01-10T04:33:00Z,debit,mobile,travel,USD,158.50,posted,2026-01-10T04:33:00Z
transactions-001205,TX-0001205,AC-00245,2026-01-10T04:44:00Z,credit,branch,services,USD,175.00,posted,2026-01-10T04:44:00Z
transactions-001206,TX-0001206,AC-00246,2026-01-10T04:55:00Z,refund,atm,utilities,USD,74.00,posted,2026-01-10T04:55:00Z
transactions-001207,TX-0001207,AC-00247,2026-01-10T05:06:00Z,credit,mobile,grocery,USD,156.75,posted,2026-01-10T05:06:00Z
transactions-001208,TX-0001208,AC-00248,2026-01-10T05:17:00Z,credit,mobile,services,USD,215.50,posted,2026-01-10T05:17:00Z
transactions-001209,TX-0001209,AC-00249,2026-01-10T05:28:00Z,debit,card,grocery,USD,177.25,posted,2026-01-10T05:28:00Z
transactions-001210,TX-0001210,AC-00250,2026-01-10T05:39:00Z,credit,branch,travel,USD,49.00,posted,2026-01-10T05:39:00Z
transactions-001211,TX-0001211,AC-00251,2026-01-10T05:50:00Z,debit,mobile,grocery,USD,9.75,posted,2026-01-10T05:50:00Z
transactions-001212,TX-0001212,AC-00252,2026-01-10T06:01:00Z,debit,mobile,grocery,USD,55.25,posted,2026-01-10T06:01:00Z
transactions-001213,TX-0001213,AC-00253,2026-01-10T06:12:00Z,credit,mobile,services,USD,34.75,posted,2026-01-10T06:12:00Z
transactions-001214,TX-0001214,AC-00254,2026-01-10T06:23:00Z,debit,mobile,utilities,USD,93.00,posted,2026-01-10T06:23:00Z
transactions-001215,TX-0001215,AC-00255,2026-01-10T06:34:00Z,refund,mobile,utilities,USD,251.00,posted,2026-01-10T06:34:00Z
transactions-001216,TX-0001216,AC-00256,2026-01-10T06:45:00Z,debit,mobile,utilities,USD,177.50,posted,2026-01-10T06:45:00Z
transactions-001217,TX-0001217,AC-00257,2026-01-10T06:56:00Z,debit,card,travel,USD,22.75,posted,2026-01-10T06:56:00Z
transactions-001218,TX-0001218,AC-00258,2026-01-10T07:07:00Z,debit,branch,grocery,USD,184.25,posted,2026-01-10T07:07:00Z
transactions-001219,TX-0001219,AC-00259,2026-01-10T07:18:00Z,refund,branch,grocery,USD,169.25,posted,2026-01-10T07:18:00Z
transactions-001220,TX-0001220,AC-00260,2026-01-10T07:29:00Z,refund,atm,travel,USD,220.75,posted,2026-01-10T07:29:00Z
transactions-001221,TX-0001221,AC-00261,2026-01-10T07:40:00Z,credit,mobile,grocery,USD,272.50,posted,2026-01-10T07:40:00Z
transactions-001222,TX-0001222,AC-00262,2026-01-10T07:51:00Z,refund,branch,utilities,USD,185.25,posted,2026-01-10T07:51:00Z
transactions-001223,TX-0001223,AC-00263,2026-01-10T08:02:00Z,refund,card,grocery,USD,74.25,posted,2026-01-10T08:02:00Z
transactions-001224,TX-0001224,AC-00264,2026-01-10T08:13:00Z,credit,mobile,travel,USD,83.50,posted,2026-01-10T08:13:00Z
transactions-001225,TX-0001225,AC-00265,2026-01-10T08:24:00Z,refund,mobile,travel,USD,184.75,posted,2026-01-10T08:24:00Z
transactions-001226,TX-0001226,AC-00266,2026-01-10T08:35:00Z,refund,branch,utilities,USD,216.00,posted,2026-01-10T08:35:00Z
transactions-001227,TX-0001227,AC-00267,2026-01-10T08:46:00Z,debit,card,travel,USD,209.25,posted,2026-01-10T08:46:00Z
transactions-001228,TX-0001228,AC-00268,2026-01-10T08:57:00Z,credit,atm,grocery,USD,260.00,posted,2026-01-10T08:57:00Z
transactions-001229,TX-0001229,AC-00269,2026-01-10T09:08:00Z,debit,mobile,services,USD,78.00,posted,2026-01-10T09:08:00Z
transactions-001230,TX-0001230,AC-00270,2026-01-10T09:19:00Z,refund,mobile,grocery,USD,155.75,posted,2026-01-10T09:19:00Z
transactions-001231,TX-0001231,AC-00271,2026-01-10T09:30:00Z,refund,card,grocery,USD,73.25,posted,2026-01-10T09:30:00Z
transactions-001232,TX-0001232,AC-00272,2026-01-10T09:41:00Z,refund,atm,grocery,USD,152.00,posted,2026-01-10T09:41:00Z
transactions-001233,TX-0001233,AC-00273,2026-01-10T09:52:00Z,debit,card,utilities,USD,270.50,posted,2026-01-10T09:52:00Z
transactions-001234,TX-0001234,AC-00274,2026-01-10T10:03:00Z,credit,atm,services,USD,187.25,posted,2026-01-10T10:03:00Z
transactions-001235,TX-0001235,AC-00275,2026-01-10T10:14:00Z,debit,branch,grocery,USD,137.25,posted,2026-01-10T10:14:00Z
transactions-001236,TX-0001236,AC-00276,2026-01-10T10:25:00Z,debit,card,services,USD,292.50,posted,2026-01-10T10:25:00Z
transactions-001237,TX-0001237,AC-00277,2026-01-10T10:36:00Z,credit,branch,services,USD,22.50,posted,2026-01-10T10:36:00Z
transactions-001238,TX-0001238,AC-00278,2026-01-10T10:47:00Z,refund,mobile,utilities,USD,267.50,posted,2026-01-10T10:47:00Z
transactions-001239,TX-0001239,AC-00279,2026-01-10T10:58:00Z,debit,card,services,USD,239.00,posted,2026-01-10T10:58:00Z
transactions-001240,TX-0001240,AC-00280,2026-01-10T11:09:00Z,debit,atm,utilities,USD,290.25,posted,2026-01-10T11:09:00Z
transactions-001241,TX-0001241,AC-00281,2026-01-10T11:20:00Z,credit,atm,utilities,USD,148.25,posted,2026-01-10T11:20:00Z
transactions-001242,TX-0001242,AC-00282,2026-01-10T11:31:00Z,credit,branch,utilities,USD,278.75,posted,2026-01-10T11:31:00Z
transactions-001243,TX-0001243,AC-00283,2026-01-10T11:42:00Z,debit,card,utilities,USD,111.75,posted,2026-01-10T11:42:00Z
transactions-001244,TX-0001244,AC-00284,2026-01-10T11:53:00Z,debit,branch,travel,USD,150.75,posted,2026-01-10T11:53:00Z
transactions-001245,TX-0001245,AC-00285,2026-01-10T12:04:00Z,debit,branch,travel,USD,169.50,posted,2026-01-10T12:04:00Z
transactions-001246,TX-0001246,AC-00286,2026-01-10T12:15:00Z,credit,branch,grocery,USD,123.75,posted,2026-01-10T12:15:00Z
transactions-001247,TX-0001247,AC-00287,2026-01-10T12:26:00Z,credit,mobile,travel,USD,271.50,posted,2026-01-10T12:26:00Z
transactions-001248,TX-0001248,AC-00288,2026-01-10T12:37:00Z,credit,branch,travel,USD,18.00,posted,2026-01-10T12:37:00Z
transactions-001249,TX-0001249,AC-00289,2026-01-10T12:48:00Z,credit,mobile,utilities,USD,48.75,posted,2026-01-10T12:48:00Z
transactions-001250,TX-0001250,AC-00290,2026-01-10T12:59:00Z,debit,atm,utilities,USD,245.00,posted,2026-01-10T12:59:00Z
transactions-001251,TX-0001251,AC-00291,2026-01-10T13:10:00Z,debit,branch,services,USD,296.00,posted,2026-01-10T13:10:00Z
transactions-001252,TX-0001252,AC-00292,2026-01-10T13:21:00Z,debit,branch,grocery,USD,3.25,posted,2026-01-10T13:21:00Z
transactions-001253,TX-0001253,AC-00293,2026-01-10T13:32:00Z,credit,atm,utilities,USD,93.50,posted,2026-01-10T13:32:00Z
transactions-001254,TX-0001254,AC-00294,2026-01-10T13:43:00Z,refund,atm,grocery,USD,227.50,posted,2026-01-10T13:43:00Z
transactions-001255,TX-0001255,AC-00295,2026-01-10T13:54:00Z,debit,branch,services,USD,54.50,posted,2026-01-10T13:54:00Z
transactions-001256,TX-0001256,AC-00296,2026-01-10T14:05:00Z,credit,atm,utilities,USD,170.75,posted,2026-01-10T14:05:00Z
transactions-001257,TX-0001257,AC-00297,2026-01-10T14:16:00Z,debit,branch,grocery,USD,219.50,posted,2026-01-10T14:16:00Z
transactions-001258,TX-0001258,AC-00298,2026-01-10T14:27:00Z,debit,branch,grocery,USD,127.75,posted,2026-01-10T14:27:00Z
transactions-001259,TX-0001259,AC-00299,2026-01-10T14:38:00Z,debit,mobile,services,USD,172.00,posted,2026-01-10T14:38:00Z
transactions-001260,TX-0001260,AC-00300,2026-01-10T14:49:00Z,credit,atm,utilities,USD,294.50,posted,2026-01-10T14:49:00Z
transactions-001261,TX-0001261,AC-00301,2026-01-10T15:00:00Z,refund,card,travel,USD,152.75,posted,2026-01-10T15:00:00Z
transactions-001262,TX-0001262,AC-00302,2026-01-10T15:11:00Z,refund,card,travel,USD,240.25,posted,2026-01-10T15:11:00Z
transactions-001263,TX-0001263,AC-00303,2026-01-10T15:22:00Z,refund,atm,services,USD,202.00,posted,2026-01-10T15:22:00Z
transactions-001264,TX-0001264,AC-00304,2026-01-10T15:33:00Z,refund,branch,grocery,USD,145.25,posted,2026-01-10T15:33:00Z
transactions-001265,TX-0001265,AC-00305,2026-01-10T15:44:00Z,credit,mobile,grocery,USD,68.50,posted,2026-01-10T15:44:00Z
transactions-001266,TX-0001266,AC-00306,2026-01-10T15:55:00Z,credit,branch,grocery,USD,46.75,posted,2026-01-10T15:55:00Z
transactions-001267,TX-0001267,AC-00307,2026-01-10T16:06:00Z,refund,mobile,services,USD,129.75,posted,2026-01-10T16:06:00Z
transactions-001268,TX-0001268,AC-00308,2026-01-10T16:17:00Z,refund,branch,utilities,USD,280.25,posted,2026-01-10T16:17:00Z
transactions-001269,TX-0001269,AC-00309,2026-01-10T16:28:00Z,credit,mobile,grocery,USD,114.25,posted,2026-01-10T16:28:00Z
transactions-001270,TX-0001270,AC-00310,2026-01-10T16:39:00Z,debit,card,services,USD,121.00,posted,2026-01-10T16:39:00Z
transactions-001271,TX-0001271,AC-00311,2026-01-10T16:50:00Z,debit,branch,travel,USD,196.25,posted,2026-01-10T16:50:00Z
transactions-001272,TX-0001272,AC-00312,2026-01-10T17:01:00Z,debit,card,grocery,USD,107.00,posted,2026-01-10T17:01:00Z
transactions-001273,TX-0001273,AC-00313,2026-01-10T17:12:00Z,refund,atm,grocery,USD,226.25,posted,2026-01-10T17:12:00Z
transactions-001274,TX-0001274,AC-00314,2026-01-10T17:23:00Z,refund,atm,services,USD,201.50,posted,2026-01-10T17:23:00Z
transactions-001275,TX-0001275,AC-00315,2026-01-10T17:34:00Z,credit,mobile,travel,USD,130.50,posted,2026-01-10T17:34:00Z
transactions-001276,TX-0001276,AC-00316,2026-01-10T17:45:00Z,debit,mobile,travel,USD,30.50,posted,2026-01-10T17:45:00Z
transactions-001277,TX-0001277,AC-00317,2026-01-10T17:56:00Z,credit,branch,travel,USD,125.00,posted,2026-01-10T17:56:00Z
transactions-001278,TX-0001278,AC-00318,2026-01-10T18:07:00Z,debit,card,services,USD,167.00,posted,2026-01-10T18:07:00Z
transactions-001279,TX-0001279,AC-00319,2026-01-10T18:18:00Z,debit,card,services,USD,6.50,posted,2026-01-10T18:18:00Z
transactions-001280,TX-0001280,AC-00320,2026-01-10T18:29:00Z,debit,card,travel,USD,27.75,posted,2026-01-10T18:29:00Z
transactions-001281,TX-0001281,AC-00001,2026-01-10T18:40:00Z,credit,atm,travel,USD,143.75,posted,2026-01-10T18:40:00Z
transactions-001282,TX-0001282,AC-00002,2026-01-10T18:51:00Z,credit,card,travel,USD,46.25,posted,2026-01-10T18:51:00Z
transactions-001283,TX-0001283,AC-00003,2026-01-10T19:02:00Z,refund,branch,utilities,USD,48.25,posted,2026-01-10T19:02:00Z
transactions-001284,TX-0001284,AC-00004,2026-01-10T19:13:00Z,debit,mobile,grocery,USD,70.00,posted,2026-01-10T19:13:00Z
transactions-001285,TX-0001285,AC-00005,2026-01-10T19:24:00Z,debit,atm,grocery,USD,250.25,posted,2026-01-10T19:24:00Z
transactions-001286,TX-0001286,AC-00006,2026-01-10T19:35:00Z,debit,atm,travel,USD,287.75,posted,2026-01-10T19:35:00Z
transactions-001287,TX-0001287,AC-00007,2026-01-10T19:46:00Z,credit,mobile,grocery,USD,291.50,posted,2026-01-10T19:46:00Z
transactions-001288,TX-0001288,AC-00008,2026-01-10T19:57:00Z,debit,atm,travel,USD,116.75,posted,2026-01-10T19:57:00Z
transactions-001289,TX-0001289,AC-00009,2026-01-10T20:08:00Z,refund,branch,grocery,USD,229.25,posted,2026-01-10T20:08:00Z
transactions-001290,TX-0001290,AC-00010,2026-01-10T20:19:00Z,debit,mobile,travel,USD,62.75,posted,2026-01-10T20:19:00Z
transactions-001291,TX-0001291,AC-00011,2026-01-10T20:30:00Z,credit,atm,grocery,USD,160.25,posted,2026-01-10T20:30:00Z
transactions-001292,TX-0001292,AC-00012,2026-01-10T20:41:00Z,credit,atm,utilities,USD,116.75,posted,2026-01-10T20:41:00Z
transactions-001293,TX-0001293,AC-00013,2026-01-10T20:52:00Z,credit,atm,travel,USD,128.75,posted,2026-01-10T20:52:00Z
transactions-001294,TX-0001294,AC-00014,2026-01-10T21:03:00Z,debit,atm,travel,USD,20.25,posted,2026-01-10T21:03:00Z
transactions-001295,TX-0001295,AC-00015,2026-01-10T21:14:00Z,debit,branch,services,USD,119.25,posted,2026-01-10T21:14:00Z
transactions-001296,TX-0001296,AC-00016,2026-01-10T21:25:00Z,refund,mobile,travel,USD,91.00,posted,2026-01-10T21:25:00Z
transactions-001297,TX-0001297,AC-00017,2026-01-10T21:36:00Z,credit,mobile,grocery,USD,269.50,posted,2026-01-10T21:36:00Z
transactions-001298,TX-0001298,AC-00018,2026-01-10T21:47:00Z,credit,atm,services,USD,126.75,posted,2026-01-10T21:47:00Z
transactions-001299,TX-0001299,AC-00019,2026-01-10T21:58:00Z,debit,card,grocery,USD,194.75,posted,2026-01-10T21:58:00Z
transactions-001300,TX-0001300,AC-00020,2026-01-10T22:09:00Z,credit,atm,grocery,USD,35.75,posted,2026-01-10T22:09:00Z
transactions-001301,TX-0001301,AC-00021,2026-01-10T22:20:00Z,refund,mobile,utilities,USD,65.25,posted,2026-01-10T22:20:00Z
transactions-001302,TX-0001302,AC-00022,2026-01-10T22:31:00Z,debit,card,utilities,USD,270.50,posted,2026-01-10T22:31:00Z
transactions-001303,TX-0001303,AC-00023,2026-01-10T22:42:00Z,credit,mobile,travel,USD,258.25,posted,2026-01-10T22:42:00Z
transactions-001304,TX-0001304,AC-00024,2026-01-10T22:53:00Z,refund,mobile,services,USD,30.25,posted,2026-01-10T22:53:00Z
transactions-001305,TX-0001305,AC-00025,2026-01-10T23:04:00Z,refund,branch,utilities,USD,238.00,posted,2026-01-10T23:04:00Z
transactions-001306,TX-0001306,AC-00026,2026-01-10T23:15:00Z,credit,branch,services,USD,195.25,posted,2026-01-10T23:15:00Z
transactions-001307,TX-0001307,AC-00027,2026-01-10T23:26:00Z,debit,mobile,grocery,USD,178.00,posted,2026-01-10T23:26:00Z
transactions-001308,TX-0001308,AC-00028,2026-01-10T23:37:00Z,debit,card,grocery,USD,154.25,posted,2026-01-10T23:37:00Z
transactions-001309,TX-0001309,AC-00029,2026-01-10T23:48:00Z,credit,atm,grocery,USD,75.75,posted,2026-01-10T23:48:00Z
transactions-001310,TX-0001310,AC-00030,2026-01-10T23:59:00Z,refund,mobile,utilities,USD,89.75,posted,2026-01-10T23:59:00Z
transactions-001311,TX-0001311,AC-00031,2026-01-11T00:10:00Z,debit,card,grocery,USD,226.25,posted,2026-01-11T00:10:00Z
transactions-001312,TX-0001312,AC-00032,2026-01-11T00:21:00Z,debit,card,travel,USD,210.75,posted,2026-01-11T00:21:00Z
transactions-001313,TX-0001313,AC-00033,2026-01-11T00:32:00Z,credit,branch,travel,USD,189.00,posted,2026-01-11T00:32:00Z
transactions-001314,TX-0001314,AC-00034,2026-01-11T00:43:00Z,debit,branch,travel,USD,46.25,posted,2026-01-11T00:43:00Z
transactions-001315,TX-0001315,AC-00035,2026-01-11T00:54:00Z,debit,atm,utilities,USD,268.00,posted,2026-01-11T00:54:00Z
transactions-001316,TX-0001316,AC-00036,2026-01-11T01:05:00Z,debit,mobile,utilities,USD,14.50,posted,2026-01-11T01:05:00Z
transactions-001317,TX-0001317,AC-00037,2026-01-11T01:16:00Z,debit,branch,grocery,USD,187.75,posted,2026-01-11T01:16:00Z
transactions-001318,TX-0001318,AC-00038,2026-01-11T01:27:00Z,refund,atm,services,USD,296.50,posted,2026-01-11T01:27:00Z
transactions-001319,TX-0001319,AC-00039,2026-01-11T01:38:00Z,refund,mobile,travel,USD,25.00,posted,2026-01-11T01:38:00Z
transactions-001320,TX-0001320,AC-00040,2026-01-11T01:49:00Z,refund,branch,services,USD,266.25,posted,2026-01-11T01:49:00Z
transactions-001321,TX-0001321,AC-00041,2026-01-11T02:00:00Z,credit,mobile,services,USD,132.00,posted,2026-01-11T02:00:00Z
transactions-001322,TX-0001322,AC-00042,2026-01-11T02:11:00Z,credit,atm,services,USD,274.25,posted,2026-01-11T02:11:00Z
transactions-001323,TX-0001323,AC-00043,2026-01-11T02:22:00Z,debit,mobile,utilities,USD,144.50,posted,2026-01-11T02:22:00Z
transactions-001324,TX-0001324,AC-00044,2026-01-11T02:33:00Z,credit,mobile,travel,USD,208.25,posted,2026-01-11T02:33:00Z
transactions-001325,TX-0001325,AC-00045,2026-01-11T02:44:00Z,credit,card,utilities,USD,123.50,posted,2026-01-11T02:44:00Z
transactions-001326,TX-0001326,AC-00046,2026-01-11T02:55:00Z,credit,mobile,utilities,USD,174.25,posted,2026-01-11T02:55:00Z
transactions-001327,TX-0001327,AC-00047,2026-01-11T03:06:00Z,credit,card,services,USD,18.25,posted,2026-01-11T03:06:00Z
transactions-001328,TX-0001328,AC-00048,2026-01-11T03:17:00Z,refund,mobile,travel,USD,172.75,posted,2026-01-11T03:17:00Z
transactions-001329,TX-0001329,AC-00049,2026-01-11T03:28:00Z,refund,branch,utilities,USD,204.50,posted,2026-01-11T03:28:00Z
transactions-001330,TX-0001330,AC-00050,2026-01-11T03:39:00Z,credit,branch,travel,USD,119.75,posted,2026-01-11T03:39:00Z
transactions-001331,TX-0001331,AC-00051,2026-01-11T03:50:00Z,credit,atm,grocery,USD,112.75,posted,2026-01-11T03:50:00Z
transactions-001332,TX-0001332,AC-00052,2026-01-11T04:01:00Z,refund,branch,travel,USD,19.75,posted,2026-01-11T04:01:00Z
transactions-001333,TX-0001333,AC-00053,2026-01-11T04:12:00Z,debit,mobile,grocery,USD,227.75,posted,2026-01-11T04:12:00Z
transactions-001334,TX-0001334,AC-00054,2026-01-11T04:23:00Z,refund,atm,services,USD,132.75,posted,2026-01-11T04:23:00Z
transactions-001335,TX-0001335,AC-00055,2026-01-11T04:34:00Z,refund,branch,travel,USD,58.75,posted,2026-01-11T04:34:00Z
transactions-001336,TX-0001336,AC-00056,2026-01-11T04:45:00Z,refund,mobile,utilities,USD,66.00,posted,2026-01-11T04:45:00Z
transactions-001337,TX-0001337,AC-00057,2026-01-11T04:56:00Z,credit,mobile,services,USD,0.75,posted,2026-01-11T04:56:00Z
transactions-001338,TX-0001338,AC-00058,2026-01-11T05:07:00Z,debit,mobile,utilities,USD,275.50,posted,2026-01-11T05:07:00Z
transactions-001339,TX-0001339,AC-00059,2026-01-11T05:18:00Z,credit,branch,utilities,USD,245.50,posted,2026-01-11T05:18:00Z
transactions-001340,TX-0001340,AC-00060,2026-01-11T05:29:00Z,refund,atm,utilities,USD,220.50,posted,2026-01-11T05:29:00Z
transactions-001341,TX-0001341,AC-00061,2026-01-11T05:40:00Z,refund,atm,utilities,USD,81.75,posted,2026-01-11T05:40:00Z
transactions-001342,TX-0001342,AC-00062,2026-01-11T05:51:00Z,credit,mobile,utilities,USD,205.00,posted,2026-01-11T05:51:00Z
transactions-001343,TX-0001343,AC-00063,2026-01-11T06:02:00Z,credit,card,utilities,USD,203.50,posted,2026-01-11T06:02:00Z
transactions-001344,TX-0001344,AC-00064,2026-01-11T06:13:00Z,credit,card,travel,USD,123.50,posted,2026-01-11T06:13:00Z
transactions-001345,TX-0001345,AC-00065,2026-01-11T06:24:00Z,credit,card,utilities,USD,168.50,posted,2026-01-11T06:24:00Z
transactions-001346,TX-0001346,AC-00066,2026-01-11T06:35:00Z,debit,branch,grocery,USD,33.50,posted,2026-01-11T06:35:00Z
transactions-001347,TX-0001347,AC-00067,2026-01-11T06:46:00Z,credit,atm,utilities,USD,278.00,posted,2026-01-11T06:46:00Z
transactions-001348,TX-0001348,AC-00068,2026-01-11T06:57:00Z,debit,branch,grocery,USD,211.50,posted,2026-01-11T06:57:00Z
transactions-001349,TX-0001349,AC-00069,2026-01-11T07:08:00Z,credit,atm,utilities,USD,226.25,posted,2026-01-11T07:08:00Z
transactions-001350,TX-0001350,AC-00070,2026-01-11T07:19:00Z,refund,atm,utilities,USD,96.25,posted,2026-01-11T07:19:00Z
transactions-001351,TX-0001351,AC-00071,2026-01-11T07:30:00Z,refund,branch,grocery,USD,195.75,posted,2026-01-11T07:30:00Z
transactions-001352,TX-0001352,AC-00072,2026-01-11T07:41:00Z,refund,atm,grocery,USD,51.50,posted,2026-01-11T07:41:00Z
transactions-001353,TX-0001353,AC-00073,2026-01-11T07:52:00Z,debit,card,grocery,USD,291.00,posted,2026-01-11T07:52:00Z
transactions-001354,TX-0001354,AC-00074,2026-01-11T08:03:00Z,credit,atm,travel,USD,212.75,posted,2026-01-11T08:03:00Z
transactions-001355,TX-0001355,AC-00075,2026-01-11T08:14:00Z,credit,branch,grocery,USD,40.50,posted,2026-01-11T08:14:00Z
transactions-001356,TX-0001356,AC-00076,2026-01-11T08:25:00Z,refund,mobile,travel,USD,255.50,posted,2026-01-11T08:25:00Z
transactions-001357,TX-0001357,AC-00077,2026-01-11T08:36:00Z,refund,branch,utilities,USD,32.00,posted,2026-01-11T08:36:00Z
transactions-001358,TX-0001358,AC-00078,2026-01-11T08:47:00Z,refund,card,services,USD,9.00,posted,2026-01-11T08:47:00Z
transactions-001359,TX-0001359,AC-00079,2026-01-11T08:58:00Z,refund,card,grocery,USD,100.50,posted,2026-01-11T08:58:00Z
transactions-001360,TX-0001360,AC-00080,2026-01-11T09:09:00Z,debit,mobile,services,USD,186.75,posted,2026-01-11T09:09:00Z
transactions-001361,TX-0001361,AC-00081,2026-01-11T09:20:00Z,refund,mobile,utilities,USD,59.00,posted,2026-01-11T09:20:00Z
transactions-001362,TX-0001362,AC-00082,2026-01-11T09:31:00Z,refund,mobile,utilities,USD,37.50,posted,2026-01-11T09:31:00Z
transactions-001363,TX-0001363,AC-00083,2026-01-11T09:42:00Z,refund,card,utilities,USD,121.50,posted,2026-01-11T09:42:00Z
transactions-001364,TX-0001364,AC-00084,2026-01-11T09:53:00Z,credit,card,grocery,USD,90.75,posted,2026-01-11T09:53:00Z
transactions-001365,TX-0001365,AC-00085,2026-01-11T10:04:00Z,refund,mobile,travel,USD,114.50,posted,2026-01-11T10:04:00Z
transactions-001366,TX-0001366,AC-00086,2026-01-11T10:15:00Z,refund,branch,services,USD,266.00,posted,2026-01-11T10:15:00Z
transactions-001367,TX-0001367,AC-00087,2026-01-11T10:26:00Z,credit,atm,services,USD,279.25,posted,2026-01-11T10:26:00Z
transactions-001368,TX-0001368,AC-00088,2026-01-11T10:37:00Z,credit,branch,utilities,USD,46.00,posted,2026-01-11T10:37:00Z
transactions-001369,TX-0001369,AC-00089,2026-01-11T10:48:00Z,refund,atm,grocery,USD,89.25,posted,2026-01-11T10:48:00Z
transactions-001370,TX-0001370,AC-00090,2026-01-11T10:59:00Z,refund,card,travel,USD,166.00,posted,2026-01-11T10:59:00Z
transactions-001371,TX-0001371,AC-00091,2026-01-11T11:10:00Z,credit,atm,services,USD,132.00,posted,2026-01-11T11:10:00Z
transactions-001372,TX-0001372,AC-00092,2026-01-11T11:21:00Z,debit,branch,services,USD,178.00,posted,2026-01-11T11:21:00Z
transactions-001373,TX-0001373,AC-00093,2026-01-11T11:32:00Z,credit,atm,services,USD,134.50,posted,2026-01-11T11:32:00Z
transactions-001374,TX-0001374,AC-00094,2026-01-11T11:43:00Z,refund,mobile,travel,USD,171.50,posted,2026-01-11T11:43:00Z
transactions-001375,TX-0001375,AC-00095,2026-01-11T11:54:00Z,debit,card,services,USD,278.50,posted,2026-01-11T11:54:00Z
transactions-001376,TX-0001376,AC-00096,2026-01-11T12:05:00Z,debit,branch,services,USD,196.75,posted,2026-01-11T12:05:00Z
transactions-001377,TX-0001377,AC-00097,2026-01-11T12:16:00Z,refund,mobile,utilities,USD,270.00,posted,2026-01-11T12:16:00Z
transactions-001378,TX-0001378,AC-00098,2026-01-11T12:27:00Z,credit,branch,travel,USD,251.25,posted,2026-01-11T12:27:00Z
transactions-001379,TX-0001379,AC-00099,2026-01-11T12:38:00Z,credit,card,travel,USD,68.25,posted,2026-01-11T12:38:00Z
transactions-001380,TX-0001380,AC-00100,2026-01-11T12:49:00Z,credit,branch,travel,USD,18.75,posted,2026-01-11T12:49:00Z
transactions-001381,TX-0001381,AC-00101,2026-01-11T13:00:00Z,refund,atm,utilities,USD,110.25,posted,2026-01-11T13:00:00Z
transactions-001382,TX-0001382,AC-00102,2026-01-11T13:11:00Z,debit,mobile,grocery,USD,203.25,posted,2026-01-11T13:11:00Z
transactions-001383,TX-0001383,AC-00103,2026-01-11T13:22:00Z,refund,mobile,grocery,USD,28.00,posted,2026-01-11T13:22:00Z
transactions-001384,TX-0001384,AC-00104,2026-01-11T13:33:00Z,refund,atm,utilities,USD,96.00,posted,2026-01-11T13:33:00Z
transactions-001385,TX-0001385,AC-00105,2026-01-11T13:44:00Z,credit,branch,grocery,USD,26.00,posted,2026-01-11T13:44:00Z
transactions-001386,TX-0001386,AC-00106,2026-01-11T13:55:00Z,credit,branch,grocery,USD,55.50,posted,2026-01-11T13:55:00Z
transactions-001387,TX-0001387,AC-00107,2026-01-11T14:06:00Z,credit,card,grocery,USD,272.50,posted,2026-01-11T14:06:00Z
transactions-001388,TX-0001388,AC-00108,2026-01-11T14:17:00Z,refund,branch,utilities,USD,140.25,posted,2026-01-11T14:17:00Z
transactions-001389,TX-0001389,AC-00109,2026-01-11T14:28:00Z,refund,mobile,travel,USD,206.00,posted,2026-01-11T14:28:00Z
transactions-001390,TX-0001390,AC-00110,2026-01-11T14:39:00Z,debit,branch,travel,USD,131.25,posted,2026-01-11T14:39:00Z
transactions-001391,TX-0001391,AC-00111,2026-01-11T14:50:00Z,debit,mobile,services,USD,207.75,posted,2026-01-11T14:50:00Z
transactions-001392,TX-0001392,AC-00112,2026-01-11T15:01:00Z,refund,atm,services,USD,78.50,posted,2026-01-11T15:01:00Z
transactions-001393,TX-0001393,AC-00113,2026-01-11T15:12:00Z,debit,mobile,travel,USD,288.00,posted,2026-01-11T15:12:00Z
transactions-001394,TX-0001394,AC-00114,2026-01-11T15:23:00Z,credit,branch,utilities,USD,127.25,posted,2026-01-11T15:23:00Z
transactions-001395,TX-0001395,AC-00115,2026-01-11T15:34:00Z,credit,mobile,services,USD,99.50,posted,2026-01-11T15:34:00Z
transactions-001396,TX-0001396,AC-00116,2026-01-11T15:45:00Z,debit,mobile,grocery,USD,263.25,posted,2026-01-11T15:45:00Z
transactions-001397,TX-0001397,AC-00117,2026-01-11T15:56:00Z,refund,card,utilities,USD,223.75,posted,2026-01-11T15:56:00Z
transactions-001398,TX-0001398,AC-00118,2026-01-11T16:07:00Z,credit,card,utilities,USD,187.25,posted,2026-01-11T16:07:00Z
transactions-001399,TX-0001399,AC-00119,2026-01-11T16:18:00Z,credit,atm,grocery,USD,72.00,posted,2026-01-11T16:18:00Z
transactions-001400,TX-0001400,AC-00120,2026-01-11T16:29:00Z,credit,atm,utilities,USD,150.25,posted,2026-01-11T16:29:00Z
transactions-001401,TX-0001401,AC-00121,2026-01-11T16:40:00Z,refund,card,grocery,USD,238.50,posted,2026-01-11T16:40:00Z
transactions-001402,TX-0001402,AC-00122,2026-01-11T16:51:00Z,refund,atm,utilities,USD,59.00,posted,2026-01-11T16:51:00Z
transactions-001403,TX-0001403,AC-00123,2026-01-11T17:02:00Z,credit,branch,grocery,USD,268.00,posted,2026-01-11T17:02:00Z
transactions-001404,TX-0001404,AC-00124,2026-01-11T17:13:00Z,debit,card,grocery,USD,205.50,posted,2026-01-11T17:13:00Z
transactions-001405,TX-0001405,AC-00125,2026-01-11T17:24:00Z,refund,branch,services,USD,96.50,posted,2026-01-11T17:24:00Z
transactions-001406,TX-0001406,AC-00126,2026-01-11T17:35:00Z,debit,branch,services,USD,238.50,posted,2026-01-11T17:35:00Z
transactions-001407,TX-0001407,AC-00127,2026-01-11T17:46:00Z,refund,atm,utilities,USD,93.00,posted,2026-01-11T17:46:00Z
transactions-001408,TX-0001408,AC-00128,2026-01-11T17:57:00Z,debit,card,utilities,USD,55.75,posted,2026-01-11T17:57:00Z
transactions-001409,TX-0001409,AC-00129,2026-01-11T18:08:00Z,refund,mobile,grocery,USD,177.25,posted,2026-01-11T18:08:00Z
transactions-001410,TX-0001410,AC-00130,2026-01-11T18:19:00Z,refund,mobile,services,USD,234.50,posted,2026-01-11T18:19:00Z
transactions-001411,TX-0001411,AC-00131,2026-01-11T18:30:00Z,debit,card,utilities,USD,233.00,posted,2026-01-11T18:30:00Z
transactions-001412,TX-0001412,AC-00132,2026-01-11T18:41:00Z,debit,branch,grocery,USD,54.75,posted,2026-01-11T18:41:00Z
transactions-001413,TX-0001413,AC-00133,2026-01-11T18:52:00Z,credit,mobile,services,USD,203.00,posted,2026-01-11T18:52:00Z
transactions-001414,TX-0001414,AC-00134,2026-01-11T19:03:00Z,refund,atm,grocery,USD,23.00,posted,2026-01-11T19:03:00Z
transactions-001415,TX-0001415,AC-00135,2026-01-11T19:14:00Z,credit,branch,travel,USD,0.75,posted,2026-01-11T19:14:00Z
transactions-001416,TX-0001416,AC-00136,2026-01-11T19:25:00Z,credit,mobile,grocery,USD,175.00,posted,2026-01-11T19:25:00Z
transactions-001417,TX-0001417,AC-00137,2026-01-11T19:36:00Z,credit,atm,services,USD,151.50,posted,2026-01-11T19:36:00Z
transactions-001418,TX-0001418,AC-00138,2026-01-11T19:47:00Z,credit,mobile,utilities,USD,100.00,posted,2026-01-11T19:47:00Z
transactions-001419,TX-0001419,AC-00139,2026-01-11T19:58:00Z,credit,branch,travel,USD,219.75,posted,2026-01-11T19:58:00Z
transactions-001420,TX-0001420,AC-00140,2026-01-11T20:09:00Z,refund,branch,services,USD,225.00,posted,2026-01-11T20:09:00Z
transactions-001421,TX-0001421,AC-00141,2026-01-11T20:20:00Z,debit,mobile,travel,USD,11.75,posted,2026-01-11T20:20:00Z
transactions-001422,TX-0001422,AC-00142,2026-01-11T20:31:00Z,credit,atm,services,USD,101.25,posted,2026-01-11T20:31:00Z
transactions-001423,TX-0001423,AC-00143,2026-01-11T20:42:00Z,refund,card,travel,USD,281.75,posted,2026-01-11T20:42:00Z
transactions-001424,TX-0001424,AC-00144,2026-01-11T20:53:00Z,refund,mobile,utilities,USD,226.50,posted,2026-01-11T20:53:00Z
transactions-001425,TX-0001425,AC-00145,2026-01-11T21:04:00Z,credit,atm,utilities,USD,78.50,posted,2026-01-11T21:04:00Z
transactions-001426,TX-0001426,AC-00146,2026-01-11T21:15:00Z,credit,branch,utilities,USD,262.50,posted,2026-01-11T21:15:00Z
transactions-001427,TX-0001427,AC-00147,2026-01-11T21:26:00Z,debit,card,services,USD,15.00,posted,2026-01-11T21:26:00Z
transactions-001428,TX-0001428,AC-00148,2026-01-11T21:37:00Z,credit,atm,travel,USD,53.50,posted,2026-01-11T21:37:00Z
transactions-001429,TX-0001429,AC-00149,2026-01-11T21:48:00Z,debit,atm,services,USD,225.50,posted,2026-01-11T21:48:00Z
transactions-001430,TX-0001430,AC-00150,2026-01-11T21:59:00Z,credit,branch,services,USD,111.25,posted,2026-01-11T21:59:00Z
transactions-001431,TX-0001431,AC-00151,2026-01-11T22:10:00Z,refund,mobile,travel,USD,200.50,posted,2026-01-11T22:10:00Z
transactions-001432,TX-0001432,AC-00152,2026-01-11T22:21:00Z,debit,atm,services,USD,258.75,posted,2026-01-11T22:21:00Z
transactions-001433,TX-0001433,AC-00153,2026-01-11T22:32:00Z,debit,mobile,services,USD,50.00,posted,2026-01-11T22:32:00Z
transactions-001434,TX-0001434,AC-00154,2026-01-11T22:43:00Z,debit,atm,grocery,USD,251.25,posted,2026-01-11T22:43:00Z
transactions-001435,TX-0001435,AC-00155,2026-01-11T22:54:00Z,credit,mobile,services,USD,16.75,posted,2026-01-11T22:54:00Z
transactions-001436,TX-0001436,AC-00156,2026-01-11T23:05:00Z,debit,mobile,services,USD,227.50,posted,2026-01-11T23:05:00Z
transactions-001437,TX-0001437,AC-00157,2026-01-11T23:16:00Z,refund,branch,grocery,USD,28.25,posted,2026-01-11T23:16:00Z
transactions-001438,TX-0001438,AC-00158,2026-01-11T23:27:00Z,debit,card,travel,USD,176.75,posted,2026-01-11T23:27:00Z
transactions-001439,TX-0001439,AC-00159,2026-01-11T23:38:00Z,credit,card,utilities,USD,43.50,posted,2026-01-11T23:38:00Z
transactions-001440,TX-0001440,AC-00160,2026-01-11T23:49:00Z,debit,card,grocery,USD,180.00,posted,2026-01-11T23:49:00Z
transactions-001441,TX-0001441,AC-00161,2026-01-12T00:00:00Z,credit,card,utilities,USD,0.50,posted,2026-01-12T00:00:00Z
transactions-001442,TX-0001442,AC-00162,2026-01-12T00:11:00Z,credit,atm,utilities,USD,114.25,posted,2026-01-12T00:11:00Z
transactions-001443,TX-0001443,AC-00163,2026-01-12T00:22:00Z,refund,card,utilities,USD,116.50,posted,2026-01-12T00:22:00Z
transactions-001444,TX-0001444,AC-00164,2026-01-12T00:33:00Z,debit,mobile,travel,USD,264.25,posted,2026-01-12T00:33:00Z
transactions-001445,TX-0001445,AC-00165,2026-01-12T00:44:00Z,refund,card,grocery,USD,258.50,posted,2026-01-12T00:44:00Z
transactions-001446,TX-0001446,AC-00166,2026-01-12T00:55:00Z,credit,atm,services,USD,140.00,posted,2026-01-12T00:55:00Z
transactions-001447,TX-0001447,AC-00167,2026-01-12T01:06:00Z,debit,atm,grocery,USD,111.75,posted,2026-01-12T01:06:00Z
transactions-001448,TX-0001448,AC-00168,2026-01-12T01:17:00Z,debit,mobile,services,USD,231.25,posted,2026-01-12T01:17:00Z
transactions-001449,TX-0001449,AC-00169,2026-01-12T01:28:00Z,refund,atm,services,USD,24.50,posted,2026-01-12T01:28:00Z
transactions-001450,TX-0001450,AC-00170,2026-01-12T01:39:00Z,refund,atm,travel,USD,11.25,posted,2026-01-12T01:39:00Z
transactions-001451,TX-0001451,AC-00171,2026-01-12T01:50:00Z,refund,card,services,USD,199.75,posted,2026-01-12T01:50:00Z
transactions-001452,TX-0001452,AC-00172,2026-01-12T02:01:00Z,credit,card,grocery,USD,264.75,posted,2026-01-12T02:01:00Z
transactions-001453,TX-0001453,AC-00173,2026-01-12T02:12:00Z,debit,branch,utilities,USD,42.50,posted,2026-01-12T02:12:00Z
transactions-001454,TX-0001454,AC-00174,2026-01-12T02:23:00Z,refund,atm,travel,USD,241.00,posted,2026-01-12T02:23:00Z
transactions-001455,TX-0001455,AC-00175,2026-01-12T02:34:00Z,debit,mobile,grocery,USD,18.75,posted,2026-01-12T02:34:00Z
transactions-001456,TX-0001456,AC-00176,2026-01-12T02:45:00Z,credit,mobile,utilities,USD,125.00,posted,2026-01-12T02:45:00Z
transactions-001457,TX-0001457,AC-00177,2026-01-12T02:56:00Z,credit,branch,grocery,USD,162.75,posted,2026-01-12T02:56:00Z
transactions-001458,TX-0001458,AC-00178,2026-01-12T03:07:00Z,refund,card,services,USD,198.50,posted,2026-01-12T03:07:00Z
transactions-001459,TX-0001459,AC-00179,2026-01-12T03:18:00Z,debit,mobile,grocery,USD,228.50,posted,2026-01-12T03:18:00Z
transactions-001460,TX-0001460,AC-00180,2026-01-12T03:29:00Z,refund,branch,services,USD,104.75,posted,2026-01-12T03:29:00Z
transactions-001461,TX-0001461,AC-00181,2026-01-12T03:40:00Z,refund,atm,travel,USD,2.25,posted,2026-01-12T03:40:00Z
transactions-001462,TX-0001462,AC-00182,2026-01-12T03:51:00Z,credit,mobile,grocery,USD,269.00,posted,2026-01-12T03:51:00Z
transactions-001463,TX-0001463,AC-00183,2026-01-12T04:02:00Z,credit,branch,travel,USD,93.25,posted,2026-01-12T04:02:00Z
transactions-001464,TX-0001464,AC-00184,2026-01-12T04:13:00Z,debit,branch,services,USD,65.75,posted,2026-01-12T04:13:00Z
transactions-001465,TX-0001465,AC-00185,2026-01-12T04:24:00Z,refund,mobile,grocery,USD,92.25,posted,2026-01-12T04:24:00Z
transactions-001466,TX-0001466,AC-00186,2026-01-12T04:35:00Z,refund,branch,utilities,USD,236.25,posted,2026-01-12T04:35:00Z
transactions-001467,TX-0001467,AC-00187,2026-01-12T04:46:00Z,credit,atm,travel,USD,7.00,posted,2026-01-12T04:46:00Z
transactions-001468,TX-0001468,AC-00188,2026-01-12T04:57:00Z,debit,branch,services,USD,61.25,posted,2026-01-12T04:57:00Z
transactions-001469,TX-0001469,AC-00189,2026-01-12T05:08:00Z,refund,atm,services,USD,247.00,posted,2026-01-12T05:08:00Z
transactions-001470,TX-0001470,AC-00190,2026-01-12T05:19:00Z,credit,card,services,USD,33.50,posted,2026-01-12T05:19:00Z
transactions-001471,TX-0001471,AC-00191,2026-01-12T05:30:00Z,debit,mobile,utilities,USD,44.00,posted,2026-01-12T05:30:00Z
transactions-001472,TX-0001472,AC-00192,2026-01-12T05:41:00Z,credit,atm,travel,USD,221.25,posted,2026-01-12T05:41:00Z
transactions-001473,TX-0001473,AC-00193,2026-01-12T05:52:00Z,credit,branch,grocery,USD,13.75,posted,2026-01-12T05:52:00Z
transactions-001474,TX-0001474,AC-00194,2026-01-12T06:03:00Z,refund,atm,travel,USD,127.25,posted,2026-01-12T06:03:00Z
transactions-001475,TX-0001475,AC-00195,2026-01-12T06:14:00Z,credit,card,utilities,USD,9.50,posted,2026-01-12T06:14:00Z
transactions-001476,TX-0001476,AC-00196,2026-01-12T06:25:00Z,refund,branch,utilities,USD,230.50,posted,2026-01-12T06:25:00Z
transactions-001477,TX-0001477,AC-00197,2026-01-12T06:36:00Z,credit,card,utilities,USD,113.25,posted,2026-01-12T06:36:00Z
transactions-001478,TX-0001478,AC-00198,2026-01-12T06:47:00Z,debit,branch,travel,USD,256.75,posted,2026-01-12T06:47:00Z
transactions-001479,TX-0001479,AC-00199,2026-01-12T06:58:00Z,debit,card,utilities,USD,114.75,posted,2026-01-12T06:58:00Z
transactions-001480,TX-0001480,AC-00200,2026-01-12T07:09:00Z,refund,branch,grocery,USD,32.75,posted,2026-01-12T07:09:00Z
transactions-001481,TX-0001481,AC-00201,2026-01-12T07:20:00Z,refund,mobile,grocery,USD,90.00,posted,2026-01-12T07:20:00Z
transactions-001482,TX-0001482,AC-00202,2026-01-12T07:31:00Z,debit,mobile,utilities,USD,200.25,posted,2026-01-12T07:31:00Z
transactions-001483,TX-0001483,AC-00203,2026-01-12T07:42:00Z,debit,mobile,grocery,USD,195.75,posted,2026-01-12T07:42:00Z
transactions-001484,TX-0001484,AC-00204,2026-01-12T07:53:00Z,debit,mobile,utilities,USD,63.50,posted,2026-01-12T07:53:00Z
transactions-001485,TX-0001485,AC-00205,2026-01-12T08:04:00Z,refund,mobile,travel,USD,165.00,posted,2026-01-12T08:04:00Z
transactions-001486,TX-0001486,AC-00206,2026-01-12T08:15:00Z,debit,atm,utilities,USD,160.50,posted,2026-01-12T08:15:00Z
transactions-001487,TX-0001487,AC-00207,2026-01-12T08:26:00Z,debit,mobile,grocery,USD,138.00,posted,2026-01-12T08:26:00Z
transactions-001488,TX-0001488,AC-00208,2026-01-12T08:37:00Z,credit,atm,utilities,USD,161.00,posted,2026-01-12T08:37:00Z
transactions-001489,TX-0001489,AC-00209,2026-01-12T08:48:00Z,credit,branch,grocery,USD,160.75,posted,2026-01-12T08:48:00Z
transactions-001490,TX-0001490,AC-00210,2026-01-12T08:59:00Z,credit,mobile,grocery,USD,81.50,posted,2026-01-12T08:59:00Z
transactions-001491,TX-0001491,AC-00211,2026-01-12T09:10:00Z,refund,atm,utilities,USD,127.75,posted,2026-01-12T09:10:00Z
transactions-001492,TX-0001492,AC-00212,2026-01-12T09:21:00Z,refund,atm,utilities,USD,84.50,posted,2026-01-12T09:21:00Z
transactions-001493,TX-0001493,AC-00213,2026-01-12T09:32:00Z,refund,mobile,grocery,USD,18.00,posted,2026-01-12T09:32:00Z
transactions-001494,TX-0001494,AC-00214,2026-01-12T09:43:00Z,refund,card,travel,USD,215.50,posted,2026-01-12T09:43:00Z
transactions-001495,TX-0001495,AC-00215,2026-01-12T09:54:00Z,debit,card,travel,USD,201.75,posted,2026-01-12T09:54:00Z
transactions-001496,TX-0001496,AC-00216,2026-01-12T10:05:00Z,refund,atm,travel,USD,174.00,posted,2026-01-12T10:05:00Z
transactions-001497,TX-0001497,AC-00217,2026-01-12T10:16:00Z,refund,card,travel,USD,282.75,posted,2026-01-12T10:16:00Z
transactions-001498,TX-0001498,AC-00218,2026-01-12T10:27:00Z,debit,mobile,travel,USD,89.50,posted,2026-01-12T10:27:00Z
transactions-001499,TX-0001499,AC-00219,2026-01-12T10:38:00Z,debit,card,services,USD,193.00,posted,2026-01-12T10:38:00Z
transactions-001500,TX-0001500,AC-00220,2026-01-12T10:49:00Z,credit,branch,travel,USD,287.00,posted,2026-01-12T10:49:00Z
transactions-001501,TX-0001501,AC-00221,2026-01-12T11:00:00Z,credit,branch,utilities,USD,105.00,posted,2026-01-12T11:00:00Z
transactions-001502,TX-0001502,AC-00222,2026-01-12T11:11:00Z,credit,branch,utilities,USD,106.00,posted,2026-01-12T11:11:00Z
transactions-001503,TX-0001503,AC-00223,2026-01-12T11:22:00Z,credit,atm,services,USD,49.75,posted,2026-01-12T11:22:00Z
transactions-001504,TX-0001504,AC-00224,2026-01-12T11:33:00Z,debit,branch,services,USD,225.50,posted,2026-01-12T11:33:00Z
transactions-001505,TX-0001505,AC-00225,2026-01-12T11:44:00Z,refund,branch,grocery,USD,122.00,posted,2026-01-12T11:44:00Z
transactions-001506,TX-0001506,AC-00226,2026-01-12T11:55:00Z,debit,card,services,USD,64.00,posted,2026-01-12T11:55:00Z
transactions-001507,TX-0001507,AC-00227,2026-01-12T12:06:00Z,debit,mobile,grocery,USD,11.25,posted,2026-01-12T12:06:00Z
transactions-001508,TX-0001508,AC-00228,2026-01-12T12:17:00Z,debit,mobile,services,USD,83.25,posted,2026-01-12T12:17:00Z
transactions-001509,TX-0001509,AC-00229,2026-01-12T12:28:00Z,refund,branch,utilities,USD,43.75,posted,2026-01-12T12:28:00Z
transactions-001510,TX-0001510,AC-00230,2026-01-12T12:39:00Z,debit,atm,utilities,USD,19.50,posted,2026-01-12T12:39:00Z
transactions-001511,TX-0001511,AC-00231,2026-01-12T12:50:00Z,credit,mobile,grocery,USD,187.50,posted,2026-01-12T12:50:00Z
transactions-001512,TX-0001512,AC-00232,2026-01-12T13:01:00Z,credit,atm,services,USD,67.00,posted,2026-01-12T13:01:00Z
transactions-001513,TX-0001513,AC-00233,2026-01-12T13:12:00Z,refund,card,grocery,USD,236.25,posted,2026-01-12T13:12:00Z
transactions-001514,TX-0001514,AC-00234,2026-01-12T13:23:00Z,refund,card,travel,USD,276.75,posted,2026-01-12T13:23:00Z
transactions-001515,TX-0001515,AC-00235,2026-01-12T13:34:00Z,refund,branch,utilities,USD,270.25,posted,2026-01-12T13:34:00Z
transactions-001516,TX-0001516,AC-00236,2026-01-12T13:45:00Z,debit,card,services,USD,169.75,posted,2026-01-12T13:45:00Z
transactions-001517,TX-0001517,AC-00237,2026-01-12T13:56:00Z,debit,branch,services,USD,270.25,posted,2026-01-12T13:56:00Z
transactions-001518,TX-0001518,AC-00238,2026-01-12T14:07:00Z,refund,branch,services,USD,236.50,posted,2026-01-12T14:07:00Z
transactions-001519,TX-0001519,AC-00239,2026-01-12T14:18:00Z,debit,card,travel,USD,205.50,posted,2026-01-12T14:18:00Z
transactions-001520,TX-0001520,AC-00240,2026-01-12T14:29:00Z,debit,branch,utilities,USD,174.25,posted,2026-01-12T14:29:00Z
transactions-001521,TX-0001521,AC-00241,2026-01-12T14:40:00Z,debit,branch,utilities,USD,52.00,posted,2026-01-12T14:40:00Z
transactions-001522,TX-0001522,AC-00242,2026-01-12T14:51:00Z,credit,card,grocery,USD,29.50,posted,2026-01-12T14:51:00Z
transactions-001523,TX-0001523,AC-00243,2026-01-12T15:02:00Z,credit,card,travel,USD,3.25,posted,2026-01-12T15:02:00Z
transactions-001524,TX-0001524,AC-00244,2026-01-12T15:13:00Z,credit,atm,services,USD,117.25,posted,2026-01-12T15:13:00Z
transactions-001525,TX-0001525,AC-00245,2026-01-12T15:24:00Z,debit,atm,grocery,USD,266.75,posted,2026-01-12T15:24:00Z
transactions-001526,TX-0001526,AC-00246,2026-01-12T15:35:00Z,credit,atm,utilities,USD,214.75,posted,2026-01-12T15:35:00Z
transactions-001527,TX-0001527,AC-00247,2026-01-12T15:46:00Z,debit,mobile,services,USD,229.50,posted,2026-01-12T15:46:00Z
transactions-001528,TX-0001528,AC-00248,2026-01-12T15:57:00Z,refund,branch,utilities,USD,205.50,posted,2026-01-12T15:57:00Z
transactions-001529,TX-0001529,AC-00249,2026-01-12T16:08:00Z,credit,atm,grocery,USD,94.75,posted,2026-01-12T16:08:00Z
transactions-001530,TX-0001530,AC-00250,2026-01-12T16:19:00Z,refund,branch,utilities,USD,206.50,posted,2026-01-12T16:19:00Z
transactions-001531,TX-0001531,AC-00251,2026-01-12T16:30:00Z,refund,card,utilities,USD,249.75,posted,2026-01-12T16:30:00Z
transactions-001532,TX-0001532,AC-00252,2026-01-12T16:41:00Z,debit,mobile,services,USD,255.25,posted,2026-01-12T16:41:00Z
transactions-001533,TX-0001533,AC-00253,2026-01-12T16:52:00Z,debit,atm,utilities,USD,286.00,posted,2026-01-12T16:52:00Z
transactions-001534,TX-0001534,AC-00254,2026-01-12T17:03:00Z,refund,atm,services,USD,83.00,posted,2026-01-12T17:03:00Z
transactions-001535,TX-0001535,AC-00255,2026-01-12T17:14:00Z,credit,branch,utilities,USD,97.25,posted,2026-01-12T17:14:00Z
transactions-001536,TX-0001536,AC-00256,2026-01-12T17:25:00Z,credit,mobile,services,USD,64.00,posted,2026-01-12T17:25:00Z
transactions-001537,TX-0001537,AC-00257,2026-01-12T17:36:00Z,credit,branch,travel,USD,227.75,posted,2026-01-12T17:36:00Z
transactions-001538,TX-0001538,AC-00258,2026-01-12T17:47:00Z,debit,atm,grocery,USD,231.00,posted,2026-01-12T17:47:00Z
transactions-001539,TX-0001539,AC-00259,2026-01-12T17:58:00Z,refund,branch,grocery,USD,4.50,posted,2026-01-12T17:58:00Z
transactions-001540,TX-0001540,AC-00260,2026-01-12T18:09:00Z,credit,branch,grocery,USD,224.25,posted,2026-01-12T18:09:00Z
transactions-001541,TX-0001541,AC-00261,2026-01-12T18:20:00Z,credit,card,utilities,USD,183.75,posted,2026-01-12T18:20:00Z
transactions-001542,TX-0001542,AC-00262,2026-01-12T18:31:00Z,credit,atm,grocery,USD,229.75,posted,2026-01-12T18:31:00Z
transactions-001543,TX-0001543,AC-00263,2026-01-12T18:42:00Z,debit,branch,utilities,USD,156.25,posted,2026-01-12T18:42:00Z
transactions-001544,TX-0001544,AC-00264,2026-01-12T18:53:00Z,credit,mobile,utilities,USD,204.00,posted,2026-01-12T18:53:00Z
transactions-001545,TX-0001545,AC-00265,2026-01-12T19:04:00Z,refund,mobile,travel,USD,146.75,posted,2026-01-12T19:04:00Z
transactions-001546,TX-0001546,AC-00266,2026-01-12T19:15:00Z,debit,atm,services,USD,36.75,posted,2026-01-12T19:15:00Z
transactions-001547,TX-0001547,AC-00267,2026-01-12T19:26:00Z,credit,card,grocery,USD,183.75,posted,2026-01-12T19:26:00Z
transactions-001548,TX-0001548,AC-00268,2026-01-12T19:37:00Z,credit,mobile,services,USD,38.25,posted,2026-01-12T19:37:00Z
transactions-001549,TX-0001549,AC-00269,2026-01-12T19:48:00Z,debit,branch,utilities,USD,179.00,posted,2026-01-12T19:48:00Z
transactions-001550,TX-0001550,AC-00270,2026-01-12T19:59:00Z,refund,mobile,grocery,USD,119.00,posted,2026-01-12T19:59:00Z
transactions-001551,TX-0001551,AC-00271,2026-01-12T20:10:00Z,refund,mobile,grocery,USD,100.25,posted,2026-01-12T20:10:00Z
transactions-001552,TX-0001552,AC-00272,2026-01-12T20:21:00Z,credit,branch,grocery,USD,66.75,posted,2026-01-12T20:21:00Z
transactions-001553,TX-0001553,AC-00273,2026-01-12T20:32:00Z,refund,card,utilities,USD,137.50,posted,2026-01-12T20:32:00Z
transactions-001554,TX-0001554,AC-00274,2026-01-12T20:43:00Z,credit,mobile,travel,USD,172.00,posted,2026-01-12T20:43:00Z
transactions-001555,TX-0001555,AC-00275,2026-01-12T20:54:00Z,credit,mobile,travel,USD,251.50,posted,2026-01-12T20:54:00Z
transactions-001556,TX-0001556,AC-00276,2026-01-12T21:05:00Z,debit,branch,grocery,USD,205.00,posted,2026-01-12T21:05:00Z
transactions-001557,TX-0001557,AC-00277,2026-01-12T21:16:00Z,credit,atm,travel,USD,186.75,posted,2026-01-12T21:16:00Z
transactions-001558,TX-0001558,AC-00278,2026-01-12T21:27:00Z,refund,atm,travel,USD,148.00,posted,2026-01-12T21:27:00Z
transactions-001559,TX-0001559,AC-00279,2026-01-12T21:38:00Z,debit,branch,travel,USD,215.25,posted,2026-01-12T21:38:00Z
transactions-001560,TX-0001560,AC-00280,2026-01-12T21:49:00Z,debit,mobile,travel,USD,11.50,posted,2026-01-12T21:49:00Z
transactions-001561,TX-0001561,AC-00281,2026-01-12T22:00:00Z,refund,branch,services,USD,6.75,posted,2026-01-12T22:00:00Z
transactions-001562,TX-0001562,AC-00282,2026-01-12T22:11:00Z,credit,mobile,travel,USD,176.50,posted,2026-01-12T22:11:00Z
transactions-001563,TX-0001563,AC-00283,2026-01-12T22:22:00Z,debit,branch,utilities,USD,214.75,posted,2026-01-12T22:22:00Z
transactions-001564,TX-0001564,AC-00284,2026-01-12T22:33:00Z,credit,card,utilities,USD,164.00,posted,2026-01-12T22:33:00Z
transactions-001565,TX-0001565,AC-00285,2026-01-12T22:44:00Z,refund,card,services,USD,256.50,posted,2026-01-12T22:44:00Z
transactions-001566,TX-0001566,AC-00286,2026-01-12T22:55:00Z,debit,branch,utilities,USD,260.25,posted,2026-01-12T22:55:00Z
transactions-001567,TX-0001567,AC-00287,2026-01-12T23:06:00Z,debit,mobile,travel,USD,181.50,posted,2026-01-12T23:06:00Z
transactions-001568,TX-0001568,AC-00288,2026-01-12T23:17:00Z,debit,branch,grocery,USD,196.75,posted,2026-01-12T23:17:00Z
transactions-001569,TX-0001569,AC-00289,2026-01-12T23:28:00Z,credit,atm,services,USD,113.25,posted,2026-01-12T23:28:00Z
transactions-001570,TX-0001570,AC-00290,2026-01-12T23:39:00Z,credit,branch,grocery,USD,169.50,posted,2026-01-12T23:39:00Z
transactions-001571,TX-0001571,AC-00291,2026-01-12T23:50:00Z,debit,card,travel,USD,210.00,posted,2026-01-12T23:50:00Z
transactions-001572,TX-0001572,AC-00292,2026-01-13T00:01:00Z,refund,card,utilities,USD,34.25,posted,2026-01-13T00:01:00Z
transactions-001573,TX-0001573,AC-00293,2026-01-13T00:12:00Z,credit,branch,services,USD,51.00,posted,2026-01-13T00:12:00Z
transactions-001574,TX-0001574,AC-00294,2026-01-13T00:23:00Z,debit,mobile,travel,USD,229.50,posted,2026-01-13T00:23:00Z
transactions-001575,TX-0001575,AC-00295,2026-01-13T00:34:00Z,refund,mobile,utilities,USD,108.00,posted,2026-01-13T00:34:00Z
transactions-001576,TX-0001576,AC-00296,2026-01-13T00:45:00Z,debit,card,grocery,USD,119.25,posted,2026-01-13T00:45:00Z
transactions-001577,TX-0001577,AC-00297,2026-01-13T00:56:00Z,debit,mobile,utilities,USD,94.50,posted,2026-01-13T00:56:00Z
transactions-001578,TX-0001578,AC-00298,2026-01-13T01:07:00Z,refund,atm,services,USD,136.50,posted,2026-01-13T01:07:00Z
transactions-001579,TX-0001579,AC-00299,2026-01-13T01:18:00Z,credit,mobile,grocery,USD,59.75,posted,2026-01-13T01:18:00Z
transactions-001580,TX-0001580,AC-00300,2026-01-13T01:29:00Z,credit,atm,travel,USD,40.00,posted,2026-01-13T01:29:00Z
transactions-001581,TX-0001581,AC-00301,2026-01-13T01:40:00Z,credit,card,grocery,USD,269.75,posted,2026-01-13T01:40:00Z
transactions-001582,TX-0001582,AC-00302,2026-01-13T01:51:00Z,credit,card,grocery,USD,54.25,posted,2026-01-13T01:51:00Z
transactions-001583,TX-0001583,AC-00303,2026-01-13T02:02:00Z,debit,mobile,travel,USD,106.25,posted,2026-01-13T02:02:00Z
transactions-001584,TX-0001584,AC-00304,2026-01-13T02:13:00Z,refund,branch,grocery,USD,230.25,posted,2026-01-13T02:13:00Z
transactions-001585,TX-0001585,AC-00305,2026-01-13T02:24:00Z,credit,atm,grocery,USD,169.75,posted,2026-01-13T02:24:00Z
transactions-001586,TX-0001586,AC-00306,2026-01-13T02:35:00Z,debit,mobile,grocery,USD,166.00,posted,2026-01-13T02:35:00Z
transactions-001587,TX-0001587,AC-00307,2026-01-13T02:46:00Z,credit,card,utilities,USD,213.00,posted,2026-01-13T02:46:00Z
transactions-001588,TX-0001588,AC-00308,2026-01-13T02:57:00Z,refund,mobile,utilities,USD,123.00,posted,2026-01-13T02:57:00Z
transactions-001589,TX-0001589,AC-00309,2026-01-13T03:08:00Z,refund,card,grocery,USD,139.00,posted,2026-01-13T03:08:00Z
transactions-001590,TX-0001590,AC-00310,2026-01-13T03:19:00Z,credit,card,services,USD,79.00,posted,2026-01-13T03:19:00Z
transactions-001591,TX-0001591,AC-00311,2026-01-13T03:30:00Z,credit,branch,services,USD,288.00,posted,2026-01-13T03:30:00Z
transactions-001592,TX-0001592,AC-00312,2026-01-13T03:41:00Z,debit,atm,services,USD,150.50,posted,2026-01-13T03:41:00Z
transactions-001593,TX-0001593,AC-00313,2026-01-13T03:52:00Z,debit,atm,utilities,USD,235.00,posted,2026-01-13T03:52:00Z
transactions-001594,TX-0001594,AC-00314,2026-01-13T04:03:00Z,refund,card,grocery,USD,142.00,posted,2026-01-13T04:03:00Z
transactions-001595,TX-0001595,AC-00315,2026-01-13T04:14:00Z,debit,mobile,utilities,USD,49.25,posted,2026-01-13T04:14:00Z
transactions-001596,TX-0001596,AC-00316,2026-01-13T04:25:00Z,credit,branch,utilities,USD,206.25,posted,2026-01-13T04:25:00Z
transactions-001597,TX-0001597,AC-00317,2026-01-13T04:36:00Z,refund,card,travel,USD,78.25,posted,2026-01-13T04:36:00Z
transactions-001598,TX-0001598,AC-00318,2026-01-13T04:47:00Z,refund,card,utilities,USD,19.00,posted,2026-01-13T04:47:00Z
transactions-001599,TX-0001599,AC-00319,2026-01-13T04:58:00Z,refund,atm,grocery,USD,50.25,posted,2026-01-13T04:58:00Z
transactions-001600,TX-0001600,AC-00320,2026-01-13T05:09:00Z,credit,card,services,USD,135.75,posted,2026-01-13T05:09:00Z
transactions-001601,TX-0001601,AC-00001,2026-01-13T05:20:00Z,debit,card,utilities,USD,210.75,posted,2026-01-13T05:20:00Z
transactions-001602,TX-0001602,AC-00002,2026-01-13T05:31:00Z,debit,atm,services,USD,131.25,posted,2026-01-13T05:31:00Z
transactions-001603,TX-0001603,AC-00003,2026-01-13T05:42:00Z,credit,mobile,services,USD,102.50,posted,2026-01-13T05:42:00Z
transactions-001604,TX-0001604,AC-00004,2026-01-13T05:53:00Z,refund,atm,travel,USD,265.50,posted,2026-01-13T05:53:00Z
transactions-001605,TX-0001605,AC-00005,2026-01-13T06:04:00Z,credit,mobile,grocery,USD,233.50,posted,2026-01-13T06:04:00Z
transactions-001606,TX-0001606,AC-00006,2026-01-13T06:15:00Z,refund,atm,grocery,USD,19.75,posted,2026-01-13T06:15:00Z
transactions-001607,TX-0001607,AC-00007,2026-01-13T06:26:00Z,credit,card,services,USD,277.00,posted,2026-01-13T06:26:00Z
transactions-001608,TX-0001608,AC-00008,2026-01-13T06:37:00Z,debit,card,utilities,USD,102.50,posted,2026-01-13T06:37:00Z
transactions-001609,TX-0001609,AC-00009,2026-01-13T06:48:00Z,credit,mobile,services,USD,146.25,posted,2026-01-13T06:48:00Z
transactions-001610,TX-0001610,AC-00010,2026-01-13T06:59:00Z,credit,mobile,services,USD,144.50,posted,2026-01-13T06:59:00Z
transactions-001611,TX-0001611,AC-00011,2026-01-13T07:10:00Z,debit,mobile,travel,USD,14.25,posted,2026-01-13T07:10:00Z
transactions-001612,TX-0001612,AC-00012,2026-01-13T07:21:00Z,credit,card,utilities,USD,277.25,posted,2026-01-13T07:21:00Z
transactions-001613,TX-0001613,AC-00013,2026-01-13T07:32:00Z,debit,mobile,grocery,USD,246.00,posted,2026-01-13T07:32:00Z
transactions-001614,TX-0001614,AC-00014,2026-01-13T07:43:00Z,debit,branch,services,USD,186.75,posted,2026-01-13T07:43:00Z
transactions-001615,TX-0001615,AC-00015,2026-01-13T07:54:00Z,refund,branch,grocery,USD,213.75,posted,2026-01-13T07:54:00Z
transactions-001616,TX-0001616,AC-00016,2026-01-13T08:05:00Z,debit,mobile,grocery,USD,20.50,posted,2026-01-13T08:05:00Z
transactions-001617,TX-0001617,AC-00017,2026-01-13T08:16:00Z,refund,branch,travel,USD,16.50,posted,2026-01-13T08:16:00Z
transactions-001618,TX-0001618,AC-00018,2026-01-13T08:27:00Z,debit,mobile,utilities,USD,82.00,posted,2026-01-13T08:27:00Z
transactions-001619,TX-0001619,AC-00019,2026-01-13T08:38:00Z,debit,atm,travel,USD,87.25,posted,2026-01-13T08:38:00Z
transactions-001620,TX-0001620,AC-00020,2026-01-13T08:49:00Z,debit,branch,travel,USD,94.25,posted,2026-01-13T08:49:00Z
transactions-001621,TX-0001621,AC-00021,2026-01-13T09:00:00Z,debit,atm,grocery,USD,209.00,posted,2026-01-13T09:00:00Z
transactions-001622,TX-0001622,AC-00022,2026-01-13T09:11:00Z,debit,mobile,utilities,USD,102.75,posted,2026-01-13T09:11:00Z
transactions-001623,TX-0001623,AC-00023,2026-01-13T09:22:00Z,credit,atm,services,USD,171.50,posted,2026-01-13T09:22:00Z
transactions-001624,TX-0001624,AC-00024,2026-01-13T09:33:00Z,debit,mobile,services,USD,297.25,posted,2026-01-13T09:33:00Z
transactions-001625,TX-0001625,AC-00025,2026-01-13T09:44:00Z,refund,mobile,utilities,USD,244.00,posted,2026-01-13T09:44:00Z
transactions-001626,TX-0001626,AC-00026,2026-01-13T09:55:00Z,refund,branch,services,USD,223.50,posted,2026-01-13T09:55:00Z
transactions-001627,TX-0001627,AC-00027,2026-01-13T10:06:00Z,credit,mobile,travel,USD,218.25,posted,2026-01-13T10:06:00Z
transactions-001628,TX-0001628,AC-00028,2026-01-13T10:17:00Z,refund,card,grocery,USD,79.50,posted,2026-01-13T10:17:00Z
transactions-001629,TX-0001629,AC-00029,2026-01-13T10:28:00Z,refund,atm,grocery,USD,123.25,posted,2026-01-13T10:28:00Z
transactions-001630,TX-0001630,AC-00030,2026-01-13T10:39:00Z,debit,mobile,travel,USD,39.25,posted,2026-01-13T10:39:00Z
transactions-001631,TX-0001631,AC-00031,2026-01-13T10:50:00Z,debit,card,grocery,USD,232.75,posted,2026-01-13T10:50:00Z
transactions-001632,TX-0001632,AC-00032,2026-01-13T11:01:00Z,refund,mobile,grocery,USD,243.75,posted,2026-01-13T11:01:00Z
transactions-001633,TX-0001633,AC-00033,2026-01-13T11:12:00Z,credit,card,services,USD,219.25,posted,2026-01-13T11:12:00Z
transactions-001634,TX-0001634,AC-00034,2026-01-13T11:23:00Z,refund,mobile,services,USD,292.50,posted,2026-01-13T11:23:00Z
transactions-001635,TX-0001635,AC-00035,2026-01-13T11:34:00Z,credit,branch,utilities,USD,18.00,posted,2026-01-13T11:34:00Z
transactions-001636,TX-0001636,AC-00036,2026-01-13T11:45:00Z,refund,atm,travel,USD,49.00,posted,2026-01-13T11:45:00Z
transactions-001637,TX-0001637,AC-00037,2026-01-13T11:56:00Z,refund,atm,grocery,USD,125.50,posted,2026-01-13T11:56:00Z
transactions-001638,TX-0001638,AC-00038,2026-01-13T12:07:00Z,credit,mobile,services,USD,284.25,posted,2026-01-13T12:07:00Z
transactions-001639,TX-0001639,AC-00039,2026-01-13T12:18:00Z,credit,mobile,utilities,USD,152.00,posted,2026-01-13T12:18:00Z
transactions-001640,TX-0001640,AC-00040,2026-01-13T12:29:00Z,debit,atm,travel,USD,167.00,posted,2026-01-13T12:29:00Z
transactions-001641,TX-0001641,AC-00041,2026-01-13T12:40:00Z,credit,branch,utilities,USD,102.75,posted,2026-01-13T12:40:00Z
transactions-001642,TX-0001642,AC-00042,2026-01-13T12:51:00Z,credit,mobile,services,USD,200.25,posted,2026-01-13T12:51:00Z
transactions-001643,TX-0001643,AC-00043,2026-01-13T13:02:00Z,refund,mobile,travel,USD,217.25,posted,2026-01-13T13:02:00Z
transactions-001644,TX-0001644,AC-00044,2026-01-13T13:13:00Z,credit,branch,travel,USD,15.25,posted,2026-01-13T13:13:00Z
transactions-001645,TX-0001645,AC-00045,2026-01-13T13:24:00Z,credit,branch,utilities,USD,285.75,posted,2026-01-13T13:24:00Z
transactions-001646,TX-0001646,AC-00046,2026-01-13T13:35:00Z,credit,card,services,USD,234.75,posted,2026-01-13T13:35:00Z
transactions-001647,TX-0001647,AC-00047,2026-01-13T13:46:00Z,debit,branch,services,USD,19.50,posted,2026-01-13T13:46:00Z
transactions-001648,TX-0001648,AC-00048,2026-01-13T13:57:00Z,debit,mobile,utilities,USD,126.25,posted,2026-01-13T13:57:00Z
transactions-001649,TX-0001649,AC-00049,2026-01-13T14:08:00Z,debit,mobile,utilities,USD,221.00,posted,2026-01-13T14:08:00Z
transactions-001650,TX-0001650,AC-00050,2026-01-13T14:19:00Z,credit,branch,services,USD,40.75,posted,2026-01-13T14:19:00Z
transactions-001651,TX-0001651,AC-00051,2026-01-13T14:30:00Z,debit,mobile,travel,USD,201.00,posted,2026-01-13T14:30:00Z
transactions-001652,TX-0001652,AC-00052,2026-01-13T14:41:00Z,refund,branch,services,USD,169.50,posted,2026-01-13T14:41:00Z
transactions-001653,TX-0001653,AC-00053,2026-01-13T14:52:00Z,credit,atm,travel,USD,12.50,posted,2026-01-13T14:52:00Z
transactions-001654,TX-0001654,AC-00054,2026-01-13T15:03:00Z,credit,atm,grocery,USD,83.00,posted,2026-01-13T15:03:00Z
transactions-001655,TX-0001655,AC-00055,2026-01-13T15:14:00Z,debit,atm,travel,USD,11.00,posted,2026-01-13T15:14:00Z
transactions-001656,TX-0001656,AC-00056,2026-01-13T15:25:00Z,credit,card,grocery,USD,115.50,posted,2026-01-13T15:25:00Z
transactions-001657,TX-0001657,AC-00057,2026-01-13T15:36:00Z,credit,branch,grocery,USD,13.50,posted,2026-01-13T15:36:00Z
transactions-001658,TX-0001658,AC-00058,2026-01-13T15:47:00Z,credit,branch,services,USD,56.75,posted,2026-01-13T15:47:00Z
transactions-001659,TX-0001659,AC-00059,2026-01-13T15:58:00Z,credit,mobile,services,USD,111.00,posted,2026-01-13T15:58:00Z
transactions-001660,TX-0001660,AC-00060,2026-01-13T16:09:00Z,debit,atm,services,USD,266.75,posted,2026-01-13T16:09:00Z
transactions-001661,TX-0001661,AC-00061,2026-01-13T16:20:00Z,debit,atm,services,USD,38.50,posted,2026-01-13T16:20:00Z
transactions-001662,TX-0001662,AC-00062,2026-01-13T16:31:00Z,credit,mobile,services,USD,257.25,posted,2026-01-13T16:31:00Z
transactions-001663,TX-0001663,AC-00063,2026-01-13T16:42:00Z,refund,atm,grocery,USD,232.75,posted,2026-01-13T16:42:00Z
transactions-001664,TX-0001664,AC-00064,2026-01-13T16:53:00Z,refund,branch,utilities,USD,173.50,posted,2026-01-13T16:53:00Z
transactions-001665,TX-0001665,AC-00065,2026-01-13T17:04:00Z,refund,branch,services,USD,139.00,posted,2026-01-13T17:04:00Z
transactions-001666,TX-0001666,AC-00066,2026-01-13T17:15:00Z,debit,mobile,travel,USD,238.00,posted,2026-01-13T17:15:00Z
transactions-001667,TX-0001667,AC-00067,2026-01-13T17:26:00Z,debit,mobile,grocery,USD,295.00,posted,2026-01-13T17:26:00Z
transactions-001668,TX-0001668,AC-00068,2026-01-13T17:37:00Z,credit,mobile,services,USD,190.50,posted,2026-01-13T17:37:00Z
transactions-001669,TX-0001669,AC-00069,2026-01-13T17:48:00Z,credit,branch,grocery,USD,259.50,posted,2026-01-13T17:48:00Z
transactions-001670,TX-0001670,AC-00070,2026-01-13T17:59:00Z,debit,mobile,grocery,USD,30.75,posted,2026-01-13T17:59:00Z
transactions-001671,TX-0001671,AC-00071,2026-01-13T18:10:00Z,debit,atm,grocery,USD,48.25,posted,2026-01-13T18:10:00Z
transactions-001672,TX-0001672,AC-00072,2026-01-13T18:21:00Z,debit,card,grocery,USD,83.25,posted,2026-01-13T18:21:00Z
transactions-001673,TX-0001673,AC-00073,2026-01-13T18:32:00Z,refund,atm,utilities,USD,169.50,posted,2026-01-13T18:32:00Z
transactions-001674,TX-0001674,AC-00074,2026-01-13T18:43:00Z,debit,mobile,services,USD,108.00,posted,2026-01-13T18:43:00Z
transactions-001675,TX-0001675,AC-00075,2026-01-13T18:54:00Z,refund,mobile,services,USD,273.50,posted,2026-01-13T18:54:00Z
transactions-001676,TX-0001676,AC-00076,2026-01-13T19:05:00Z,credit,atm,travel,USD,289.25,posted,2026-01-13T19:05:00Z
transactions-001677,TX-0001677,AC-00077,2026-01-13T19:16:00Z,debit,card,services,USD,295.75,posted,2026-01-13T19:16:00Z
transactions-001678,TX-0001678,AC-00078,2026-01-13T19:27:00Z,debit,atm,grocery,USD,248.50,posted,2026-01-13T19:27:00Z
transactions-001679,TX-0001679,AC-00079,2026-01-13T19:38:00Z,refund,branch,travel,USD,54.50,posted,2026-01-13T19:38:00Z
transactions-001680,TX-0001680,AC-00080,2026-01-13T19:49:00Z,debit,card,utilities,USD,282.50,posted,2026-01-13T19:49:00Z
transactions-001681,TX-0001681,AC-00081,2026-01-13T20:00:00Z,refund,atm,utilities,USD,121.00,posted,2026-01-13T20:00:00Z
transactions-001682,TX-0001682,AC-00082,2026-01-13T20:11:00Z,credit,branch,travel,USD,11.00,posted,2026-01-13T20:11:00Z
transactions-001683,TX-0001683,AC-00083,2026-01-13T20:22:00Z,debit,card,grocery,USD,179.75,posted,2026-01-13T20:22:00Z
transactions-001684,TX-0001684,AC-00084,2026-01-13T20:33:00Z,credit,branch,travel,USD,185.75,posted,2026-01-13T20:33:00Z
transactions-001685,TX-0001685,AC-00085,2026-01-13T20:44:00Z,debit,branch,grocery,USD,240.25,posted,2026-01-13T20:44:00Z
transactions-001686,TX-0001686,AC-00086,2026-01-13T20:55:00Z,debit,branch,grocery,USD,38.50,posted,2026-01-13T20:55:00Z
transactions-001687,TX-0001687,AC-00087,2026-01-13T21:06:00Z,credit,card,travel,USD,58.75,posted,2026-01-13T21:06:00Z
transactions-001688,TX-0001688,AC-00088,2026-01-13T21:17:00Z,debit,mobile,services,USD,219.50,posted,2026-01-13T21:17:00Z
transactions-001689,TX-0001689,AC-00089,2026-01-13T21:28:00Z,credit,branch,grocery,USD,187.75,posted,2026-01-13T21:28:00Z
transactions-001690,TX-0001690,AC-00090,2026-01-13T21:39:00Z,credit,card,utilities,USD,141.25,posted,2026-01-13T21:39:00Z
transactions-001691,TX-0001691,AC-00091,2026-01-13T21:50:00Z,refund,card,services,USD,36.50,posted,2026-01-13T21:50:00Z
transactions-001692,TX-0001692,AC-00092,2026-01-13T22:01:00Z,debit,branch,services,USD,198.00,posted,2026-01-13T22:01:00Z
transactions-001693,TX-0001693,AC-00093,2026-01-13T22:12:00Z,debit,mobile,grocery,USD,248.00,posted,2026-01-13T22:12:00Z
transactions-001694,TX-0001694,AC-00094,2026-01-13T22:23:00Z,debit,mobile,utilities,USD,23.75,posted,2026-01-13T22:23:00Z
transactions-001695,TX-0001695,AC-00095,2026-01-13T22:34:00Z,credit,atm,services,USD,244.25,posted,2026-01-13T22:34:00Z
transactions-001696,TX-0001696,AC-00096,2026-01-13T22:45:00Z,debit,card,utilities,USD,74.25,posted,2026-01-13T22:45:00Z
transactions-001697,TX-0001697,AC-00097,2026-01-13T22:56:00Z,refund,mobile,grocery,USD,216.50,posted,2026-01-13T22:56:00Z
transactions-001698,TX-0001698,AC-00098,2026-01-13T23:07:00Z,debit,mobile,services,USD,148.75,posted,2026-01-13T23:07:00Z
transactions-001699,TX-0001699,AC-00099,2026-01-13T23:18:00Z,refund,mobile,travel,USD,80.75,posted,2026-01-13T23:18:00Z
transactions-001700,TX-0001700,AC-00100,2026-01-13T23:29:00Z,refund,card,travel,USD,87.00,posted,2026-01-13T23:29:00Z
transactions-001701,TX-0001701,AC-00101,2026-01-13T23:40:00Z,refund,card,utilities,USD,139.00,posted,2026-01-13T23:40:00Z
transactions-001702,TX-0001702,AC-00102,2026-01-13T23:51:00Z,credit,mobile,grocery,USD,93.00,posted,2026-01-13T23:51:00Z
transactions-001703,TX-0001703,AC-00103,2026-01-14T00:02:00Z,credit,atm,services,USD,110.50,posted,2026-01-14T00:02:00Z
transactions-001704,TX-0001704,AC-00104,2026-01-14T00:13:00Z,debit,branch,utilities,USD,290.00,posted,2026-01-14T00:13:00Z
transactions-001705,TX-0001705,AC-00105,2026-01-14T00:24:00Z,debit,mobile,travel,USD,137.50,posted,2026-01-14T00:24:00Z
transactions-001706,TX-0001706,AC-00106,2026-01-14T00:35:00Z,debit,atm,travel,USD,1.50,posted,2026-01-14T00:35:00Z
transactions-001707,TX-0001707,AC-00107,2026-01-14T00:46:00Z,credit,atm,services,USD,277.00,posted,2026-01-14T00:46:00Z
transactions-001708,TX-0001708,AC-00108,2026-01-14T00:57:00Z,refund,mobile,utilities,USD,171.25,posted,2026-01-14T00:57:00Z
transactions-001709,TX-0001709,AC-00109,2026-01-14T01:08:00Z,credit,mobile,services,USD,111.50,posted,2026-01-14T01:08:00Z
transactions-001710,TX-0001710,AC-00110,2026-01-14T01:19:00Z,debit,atm,travel,USD,35.00,posted,2026-01-14T01:19:00Z
transactions-001711,TX-0001711,AC-00111,2026-01-14T01:30:00Z,debit,branch,travel,USD,230.00,posted,2026-01-14T01:30:00Z
transactions-001712,TX-0001712,AC-00112,2026-01-14T01:41:00Z,debit,card,travel,USD,165.00,posted,2026-01-14T01:41:00Z
transactions-001713,TX-0001713,AC-00113,2026-01-14T01:52:00Z,credit,atm,utilities,USD,9.00,posted,2026-01-14T01:52:00Z
transactions-001714,TX-0001714,AC-00114,2026-01-14T02:03:00Z,credit,atm,grocery,USD,40.75,posted,2026-01-14T02:03:00Z
transactions-001715,TX-0001715,AC-00115,2026-01-14T02:14:00Z,credit,card,grocery,USD,29.25,posted,2026-01-14T02:14:00Z
transactions-001716,TX-0001716,AC-00116,2026-01-14T02:25:00Z,debit,atm,travel,USD,217.75,posted,2026-01-14T02:25:00Z
transactions-001717,TX-0001717,AC-00117,2026-01-14T02:36:00Z,credit,branch,travel,USD,147.75,posted,2026-01-14T02:36:00Z
transactions-001718,TX-0001718,AC-00118,2026-01-14T02:47:00Z,credit,mobile,grocery,USD,51.00,posted,2026-01-14T02:47:00Z
transactions-001719,TX-0001719,AC-00119,2026-01-14T02:58:00Z,refund,mobile,services,USD,187.75,posted,2026-01-14T02:58:00Z
transactions-001720,TX-0001720,AC-00120,2026-01-14T03:09:00Z,refund,mobile,travel,USD,73.00,posted,2026-01-14T03:09:00Z
transactions-001721,TX-0001721,AC-00121,2026-01-14T03:20:00Z,refund,mobile,services,USD,64.00,posted,2026-01-14T03:20:00Z
transactions-001722,TX-0001722,AC-00122,2026-01-14T03:31:00Z,credit,card,grocery,USD,24.25,posted,2026-01-14T03:31:00Z
transactions-001723,TX-0001723,AC-00123,2026-01-14T03:42:00Z,refund,branch,utilities,USD,82.25,posted,2026-01-14T03:42:00Z
transactions-001724,TX-0001724,AC-00124,2026-01-14T03:53:00Z,debit,atm,utilities,USD,104.75,posted,2026-01-14T03:53:00Z
transactions-001725,TX-0001725,AC-00125,2026-01-14T04:04:00Z,refund,mobile,services,USD,96.50,posted,2026-01-14T04:04:00Z
transactions-001726,TX-0001726,AC-00126,2026-01-14T04:15:00Z,debit,mobile,travel,USD,44.25,posted,2026-01-14T04:15:00Z
transactions-001727,TX-0001727,AC-00127,2026-01-14T04:26:00Z,credit,mobile,grocery,USD,184.50,posted,2026-01-14T04:26:00Z
transactions-001728,TX-0001728,AC-00128,2026-01-14T04:37:00Z,refund,card,grocery,USD,63.25,posted,2026-01-14T04:37:00Z
transactions-001729,TX-0001729,AC-00129,2026-01-14T04:48:00Z,credit,mobile,grocery,USD,227.75,posted,2026-01-14T04:48:00Z
transactions-001730,TX-0001730,AC-00130,2026-01-14T04:59:00Z,refund,branch,services,USD,60.50,posted,2026-01-14T04:59:00Z
transactions-001731,TX-0001731,AC-00131,2026-01-14T05:10:00Z,debit,atm,grocery,USD,189.75,posted,2026-01-14T05:10:00Z
transactions-001732,TX-0001732,AC-00132,2026-01-14T05:21:00Z,refund,atm,utilities,USD,258.00,posted,2026-01-14T05:21:00Z
transactions-001733,TX-0001733,AC-00133,2026-01-14T05:32:00Z,refund,atm,travel,USD,187.25,posted,2026-01-14T05:32:00Z
transactions-001734,TX-0001734,AC-00134,2026-01-14T05:43:00Z,credit,card,services,USD,125.25,posted,2026-01-14T05:43:00Z
transactions-001735,TX-0001735,AC-00135,2026-01-14T05:54:00Z,refund,card,utilities,USD,166.25,posted,2026-01-14T05:54:00Z
transactions-001736,TX-0001736,AC-00136,2026-01-14T06:05:00Z,debit,atm,grocery,USD,90.25,posted,2026-01-14T06:05:00Z
transactions-001737,TX-0001737,AC-00137,2026-01-14T06:16:00Z,debit,mobile,travel,USD,288.00,posted,2026-01-14T06:16:00Z
transactions-001738,TX-0001738,AC-00138,2026-01-14T06:27:00Z,debit,atm,services,USD,33.75,posted,2026-01-14T06:27:00Z
transactions-001739,TX-0001739,AC-00139,2026-01-14T06:38:00Z,refund,branch,utilities,USD,213.75,posted,2026-01-14T06:38:00Z
transactions-001740,TX-0001740,AC-00140,2026-01-14T06:49:00Z,debit,atm,travel,USD,190.25,posted,2026-01-14T06:49:00Z
transactions-001741,TX-0001741,AC-00141,2026-01-14T07:00:00Z,refund,card,grocery,USD,17.00,posted,2026-01-14T07:00:00Z
transactions-001742,TX-0001742,AC-00142,2026-01-14T07:11:00Z,credit,atm,travel,USD,84.50,posted,2026-01-14T07:11:00Z
transactions-001743,TX-0001743,AC-00143,2026-01-14T07:22:00Z,credit,atm,utilities,USD,278.75,posted,2026-01-14T07:22:00Z
transactions-001744,TX-0001744,AC-00144,2026-01-14T07:33:00Z,refund,branch,services,USD,284.75,posted,2026-01-14T07:33:00Z
transactions-001745,TX-0001745,AC-00145,2026-01-14T07:44:00Z,credit,mobile,travel,USD,81.25,posted,2026-01-14T07:44:00Z
transactions-001746,TX-0001746,AC-00146,2026-01-14T07:55:00Z,debit,card,utilities,USD,226.00,posted,2026-01-14T07:55:00Z
transactions-001747,TX-0001747,AC-00147,2026-01-14T08:06:00Z,credit,branch,utilities,USD,67.50,posted,2026-01-14T08:06:00Z
transactions-001748,TX-0001748,AC-00148,2026-01-14T08:17:00Z,debit,mobile,travel,USD,115.75,posted,2026-01-14T08:17:00Z
transactions-001749,TX-0001749,AC-00149,2026-01-14T08:28:00Z,refund,branch,utilities,USD,32.00,posted,2026-01-14T08:28:00Z
transactions-001750,TX-0001750,AC-00150,2026-01-14T08:39:00Z,refund,branch,utilities,USD,77.00,posted,2026-01-14T08:39:00Z
transactions-001751,TX-0001751,AC-00151,2026-01-14T08:50:00Z,refund,card,travel,USD,270.25,posted,2026-01-14T08:50:00Z
transactions-001752,TX-0001752,AC-00152,2026-01-14T09:01:00Z,credit,branch,travel,USD,67.00,posted,2026-01-14T09:01:00Z
transactions-001753,TX-0001753,AC-00153,2026-01-14T09:12:00Z,refund,atm,utilities,USD,205.75,posted,2026-01-14T09:12:00Z
transactions-001754,TX-0001754,AC-00154,2026-01-14T09:23:00Z,refund,branch,grocery,USD,286.75,posted,2026-01-14T09:23:00Z
transactions-001755,TX-0001755,AC-00155,2026-01-14T09:34:00Z,debit,branch,utilities,USD,155.75,posted,2026-01-14T09:34:00Z
transactions-001756,TX-0001756,AC-00156,2026-01-14T09:45:00Z,credit,atm,grocery,USD,25.50,posted,2026-01-14T09:45:00Z
transactions-001757,TX-0001757,AC-00157,2026-01-14T09:56:00Z,credit,card,grocery,USD,43.00,posted,2026-01-14T09:56:00Z
transactions-001758,TX-0001758,AC-00158,2026-01-14T10:07:00Z,refund,mobile,grocery,USD,71.50,posted,2026-01-14T10:07:00Z
transactions-001759,TX-0001759,AC-00159,2026-01-14T10:18:00Z,credit,mobile,travel,USD,51.00,posted,2026-01-14T10:18:00Z
transactions-001760,TX-0001760,AC-00160,2026-01-14T10:29:00Z,credit,atm,utilities,USD,180.50,posted,2026-01-14T10:29:00Z
transactions-001761,TX-0001761,AC-00161,2026-01-14T10:40:00Z,debit,atm,grocery,USD,76.00,posted,2026-01-14T10:40:00Z
transactions-001762,TX-0001762,AC-00162,2026-01-14T10:51:00Z,refund,card,travel,USD,162.75,posted,2026-01-14T10:51:00Z
transactions-001763,TX-0001763,AC-00163,2026-01-14T11:02:00Z,refund,card,grocery,USD,260.75,posted,2026-01-14T11:02:00Z
transactions-001764,TX-0001764,AC-00164,2026-01-14T11:13:00Z,debit,mobile,grocery,USD,167.25,posted,2026-01-14T11:13:00Z
transactions-001765,TX-0001765,AC-00165,2026-01-14T11:24:00Z,credit,card,services,USD,116.00,posted,2026-01-14T11:24:00Z
transactions-001766,TX-0001766,AC-00166,2026-01-14T11:35:00Z,refund,atm,utilities,USD,260.50,posted,2026-01-14T11:35:00Z
transactions-001767,TX-0001767,AC-00167,2026-01-14T11:46:00Z,refund,atm,services,USD,123.50,posted,2026-01-14T11:46:00Z
transactions-001768,TX-0001768,AC-00168,2026-01-14T11:57:00Z,credit,mobile,travel,USD,18.75,posted,2026-01-14T11:57:00Z
transactions-001769,TX-0001769,AC-00169,2026-01-14T12:08:00Z,debit,mobile,utilities,USD,176.50,posted,2026-01-14T12:08:00Z
transactions-001770,TX-0001770,AC-00170,2026-01-14T12:19:00Z,debit,branch,services,USD,116.50,posted,2026-01-14T12:19:00Z
transactions-001771,TX-0001771,AC-00171,2026-01-14T12:30:00Z,debit,card,grocery,USD,215.00,posted,2026-01-14T12:30:00Z
transactions-001772,TX-0001772,AC-00172,2026-01-14T12:41:00Z,credit,atm,utilities,USD,286.50,posted,2026-01-14T12:41:00Z
transactions-001773,TX-0001773,AC-00173,2026-01-14T12:52:00Z,refund,atm,services,USD,163.25,posted,2026-01-14T12:52:00Z
transactions-001774,TX-0001774,AC-00174,2026-01-14T13:03:00Z,credit,mobile,utilities,USD,79.25,posted,2026-01-14T13:03:00Z
transactions-001775,TX-0001775,AC-00175,2026-01-14T13:14:00Z,credit,branch,travel,USD,44.75,posted,2026-01-14T13:14:00Z
transactions-001776,TX-0001776,AC-00176,2026-01-14T13:25:00Z,credit,card,grocery,USD,286.50,posted,2026-01-14T13:25:00Z
transactions-001777,TX-0001777,AC-00177,2026-01-14T13:36:00Z,debit,atm,grocery,USD,55.00,posted,2026-01-14T13:36:00Z
transactions-001778,TX-0001778,AC-00178,2026-01-14T13:47:00Z,refund,card,grocery,USD,255.00,posted,2026-01-14T13:47:00Z
transactions-001779,TX-0001779,AC-00179,2026-01-14T13:58:00Z,refund,card,services,USD,116.00,posted,2026-01-14T13:58:00Z
transactions-001780,TX-0001780,AC-00180,2026-01-14T14:09:00Z,credit,card,services,USD,108.75,posted,2026-01-14T14:09:00Z
transactions-001781,TX-0001781,AC-00181,2026-01-14T14:20:00Z,refund,atm,travel,USD,104.00,posted,2026-01-14T14:20:00Z
transactions-001782,TX-0001782,AC-00182,2026-01-14T14:31:00Z,credit,card,grocery,USD,280.75,posted,2026-01-14T14:31:00Z
transactions-001783,TX-0001783,AC-00183,2026-01-14T14:42:00Z,refund,card,travel,USD,255.00,posted,2026-01-14T14:42:00Z
transactions-001784,TX-0001784,AC-00184,2026-01-14T14:53:00Z,credit,branch,services,USD,64.50,posted,2026-01-14T14:53:00Z
transactions-001785,TX-0001785,AC-00185,2026-01-14T15:04:00Z,credit,atm,utilities,USD,258.50,posted,2026-01-14T15:04:00Z
transactions-001786,TX-0001786,AC-00186,2026-01-14T15:15:00Z,debit,branch,travel,USD,145.25,posted,2026-01-14T15:15:00Z
transactions-001787,TX-0001787,AC-00187,2026-01-14T15:26:00Z,refund,card,utilities,USD,169.75,posted,2026-01-14T15:26:00Z
transactions-001788,TX-0001788,AC-00188,2026-01-14T15:37:00Z,refund,branch,services,USD,154.50,posted,2026-01-14T15:37:00Z
transactions-001789,TX-0001789,AC-00189,2026-01-14T15:48:00Z,refund,branch,utilities,USD,235.50,posted,2026-01-14T15:48:00Z
transactions-001790,TX-0001790,AC-00190,2026-01-14T15:59:00Z,refund,branch,travel,USD,70.25,posted,2026-01-14T15:59:00Z
transactions-001791,TX-0001791,AC-00191,2026-01-14T16:10:00Z,debit,branch,services,USD,76.75,posted,2026-01-14T16:10:00Z
transactions-001792,TX-0001792,AC-00192,2026-01-14T16:21:00Z,debit,card,grocery,USD,160.25,posted,2026-01-14T16:21:00Z
transactions-001793,TX-0001793,AC-00193,2026-01-14T16:32:00Z,debit,card,travel,USD,185.75,posted,2026-01-14T16:32:00Z
transactions-001794,TX-0001794,AC-00194,2026-01-14T16:43:00Z,debit,card,grocery,USD,141.00,posted,2026-01-14T16:43:00Z
transactions-001795,TX-0001795,AC-00195,2026-01-14T16:54:00Z,debit,card,travel,USD,45.25,posted,2026-01-14T16:54:00Z
transactions-001796,TX-0001796,AC-00196,2026-01-14T17:05:00Z,refund,card,travel,USD,73.25,posted,2026-01-14T17:05:00Z
transactions-001797,TX-0001797,AC-00197,2026-01-14T17:16:00Z,credit,card,travel,USD,194.25,posted,2026-01-14T17:16:00Z
transactions-001798,TX-0001798,AC-00198,2026-01-14T17:27:00Z,debit,mobile,grocery,USD,155.00,posted,2026-01-14T17:27:00Z
transactions-001799,TX-0001799,AC-00199,2026-01-14T17:38:00Z,credit,card,services,USD,38.50,posted,2026-01-14T17:38:00Z
transactions-001800,TX-0001800,AC-00200,2026-01-14T17:49:00Z,refund,atm,services,USD,287.25,posted,2026-01-14T17:49:00Z
transactions-001801,TX-0001801,AC-00201,2026-01-14T18:00:00Z,debit,mobile,services,USD,128.75,posted,2026-01-14T18:00:00Z
transactions-001802,TX-0001802,AC-00202,2026-01-14T18:11:00Z,debit,card,services,USD,74.25,posted,2026-01-14T18:11:00Z
transactions-001803,TX-0001803,AC-00203,2026-01-14T18:22:00Z,refund,atm,travel,USD,152.25,posted,2026-01-14T18:22:00Z
transactions-001804,TX-0001804,AC-00204,2026-01-14T18:33:00Z,debit,card,services,USD,273.00,posted,2026-01-14T18:33:00Z
transactions-001805,TX-0001805,AC-00205,2026-01-14T18:44:00Z,refund,mobile,services,USD,124.75,posted,2026-01-14T18:44:00Z
transactions-001806,TX-0001806,AC-00206,2026-01-14T18:55:00Z,debit,branch,travel,USD,263.75,posted,2026-01-14T18:55:00Z
transactions-001807,TX-0001807,AC-00207,2026-01-14T19:06:00Z,credit,branch,services,USD,118.50,posted,2026-01-14T19:06:00Z
transactions-001808,TX-0001808,AC-00208,2026-01-14T19:17:00Z,credit,atm,utilities,USD,41.50,posted,2026-01-14T19:17:00Z
transactions-001809,TX-0001809,AC-00209,2026-01-14T19:28:00Z,debit,card,utilities,USD,128.75,posted,2026-01-14T19:28:00Z
transactions-001810,TX-0001810,AC-00210,2026-01-14T19:39:00Z,refund,atm,travel,USD,15.25,posted,2026-01-14T19:39:00Z
transactions-001811,TX-0001811,AC-00211,2026-01-14T19:50:00Z,refund,atm,utilities,USD,98.00,posted,2026-01-14T19:50:00Z
transactions-001812,TX-0001812,AC-00212,2026-01-14T20:01:00Z,refund,mobile,travel,USD,263.50,posted,2026-01-14T20:01:00Z
transactions-001813,TX-0001813,AC-00213,2026-01-14T20:12:00Z,credit,atm,services,USD,190.00,posted,2026-01-14T20:12:00Z
transactions-001814,TX-0001814,AC-00214,2026-01-14T20:23:00Z,credit,atm,travel,USD,51.75,posted,2026-01-14T20:23:00Z
transactions-001815,TX-0001815,AC-00215,2026-01-14T20:34:00Z,refund,mobile,utilities,USD,47.00,posted,2026-01-14T20:34:00Z
transactions-001816,TX-0001816,AC-00216,2026-01-14T20:45:00Z,refund,mobile,services,USD,167.00,posted,2026-01-14T20:45:00Z
transactions-001817,TX-0001817,AC-00217,2026-01-14T20:56:00Z,refund,mobile,grocery,USD,250.50,posted,2026-01-14T20:56:00Z
transactions-001818,TX-0001818,AC-00218,2026-01-14T21:07:00Z,credit,card,grocery,USD,16.00,posted,2026-01-14T21:07:00Z
transactions-001819,TX-0001819,AC-00219,2026-01-14T21:18:00Z,credit,mobile,grocery,USD,105.25,posted,2026-01-14T21:18:00Z
transactions-001820,TX-0001820,AC-00220,2026-01-14T21:29:00Z,debit,atm,services,USD,256.00,posted,2026-01-14T21:29:00Z
transactions-001821,TX-0001821,AC-00221,2026-01-14T21:40:00Z,debit,mobile,utilities,USD,247.25,posted,2026-01-14T21:40:00Z
transactions-001822,TX-0001822,AC-00222,2026-01-14T21:51:00Z,debit,branch,services,USD,169.25,posted,2026-01-14T21:51:00Z
transactions-001823,TX-0001823,AC-00223,2026-01-14T22:02:00Z,refund,atm,services,USD,250.50,posted,2026-01-14T22:02:00Z
transactions-001824,TX-0001824,AC-00224,2026-01-14T22:13:00Z,credit,branch,services,USD,161.50,posted,2026-01-14T22:13:00Z
transactions-001825,TX-0001825,AC-00225,2026-01-14T22:24:00Z,credit,card,services,USD,81.25,posted,2026-01-14T22:24:00Z
transactions-001826,TX-0001826,AC-00226,2026-01-14T22:35:00Z,debit,atm,services,USD,130.00,posted,2026-01-14T22:35:00Z
transactions-001827,TX-0001827,AC-00227,2026-01-14T22:46:00Z,refund,card,services,USD,95.50,posted,2026-01-14T22:46:00Z
transactions-001828,TX-0001828,AC-00228,2026-01-14T22:57:00Z,refund,atm,travel,USD,214.50,posted,2026-01-14T22:57:00Z
transactions-001829,TX-0001829,AC-00229,2026-01-14T23:08:00Z,debit,mobile,services,USD,275.75,posted,2026-01-14T23:08:00Z
transactions-001830,TX-0001830,AC-00230,2026-01-14T23:19:00Z,credit,branch,grocery,USD,158.75,posted,2026-01-14T23:19:00Z
transactions-001831,TX-0001831,AC-00231,2026-01-14T23:30:00Z,credit,mobile,utilities,USD,104.25,posted,2026-01-14T23:30:00Z
transactions-001832,TX-0001832,AC-00232,2026-01-14T23:41:00Z,credit,atm,services,USD,191.25,posted,2026-01-14T23:41:00Z
transactions-001833,TX-0001833,AC-00233,2026-01-14T23:52:00Z,debit,atm,utilities,USD,236.50,posted,2026-01-14T23:52:00Z
transactions-001834,TX-0001834,AC-00234,2026-01-15T00:03:00Z,refund,atm,utilities,USD,83.00,posted,2026-01-15T00:03:00Z
transactions-001835,TX-0001835,AC-00235,2026-01-15T00:14:00Z,debit,branch,services,USD,194.00,posted,2026-01-15T00:14:00Z
transactions-001836,TX-0001836,AC-00236,2026-01-15T00:25:00Z,refund,mobile,grocery,USD,100.25,posted,2026-01-15T00:25:00Z
transactions-001837,TX-0001837,AC-00237,2026-01-15T00:36:00Z,refund,branch,services,USD,155.75,posted,2026-01-15T00:36:00Z
transactions-001838,TX-0001838,AC-00238,2026-01-15T00:47:00Z,credit,mobile,grocery,USD,6.75,posted,2026-01-15T00:47:00Z
transactions-001839,TX-0001839,AC-00239,2026-01-15T00:58:00Z,debit,card,utilities,USD,179.75,posted,2026-01-15T00:58:00Z
transactions-001840,TX-0001840,AC-00240,2026-01-15T01:09:00Z,credit,card,grocery,USD,195.75,posted,2026-01-15T01:09:00Z
transactions-001841,TX-0001841,AC-00241,2026-01-15T01:20:00Z,debit,card,services,USD,206.75,posted,2026-01-15T01:20:00Z
transactions-001842,TX-0001842,AC-00242,2026-01-15T01:31:00Z,debit,card,utilities,USD,108.00,posted,2026-01-15T01:31:00Z
transactions-001843,TX-0001843,AC-00243,2026-01-15T01:42:00Z,refund,mobile,travel,USD,279.00,posted,2026-01-15T01:42:00Z
transactions-001844,TX-0001844,AC-00244,2026-01-15T01:53:00Z,refund,atm,travel,USD,198.75,posted,2026-01-15T01:53:00Z
transactions-001845,TX-0001845,AC-00245,2026-01-15T02:04:00Z,credit,atm,travel,USD,220.50,posted,2026-01-15T02:04:00Z
transactions-001846,TX-0001846,AC-00246,2026-01-15T02:15:00Z,credit,mobile,travel,USD,130.25,posted,2026-01-15T02:15:00Z
transactions-001847,TX-0001847,AC-00247,2026-01-15T02:26:00Z,refund,atm,utilities,USD,50.50,posted,2026-01-15T02:26:00Z
transactions-001848,TX-0001848,AC-00248,2026-01-15T02:37:00Z,credit,atm,utilities,USD,22.25,posted,2026-01-15T02:37:00Z
transactions-001849,TX-0001849,AC-00249,2026-01-15T02:48:00Z,debit,branch,utilities,USD,233.75,posted,2026-01-15T02:48:00Z
transactions-001850,TX-0001850,AC-00250,2026-01-15T02:59:00Z,debit,atm,services,USD,266.00,posted,2026-01-15T02:59:00Z
transactions-001851,TX-0001851,AC-00251,2026-01-15T03:10:00Z,credit,branch,utilities,USD,246.50,posted,2026-01-15T03:10:00Z
transactions-001852,TX-0001852,AC-00252,2026-01-15T03:21:00Z,debit,mobile,services,USD,238.00,posted,2026-01-15T03:21:00Z
transactions-001853,TX-0001853,AC-00253,2026-01-15T03:32:00Z,debit,mobile,travel,USD,282.75,posted,2026-01-15T03:32:00Z
transactions-001854,TX-0001854,AC-00254,2026-01-15T03:43:00Z,debit,branch,grocery,USD,197.25,posted,2026-01-15T03:43:00Z
transactions-001855,TX-0001855,AC-00255,2026-01-15T03:54:00Z,credit,card,grocery,USD,79.50,posted,2026-01-15T03:54:00Z
transactions-001856,TX-0001856,AC-00256,2026-01-15T04:05:00Z,refund,card,services,USD,137.75,posted,2026-01-15T04:05:00Z
transactions-001857,TX-0001857,AC-00257,2026-01-15T04:16:00Z,debit,atm,travel,USD,40.00,posted,2026-01-15T04:16:00Z
transactions-001858,TX-0001858,AC-00258,2026-01-15T04:27:00Z,refund,mobile,services,USD,167.00,posted,2026-01-15T04:27:00Z
transactions-001859,TX-0001859,AC-00259,2026-01-15T04:38:00Z,refund,branch,utilities,USD,275.75,posted,2026-01-15T04:38:00Z
transactions-001860,TX-0001860,AC-00260,2026-01-15T04:49:00Z,refund,branch,grocery,USD,98.25,posted,2026-01-15T04:49:00Z
transactions-001861,TX-0001861,AC-00261,2026-01-15T05:00:00Z,debit,branch,grocery,USD,263.00,posted,2026-01-15T05:00:00Z
transactions-001862,TX-0001862,AC-00262,2026-01-15T05:11:00Z,debit,branch,utilities,USD,157.25,posted,2026-01-15T05:11:00Z
transactions-001863,TX-0001863,AC-00263,2026-01-15T05:22:00Z,credit,atm,travel,USD,235.50,posted,2026-01-15T05:22:00Z
transactions-001864,TX-0001864,AC-00264,2026-01-15T05:33:00Z,credit,mobile,grocery,USD,219.50,posted,2026-01-15T05:33:00Z
transactions-001865,TX-0001865,AC-00265,2026-01-15T05:44:00Z,debit,atm,travel,USD,93.75,posted,2026-01-15T05:44:00Z
transactions-001866,TX-0001866,AC-00266,2026-01-15T05:55:00Z,debit,branch,travel,USD,76.00,posted,2026-01-15T05:55:00Z
transactions-001867,TX-0001867,AC-00267,2026-01-15T06:06:00Z,debit,card,grocery,USD,175.75,posted,2026-01-15T06:06:00Z
transactions-001868,TX-0001868,AC-00268,2026-01-15T06:17:00Z,refund,atm,grocery,USD,6.75,posted,2026-01-15T06:17:00Z
transactions-001869,TX-0001869,AC-00269,2026-01-15T06:28:00Z,credit,card,utilities,USD,173.00,posted,2026-01-15T06:28:00Z
transactions-001870,TX-0001870,AC-00270,2026-01-15T06:39:00Z,debit,mobile,services,USD,105.25,posted,2026-01-15T06:39:00Z
transactions-001871,TX-0001871,AC-00271,2026-01-15T06:50:00Z,debit,atm,travel,USD,111.25,posted,2026-01-15T06:50:00Z
transactions-001872,TX-0001872,AC-00272,2026-01-15T07:01:00Z,debit,card,utilities,USD,254.50,posted,2026-01-15T07:01:00Z
transactions-001873,TX-0001873,AC-00273,2026-01-15T07:12:00Z,debit,atm,services,USD,132.75,posted,2026-01-15T07:12:00Z
transactions-001874,TX-0001874,AC-00274,2026-01-15T07:23:00Z,debit,mobile,services,USD,7.25,posted,2026-01-15T07:23:00Z
transactions-001875,TX-0001875,AC-00275,2026-01-15T07:34:00Z,refund,mobile,utilities,USD,3.75,posted,2026-01-15T07:34:00Z
transactions-001876,TX-0001876,AC-00276,2026-01-15T07:45:00Z,debit,branch,travel,USD,87.75,posted,2026-01-15T07:45:00Z
transactions-001877,TX-0001877,AC-00277,2026-01-15T07:56:00Z,refund,atm,services,USD,210.00,posted,2026-01-15T07:56:00Z
transactions-001878,TX-0001878,AC-00278,2026-01-15T08:07:00Z,debit,atm,travel,USD,271.25,posted,2026-01-15T08:07:00Z
transactions-001879,TX-0001879,AC-00279,2026-01-15T08:18:00Z,refund,atm,travel,USD,152.00,posted,2026-01-15T08:18:00Z
transactions-001880,TX-0001880,AC-00280,2026-01-15T08:29:00Z,refund,atm,utilities,USD,224.25,posted,2026-01-15T08:29:00Z
transactions-001881,TX-0001881,AC-00281,2026-01-15T08:40:00Z,credit,mobile,services,USD,178.00,posted,2026-01-15T08:40:00Z
transactions-001882,TX-0001882,AC-00282,2026-01-15T08:51:00Z,credit,atm,grocery,USD,175.50,posted,2026-01-15T08:51:00Z
transactions-001883,TX-0001883,AC-00283,2026-01-15T09:02:00Z,debit,atm,grocery,USD,68.50,posted,2026-01-15T09:02:00Z
transactions-001884,TX-0001884,AC-00284,2026-01-15T09:13:00Z,credit,atm,travel,USD,72.00,posted,2026-01-15T09:13:00Z
transactions-001885,TX-0001885,AC-00285,2026-01-15T09:24:00Z,debit,mobile,grocery,USD,78.25,posted,2026-01-15T09:24:00Z
transactions-001886,TX-0001886,AC-00286,2026-01-15T09:35:00Z,refund,branch,grocery,USD,147.75,posted,2026-01-15T09:35:00Z
transactions-001887,TX-0001887,AC-00287,2026-01-15T09:46:00Z,credit,card,grocery,USD,144.25,posted,2026-01-15T09:46:00Z
transactions-001888,TX-0001888,AC-00288,2026-01-15T09:57:00Z,credit,atm,services,USD,278.25,posted,2026-01-15T09:57:00Z
transactions-001889,TX-0001889,AC-00289,2026-01-15T10:08:00Z,debit,card,utilities,USD,226.00,posted,2026-01-15T10:08:00Z
transactions-001890,TX-0001890,AC-00290,2026-01-15T10:19:00Z,credit,atm,services,USD,111.75,posted,2026-01-15T10:19:00Z
transactions-001891,TX-0001891,AC-00291,2026-01-15T10:30:00Z,refund,card,services,USD,20.00,posted,2026-01-15T10:30:00Z
transactions-001892,TX-0001892,AC-00292,2026-01-15T10:41:00Z,refund,card,grocery,USD,296.50,posted,2026-01-15T10:41:00Z
transactions-001893,TX-0001893,AC-00293,2026-01-15T10:52:00Z,credit,mobile,services,USD,179.75,posted,2026-01-15T10:52:00Z
transactions-001894,TX-0001894,AC-00294,2026-01-15T11:03:00Z,debit,atm,services,USD,198.75,posted,2026-01-15T11:03:00Z
transactions-001895,TX-0001895,AC-00295,2026-01-15T11:14:00Z,credit,branch,utilities,USD,276.50,posted,2026-01-15T11:14:00Z
transactions-001896,TX-0001896,AC-00296,2026-01-15T11:25:00Z,credit,branch,grocery,USD,141.75,posted,2026-01-15T11:25:00Z
transactions-001897,TX-0001897,AC-00297,2026-01-15T11:36:00Z,refund,branch,travel,USD,181.75,posted,2026-01-15T11:36:00Z
transactions-001898,TX-0001898,AC-00298,2026-01-15T11:47:00Z,debit,branch,services,USD,121.50,posted,2026-01-15T11:47:00Z
transactions-001899,TX-0001899,AC-00299,2026-01-15T11:58:00Z,debit,mobile,utilities,USD,114.75,posted,2026-01-15T11:58:00Z
transactions-001900,TX-0001900,AC-00300,2026-01-15T12:09:00Z,credit,mobile,services,USD,282.75,posted,2026-01-15T12:09:00Z
transactions-001901,TX-0001901,AC-00301,2026-01-15T12:20:00Z,credit,branch,travel,USD,76.75,posted,2026-01-15T12:20:00Z
transactions-001902,TX-0001902,AC-00302,2026-01-15T12:31:00Z,refund,mobile,utilities,USD,275.25,posted,2026-01-15T12:31:00Z
transactions-001903,TX-0001903,AC-00303,2026-01-15T12:42:00Z,refund,atm,utilities,USD,16.50,posted,2026-01-15T12:42:00Z
transactions-001904,TX-0001904,AC-00304,2026-01-15T12:53:00Z,credit,branch,utilities,USD,98.50,posted,2026-01-15T12:53:00Z
transactions-001905,TX-0001905,AC-00305,2026-01-15T13:04:00Z,debit,branch,utilities,USD,207.75,posted,2026-01-15T13:04:00Z
transactions-001906,TX-0001906,AC-00306,2026-01-15T13:15:00Z,debit,atm,grocery,USD,284.50,posted,2026-01-15T13:15:00Z
transactions-001907,TX-0001907,AC-00307,2026-01-15T13:26:00Z,credit,mobile,utilities,USD,274.50,posted,2026-01-15T13:26:00Z
transactions-001908,TX-0001908,AC-00308,2026-01-15T13:37:00Z,credit,branch,utilities,USD,39.00,posted,2026-01-15T13:37:00Z
transactions-001909,TX-0001909,AC-00309,2026-01-15T13:48:00Z,credit,branch,services,USD,189.25,posted,2026-01-15T13:48:00Z
transactions-001910,TX-0001910,AC-00310,2026-01-15T13:59:00Z,debit,mobile,services,USD,105.75,posted,2026-01-15T13:59:00Z
transactions-001911,TX-0001911,AC-00311,2026-01-15T14:10:00Z,credit,card,grocery,USD,103.75,posted,2026-01-15T14:10:00Z
transactions-001912,TX-0001912,AC-00312,2026-01-15T14:21:00Z,refund,branch,travel,USD,252.25,posted,2026-01-15T14:21:00Z
transactions-001913,TX-0001913,AC-00313,2026-01-15T14:32:00Z,debit,mobile,grocery,USD,205.75,posted,2026-01-15T14:32:00Z
transactions-001914,TX-0001914,AC-00314,2026-01-15T14:43:00Z,credit,card,travel,USD,171.75,posted,2026-01-15T14:43:00Z
transactions-001915,TX-0001915,AC-00315,2026-01-15T14:54:00Z,debit,branch,grocery,USD,289.00,posted,2026-01-15T14:54:00Z
transactions-001916,TX-0001916,AC-00316,2026-01-15T15:05:00Z,credit,mobile,services,USD,102.50,posted,2026-01-15T15:05:00Z
transactions-001917,TX-0001917,AC-00317,2026-01-15T15:16:00Z,refund,card,utilities,USD,78.00,posted,2026-01-15T15:16:00Z
transactions-001918,TX-0001918,AC-00318,2026-01-15T15:27:00Z,refund,atm,utilities,USD,169.50,posted,2026-01-15T15:27:00Z
transactions-001919,TX-0001919,AC-00319,2026-01-15T15:38:00Z,debit,branch,utilities,USD,74.50,posted,2026-01-15T15:38:00Z
transactions-001920,TX-0001920,AC-00320,2026-01-15T15:49:00Z,credit,mobile,grocery,USD,96.00,posted,2026-01-15T15:49:00Z
transactions-001921,TX-0001921,AC-00001,2026-01-15T16:00:00Z,refund,atm,services,USD,185.50,posted,2026-01-15T16:00:00Z
transactions-001922,TX-0001922,AC-00002,2026-01-15T16:11:00Z,debit,mobile,services,USD,209.50,posted,2026-01-15T16:11:00Z
transactions-001923,TX-0001923,AC-00003,2026-01-15T16:22:00Z,debit,atm,services,USD,102.50,posted,2026-01-15T16:22:00Z
transactions-001924,TX-0001924,AC-00004,2026-01-15T16:33:00Z,credit,atm,travel,USD,129.50,posted,2026-01-15T16:33:00Z
transactions-001925,TX-0001925,AC-00005,2026-01-15T16:44:00Z,debit,branch,utilities,USD,269.00,posted,2026-01-15T16:44:00Z
transactions-001926,TX-0001926,AC-00006,2026-01-15T16:55:00Z,debit,branch,services,USD,240.50,posted,2026-01-15T16:55:00Z
transactions-001927,TX-0001927,AC-00007,2026-01-15T17:06:00Z,refund,mobile,services,USD,197.25,posted,2026-01-15T17:06:00Z
transactions-001928,TX-0001928,AC-00008,2026-01-15T17:17:00Z,credit,atm,travel,USD,184.50,posted,2026-01-15T17:17:00Z
transactions-001929,TX-0001929,AC-00009,2026-01-15T17:28:00Z,credit,branch,utilities,USD,61.50,posted,2026-01-15T17:28:00Z
transactions-001930,TX-0001930,AC-00010,2026-01-15T17:39:00Z,debit,mobile,utilities,USD,133.50,posted,2026-01-15T17:39:00Z
transactions-001931,TX-0001931,AC-00011,2026-01-15T17:50:00Z,credit,card,travel,USD,292.75,posted,2026-01-15T17:50:00Z
transactions-001932,TX-0001932,AC-00012,2026-01-15T18:01:00Z,refund,branch,travel,USD,247.50,posted,2026-01-15T18:01:00Z
transactions-001933,TX-0001933,AC-00013,2026-01-15T18:12:00Z,debit,mobile,travel,USD,287.00,posted,2026-01-15T18:12:00Z
transactions-001934,TX-0001934,AC-00014,2026-01-15T18:23:00Z,credit,atm,utilities,USD,230.25,posted,2026-01-15T18:23:00Z
transactions-001935,TX-0001935,AC-00015,2026-01-15T18:34:00Z,debit,mobile,grocery,USD,172.00,posted,2026-01-15T18:34:00Z
transactions-001936,TX-0001936,AC-00016,2026-01-15T18:45:00Z,credit,mobile,services,USD,130.75,posted,2026-01-15T18:45:00Z
transactions-001937,TX-0001937,AC-00017,2026-01-15T18:56:00Z,refund,card,travel,USD,189.50,posted,2026-01-15T18:56:00Z
transactions-001938,TX-0001938,AC-00018,2026-01-15T19:07:00Z,credit,atm,travel,USD,299.00,posted,2026-01-15T19:07:00Z
transactions-001939,TX-0001939,AC-00019,2026-01-15T19:18:00Z,debit,mobile,services,USD,234.75,posted,2026-01-15T19:18:00Z
transactions-001940,TX-0001940,AC-00020,2026-01-15T19:29:00Z,refund,mobile,services,USD,19.75,posted,2026-01-15T19:29:00Z
transactions-001941,TX-0001941,AC-00021,2026-01-15T19:40:00Z,refund,card,travel,USD,4.25,posted,2026-01-15T19:40:00Z
transactions-001942,TX-0001942,AC-00022,2026-01-15T19:51:00Z,refund,atm,utilities,USD,272.25,posted,2026-01-15T19:51:00Z
transactions-001943,TX-0001943,AC-00023,2026-01-15T20:02:00Z,debit,card,services,USD,11.75,posted,2026-01-15T20:02:00Z
transactions-001944,TX-0001944,AC-00024,2026-01-15T20:13:00Z,credit,branch,utilities,USD,34.00,posted,2026-01-15T20:13:00Z
transactions-001945,TX-0001945,AC-00025,2026-01-15T20:24:00Z,refund,atm,services,USD,19.75,posted,2026-01-15T20:24:00Z
transactions-001946,TX-0001946,AC-00026,2026-01-15T20:35:00Z,credit,card,services,USD,298.00,posted,2026-01-15T20:35:00Z
transactions-001947,TX-0001947,AC-00027,2026-01-15T20:46:00Z,credit,mobile,grocery,USD,254.75,posted,2026-01-15T20:46:00Z
transactions-001948,TX-0001948,AC-00028,2026-01-15T20:57:00Z,credit,card,travel,USD,103.50,posted,2026-01-15T20:57:00Z
transactions-001949,TX-0001949,AC-00029,2026-01-15T21:08:00Z,credit,atm,utilities,USD,62.00,posted,2026-01-15T21:08:00Z
transactions-001950,TX-0001950,AC-00030,2026-01-15T21:19:00Z,debit,branch,utilities,USD,203.00,posted,2026-01-15T21:19:00Z
transactions-001951,TX-0001951,AC-00031,2026-01-15T21:30:00Z,refund,mobile,travel,USD,289.25,posted,2026-01-15T21:30:00Z
transactions-001952,TX-0001952,AC-00032,2026-01-15T21:41:00Z,debit,branch,utilities,USD,247.50,posted,2026-01-15T21:41:00Z
transactions-001953,TX-0001953,AC-00033,2026-01-15T21:52:00Z,debit,atm,services,USD,60.75,posted,2026-01-15T21:52:00Z
transactions-001954,TX-0001954,AC-00034,2026-01-15T22:03:00Z,refund,mobile,services,USD,113.50,posted,2026-01-15T22:03:00Z
transactions-001955,TX-0001955,AC-00035,2026-01-15T22:14:00Z,refund,mobile,travel,USD,69.75,posted,2026-01-15T22:14:00Z
transactions-001956,TX-0001956,AC-00036,2026-01-15T22:25:00Z,refund,card,services,USD,197.50,posted,2026-01-15T22:25:00Z
transactions-001957,TX-0001957,AC-00037,2026-01-15T22:36:00Z,credit,branch,utilities,USD,108.75,posted,2026-01-15T22:36:00Z
transactions-001958,TX-0001958,AC-00038,2026-01-15T22:47:00Z,credit,mobile,utilities,USD,275.00,posted,2026-01-15T22:47:00Z
transactions-001959,TX-0001959,AC-00039,2026-01-15T22:58:00Z,debit,mobile,services,USD,184.75,posted,2026-01-15T22:58:00Z
transactions-001960,TX-0001960,AC-00040,2026-01-15T23:09:00Z,debit,card,grocery,USD,193.25,posted,2026-01-15T23:09:00Z
transactions-001961,TX-0001961,AC-00041,2026-01-15T23:20:00Z,refund,atm,services,USD,112.00,posted,2026-01-15T23:20:00Z
transactions-001962,TX-0001962,AC-00042,2026-01-15T23:31:00Z,credit,card,grocery,USD,112.75,posted,2026-01-15T23:31:00Z
transactions-001963,TX-0001963,AC-00043,2026-01-15T23:42:00Z,debit,card,travel,USD,226.25,posted,2026-01-15T23:42:00Z
transactions-001964,TX-0001964,AC-00044,2026-01-15T23:53:00Z,refund,atm,services,USD,150.75,posted,2026-01-15T23:53:00Z
transactions-001965,TX-0001965,AC-00045,2026-01-16T00:04:00Z,refund,branch,travel,USD,133.25,posted,2026-01-16T00:04:00Z
transactions-001966,TX-0001966,AC-00046,2026-01-16T00:15:00Z,debit,branch,services,USD,7.25,posted,2026-01-16T00:15:00Z
transactions-001967,TX-0001967,AC-00047,2026-01-16T00:26:00Z,refund,mobile,services,USD,214.00,posted,2026-01-16T00:26:00Z
transactions-001968,TX-0001968,AC-00048,2026-01-16T00:37:00Z,credit,atm,services,USD,251.00,posted,2026-01-16T00:37:00Z
transactions-001969,TX-0001969,AC-00049,2026-01-16T00:48:00Z,debit,atm,utilities,USD,131.25,posted,2026-01-16T00:48:00Z
transactions-001970,TX-0001970,AC-00050,2026-01-16T00:59:00Z,credit,branch,utilities,USD,130.00,posted,2026-01-16T00:59:00Z
transactions-001971,TX-0001971,AC-00051,2026-01-16T01:10:00Z,credit,mobile,grocery,USD,232.25,posted,2026-01-16T01:10:00Z
transactions-001972,TX-0001972,AC-00052,2026-01-16T01:21:00Z,refund,mobile,services,USD,260.25,posted,2026-01-16T01:21:00Z
transactions-001973,TX-0001973,AC-00053,2026-01-16T01:32:00Z,credit,card,grocery,USD,46.25,posted,2026-01-16T01:32:00Z
transactions-001974,TX-0001974,AC-00054,2026-01-16T01:43:00Z,debit,card,services,USD,48.75,posted,2026-01-16T01:43:00Z
transactions-001975,TX-0001975,AC-00055,2026-01-16T01:54:00Z,refund,branch,utilities,USD,162.50,posted,2026-01-16T01:54:00Z
transactions-001976,TX-0001976,AC-00056,2026-01-16T02:05:00Z,credit,card,travel,USD,143.25,posted,2026-01-16T02:05:00Z
transactions-001977,TX-0001977,AC-00057,2026-01-16T02:16:00Z,credit,card,travel,USD,292.50,posted,2026-01-16T02:16:00Z
transactions-001978,TX-0001978,AC-00058,2026-01-16T02:27:00Z,debit,atm,services,USD,160.00,posted,2026-01-16T02:27:00Z
transactions-001979,TX-0001979,AC-00059,2026-01-16T02:38:00Z,refund,mobile,travel,USD,183.75,posted,2026-01-16T02:38:00Z
transactions-001980,TX-0001980,AC-00060,2026-01-16T02:49:00Z,debit,branch,grocery,USD,223.50,posted,2026-01-16T02:49:00Z
transactions-001981,TX-0001981,AC-00061,2026-01-16T03:00:00Z,debit,mobile,utilities,USD,26.50,posted,2026-01-16T03:00:00Z
transactions-001982,TX-0001982,AC-00062,2026-01-16T03:11:00Z,refund,card,travel,USD,280.50,posted,2026-01-16T03:11:00Z
transactions-001983,TX-0001983,AC-00063,2026-01-16T03:22:00Z,credit,mobile,services,USD,199.75,posted,2026-01-16T03:22:00Z
transactions-001984,TX-0001984,AC-00064,2026-01-16T03:33:00Z,refund,card,travel,USD,41.25,posted,2026-01-16T03:33:00Z
transactions-001985,TX-0001985,AC-00065,2026-01-16T03:44:00Z,debit,atm,services,USD,190.50,posted,2026-01-16T03:44:00Z
transactions-001986,TX-0001986,AC-00066,2026-01-16T03:55:00Z,debit,card,travel,USD,211.00,posted,2026-01-16T03:55:00Z
transactions-001987,TX-0001987,AC-00067,2026-01-16T04:06:00Z,refund,branch,travel,USD,33.00,posted,2026-01-16T04:06:00Z
transactions-001988,TX-0001988,AC-00068,2026-01-16T04:17:00Z,debit,branch,grocery,USD,77.00,posted,2026-01-16T04:17:00Z
transactions-001989,TX-0001989,AC-00069,2026-01-16T04:28:00Z,credit,atm,services,USD,146.25,posted,2026-01-16T04:28:00Z
transactions-001990,TX-0001990,AC-00070,2026-01-16T04:39:00Z,refund,atm,travel,USD,250.25,posted,2026-01-16T04:39:00Z
transactions-001991,TX-0001991,AC-00071,2026-01-16T04:50:00Z,credit,atm,travel,USD,287.00,posted,2026-01-16T04:50:00Z
transactions-001992,TX-0001992,AC-00072,2026-01-16T05:01:00Z,refund,card,travel,USD,77.50,posted,2026-01-16T05:01:00Z
transactions-001993,TX-0001993,AC-00073,2026-01-16T05:12:00Z,debit,mobile,utilities,USD,195.00,posted,2026-01-16T05:12:00Z
transactions-001994,TX-0001994,AC-00074,2026-01-16T05:23:00Z,debit,atm,grocery,USD,95.75,posted,2026-01-16T05:23:00Z
transactions-001995,TX-0001995,AC-00075,2026-01-16T05:34:00Z,refund,card,travel,USD,230.25,posted,2026-01-16T05:34:00Z
transactions-001996,TX-0001996,AC-00076,2026-01-16T05:45:00Z,refund,mobile,grocery,USD,39.75,posted,2026-01-16T05:45:00Z
transactions-001997,TX-0001997,AC-00077,2026-01-16T05:56:00Z,credit,branch,utilities,USD,140.25,posted,2026-01-16T05:56:00Z
transactions-001998,TX-0001998,AC-00078,2026-01-16T06:07:00Z,credit,atm,travel,USD,40.75,posted,2026-01-16T06:07:00Z
transactions-001999,TX-0001999,AC-00079,2026-01-16T06:18:00Z,refund,atm,services,USD,222.00,posted,2026-01-16T06:18:00Z
transactions-002000,TX-0002000,AC-00080,2026-01-16T06:29:00Z,credit,mobile,services,USD,137.50,posted,2026-01-16T06:29:00Z
transactions-002001,TX-0002001,AC-00081,2026-01-16T06:40:00Z,debit,card,grocery,USD,190.00,posted,2026-01-16T06:40:00Z
transactions-002002,TX-0002002,AC-00082,2026-01-16T06:51:00Z,credit,card,travel,USD,147.00,posted,2026-01-16T06:51:00Z
transactions-002003,TX-0002003,AC-00083,2026-01-16T07:02:00Z,credit,branch,grocery,USD,277.25,posted,2026-01-16T07:02:00Z
transactions-002004,TX-0002004,AC-00084,2026-01-16T07:13:00Z,credit,card,services,USD,98.75,posted,2026-01-16T07:13:00Z
transactions-002005,TX-0002005,AC-00085,2026-01-16T07:24:00Z,refund,atm,grocery,USD,91.00,posted,2026-01-16T07:24:00Z
transactions-002006,TX-0002006,AC-00086,2026-01-16T07:35:00Z,debit,mobile,utilities,USD,225.75,posted,2026-01-16T07:35:00Z
transactions-002007,TX-0002007,AC-00087,2026-01-16T07:46:00Z,credit,card,utilities,USD,105.50,posted,2026-01-16T07:46:00Z
transactions-002008,TX-0002008,AC-00088,2026-01-16T07:57:00Z,debit,atm,grocery,USD,18.00,posted,2026-01-16T07:57:00Z
transactions-002009,TX-0002009,AC-00089,2026-01-16T08:08:00Z,credit,atm,grocery,USD,90.00,posted,2026-01-16T08:08:00Z
transactions-002010,TX-0002010,AC-00090,2026-01-16T08:19:00Z,debit,branch,utilities,USD,56.00,posted,2026-01-16T08:19:00Z
transactions-002011,TX-0002011,AC-00091,2026-01-16T08:30:00Z,credit,atm,grocery,USD,215.75,posted,2026-01-16T08:30:00Z
transactions-002012,TX-0002012,AC-00092,2026-01-16T08:41:00Z,credit,atm,travel,USD,177.75,posted,2026-01-16T08:41:00Z
transactions-002013,TX-0002013,AC-00093,2026-01-16T08:52:00Z,credit,atm,grocery,USD,139.50,posted,2026-01-16T08:52:00Z
transactions-002014,TX-0002014,AC-00094,2026-01-16T09:03:00Z,credit,mobile,utilities,USD,18.75,posted,2026-01-16T09:03:00Z
transactions-002015,TX-0002015,AC-00095,2026-01-16T09:14:00Z,debit,mobile,grocery,USD,7.50,posted,2026-01-16T09:14:00Z
transactions-002016,TX-0002016,AC-00096,2026-01-16T09:25:00Z,debit,card,services,USD,197.50,posted,2026-01-16T09:25:00Z
transactions-002017,TX-0002017,AC-00097,2026-01-16T09:36:00Z,debit,branch,services,USD,222.75,posted,2026-01-16T09:36:00Z
transactions-002018,TX-0002018,AC-00098,2026-01-16T09:47:00Z,refund,mobile,travel,USD,48.75,posted,2026-01-16T09:47:00Z
transactions-002019,TX-0002019,AC-00099,2026-01-16T09:58:00Z,credit,branch,services,USD,257.50,posted,2026-01-16T09:58:00Z
transactions-002020,TX-0002020,AC-00100,2026-01-16T10:09:00Z,debit,atm,travel,USD,262.00,posted,2026-01-16T10:09:00Z
transactions-002021,TX-0002021,AC-00101,2026-01-16T10:20:00Z,refund,branch,travel,USD,120.25,posted,2026-01-16T10:20:00Z
transactions-002022,TX-0002022,AC-00102,2026-01-16T10:31:00Z,refund,atm,services,USD,130.50,posted,2026-01-16T10:31:00Z
transactions-002023,TX-0002023,AC-00103,2026-01-16T10:42:00Z,credit,mobile,grocery,USD,40.75,posted,2026-01-16T10:42:00Z
transactions-002024,TX-0002024,AC-00104,2026-01-16T10:53:00Z,debit,branch,grocery,USD,255.25,posted,2026-01-16T10:53:00Z
transactions-002025,TX-0002025,AC-00105,2026-01-16T11:04:00Z,credit,card,utilities,USD,112.25,posted,2026-01-16T11:04:00Z
transactions-002026,TX-0002026,AC-00106,2026-01-16T11:15:00Z,refund,card,travel,USD,113.50,posted,2026-01-16T11:15:00Z
transactions-002027,TX-0002027,AC-00107,2026-01-16T11:26:00Z,debit,branch,grocery,USD,176.00,posted,2026-01-16T11:26:00Z
transactions-002028,TX-0002028,AC-00108,2026-01-16T11:37:00Z,credit,card,travel,USD,40.00,posted,2026-01-16T11:37:00Z
transactions-002029,TX-0002029,AC-00109,2026-01-16T11:48:00Z,credit,atm,grocery,USD,128.25,posted,2026-01-16T11:48:00Z
transactions-002030,TX-0002030,AC-00110,2026-01-16T11:59:00Z,credit,branch,grocery,USD,162.75,posted,2026-01-16T11:59:00Z
transactions-002031,TX-0002031,AC-00111,2026-01-16T12:10:00Z,refund,atm,utilities,USD,287.75,posted,2026-01-16T12:10:00Z
transactions-002032,TX-0002032,AC-00112,2026-01-16T12:21:00Z,credit,card,services,USD,235.75,posted,2026-01-16T12:21:00Z
transactions-002033,TX-0002033,AC-00113,2026-01-16T12:32:00Z,credit,atm,grocery,USD,267.25,posted,2026-01-16T12:32:00Z
transactions-002034,TX-0002034,AC-00114,2026-01-16T12:43:00Z,refund,card,utilities,USD,210.25,posted,2026-01-16T12:43:00Z
transactions-002035,TX-0002035,AC-00115,2026-01-16T12:54:00Z,credit,branch,utilities,USD,252.00,posted,2026-01-16T12:54:00Z
transactions-002036,TX-0002036,AC-00116,2026-01-16T13:05:00Z,refund,mobile,services,USD,273.50,posted,2026-01-16T13:05:00Z
transactions-002037,TX-0002037,AC-00117,2026-01-16T13:16:00Z,debit,card,services,USD,139.25,posted,2026-01-16T13:16:00Z
transactions-002038,TX-0002038,AC-00118,2026-01-16T13:27:00Z,debit,mobile,travel,USD,21.50,posted,2026-01-16T13:27:00Z
transactions-002039,TX-0002039,AC-00119,2026-01-16T13:38:00Z,refund,mobile,grocery,USD,89.75,posted,2026-01-16T13:38:00Z
transactions-002040,TX-0002040,AC-00120,2026-01-16T13:49:00Z,debit,card,grocery,USD,88.50,posted,2026-01-16T13:49:00Z
transactions-002041,TX-0002041,AC-00121,2026-01-16T14:00:00Z,refund,branch,services,USD,76.25,posted,2026-01-16T14:00:00Z
transactions-002042,TX-0002042,AC-00122,2026-01-16T14:11:00Z,debit,atm,services,USD,128.50,posted,2026-01-16T14:11:00Z
transactions-002043,TX-0002043,AC-00123,2026-01-16T14:22:00Z,credit,card,utilities,USD,122.25,posted,2026-01-16T14:22:00Z
transactions-002044,TX-0002044,AC-00124,2026-01-16T14:33:00Z,refund,atm,services,USD,210.75,posted,2026-01-16T14:33:00Z
transactions-002045,TX-0002045,AC-00125,2026-01-16T14:44:00Z,debit,atm,travel,USD,200.50,posted,2026-01-16T14:44:00Z
transactions-002046,TX-0002046,AC-00126,2026-01-16T14:55:00Z,refund,card,services,USD,253.50,posted,2026-01-16T14:55:00Z
transactions-002047,TX-0002047,AC-00127,2026-01-16T15:06:00Z,refund,atm,travel,USD,268.25,posted,2026-01-16T15:06:00Z
transactions-002048,TX-0002048,AC-00128,2026-01-16T15:17:00Z,refund,card,travel,USD,232.50,posted,2026-01-16T15:17:00Z
transactions-002049,TX-0002049,AC-00129,2026-01-16T15:28:00Z,refund,atm,grocery,USD,161.25,posted,2026-01-16T15:28:00Z
transactions-002050,TX-0002050,AC-00130,2026-01-16T15:39:00Z,credit,mobile,services,USD,141.50,posted,2026-01-16T15:39:00Z
transactions-002051,TX-0002051,AC-00131,2026-01-16T15:50:00Z,debit,mobile,grocery,USD,20.00,posted,2026-01-16T15:50:00Z
transactions-002052,TX-0002052,AC-00132,2026-01-16T16:01:00Z,refund,atm,travel,USD,35.25,posted,2026-01-16T16:01:00Z
transactions-002053,TX-0002053,AC-00133,2026-01-16T16:12:00Z,debit,atm,grocery,USD,89.25,posted,2026-01-16T16:12:00Z
transactions-002054,TX-0002054,AC-00134,2026-01-16T16:23:00Z,refund,card,grocery,USD,286.00,posted,2026-01-16T16:23:00Z
transactions-002055,TX-0002055,AC-00135,2026-01-16T16:34:00Z,credit,atm,utilities,USD,228.00,posted,2026-01-16T16:34:00Z
transactions-002056,TX-0002056,AC-00136,2026-01-16T16:45:00Z,debit,branch,travel,USD,5.00,posted,2026-01-16T16:45:00Z
transactions-002057,TX-0002057,AC-00137,2026-01-16T16:56:00Z,refund,atm,grocery,USD,207.00,posted,2026-01-16T16:56:00Z
transactions-002058,TX-0002058,AC-00138,2026-01-16T17:07:00Z,credit,branch,travel,USD,259.25,posted,2026-01-16T17:07:00Z
transactions-002059,TX-0002059,AC-00139,2026-01-16T17:18:00Z,debit,mobile,grocery,USD,93.25,posted,2026-01-16T17:18:00Z
transactions-002060,TX-0002060,AC-00140,2026-01-16T17:29:00Z,refund,branch,travel,USD,25.25,posted,2026-01-16T17:29:00Z
transactions-002061,TX-0002061,AC-00141,2026-01-16T17:40:00Z,refund,atm,grocery,USD,183.00,posted,2026-01-16T17:40:00Z
transactions-002062,TX-0002062,AC-00142,2026-01-16T17:51:00Z,refund,branch,services,USD,288.00,posted,2026-01-16T17:51:00Z
transactions-002063,TX-0002063,AC-00143,2026-01-16T18:02:00Z,credit,atm,services,USD,126.25,posted,2026-01-16T18:02:00Z
transactions-002064,TX-0002064,AC-00144,2026-01-16T18:13:00Z,debit,branch,services,USD,208.00,posted,2026-01-16T18:13:00Z
transactions-002065,TX-0002065,AC-00145,2026-01-16T18:24:00Z,credit,mobile,grocery,USD,22.25,posted,2026-01-16T18:24:00Z
transactions-002066,TX-0002066,AC-00146,2026-01-16T18:35:00Z,refund,card,grocery,USD,82.25,posted,2026-01-16T18:35:00Z
transactions-002067,TX-0002067,AC-00147,2026-01-16T18:46:00Z,credit,mobile,travel,USD,71.00,posted,2026-01-16T18:46:00Z
transactions-002068,TX-0002068,AC-00148,2026-01-16T18:57:00Z,debit,card,travel,USD,200.50,posted,2026-01-16T18:57:00Z
transactions-002069,TX-0002069,AC-00149,2026-01-16T19:08:00Z,debit,atm,services,USD,178.75,posted,2026-01-16T19:08:00Z
transactions-002070,TX-0002070,AC-00150,2026-01-16T19:19:00Z,credit,atm,utilities,USD,163.50,posted,2026-01-16T19:19:00Z
transactions-002071,TX-0002071,AC-00151,2026-01-16T19:30:00Z,debit,mobile,services,USD,173.50,posted,2026-01-16T19:30:00Z
transactions-002072,TX-0002072,AC-00152,2026-01-16T19:41:00Z,credit,mobile,travel,USD,160.25,posted,2026-01-16T19:41:00Z
transactions-002073,TX-0002073,AC-00153,2026-01-16T19:52:00Z,debit,atm,travel,USD,34.25,posted,2026-01-16T19:52:00Z
transactions-002074,TX-0002074,AC-00154,2026-01-16T20:03:00Z,refund,mobile,services,USD,172.75,posted,2026-01-16T20:03:00Z
transactions-002075,TX-0002075,AC-00155,2026-01-16T20:14:00Z,credit,atm,services,USD,125.75,posted,2026-01-16T20:14:00Z
transactions-002076,TX-0002076,AC-00156,2026-01-16T20:25:00Z,refund,atm,services,USD,35.00,posted,2026-01-16T20:25:00Z
transactions-002077,TX-0002077,AC-00157,2026-01-16T20:36:00Z,refund,atm,utilities,USD,223.00,posted,2026-01-16T20:36:00Z
transactions-002078,TX-0002078,AC-00158,2026-01-16T20:47:00Z,refund,branch,services,USD,47.00,posted,2026-01-16T20:47:00Z
transactions-002079,TX-0002079,AC-00159,2026-01-16T20:58:00Z,credit,branch,utilities,USD,159.25,posted,2026-01-16T20:58:00Z
transactions-002080,TX-0002080,AC-00160,2026-01-16T21:09:00Z,credit,atm,services,USD,202.75,posted,2026-01-16T21:09:00Z
transactions-002081,TX-0002081,AC-00161,2026-01-16T21:20:00Z,debit,card,utilities,USD,82.00,posted,2026-01-16T21:20:00Z
transactions-002082,TX-0002082,AC-00162,2026-01-16T21:31:00Z,refund,mobile,utilities,USD,167.75,posted,2026-01-16T21:31:00Z
transactions-002083,TX-0002083,AC-00163,2026-01-16T21:42:00Z,refund,branch,services,USD,81.25,posted,2026-01-16T21:42:00Z
transactions-002084,TX-0002084,AC-00164,2026-01-16T21:53:00Z,refund,branch,services,USD,86.25,posted,2026-01-16T21:53:00Z
transactions-002085,TX-0002085,AC-00165,2026-01-16T22:04:00Z,credit,atm,services,USD,69.50,posted,2026-01-16T22:04:00Z
transactions-002086,TX-0002086,AC-00166,2026-01-16T22:15:00Z,refund,mobile,travel,USD,225.25,posted,2026-01-16T22:15:00Z
transactions-002087,TX-0002087,AC-00167,2026-01-16T22:26:00Z,credit,mobile,grocery,USD,234.00,posted,2026-01-16T22:26:00Z
transactions-002088,TX-0002088,AC-00168,2026-01-16T22:37:00Z,credit,branch,services,USD,158.00,posted,2026-01-16T22:37:00Z
transactions-002089,TX-0002089,AC-00169,2026-01-16T22:48:00Z,debit,mobile,travel,USD,280.00,posted,2026-01-16T22:48:00Z
transactions-002090,TX-0002090,AC-00170,2026-01-16T22:59:00Z,refund,card,utilities,USD,280.00,posted,2026-01-16T22:59:00Z
transactions-002091,TX-0002091,AC-00171,2026-01-16T23:10:00Z,credit,mobile,services,USD,281.00,posted,2026-01-16T23:10:00Z
transactions-002092,TX-0002092,AC-00172,2026-01-16T23:21:00Z,credit,atm,grocery,USD,287.00,posted,2026-01-16T23:21:00Z
transactions-002093,TX-0002093,AC-00173,2026-01-16T23:32:00Z,refund,mobile,utilities,USD,178.75,posted,2026-01-16T23:32:00Z
transactions-002094,TX-0002094,AC-00174,2026-01-16T23:43:00Z,debit,atm,travel,USD,57.00,posted,2026-01-16T23:43:00Z
transactions-002095,TX-0002095,AC-00175,2026-01-16T23:54:00Z,refund,atm,utilities,USD,278.75,posted,2026-01-16T23:54:00Z
transactions-002096,TX-0002096,AC-00176,2026-01-17T00:05:00Z,debit,mobile,grocery,USD,147.25,posted,2026-01-17T00:05:00Z
transactions-002097,TX-0002097,AC-00177,2026-01-17T00:16:00Z,debit,card,utilities,USD,191.50,posted,2026-01-17T00:16:00Z
transactions-002098,TX-0002098,AC-00178,2026-01-17T00:27:00Z,credit,atm,utilities,USD,73.50,posted,2026-01-17T00:27:00Z
transactions-002099,TX-0002099,AC-00179,2026-01-17T00:38:00Z,debit,card,travel,USD,116.75,posted,2026-01-17T00:38:00Z
transactions-002100,TX-0002100,AC-00180,2026-01-17T00:49:00Z,credit,atm,travel,USD,96.75,posted,2026-01-17T00:49:00Z
transactions-002101,TX-0002101,AC-00181,2026-01-17T01:00:00Z,debit,branch,services,USD,182.50,posted,2026-01-17T01:00:00Z
transactions-002102,TX-0002102,AC-00182,2026-01-17T01:11:00Z,credit,card,utilities,USD,195.00,posted,2026-01-17T01:11:00Z
transactions-002103,TX-0002103,AC-00183,2026-01-17T01:22:00Z,refund,card,travel,USD,183.75,posted,2026-01-17T01:22:00Z
transactions-002104,TX-0002104,AC-00184,2026-01-17T01:33:00Z,debit,atm,travel,USD,31.00,posted,2026-01-17T01:33:00Z
transactions-002105,TX-0002105,AC-00185,2026-01-17T01:44:00Z,debit,card,grocery,USD,163.50,posted,2026-01-17T01:44:00Z
transactions-002106,TX-0002106,AC-00186,2026-01-17T01:55:00Z,credit,atm,utilities,USD,198.75,posted,2026-01-17T01:55:00Z
transactions-002107,TX-0002107,AC-00187,2026-01-17T02:06:00Z,refund,mobile,utilities,USD,117.75,posted,2026-01-17T02:06:00Z
transactions-002108,TX-0002108,AC-00188,2026-01-17T02:17:00Z,refund,branch,travel,USD,85.50,posted,2026-01-17T02:17:00Z
transactions-002109,TX-0002109,AC-00189,2026-01-17T02:28:00Z,debit,atm,grocery,USD,6.00,posted,2026-01-17T02:28:00Z
transactions-002110,TX-0002110,AC-00190,2026-01-17T02:39:00Z,debit,card,services,USD,70.50,posted,2026-01-17T02:39:00Z
transactions-002111,TX-0002111,AC-00191,2026-01-17T02:50:00Z,credit,branch,services,USD,139.25,posted,2026-01-17T02:50:00Z
transactions-002112,TX-0002112,AC-00192,2026-01-17T03:01:00Z,refund,branch,services,USD,246.75,posted,2026-01-17T03:01:00Z
transactions-002113,TX-0002113,AC-00193,2026-01-17T03:12:00Z,refund,branch,services,USD,40.25,posted,2026-01-17T03:12:00Z
transactions-002114,TX-0002114,AC-00194,2026-01-17T03:23:00Z,debit,mobile,services,USD,242.25,posted,2026-01-17T03:23:00Z
transactions-002115,TX-0002115,AC-00195,2026-01-17T03:34:00Z,debit,branch,travel,USD,150.00,posted,2026-01-17T03:34:00Z
transactions-002116,TX-0002116,AC-00196,2026-01-17T03:45:00Z,refund,card,travel,USD,23.25,posted,2026-01-17T03:45:00Z
transactions-002117,TX-0002117,AC-00197,2026-01-17T03:56:00Z,refund,atm,grocery,USD,58.25,posted,2026-01-17T03:56:00Z
transactions-002118,TX-0002118,AC-00198,2026-01-17T04:07:00Z,refund,branch,services,USD,297.25,posted,2026-01-17T04:07:00Z
transactions-002119,TX-0002119,AC-00199,2026-01-17T04:18:00Z,credit,branch,travel,USD,246.50,posted,2026-01-17T04:18:00Z
transactions-002120,TX-0002120,AC-00200,2026-01-17T04:29:00Z,debit,branch,travel,USD,209.75,posted,2026-01-17T04:29:00Z
transactions-002121,TX-0002121,AC-00201,2026-01-17T04:40:00Z,credit,mobile,grocery,USD,219.75,posted,2026-01-17T04:40:00Z
transactions-002122,TX-0002122,AC-00202,2026-01-17T04:51:00Z,credit,card,utilities,USD,79.00,posted,2026-01-17T04:51:00Z
transactions-002123,TX-0002123,AC-00203,2026-01-17T05:02:00Z,debit,mobile,grocery,USD,263.50,posted,2026-01-17T05:02:00Z
transactions-002124,TX-0002124,AC-00204,2026-01-17T05:13:00Z,debit,card,travel,USD,3.75,posted,2026-01-17T05:13:00Z
transactions-002125,TX-0002125,AC-00205,2026-01-17T05:24:00Z,refund,card,grocery,USD,290.75,posted,2026-01-17T05:24:00Z
transactions-002126,TX-0002126,AC-00206,2026-01-17T05:35:00Z,debit,atm,services,USD,207.50,posted,2026-01-17T05:35:00Z
transactions-002127,TX-0002127,AC-00207,2026-01-17T05:46:00Z,debit,branch,grocery,USD,38.75,posted,2026-01-17T05:46:00Z
transactions-002128,TX-0002128,AC-00208,2026-01-17T05:57:00Z,credit,atm,utilities,USD,290.75,posted,2026-01-17T05:57:00Z
transactions-002129,TX-0002129,AC-00209,2026-01-17T06:08:00Z,debit,branch,utilities,USD,249.00,posted,2026-01-17T06:08:00Z
transactions-002130,TX-0002130,AC-00210,2026-01-17T06:19:00Z,debit,mobile,travel,USD,190.25,posted,2026-01-17T06:19:00Z
transactions-002131,TX-0002131,AC-00211,2026-01-17T06:30:00Z,credit,branch,services,USD,162.50,posted,2026-01-17T06:30:00Z
transactions-002132,TX-0002132,AC-00212,2026-01-17T06:41:00Z,refund,atm,travel,USD,88.50,posted,2026-01-17T06:41:00Z
transactions-002133,TX-0002133,AC-00213,2026-01-17T06:52:00Z,refund,branch,travel,USD,56.50,posted,2026-01-17T06:52:00Z
transactions-002134,TX-0002134,AC-00214,2026-01-17T07:03:00Z,credit,mobile,travel,USD,283.50,posted,2026-01-17T07:03:00Z
transactions-002135,TX-0002135,AC-00215,2026-01-17T07:14:00Z,debit,card,travel,USD,184.75,posted,2026-01-17T07:14:00Z
transactions-002136,TX-0002136,AC-00216,2026-01-17T07:25:00Z,credit,atm,utilities,USD,14.50,posted,2026-01-17T07:25:00Z
transactions-002137,TX-0002137,AC-00217,2026-01-17T07:36:00Z,debit,mobile,utilities,USD,238.25,posted,2026-01-17T07:36:00Z
transactions-002138,TX-0002138,AC-00218,2026-01-17T07:47:00Z,credit,atm,grocery,USD,168.00,posted,2026-01-17T07:47:00Z
transactions-002139,TX-0002139,AC-00219,2026-01-17T07:58:00Z,credit,card,grocery,USD,286.00,posted,2026-01-17T07:58:00Z
transactions-002140,TX-0002140,AC-00220,2026-01-17T08:09:00Z,refund,mobile,services,USD,151.50,posted,2026-01-17T08:09:00Z
transactions-002141,TX-0002141,AC-00221,2026-01-17T08:20:00Z,refund,atm,grocery,USD,10.50,posted,2026-01-17T08:20:00Z
transactions-002142,TX-0002142,AC-00222,2026-01-17T08:31:00Z,debit,branch,travel,USD,84.00,posted,2026-01-17T08:31:00Z
transactions-002143,TX-0002143,AC-00223,2026-01-17T08:42:00Z,credit,card,travel,USD,281.00,posted,2026-01-17T08:42:00Z
transactions-002144,TX-0002144,AC-00224,2026-01-17T08:53:00Z,credit,card,grocery,USD,292.25,posted,2026-01-17T08:53:00Z
transactions-002145,TX-0002145,AC-00225,2026-01-17T09:04:00Z,refund,branch,services,USD,9.00,posted,2026-01-17T09:04:00Z
transactions-002146,TX-0002146,AC-00226,2026-01-17T09:15:00Z,credit,mobile,utilities,USD,258.75,posted,2026-01-17T09:15:00Z
transactions-002147,TX-0002147,AC-00227,2026-01-17T09:26:00Z,debit,card,services,USD,267.00,posted,2026-01-17T09:26:00Z
transactions-002148,TX-0002148,AC-00228,2026-01-17T09:37:00Z,refund,card,grocery,USD,240.00,posted,2026-01-17T09:37:00Z
transactions-002149,TX-0002149,AC-00229,2026-01-17T09:48:00Z,refund,branch,travel,USD,71.25,posted,2026-01-17T09:48:00Z
transactions-002150,TX-0002150,AC-00230,2026-01-17T09:59:00Z,credit,atm,utilities,USD,162.50,posted,2026-01-17T09:59:00Z
transactions-002151,TX-0002151,AC-00231,2026-01-17T10:10:00Z,refund,mobile,utilities,USD,146.25,posted,2026-01-17T10:10:00Z
transactions-002152,TX-0002152,AC-00232,2026-01-17T10:21:00Z,refund,mobile,grocery,USD,48.00,posted,2026-01-17T10:21:00Z
transactions-002153,TX-0002153,AC-00233,2026-01-17T10:32:00Z,debit,branch,services,USD,110.50,posted,2026-01-17T10:32:00Z
transactions-002154,TX-0002154,AC-00234,2026-01-17T10:43:00Z,refund,atm,utilities,USD,148.00,posted,2026-01-17T10:43:00Z
transactions-002155,TX-0002155,AC-00235,2026-01-17T10:54:00Z,debit,branch,travel,USD,3.75,posted,2026-01-17T10:54:00Z
transactions-002156,TX-0002156,AC-00236,2026-01-17T11:05:00Z,debit,mobile,travel,USD,245.50,posted,2026-01-17T11:05:00Z
transactions-002157,TX-0002157,AC-00237,2026-01-17T11:16:00Z,refund,mobile,utilities,USD,192.75,posted,2026-01-17T11:16:00Z
transactions-002158,TX-0002158,AC-00238,2026-01-17T11:27:00Z,debit,mobile,utilities,USD,133.25,posted,2026-01-17T11:27:00Z
transactions-002159,TX-0002159,AC-00239,2026-01-17T11:38:00Z,debit,card,grocery,USD,126.25,posted,2026-01-17T11:38:00Z
transactions-002160,TX-0002160,AC-00240,2026-01-17T11:49:00Z,debit,branch,grocery,USD,36.75,posted,2026-01-17T11:49:00Z
transactions-002161,TX-0002161,AC-00241,2026-01-17T12:00:00Z,debit,card,travel,USD,123.75,posted,2026-01-17T12:00:00Z
transactions-002162,TX-0002162,AC-00242,2026-01-17T12:11:00Z,debit,atm,utilities,USD,188.50,posted,2026-01-17T12:11:00Z
transactions-002163,TX-0002163,AC-00243,2026-01-17T12:22:00Z,refund,mobile,grocery,USD,287.00,posted,2026-01-17T12:22:00Z
transactions-002164,TX-0002164,AC-00244,2026-01-17T12:33:00Z,refund,card,services,USD,93.50,posted,2026-01-17T12:33:00Z
transactions-002165,TX-0002165,AC-00245,2026-01-17T12:44:00Z,refund,atm,grocery,USD,276.25,posted,2026-01-17T12:44:00Z
transactions-002166,TX-0002166,AC-00246,2026-01-17T12:55:00Z,credit,mobile,travel,USD,162.25,posted,2026-01-17T12:55:00Z
transactions-002167,TX-0002167,AC-00247,2026-01-17T13:06:00Z,credit,mobile,travel,USD,275.25,posted,2026-01-17T13:06:00Z
transactions-002168,TX-0002168,AC-00248,2026-01-17T13:17:00Z,refund,atm,utilities,USD,32.50,posted,2026-01-17T13:17:00Z
transactions-002169,TX-0002169,AC-00249,2026-01-17T13:28:00Z,debit,atm,travel,USD,42.50,posted,2026-01-17T13:28:00Z
transactions-002170,TX-0002170,AC-00250,2026-01-17T13:39:00Z,credit,card,travel,USD,118.50,posted,2026-01-17T13:39:00Z
transactions-002171,TX-0002171,AC-00251,2026-01-17T13:50:00Z,credit,card,travel,USD,130.00,posted,2026-01-17T13:50:00Z
transactions-002172,TX-0002172,AC-00252,2026-01-17T14:01:00Z,credit,mobile,travel,USD,74.00,posted,2026-01-17T14:01:00Z
transactions-002173,TX-0002173,AC-00253,2026-01-17T14:12:00Z,credit,mobile,grocery,USD,121.00,posted,2026-01-17T14:12:00Z
transactions-002174,TX-0002174,AC-00254,2026-01-17T14:23:00Z,credit,card,utilities,USD,193.25,posted,2026-01-17T14:23:00Z
transactions-002175,TX-0002175,AC-00255,2026-01-17T14:34:00Z,debit,mobile,utilities,USD,195.50,posted,2026-01-17T14:34:00Z
transactions-002176,TX-0002176,AC-00256,2026-01-17T14:45:00Z,credit,atm,grocery,USD,17.75,posted,2026-01-17T14:45:00Z
transactions-002177,TX-0002177,AC-00257,2026-01-17T14:56:00Z,refund,card,grocery,USD,184.25,posted,2026-01-17T14:56:00Z
transactions-002178,TX-0002178,AC-00258,2026-01-17T15:07:00Z,debit,branch,travel,USD,237.25,posted,2026-01-17T15:07:00Z
transactions-002179,TX-0002179,AC-00259,2026-01-17T15:18:00Z,debit,mobile,utilities,USD,13.50,posted,2026-01-17T15:18:00Z
transactions-002180,TX-0002180,AC-00260,2026-01-17T15:29:00Z,credit,branch,grocery,USD,67.00,posted,2026-01-17T15:29:00Z
transactions-002181,TX-0002181,AC-00261,2026-01-17T15:40:00Z,credit,card,travel,USD,28.00,posted,2026-01-17T15:40:00Z
transactions-002182,TX-0002182,AC-00262,2026-01-17T15:51:00Z,refund,branch,travel,USD,252.25,posted,2026-01-17T15:51:00Z
transactions-002183,TX-0002183,AC-00263,2026-01-17T16:02:00Z,refund,atm,grocery,USD,240.50,posted,2026-01-17T16:02:00Z
transactions-002184,TX-0002184,AC-00264,2026-01-17T16:13:00Z,credit,mobile,grocery,USD,241.50,posted,2026-01-17T16:13:00Z
transactions-002185,TX-0002185,AC-00265,2026-01-17T16:24:00Z,debit,atm,grocery,USD,235.25,posted,2026-01-17T16:24:00Z
transactions-002186,TX-0002186,AC-00266,2026-01-17T16:35:00Z,credit,branch,grocery,USD,116.50,posted,2026-01-17T16:35:00Z
transactions-002187,TX-0002187,AC-00267,2026-01-17T16:46:00Z,refund,mobile,grocery,USD,194.00,posted,2026-01-17T16:46:00Z
transactions-002188,TX-0002188,AC-00268,2026-01-17T16:57:00Z,refund,card,utilities,USD,26.00,posted,2026-01-17T16:57:00Z
transactions-002189,TX-0002189,AC-00269,2026-01-17T17:08:00Z,refund,branch,grocery,USD,124.50,posted,2026-01-17T17:08:00Z
transactions-002190,TX-0002190,AC-00270,2026-01-17T17:19:00Z,refund,mobile,utilities,USD,227.50,posted,2026-01-17T17:19:00Z
transactions-002191,TX-0002191,AC-00271,2026-01-17T17:30:00Z,debit,branch,services,USD,129.75,posted,2026-01-17T17:30:00Z
transactions-002192,TX-0002192,AC-00272,2026-01-17T17:41:00Z,credit,atm,grocery,USD,295.25,posted,2026-01-17T17:41:00Z
transactions-002193,TX-0002193,AC-00273,2026-01-17T17:52:00Z,credit,card,travel,USD,249.50,posted,2026-01-17T17:52:00Z
transactions-002194,TX-0002194,AC-00274,2026-01-17T18:03:00Z,credit,branch,grocery,USD,235.00,posted,2026-01-17T18:03:00Z
transactions-002195,TX-0002195,AC-00275,2026-01-17T18:14:00Z,refund,atm,services,USD,290.25,posted,2026-01-17T18:14:00Z
transactions-002196,TX-0002196,AC-00276,2026-01-17T18:25:00Z,refund,atm,grocery,USD,276.50,posted,2026-01-17T18:25:00Z
transactions-002197,TX-0002197,AC-00277,2026-01-17T18:36:00Z,debit,branch,travel,USD,254.50,posted,2026-01-17T18:36:00Z
transactions-002198,TX-0002198,AC-00278,2026-01-17T18:47:00Z,refund,atm,grocery,USD,194.50,posted,2026-01-17T18:47:00Z
transactions-002199,TX-0002199,AC-00279,2026-01-17T18:58:00Z,credit,atm,travel,USD,135.50,posted,2026-01-17T18:58:00Z
transactions-002200,TX-0002200,AC-00280,2026-01-17T19:09:00Z,refund,atm,grocery,USD,262.50,posted,2026-01-17T19:09:00Z
transactions-002201,TX-0002201,AC-00281,2026-01-17T19:20:00Z,refund,mobile,travel,USD,283.25,posted,2026-01-17T19:20:00Z
transactions-002202,TX-0002202,AC-00282,2026-01-17T19:31:00Z,credit,mobile,utilities,USD,297.50,posted,2026-01-17T19:31:00Z
transactions-002203,TX-0002203,AC-00283,2026-01-17T19:42:00Z,credit,branch,travel,USD,48.75,posted,2026-01-17T19:42:00Z
transactions-002204,TX-0002204,AC-00284,2026-01-17T19:53:00Z,refund,atm,grocery,USD,75.25,posted,2026-01-17T19:53:00Z
transactions-002205,TX-0002205,AC-00285,2026-01-17T20:04:00Z,credit,mobile,grocery,USD,156.00,posted,2026-01-17T20:04:00Z
transactions-002206,TX-0002206,AC-00286,2026-01-17T20:15:00Z,refund,atm,grocery,USD,64.25,posted,2026-01-17T20:15:00Z
transactions-002207,TX-0002207,AC-00287,2026-01-17T20:26:00Z,refund,atm,travel,USD,175.75,posted,2026-01-17T20:26:00Z
transactions-002208,TX-0002208,AC-00288,2026-01-17T20:37:00Z,debit,atm,grocery,USD,269.25,posted,2026-01-17T20:37:00Z
transactions-002209,TX-0002209,AC-00289,2026-01-17T20:48:00Z,debit,branch,grocery,USD,18.50,posted,2026-01-17T20:48:00Z
transactions-002210,TX-0002210,AC-00290,2026-01-17T20:59:00Z,credit,branch,travel,USD,203.25,posted,2026-01-17T20:59:00Z
transactions-002211,TX-0002211,AC-00291,2026-01-17T21:10:00Z,credit,card,utilities,USD,277.50,posted,2026-01-17T21:10:00Z
transactions-002212,TX-0002212,AC-00292,2026-01-17T21:21:00Z,refund,mobile,services,USD,138.00,posted,2026-01-17T21:21:00Z
transactions-002213,TX-0002213,AC-00293,2026-01-17T21:32:00Z,credit,card,utilities,USD,263.25,posted,2026-01-17T21:32:00Z
transactions-002214,TX-0002214,AC-00294,2026-01-17T21:43:00Z,refund,branch,services,USD,109.75,posted,2026-01-17T21:43:00Z
transactions-002215,TX-0002215,AC-00295,2026-01-17T21:54:00Z,debit,branch,grocery,USD,52.00,posted,2026-01-17T21:54:00Z
transactions-002216,TX-0002216,AC-00296,2026-01-17T22:05:00Z,credit,card,services,USD,15.00,posted,2026-01-17T22:05:00Z
transactions-002217,TX-0002217,AC-00297,2026-01-17T22:16:00Z,debit,mobile,travel,USD,50.00,posted,2026-01-17T22:16:00Z
transactions-002218,TX-0002218,AC-00298,2026-01-17T22:27:00Z,credit,mobile,travel,USD,81.00,posted,2026-01-17T22:27:00Z
transactions-002219,TX-0002219,AC-00299,2026-01-17T22:38:00Z,credit,atm,travel,USD,176.50,posted,2026-01-17T22:38:00Z
transactions-002220,TX-0002220,AC-00300,2026-01-17T22:49:00Z,credit,mobile,grocery,USD,65.25,posted,2026-01-17T22:49:00Z
transactions-002221,TX-0002221,AC-00301,2026-01-17T23:00:00Z,credit,card,utilities,USD,96.00,posted,2026-01-17T23:00:00Z
transactions-002222,TX-0002222,AC-00302,2026-01-17T23:11:00Z,credit,atm,travel,USD,173.50,posted,2026-01-17T23:11:00Z
transactions-002223,TX-0002223,AC-00303,2026-01-17T23:22:00Z,credit,branch,grocery,USD,93.75,posted,2026-01-17T23:22:00Z
transactions-002224,TX-0002224,AC-00304,2026-01-17T23:33:00Z,debit,branch,grocery,USD,10.75,posted,2026-01-17T23:33:00Z
transactions-002225,TX-0002225,AC-00305,2026-01-17T23:44:00Z,credit,branch,utilities,USD,218.75,posted,2026-01-17T23:44:00Z
transactions-002226,TX-0002226,AC-00306,2026-01-17T23:55:00Z,credit,card,travel,USD,26.25,posted,2026-01-17T23:55:00Z
transactions-002227,TX-0002227,AC-00307,2026-01-18T00:06:00Z,debit,card,travel,USD,145.25,posted,2026-01-18T00:06:00Z
transactions-002228,TX-0002228,AC-00308,2026-01-18T00:17:00Z,debit,branch,services,USD,185.50,posted,2026-01-18T00:17:00Z
transactions-002229,TX-0002229,AC-00309,2026-01-18T00:28:00Z,debit,atm,services,USD,221.50,posted,2026-01-18T00:28:00Z
transactions-002230,TX-0002230,AC-00310,2026-01-18T00:39:00Z,credit,branch,travel,USD,135.50,posted,2026-01-18T00:39:00Z
transactions-002231,TX-0002231,AC-00311,2026-01-18T00:50:00Z,refund,mobile,grocery,USD,78.50,posted,2026-01-18T00:50:00Z
transactions-002232,TX-0002232,AC-00312,2026-01-18T01:01:00Z,debit,mobile,services,USD,26.75,posted,2026-01-18T01:01:00Z
transactions-002233,TX-0002233,AC-00313,2026-01-18T01:12:00Z,credit,card,services,USD,57.50,posted,2026-01-18T01:12:00Z
transactions-002234,TX-0002234,AC-00314,2026-01-18T01:23:00Z,refund,card,utilities,USD,149.00,posted,2026-01-18T01:23:00Z
transactions-002235,TX-0002235,AC-00315,2026-01-18T01:34:00Z,debit,branch,travel,USD,65.25,posted,2026-01-18T01:34:00Z
transactions-002236,TX-0002236,AC-00316,2026-01-18T01:45:00Z,refund,atm,travel,USD,49.00,posted,2026-01-18T01:45:00Z
transactions-002237,TX-0002237,AC-00317,2026-01-18T01:56:00Z,refund,branch,utilities,USD,288.00,posted,2026-01-18T01:56:00Z
transactions-002238,TX-0002238,AC-00318,2026-01-18T02:07:00Z,debit,branch,travel,USD,231.75,posted,2026-01-18T02:07:00Z
transactions-002239,TX-0002239,AC-00319,2026-01-18T02:18:00Z,debit,atm,services,USD,254.25,posted,2026-01-18T02:18:00Z
transactions-002240,TX-0002240,AC-00320,2026-01-18T02:29:00Z,debit,branch,grocery,USD,239.50,posted,2026-01-18T02:29:00Z
transactions-002241,TX-0002241,AC-00001,2026-01-18T02:40:00Z,credit,atm,travel,USD,274.50,posted,2026-01-18T02:40:00Z
transactions-002242,TX-0002242,AC-00002,2026-01-18T02:51:00Z,refund,card,grocery,USD,73.75,posted,2026-01-18T02:51:00Z
transactions-002243,TX-0002243,AC-00003,2026-01-18T03:02:00Z,credit,atm,services,USD,232.25,posted,2026-01-18T03:02:00Z
transactions-002244,TX-0002244,AC-00004,2026-01-18T03:13:00Z,credit,card,travel,USD,92.25,posted,2026-01-18T03:13:00Z
transactions-002245,TX-0002245,AC-00005,2026-01-18T03:24:00Z,debit,atm,services,USD,16.75,posted,2026-01-18T03:24:00Z
transactions-002246,TX-0002246,AC-00006,2026-01-18T03:35:00Z,credit,mobile,utilities,USD,41.75,posted,2026-01-18T03:35:00Z
transactions-002247,TX-0002247,AC-00007,2026-01-18T03:46:00Z,credit,mobile,travel,USD,277.25,posted,2026-01-18T03:46:00Z
transactions-002248,TX-0002248,AC-00008,2026-01-18T03:57:00Z,debit,card,utilities,USD,254.25,posted,2026-01-18T03:57:00Z
transactions-002249,TX-0002249,AC-00009,2026-01-18T04:08:00Z,credit,atm,utilities,USD,18.50,posted,2026-01-18T04:08:00Z
transactions-002250,TX-0002250,AC-00010,2026-01-18T04:19:00Z,credit,branch,grocery,USD,207.50,posted,2026-01-18T04:19:00Z
transactions-002251,TX-0002251,AC-00011,2026-01-18T04:30:00Z,refund,card,grocery,USD,160.25,posted,2026-01-18T04:30:00Z
transactions-002252,TX-0002252,AC-00012,2026-01-18T04:41:00Z,debit,atm,utilities,USD,164.00,posted,2026-01-18T04:41:00Z
transactions-002253,TX-0002253,AC-00013,2026-01-18T04:52:00Z,debit,branch,utilities,USD,198.75,posted,2026-01-18T04:52:00Z
transactions-002254,TX-0002254,AC-00014,2026-01-18T05:03:00Z,refund,mobile,services,USD,36.75,posted,2026-01-18T05:03:00Z
transactions-002255,TX-0002255,AC-00015,2026-01-18T05:14:00Z,debit,card,travel,USD,271.75,posted,2026-01-18T05:14:00Z
transactions-002256,TX-0002256,AC-00016,2026-01-18T05:25:00Z,refund,mobile,travel,USD,125.00,posted,2026-01-18T05:25:00Z
transactions-002257,TX-0002257,AC-00017,2026-01-18T05:36:00Z,refund,atm,grocery,USD,33.00,posted,2026-01-18T05:36:00Z
transactions-002258,TX-0002258,AC-00018,2026-01-18T05:47:00Z,credit,card,grocery,USD,14.50,posted,2026-01-18T05:47:00Z
transactions-002259,TX-0002259,AC-00019,2026-01-18T05:58:00Z,debit,atm,travel,USD,56.50,posted,2026-01-18T05:58:00Z
transactions-002260,TX-0002260,AC-00020,2026-01-18T06:09:00Z,refund,card,utilities,USD,266.25,posted,2026-01-18T06:09:00Z
transactions-002261,TX-0002261,AC-00021,2026-01-18T06:20:00Z,credit,card,grocery,USD,289.75,posted,2026-01-18T06:20:00Z
transactions-002262,TX-0002262,AC-00022,2026-01-18T06:31:00Z,debit,atm,grocery,USD,10.00,posted,2026-01-18T06:31:00Z
transactions-002263,TX-0002263,AC-00023,2026-01-18T06:42:00Z,refund,atm,travel,USD,6.00,posted,2026-01-18T06:42:00Z
transactions-002264,TX-0002264,AC-00024,2026-01-18T06:53:00Z,debit,atm,grocery,USD,99.00,posted,2026-01-18T06:53:00Z
transactions-002265,TX-0002265,AC-00025,2026-01-18T07:04:00Z,refund,mobile,grocery,USD,67.00,posted,2026-01-18T07:04:00Z
transactions-002266,TX-0002266,AC-00026,2026-01-18T07:15:00Z,refund,branch,utilities,USD,254.50,posted,2026-01-18T07:15:00Z
transactions-002267,TX-0002267,AC-00027,2026-01-18T07:26:00Z,refund,branch,utilities,USD,31.75,posted,2026-01-18T07:26:00Z
transactions-002268,TX-0002268,AC-00028,2026-01-18T07:37:00Z,debit,mobile,travel,USD,34.25,posted,2026-01-18T07:37:00Z
transactions-002269,TX-0002269,AC-00029,2026-01-18T07:48:00Z,credit,atm,travel,USD,37.00,posted,2026-01-18T07:48:00Z
transactions-002270,TX-0002270,AC-00030,2026-01-18T07:59:00Z,refund,branch,grocery,USD,157.25,posted,2026-01-18T07:59:00Z
transactions-002271,TX-0002271,AC-00031,2026-01-18T08:10:00Z,debit,branch,travel,USD,185.75,posted,2026-01-18T08:10:00Z
transactions-002272,TX-0002272,AC-00032,2026-01-18T08:21:00Z,credit,card,utilities,USD,172.00,posted,2026-01-18T08:21:00Z
transactions-002273,TX-0002273,AC-00033,2026-01-18T08:32:00Z,refund,branch,services,USD,213.25,posted,2026-01-18T08:32:00Z
transactions-002274,TX-0002274,AC-00034,2026-01-18T08:43:00Z,credit,branch,services,USD,92.75,posted,2026-01-18T08:43:00Z
transactions-002275,TX-0002275,AC-00035,2026-01-18T08:54:00Z,debit,mobile,travel,USD,9.25,posted,2026-01-18T08:54:00Z
transactions-002276,TX-0002276,AC-00036,2026-01-18T09:05:00Z,credit,branch,services,USD,80.00,posted,2026-01-18T09:05:00Z
transactions-002277,TX-0002277,AC-00037,2026-01-18T09:16:00Z,credit,atm,grocery,USD,188.50,posted,2026-01-18T09:16:00Z
transactions-002278,TX-0002278,AC-00038,2026-01-18T09:27:00Z,refund,card,travel,USD,204.25,posted,2026-01-18T09:27:00Z
transactions-002279,TX-0002279,AC-00039,2026-01-18T09:38:00Z,refund,card,grocery,USD,254.50,posted,2026-01-18T09:38:00Z
transactions-002280,TX-0002280,AC-00040,2026-01-18T09:49:00Z,credit,branch,services,USD,113.75,posted,2026-01-18T09:49:00Z
transactions-002281,TX-0002281,AC-00041,2026-01-18T10:00:00Z,credit,atm,travel,USD,119.25,posted,2026-01-18T10:00:00Z
transactions-002282,TX-0002282,AC-00042,2026-01-18T10:11:00Z,credit,branch,grocery,USD,142.00,posted,2026-01-18T10:11:00Z
transactions-002283,TX-0002283,AC-00043,2026-01-18T10:22:00Z,debit,card,utilities,USD,100.25,posted,2026-01-18T10:22:00Z
transactions-002284,TX-0002284,AC-00044,2026-01-18T10:33:00Z,refund,card,grocery,USD,187.75,posted,2026-01-18T10:33:00Z
transactions-002285,TX-0002285,AC-00045,2026-01-18T10:44:00Z,debit,mobile,travel,USD,64.00,posted,2026-01-18T10:44:00Z
transactions-002286,TX-0002286,AC-00046,2026-01-18T10:55:00Z,credit,card,utilities,USD,145.00,posted,2026-01-18T10:55:00Z
transactions-002287,TX-0002287,AC-00047,2026-01-18T11:06:00Z,refund,card,utilities,USD,147.25,posted,2026-01-18T11:06:00Z
transactions-002288,TX-0002288,AC-00048,2026-01-18T11:17:00Z,credit,card,utilities,USD,101.75,posted,2026-01-18T11:17:00Z
transactions-002289,TX-0002289,AC-00049,2026-01-18T11:28:00Z,debit,atm,travel,USD,46.00,posted,2026-01-18T11:28:00Z
transactions-002290,TX-0002290,AC-00050,2026-01-18T11:39:00Z,refund,branch,services,USD,132.00,posted,2026-01-18T11:39:00Z
transactions-002291,TX-0002291,AC-00051,2026-01-18T11:50:00Z,refund,mobile,grocery,USD,272.25,posted,2026-01-18T11:50:00Z
transactions-002292,TX-0002292,AC-00052,2026-01-18T12:01:00Z,credit,atm,utilities,USD,298.75,posted,2026-01-18T12:01:00Z
transactions-002293,TX-0002293,AC-00053,2026-01-18T12:12:00Z,debit,card,services,USD,242.75,posted,2026-01-18T12:12:00Z
transactions-002294,TX-0002294,AC-00054,2026-01-18T12:23:00Z,refund,card,grocery,USD,277.00,posted,2026-01-18T12:23:00Z
transactions-002295,TX-0002295,AC-00055,2026-01-18T12:34:00Z,credit,branch,services,USD,22.50,posted,2026-01-18T12:34:00Z
transactions-002296,TX-0002296,AC-00056,2026-01-18T12:45:00Z,credit,mobile,travel,USD,223.25,posted,2026-01-18T12:45:00Z
transactions-002297,TX-0002297,AC-00057,2026-01-18T12:56:00Z,refund,branch,services,USD,169.25,posted,2026-01-18T12:56:00Z
transactions-002298,TX-0002298,AC-00058,2026-01-18T13:07:00Z,debit,mobile,utilities,USD,184.50,posted,2026-01-18T13:07:00Z
transactions-002299,TX-0002299,AC-00059,2026-01-18T13:18:00Z,debit,card,grocery,USD,132.50,posted,2026-01-18T13:18:00Z
transactions-002300,TX-0002300,AC-00060,2026-01-18T13:29:00Z,credit,mobile,travel,USD,36.75,posted,2026-01-18T13:29:00Z
transactions-002301,TX-0002301,AC-00061,2026-01-18T13:40:00Z,debit,atm,grocery,USD,237.50,posted,2026-01-18T13:40:00Z
transactions-002302,TX-0002302,AC-00062,2026-01-18T13:51:00Z,debit,branch,grocery,USD,45.75,posted,2026-01-18T13:51:00Z
transactions-002303,TX-0002303,AC-00063,2026-01-18T14:02:00Z,refund,mobile,services,USD,182.50,posted,2026-01-18T14:02:00Z
transactions-002304,TX-0002304,AC-00064,2026-01-18T14:13:00Z,debit,mobile,travel,USD,52.50,posted,2026-01-18T14:13:00Z
transactions-002305,TX-0002305,AC-00065,2026-01-18T14:24:00Z,debit,mobile,travel,USD,22.50,posted,2026-01-18T14:24:00Z
transactions-002306,TX-0002306,AC-00066,2026-01-18T14:35:00Z,debit,branch,utilities,USD,281.75,posted,2026-01-18T14:35:00Z
transactions-002307,TX-0002307,AC-00067,2026-01-18T14:46:00Z,credit,branch,services,USD,69.75,posted,2026-01-18T14:46:00Z
transactions-002308,TX-0002308,AC-00068,2026-01-18T14:57:00Z,credit,atm,services,USD,251.00,posted,2026-01-18T14:57:00Z
transactions-002309,TX-0002309,AC-00069,2026-01-18T15:08:00Z,debit,branch,utilities,USD,196.00,posted,2026-01-18T15:08:00Z
transactions-002310,TX-0002310,AC-00070,2026-01-18T15:19:00Z,credit,atm,services,USD,118.25,posted,2026-01-18T15:19:00Z
transactions-002311,TX-0002311,AC-00071,2026-01-18T15:30:00Z,debit,atm,utilities,USD,78.25,posted,2026-01-18T15:30:00Z
transactions-002312,TX-0002312,AC-00072,2026-01-18T15:41:00Z,credit,mobile,travel,USD,60.25,posted,2026-01-18T15:41:00Z
transactions-002313,TX-0002313,AC-00073,2026-01-18T15:52:00Z,credit,mobile,travel,USD,28.25,posted,2026-01-18T15:52:00Z
transactions-002314,TX-0002314,AC-00074,2026-01-18T16:03:00Z,debit,mobile,utilities,USD,33.50,posted,2026-01-18T16:03:00Z
transactions-002315,TX-0002315,AC-00075,2026-01-18T16:14:00Z,refund,atm,utilities,USD,139.00,posted,2026-01-18T16:14:00Z
transactions-002316,TX-0002316,AC-00076,2026-01-18T16:25:00Z,debit,branch,grocery,USD,297.50,posted,2026-01-18T16:25:00Z
transactions-002317,TX-0002317,AC-00077,2026-01-18T16:36:00Z,refund,branch,services,USD,77.00,posted,2026-01-18T16:36:00Z
transactions-002318,TX-0002318,AC-00078,2026-01-18T16:47:00Z,refund,atm,utilities,USD,81.75,posted,2026-01-18T16:47:00Z
transactions-002319,TX-0002319,AC-00079,2026-01-18T16:58:00Z,refund,atm,services,USD,243.25,posted,2026-01-18T16:58:00Z
transactions-002320,TX-0002320,AC-00080,2026-01-18T17:09:00Z,debit,atm,grocery,USD,76.75,posted,2026-01-18T17:09:00Z
transactions-002321,TX-0002321,AC-00081,2026-01-18T17:20:00Z,credit,branch,services,USD,42.75,posted,2026-01-18T17:20:00Z
transactions-002322,TX-0002322,AC-00082,2026-01-18T17:31:00Z,refund,mobile,services,USD,249.25,posted,2026-01-18T17:31:00Z
transactions-002323,TX-0002323,AC-00083,2026-01-18T17:42:00Z,debit,mobile,utilities,USD,13.25,posted,2026-01-18T17:42:00Z
transactions-002324,TX-0002324,AC-00084,2026-01-18T17:53:00Z,credit,atm,travel,USD,238.75,posted,2026-01-18T17:53:00Z
transactions-002325,TX-0002325,AC-00085,2026-01-18T18:04:00Z,refund,branch,travel,USD,132.25,posted,2026-01-18T18:04:00Z
transactions-002326,TX-0002326,AC-00086,2026-01-18T18:15:00Z,credit,branch,utilities,USD,284.25,posted,2026-01-18T18:15:00Z
transactions-002327,TX-0002327,AC-00087,2026-01-18T18:26:00Z,credit,mobile,services,USD,269.00,posted,2026-01-18T18:26:00Z
transactions-002328,TX-0002328,AC-00088,2026-01-18T18:37:00Z,refund,branch,travel,USD,78.75,posted,2026-01-18T18:37:00Z
transactions-002329,TX-0002329,AC-00089,2026-01-18T18:48:00Z,credit,card,services,USD,168.75,posted,2026-01-18T18:48:00Z
transactions-002330,TX-0002330,AC-00090,2026-01-18T18:59:00Z,credit,branch,travel,USD,192.75,posted,2026-01-18T18:59:00Z
transactions-002331,TX-0002331,AC-00091,2026-01-18T19:10:00Z,refund,branch,services,USD,25.25,posted,2026-01-18T19:10:00Z
transactions-002332,TX-0002332,AC-00092,2026-01-18T19:21:00Z,refund,branch,grocery,USD,70.75,posted,2026-01-18T19:21:00Z
transactions-002333,TX-0002333,AC-00093,2026-01-18T19:32:00Z,refund,branch,travel,USD,3.50,posted,2026-01-18T19:32:00Z
transactions-002334,TX-0002334,AC-00094,2026-01-18T19:43:00Z,debit,branch,travel,USD,36.50,posted,2026-01-18T19:43:00Z
transactions-002335,TX-0002335,AC-00095,2026-01-18T19:54:00Z,refund,branch,travel,USD,151.00,posted,2026-01-18T19:54:00Z
transactions-002336,TX-0002336,AC-00096,2026-01-18T20:05:00Z,refund,branch,utilities,USD,106.50,posted,2026-01-18T20:05:00Z
transactions-002337,TX-0002337,AC-00097,2026-01-18T20:16:00Z,credit,branch,utilities,USD,272.25,posted,2026-01-18T20:16:00Z
transactions-002338,TX-0002338,AC-00098,2026-01-18T20:27:00Z,refund,mobile,utilities,USD,86.50,posted,2026-01-18T20:27:00Z
transactions-002339,TX-0002339,AC-00099,2026-01-18T20:38:00Z,debit,atm,travel,USD,267.75,posted,2026-01-18T20:38:00Z
transactions-002340,TX-0002340,AC-00100,2026-01-18T20:49:00Z,debit,atm,grocery,USD,55.50,posted,2026-01-18T20:49:00Z
transactions-002341,TX-0002341,AC-00101,2026-01-18T21:00:00Z,refund,branch,utilities,USD,296.50,posted,2026-01-18T21:00:00Z
transactions-002342,TX-0002342,AC-00102,2026-01-18T21:11:00Z,debit,branch,services,USD,75.75,posted,2026-01-18T21:11:00Z
transactions-002343,TX-0002343,AC-00103,2026-01-18T21:22:00Z,refund,card,services,USD,127.50,posted,2026-01-18T21:22:00Z
transactions-002344,TX-0002344,AC-00104,2026-01-18T21:33:00Z,credit,atm,services,USD,85.00,posted,2026-01-18T21:33:00Z
transactions-002345,TX-0002345,AC-00105,2026-01-18T21:44:00Z,refund,atm,services,USD,195.75,posted,2026-01-18T21:44:00Z
transactions-002346,TX-0002346,AC-00106,2026-01-18T21:55:00Z,credit,card,grocery,USD,232.50,posted,2026-01-18T21:55:00Z
transactions-002347,TX-0002347,AC-00107,2026-01-18T22:06:00Z,credit,card,travel,USD,49.50,posted,2026-01-18T22:06:00Z
transactions-002348,TX-0002348,AC-00108,2026-01-18T22:17:00Z,credit,atm,travel,USD,102.50,posted,2026-01-18T22:17:00Z
transactions-002349,TX-0002349,AC-00109,2026-01-18T22:28:00Z,credit,mobile,utilities,USD,204.00,posted,2026-01-18T22:28:00Z
transactions-002350,TX-0002350,AC-00110,2026-01-18T22:39:00Z,refund,card,travel,USD,236.00,posted,2026-01-18T22:39:00Z
transactions-002351,TX-0002351,AC-00111,2026-01-18T22:50:00Z,debit,card,services,USD,65.75,posted,2026-01-18T22:50:00Z
transactions-002352,TX-0002352,AC-00112,2026-01-18T23:01:00Z,credit,mobile,travel,USD,65.75,posted,2026-01-18T23:01:00Z
transactions-002353,TX-0002353,AC-00113,2026-01-18T23:12:00Z,credit,card,travel,USD,144.00,posted,2026-01-18T23:12:00Z
transactions-002354,TX-0002354,AC-00114,2026-01-18T23:23:00Z,debit,card,utilities,USD,233.00,posted,2026-01-18T23:23:00Z
transactions-002355,TX-0002355,AC-00115,2026-01-18T23:34:00Z,debit,mobile,services,USD,109.75,posted,2026-01-18T23:34:00Z
transactions-002356,TX-0002356,AC-00116,2026-01-18T23:45:00Z,debit,atm,utilities,USD,96.75,posted,2026-01-18T23:45:00Z
transactions-002357,TX-0002357,AC-00117,2026-01-18T23:56:00Z,refund,mobile,travel,USD,255.75,posted,2026-01-18T23:56:00Z
transactions-002358,TX-0002358,AC-00118,2026-01-19T00:07:00Z,refund,mobile,utilities,USD,272.75,posted,2026-01-19T00:07:00Z
transactions-002359,TX-0002359,AC-00119,2026-01-19T00:18:00Z,credit,card,services,USD,252.25,posted,2026-01-19T00:18:00Z
transactions-002360,TX-0002360,AC-00120,2026-01-19T00:29:00Z,debit,card,utilities,USD,38.00,posted,2026-01-19T00:29:00Z
transactions-002361,TX-0002361,AC-00121,2026-01-19T00:40:00Z,credit,card,utilities,USD,247.50,posted,2026-01-19T00:40:00Z
transactions-002362,TX-0002362,AC-00122,2026-01-19T00:51:00Z,refund,mobile,grocery,USD,162.00,posted,2026-01-19T00:51:00Z
transactions-002363,TX-0002363,AC-00123,2026-01-19T01:02:00Z,refund,card,grocery,USD,22.75,posted,2026-01-19T01:02:00Z
transactions-002364,TX-0002364,AC-00124,2026-01-19T01:13:00Z,credit,card,travel,USD,103.75,posted,2026-01-19T01:13:00Z
transactions-002365,TX-0002365,AC-00125,2026-01-19T01:24:00Z,debit,branch,services,USD,275.25,posted,2026-01-19T01:24:00Z
transactions-002366,TX-0002366,AC-00126,2026-01-19T01:35:00Z,debit,card,utilities,USD,273.25,posted,2026-01-19T01:35:00Z
transactions-002367,TX-0002367,AC-00127,2026-01-19T01:46:00Z,credit,atm,grocery,USD,127.50,posted,2026-01-19T01:46:00Z
transactions-002368,TX-0002368,AC-00128,2026-01-19T01:57:00Z,credit,atm,travel,USD,39.50,posted,2026-01-19T01:57:00Z
transactions-002369,TX-0002369,AC-00129,2026-01-19T02:08:00Z,refund,branch,utilities,USD,31.25,posted,2026-01-19T02:08:00Z
transactions-002370,TX-0002370,AC-00130,2026-01-19T02:19:00Z,debit,branch,grocery,USD,259.00,posted,2026-01-19T02:19:00Z
transactions-002371,TX-0002371,AC-00131,2026-01-19T02:30:00Z,refund,atm,services,USD,110.25,posted,2026-01-19T02:30:00Z
transactions-002372,TX-0002372,AC-00132,2026-01-19T02:41:00Z,debit,branch,services,USD,82.75,posted,2026-01-19T02:41:00Z
transactions-002373,TX-0002373,AC-00133,2026-01-19T02:52:00Z,refund,card,grocery,USD,15.75,posted,2026-01-19T02:52:00Z
transactions-002374,TX-0002374,AC-00134,2026-01-19T03:03:00Z,debit,mobile,grocery,USD,177.25,posted,2026-01-19T03:03:00Z
transactions-002375,TX-0002375,AC-00135,2026-01-19T03:14:00Z,refund,card,services,USD,229.50,posted,2026-01-19T03:14:00Z
transactions-002376,TX-0002376,AC-00136,2026-01-19T03:25:00Z,refund,branch,grocery,USD,267.50,posted,2026-01-19T03:25:00Z
transactions-002377,TX-0002377,AC-00137,2026-01-19T03:36:00Z,credit,atm,services,USD,125.75,posted,2026-01-19T03:36:00Z
transactions-002378,TX-0002378,AC-00138,2026-01-19T03:47:00Z,credit,card,utilities,USD,187.50,posted,2026-01-19T03:47:00Z
transactions-002379,TX-0002379,AC-00139,2026-01-19T03:58:00Z,debit,atm,grocery,USD,162.50,posted,2026-01-19T03:58:00Z
transactions-002380,TX-0002380,AC-00140,2026-01-19T04:09:00Z,debit,mobile,grocery,USD,40.75,posted,2026-01-19T04:09:00Z
transactions-002381,TX-0002381,AC-00141,2026-01-19T04:20:00Z,credit,atm,travel,USD,177.50,posted,2026-01-19T04:20:00Z
transactions-002382,TX-0002382,AC-00142,2026-01-19T04:31:00Z,credit,mobile,services,USD,57.75,posted,2026-01-19T04:31:00Z
transactions-002383,TX-0002383,AC-00143,2026-01-19T04:42:00Z,debit,atm,travel,USD,151.75,posted,2026-01-19T04:42:00Z
transactions-002384,TX-0002384,AC-00144,2026-01-19T04:53:00Z,debit,atm,utilities,USD,153.50,posted,2026-01-19T04:53:00Z
transactions-002385,TX-0002385,AC-00145,2026-01-19T05:04:00Z,debit,mobile,utilities,USD,147.75,posted,2026-01-19T05:04:00Z
transactions-002386,TX-0002386,AC-00146,2026-01-19T05:15:00Z,refund,atm,grocery,USD,213.50,posted,2026-01-19T05:15:00Z
transactions-002387,TX-0002387,AC-00147,2026-01-19T05:26:00Z,refund,atm,utilities,USD,182.75,posted,2026-01-19T05:26:00Z
transactions-002388,TX-0002388,AC-00148,2026-01-19T05:37:00Z,credit,mobile,services,USD,118.00,posted,2026-01-19T05:37:00Z
transactions-002389,TX-0002389,AC-00149,2026-01-19T05:48:00Z,refund,card,grocery,USD,58.75,posted,2026-01-19T05:48:00Z
transactions-002390,TX-0002390,AC-00150,2026-01-19T05:59:00Z,refund,mobile,services,USD,263.75,posted,2026-01-19T05:59:00Z
transactions-002391,TX-0002391,AC-00151,2026-01-19T06:10:00Z,credit,atm,utilities,USD,214.00,posted,2026-01-19T06:10:00Z
transactions-002392,TX-0002392,AC-00152,2026-01-19T06:21:00Z,debit,branch,utilities,USD,168.00,posted,2026-01-19T06:21:00Z
transactions-002393,TX-0002393,AC-00153,2026-01-19T06:32:00Z,debit,atm,travel,USD,211.75,posted,2026-01-19T06:32:00Z
transactions-002394,TX-0002394,AC-00154,2026-01-19T06:43:00Z,debit,card,travel,USD,190.75,posted,2026-01-19T06:43:00Z
transactions-002395,TX-0002395,AC-00155,2026-01-19T06:54:00Z,debit,card,services,USD,118.50,posted,2026-01-19T06:54:00Z
transactions-002396,TX-0002396,AC-00156,2026-01-19T07:05:00Z,debit,card,grocery,USD,120.50,posted,2026-01-19T07:05:00Z
transactions-002397,TX-0002397,AC-00157,2026-01-19T07:16:00Z,debit,atm,services,USD,51.25,posted,2026-01-19T07:16:00Z
transactions-002398,TX-0002398,AC-00158,2026-01-19T07:27:00Z,debit,atm,utilities,USD,295.75,posted,2026-01-19T07:27:00Z
transactions-002399,TX-0002399,AC-00159,2026-01-19T07:38:00Z,refund,mobile,services,USD,23.75,posted,2026-01-19T07:38:00Z
transactions-002400,TX-0002400,AC-00160,2026-01-19T07:49:00Z,debit,mobile,grocery,USD,250.50,posted,2026-01-19T07:49:00Z
transactions-002401,TX-0002401,AC-00161,2026-01-19T08:00:00Z,credit,atm,utilities,USD,139.25,posted,2026-01-19T08:00:00Z
transactions-002402,TX-0002402,AC-00162,2026-01-19T08:11:00Z,debit,mobile,grocery,USD,84.00,posted,2026-01-19T08:11:00Z
transactions-002403,TX-0002403,AC-00163,2026-01-19T08:22:00Z,refund,atm,utilities,USD,239.25,posted,2026-01-19T08:22:00Z
transactions-002404,TX-0002404,AC-00164,2026-01-19T08:33:00Z,credit,atm,utilities,USD,232.75,posted,2026-01-19T08:33:00Z
transactions-002405,TX-0002405,AC-00165,2026-01-19T08:44:00Z,refund,atm,grocery,USD,169.25,posted,2026-01-19T08:44:00Z
transactions-002406,TX-0002406,AC-00166,2026-01-19T08:55:00Z,credit,card,travel,USD,218.00,posted,2026-01-19T08:55:00Z
transactions-002407,TX-0002407,AC-00167,2026-01-19T09:06:00Z,credit,mobile,grocery,USD,143.75,posted,2026-01-19T09:06:00Z
transactions-002408,TX-0002408,AC-00168,2026-01-19T09:17:00Z,credit,mobile,utilities,USD,234.50,posted,2026-01-19T09:17:00Z
transactions-002409,TX-0002409,AC-00169,2026-01-19T09:28:00Z,refund,atm,utilities,USD,33.00,posted,2026-01-19T09:28:00Z
transactions-002410,TX-0002410,AC-00170,2026-01-19T09:39:00Z,debit,card,travel,USD,59.75,posted,2026-01-19T09:39:00Z
transactions-002411,TX-0002411,AC-00171,2026-01-19T09:50:00Z,debit,card,travel,USD,40.00,posted,2026-01-19T09:50:00Z
transactions-002412,TX-0002412,AC-00172,2026-01-19T10:01:00Z,refund,card,travel,USD,149.50,posted,2026-01-19T10:01:00Z
transactions-002413,TX-0002413,AC-00173,2026-01-19T10:12:00Z,debit,atm,services,USD,65.00,posted,2026-01-19T10:12:00Z
transactions-002414,TX-0002414,AC-00174,2026-01-19T10:23:00Z,credit,atm,services,USD,58.00,posted,2026-01-19T10:23:00Z
transactions-002415,TX-0002415,AC-00175,2026-01-19T10:34:00Z,credit,atm,services,USD,269.50,posted,2026-01-19T10:34:00Z
transactions-002416,TX-0002416,AC-00176,2026-01-19T10:45:00Z,refund,card,grocery,USD,204.50,posted,2026-01-19T10:45:00Z
transactions-002417,TX-0002417,AC-00177,2026-01-19T10:56:00Z,credit,branch,travel,USD,163.00,posted,2026-01-19T10:56:00Z
transactions-002418,TX-0002418,AC-00178,2026-01-19T11:07:00Z,credit,card,grocery,USD,244.00,posted,2026-01-19T11:07:00Z
transactions-002419,TX-0002419,AC-00179,2026-01-19T11:18:00Z,debit,mobile,travel,USD,116.25,posted,2026-01-19T11:18:00Z
transactions-002420,TX-0002420,AC-00180,2026-01-19T11:29:00Z,refund,card,utilities,USD,78.00,posted,2026-01-19T11:29:00Z
transactions-002421,TX-0002421,AC-00181,2026-01-19T11:40:00Z,refund,branch,utilities,USD,85.75,posted,2026-01-19T11:40:00Z
transactions-002422,TX-0002422,AC-00182,2026-01-19T11:51:00Z,credit,card,utilities,USD,113.50,posted,2026-01-19T11:51:00Z
transactions-002423,TX-0002423,AC-00183,2026-01-19T12:02:00Z,refund,card,services,USD,233.75,posted,2026-01-19T12:02:00Z
transactions-002424,TX-0002424,AC-00184,2026-01-19T12:13:00Z,credit,mobile,travel,USD,273.50,posted,2026-01-19T12:13:00Z
transactions-002425,TX-0002425,AC-00185,2026-01-19T12:24:00Z,debit,atm,utilities,USD,27.00,posted,2026-01-19T12:24:00Z
transactions-002426,TX-0002426,AC-00186,2026-01-19T12:35:00Z,debit,branch,utilities,USD,261.75,posted,2026-01-19T12:35:00Z
transactions-002427,TX-0002427,AC-00187,2026-01-19T12:46:00Z,credit,atm,grocery,USD,292.00,posted,2026-01-19T12:46:00Z
transactions-002428,TX-0002428,AC-00188,2026-01-19T12:57:00Z,refund,card,travel,USD,205.50,posted,2026-01-19T12:57:00Z
transactions-002429,TX-0002429,AC-00189,2026-01-19T13:08:00Z,refund,atm,travel,USD,287.75,posted,2026-01-19T13:08:00Z
transactions-002430,TX-0002430,AC-00190,2026-01-19T13:19:00Z,debit,branch,travel,USD,61.25,posted,2026-01-19T13:19:00Z
transactions-002431,TX-0002431,AC-00191,2026-01-19T13:30:00Z,refund,branch,services,USD,9.75,posted,2026-01-19T13:30:00Z
transactions-002432,TX-0002432,AC-00192,2026-01-19T13:41:00Z,debit,branch,travel,USD,113.25,posted,2026-01-19T13:41:00Z
transactions-002433,TX-0002433,AC-00193,2026-01-19T13:52:00Z,refund,atm,utilities,USD,185.50,posted,2026-01-19T13:52:00Z
transactions-002434,TX-0002434,AC-00194,2026-01-19T14:03:00Z,debit,card,utilities,USD,263.00,posted,2026-01-19T14:03:00Z
transactions-002435,TX-0002435,AC-00195,2026-01-19T14:14:00Z,credit,atm,services,USD,240.75,posted,2026-01-19T14:14:00Z
transactions-002436,TX-0002436,AC-00196,2026-01-19T14:25:00Z,debit,mobile,grocery,USD,236.75,posted,2026-01-19T14:25:00Z
transactions-002437,TX-0002437,AC-00197,2026-01-19T14:36:00Z,debit,atm,grocery,USD,2.25,posted,2026-01-19T14:36:00Z
transactions-002438,TX-0002438,AC-00198,2026-01-19T14:47:00Z,credit,atm,utilities,USD,129.00,posted,2026-01-19T14:47:00Z
transactions-002439,TX-0002439,AC-00199,2026-01-19T14:58:00Z,debit,mobile,travel,USD,173.25,posted,2026-01-19T14:58:00Z
transactions-002440,TX-0002440,AC-00200,2026-01-19T15:09:00Z,debit,atm,utilities,USD,112.50,posted,2026-01-19T15:09:00Z
transactions-002441,TX-0002441,AC-00201,2026-01-19T15:20:00Z,refund,card,services,USD,238.50,posted,2026-01-19T15:20:00Z
transactions-002442,TX-0002442,AC-00202,2026-01-19T15:31:00Z,debit,branch,utilities,USD,175.25,posted,2026-01-19T15:31:00Z
transactions-002443,TX-0002443,AC-00203,2026-01-19T15:42:00Z,refund,mobile,services,USD,236.25,posted,2026-01-19T15:42:00Z
transactions-002444,TX-0002444,AC-00204,2026-01-19T15:53:00Z,credit,branch,grocery,USD,261.00,posted,2026-01-19T15:53:00Z
transactions-002445,TX-0002445,AC-00205,2026-01-19T16:04:00Z,debit,branch,utilities,USD,251.75,posted,2026-01-19T16:04:00Z
transactions-002446,TX-0002446,AC-00206,2026-01-19T16:15:00Z,refund,atm,utilities,USD,74.75,posted,2026-01-19T16:15:00Z
transactions-002447,TX-0002447,AC-00207,2026-01-19T16:26:00Z,refund,atm,grocery,USD,222.25,posted,2026-01-19T16:26:00Z
transactions-002448,TX-0002448,AC-00208,2026-01-19T16:37:00Z,refund,card,services,USD,52.25,posted,2026-01-19T16:37:00Z
transactions-002449,TX-0002449,AC-00209,2026-01-19T16:48:00Z,debit,atm,services,USD,35.75,posted,2026-01-19T16:48:00Z
transactions-002450,TX-0002450,AC-00210,2026-01-19T16:59:00Z,refund,mobile,travel,USD,118.50,posted,2026-01-19T16:59:00Z
transactions-002451,TX-0002451,AC-00211,2026-01-19T17:10:00Z,refund,mobile,utilities,USD,28.00,posted,2026-01-19T17:10:00Z
transactions-002452,TX-0002452,AC-00212,2026-01-19T17:21:00Z,refund,card,utilities,USD,204.50,posted,2026-01-19T17:21:00Z
transactions-002453,TX-0002453,AC-00213,2026-01-19T17:32:00Z,refund,branch,travel,USD,117.75,posted,2026-01-19T17:32:00Z
transactions-002454,TX-0002454,AC-00214,2026-01-19T17:43:00Z,refund,mobile,utilities,USD,205.25,posted,2026-01-19T17:43:00Z
transactions-002455,TX-0002455,AC-00215,2026-01-19T17:54:00Z,refund,mobile,services,USD,218.75,posted,2026-01-19T17:54:00Z
transactions-002456,TX-0002456,AC-00216,2026-01-19T18:05:00Z,refund,card,utilities,USD,276.00,posted,2026-01-19T18:05:00Z
transactions-002457,TX-0002457,AC-00217,2026-01-19T18:16:00Z,credit,mobile,services,USD,181.25,posted,2026-01-19T18:16:00Z
transactions-002458,TX-0002458,AC-00218,2026-01-19T18:27:00Z,refund,branch,travel,USD,251.75,posted,2026-01-19T18:27:00Z
transactions-002459,TX-0002459,AC-00219,2026-01-19T18:38:00Z,debit,mobile,services,USD,81.75,posted,2026-01-19T18:38:00Z
transactions-002460,TX-0002460,AC-00220,2026-01-19T18:49:00Z,debit,mobile,services,USD,230.75,posted,2026-01-19T18:49:00Z
transactions-002461,TX-0002461,AC-00221,2026-01-19T19:00:00Z,debit,branch,utilities,USD,74.00,posted,2026-01-19T19:00:00Z
transactions-002462,TX-0002462,AC-00222,2026-01-19T19:11:00Z,credit,branch,grocery,USD,81.25,posted,2026-01-19T19:11:00Z
transactions-002463,TX-0002463,AC-00223,2026-01-19T19:22:00Z,refund,mobile,grocery,USD,12.75,posted,2026-01-19T19:22:00Z
transactions-002464,TX-0002464,AC-00224,2026-01-19T19:33:00Z,debit,atm,utilities,USD,60.25,posted,2026-01-19T19:33:00Z
transactions-002465,TX-0002465,AC-00225,2026-01-19T19:44:00Z,credit,mobile,services,USD,49.75,posted,2026-01-19T19:44:00Z
transactions-002466,TX-0002466,AC-00226,2026-01-19T19:55:00Z,refund,atm,travel,USD,123.00,posted,2026-01-19T19:55:00Z
transactions-002467,TX-0002467,AC-00227,2026-01-19T20:06:00Z,refund,card,services,USD,257.75,posted,2026-01-19T20:06:00Z
transactions-002468,TX-0002468,AC-00228,2026-01-19T20:17:00Z,credit,mobile,travel,USD,277.75,posted,2026-01-19T20:17:00Z
transactions-002469,TX-0002469,AC-00229,2026-01-19T20:28:00Z,credit,card,utilities,USD,142.25,posted,2026-01-19T20:28:00Z
transactions-002470,TX-0002470,AC-00230,2026-01-19T20:39:00Z,debit,card,grocery,USD,178.50,posted,2026-01-19T20:39:00Z
transactions-002471,TX-0002471,AC-00231,2026-01-19T20:50:00Z,refund,atm,services,USD,17.50,posted,2026-01-19T20:50:00Z
transactions-002472,TX-0002472,AC-00232,2026-01-19T21:01:00Z,refund,mobile,utilities,USD,163.75,posted,2026-01-19T21:01:00Z
transactions-002473,TX-0002473,AC-00233,2026-01-19T21:12:00Z,refund,atm,utilities,USD,41.50,posted,2026-01-19T21:12:00Z
transactions-002474,TX-0002474,AC-00234,2026-01-19T21:23:00Z,refund,branch,utilities,USD,183.25,posted,2026-01-19T21:23:00Z
transactions-002475,TX-0002475,AC-00235,2026-01-19T21:34:00Z,debit,mobile,travel,USD,190.25,posted,2026-01-19T21:34:00Z
transactions-002476,TX-0002476,AC-00236,2026-01-19T21:45:00Z,refund,mobile,travel,USD,96.25,posted,2026-01-19T21:45:00Z
transactions-002477,TX-0002477,AC-00237,2026-01-19T21:56:00Z,credit,card,services,USD,263.50,posted,2026-01-19T21:56:00Z
transactions-002478,TX-0002478,AC-00238,2026-01-19T22:07:00Z,refund,mobile,travel,USD,199.00,posted,2026-01-19T22:07:00Z
transactions-002479,TX-0002479,AC-00239,2026-01-19T22:18:00Z,debit,card,utilities,USD,11.75,posted,2026-01-19T22:18:00Z
transactions-002480,TX-0002480,AC-00240,2026-01-19T22:29:00Z,refund,branch,grocery,USD,112.25,posted,2026-01-19T22:29:00Z
transactions-002481,TX-0002481,AC-00241,2026-01-19T22:40:00Z,debit,mobile,services,USD,49.25,posted,2026-01-19T22:40:00Z
transactions-002482,TX-0002482,AC-00242,2026-01-19T22:51:00Z,refund,card,grocery,USD,93.00,posted,2026-01-19T22:51:00Z
transactions-002483,TX-0002483,AC-00243,2026-01-19T23:02:00Z,credit,branch,services,USD,51.25,posted,2026-01-19T23:02:00Z
transactions-002484,TX-0002484,AC-00244,2026-01-19T23:13:00Z,debit,branch,services,USD,190.50,posted,2026-01-19T23:13:00Z
transactions-002485,TX-0002485,AC-00245,2026-01-19T23:24:00Z,refund,branch,travel,USD,195.50,posted,2026-01-19T23:24:00Z
transactions-002486,TX-0002486,AC-00246,2026-01-19T23:35:00Z,credit,mobile,grocery,USD,25.75,posted,2026-01-19T23:35:00Z
transactions-002487,TX-0002487,AC-00247,2026-01-19T23:46:00Z,credit,card,services,USD,42.25,posted,2026-01-19T23:46:00Z
transactions-002488,TX-0002488,AC-00248,2026-01-19T23:57:00Z,credit,mobile,utilities,USD,76.25,posted,2026-01-19T23:57:00Z
transactions-002489,TX-0002489,AC-00249,2026-01-20T00:08:00Z,debit,branch,grocery,USD,189.75,posted,2026-01-20T00:08:00Z
transactions-002490,TX-0002490,AC-00250,2026-01-20T00:19:00Z,debit,atm,utilities,USD,82.25,posted,2026-01-20T00:19:00Z
transactions-002491,TX-0002491,AC-00251,2026-01-20T00:30:00Z,debit,card,utilities,USD,168.25,posted,2026-01-20T00:30:00Z
transactions-002492,TX-0002492,AC-00252,2026-01-20T00:41:00Z,refund,branch,utilities,USD,76.50,posted,2026-01-20T00:41:00Z
transactions-002493,TX-0002493,AC-00253,2026-01-20T00:52:00Z,debit,card,services,USD,57.50,posted,2026-01-20T00:52:00Z
transactions-002494,TX-0002494,AC-00254,2026-01-20T01:03:00Z,credit,atm,utilities,USD,291.75,posted,2026-01-20T01:03:00Z
transactions-002495,TX-0002495,AC-00255,2026-01-20T01:14:00Z,debit,card,grocery,USD,56.75,posted,2026-01-20T01:14:00Z
transactions-002496,TX-0002496,AC-00256,2026-01-20T01:25:00Z,credit,mobile,grocery,USD,5.75,posted,2026-01-20T01:25:00Z
transactions-002497,TX-0002497,AC-00257,2026-01-20T01:36:00Z,debit,card,grocery,USD,76.50,posted,2026-01-20T01:36:00Z
transactions-002498,TX-0002498,AC-00258,2026-01-20T01:47:00Z,credit,mobile,grocery,USD,42.00,posted,2026-01-20T01:47:00Z
transactions-002499,TX-0002499,AC-00259,2026-01-20T01:58:00Z,debit,card,utilities,USD,155.25,posted,2026-01-20T01:58:00Z
transactions-002500,TX-0002500,AC-00260,2026-01-20T02:09:00Z,refund,branch,grocery,USD,195.75,posted,2026-01-20T02:09:00Z
transactions-002501,TX-0002501,AC-00261,2026-01-20T02:20:00Z,debit,branch,utilities,USD,70.75,posted,2026-01-20T02:20:00Z
transactions-002502,TX-0002502,AC-00262,2026-01-20T02:31:00Z,credit,atm,utilities,USD,54.00,posted,2026-01-20T02:31:00Z
transactions-002503,TX-0002503,AC-00263,2026-01-20T02:42:00Z,refund,branch,services,USD,25.00,posted,2026-01-20T02:42:00Z
transactions-002504,TX-0002504,AC-00264,2026-01-20T02:53:00Z,debit,mobile,services,USD,256.50,posted,2026-01-20T02:53:00Z
transactions-002505,TX-0002505,AC-00265,2026-01-20T03:04:00Z,refund,mobile,utilities,USD,219.00,posted,2026-01-20T03:04:00Z
transactions-002506,TX-0002506,AC-00266,2026-01-20T03:15:00Z,credit,mobile,grocery,USD,270.00,posted,2026-01-20T03:15:00Z
transactions-002507,TX-0002507,AC-00267,2026-01-20T03:26:00Z,credit,branch,travel,USD,30.25,posted,2026-01-20T03:26:00Z
transactions-002508,TX-0002508,AC-00268,2026-01-20T03:37:00Z,refund,branch,services,USD,261.00,posted,2026-01-20T03:37:00Z
transactions-002509,TX-0002509,AC-00269,2026-01-20T03:48:00Z,credit,card,travel,USD,241.25,posted,2026-01-20T03:48:00Z
transactions-002510,TX-0002510,AC-00270,2026-01-20T03:59:00Z,refund,mobile,grocery,USD,204.25,posted,2026-01-20T03:59:00Z
transactions-002511,TX-0002511,AC-00271,2026-01-20T04:10:00Z,refund,atm,grocery,USD,230.50,posted,2026-01-20T04:10:00Z
transactions-002512,TX-0002512,AC-00272,2026-01-20T04:21:00Z,refund,mobile,grocery,USD,155.00,posted,2026-01-20T04:21:00Z
transactions-002513,TX-0002513,AC-00273,2026-01-20T04:32:00Z,credit,atm,utilities,USD,96.25,posted,2026-01-20T04:32:00Z
transactions-002514,TX-0002514,AC-00274,2026-01-20T04:43:00Z,credit,atm,travel,USD,11.50,posted,2026-01-20T04:43:00Z
transactions-002515,TX-0002515,AC-00275,2026-01-20T04:54:00Z,debit,mobile,grocery,USD,246.25,posted,2026-01-20T04:54:00Z
transactions-002516,TX-0002516,AC-00276,2026-01-20T05:05:00Z,refund,card,services,USD,223.25,posted,2026-01-20T05:05:00Z
transactions-002517,TX-0002517,AC-00277,2026-01-20T05:16:00Z,credit,card,travel,USD,26.50,posted,2026-01-20T05:16:00Z
transactions-002518,TX-0002518,AC-00278,2026-01-20T05:27:00Z,debit,atm,travel,USD,253.25,posted,2026-01-20T05:27:00Z
transactions-002519,TX-0002519,AC-00279,2026-01-20T05:38:00Z,refund,branch,travel,USD,120.50,posted,2026-01-20T05:38:00Z
transactions-002520,TX-0002520,AC-00280,2026-01-20T05:49:00Z,refund,card,services,USD,54.00,posted,2026-01-20T05:49:00Z
transactions-002521,TX-0002521,AC-00281,2026-01-20T06:00:00Z,credit,atm,grocery,USD,145.75,posted,2026-01-20T06:00:00Z
transactions-002522,TX-0002522,AC-00282,2026-01-20T06:11:00Z,debit,mobile,travel,USD,143.25,posted,2026-01-20T06:11:00Z
transactions-002523,TX-0002523,AC-00283,2026-01-20T06:22:00Z,refund,branch,travel,USD,242.50,posted,2026-01-20T06:22:00Z
transactions-002524,TX-0002524,AC-00284,2026-01-20T06:33:00Z,refund,branch,grocery,USD,75.50,posted,2026-01-20T06:33:00Z
transactions-002525,TX-0002525,AC-00285,2026-01-20T06:44:00Z,refund,branch,utilities,USD,30.50,posted,2026-01-20T06:44:00Z
transactions-002526,TX-0002526,AC-00286,2026-01-20T06:55:00Z,debit,card,travel,USD,196.75,posted,2026-01-20T06:55:00Z
transactions-002527,TX-0002527,AC-00287,2026-01-20T07:06:00Z,debit,branch,grocery,USD,97.00,posted,2026-01-20T07:06:00Z
transactions-002528,TX-0002528,AC-00288,2026-01-20T07:17:00Z,refund,mobile,utilities,USD,81.50,posted,2026-01-20T07:17:00Z
transactions-002529,TX-0002529,AC-00289,2026-01-20T07:28:00Z,refund,mobile,travel,USD,159.50,posted,2026-01-20T07:28:00Z
transactions-002530,TX-0002530,AC-00290,2026-01-20T07:39:00Z,credit,branch,travel,USD,232.50,posted,2026-01-20T07:39:00Z
transactions-002531,TX-0002531,AC-00291,2026-01-20T07:50:00Z,refund,branch,utilities,USD,255.00,posted,2026-01-20T07:50:00Z
transactions-002532,TX-0002532,AC-00292,2026-01-20T08:01:00Z,debit,card,utilities,USD,173.50,posted,2026-01-20T08:01:00Z
transactions-002533,TX-0002533,AC-00293,2026-01-20T08:12:00Z,credit,mobile,utilities,USD,74.50,posted,2026-01-20T08:12:00Z
transactions-002534,TX-0002534,AC-00294,2026-01-20T08:23:00Z,refund,branch,utilities,USD,8.25,posted,2026-01-20T08:23:00Z
transactions-002535,TX-0002535,AC-00295,2026-01-20T08:34:00Z,credit,card,services,USD,141.25,posted,2026-01-20T08:34:00Z
transactions-002536,TX-0002536,AC-00296,2026-01-20T08:45:00Z,refund,branch,travel,USD,159.75,posted,2026-01-20T08:45:00Z
transactions-002537,TX-0002537,AC-00297,2026-01-20T08:56:00Z,credit,card,services,USD,94.75,posted,2026-01-20T08:56:00Z
transactions-002538,TX-0002538,AC-00298,2026-01-20T09:07:00Z,debit,mobile,grocery,USD,102.25,posted,2026-01-20T09:07:00Z
transactions-002539,TX-0002539,AC-00299,2026-01-20T09:18:00Z,credit,branch,services,USD,296.00,posted,2026-01-20T09:18:00Z
transactions-002540,TX-0002540,AC-00300,2026-01-20T09:29:00Z,credit,branch,grocery,USD,282.75,posted,2026-01-20T09:29:00Z
transactions-002541,TX-0002541,AC-00301,2026-01-20T09:40:00Z,debit,branch,travel,USD,265.75,posted,2026-01-20T09:40:00Z
transactions-002542,TX-0002542,AC-00302,2026-01-20T09:51:00Z,debit,mobile,travel,USD,242.00,posted,2026-01-20T09:51:00Z
transactions-002543,TX-0002543,AC-00303,2026-01-20T10:02:00Z,debit,atm,travel,USD,147.00,posted,2026-01-20T10:02:00Z
transactions-002544,TX-0002544,AC-00304,2026-01-20T10:13:00Z,debit,card,grocery,USD,94.50,posted,2026-01-20T10:13:00Z
transactions-002545,TX-0002545,AC-00305,2026-01-20T10:24:00Z,debit,mobile,travel,USD,202.50,posted,2026-01-20T10:24:00Z
transactions-002546,TX-0002546,AC-00306,2026-01-20T10:35:00Z,credit,card,services,USD,220.50,posted,2026-01-20T10:35:00Z
transactions-002547,TX-0002547,AC-00307,2026-01-20T10:46:00Z,refund,branch,services,USD,99.00,posted,2026-01-20T10:46:00Z
transactions-002548,TX-0002548,AC-00308,2026-01-20T10:57:00Z,credit,card,services,USD,298.25,posted,2026-01-20T10:57:00Z
transactions-002549,TX-0002549,AC-00309,2026-01-20T11:08:00Z,refund,mobile,utilities,USD,33.25,posted,2026-01-20T11:08:00Z
transactions-002550,TX-0002550,AC-00310,2026-01-20T11:19:00Z,refund,mobile,travel,USD,176.25,posted,2026-01-20T11:19:00Z
transactions-002551,TX-0002551,AC-00311,2026-01-20T11:30:00Z,credit,mobile,utilities,USD,133.50,posted,2026-01-20T11:30:00Z
transactions-002552,TX-0002552,AC-00312,2026-01-20T11:41:00Z,refund,mobile,services,USD,259.50,posted,2026-01-20T11:41:00Z
transactions-002553,TX-0002553,AC-00313,2026-01-20T11:52:00Z,debit,branch,grocery,USD,50.25,posted,2026-01-20T11:52:00Z
transactions-002554,TX-0002554,AC-00314,2026-01-20T12:03:00Z,refund,mobile,travel,USD,113.50,posted,2026-01-20T12:03:00Z
transactions-002555,TX-0002555,AC-00315,2026-01-20T12:14:00Z,credit,atm,utilities,USD,11.50,posted,2026-01-20T12:14:00Z
transactions-002556,TX-0002556,AC-00316,2026-01-20T12:25:00Z,refund,atm,utilities,USD,117.75,posted,2026-01-20T12:25:00Z
transactions-002557,TX-0002557,AC-00317,2026-01-20T12:36:00Z,debit,mobile,services,USD,121.75,posted,2026-01-20T12:36:00Z
transactions-002558,TX-0002558,AC-00318,2026-01-20T12:47:00Z,refund,card,utilities,USD,104.50,posted,2026-01-20T12:47:00Z
transactions-002559,TX-0002559,AC-00319,2026-01-20T12:58:00Z,refund,mobile,services,USD,167.75,posted,2026-01-20T12:58:00Z
transactions-002560,TX-0002560,AC-00320,2026-01-20T13:09:00Z,credit,branch,travel,USD,273.50,posted,2026-01-20T13:09:00Z
transactions-002561,TX-0002561,AC-00001,2026-01-20T13:20:00Z,credit,branch,services,USD,122.50,posted,2026-01-20T13:20:00Z
transactions-002562,TX-0002562,AC-00002,2026-01-20T13:31:00Z,refund,branch,services,USD,130.25,posted,2026-01-20T13:31:00Z
transactions-002563,TX-0002563,AC-00003,2026-01-20T13:42:00Z,debit,branch,utilities,USD,147.00,posted,2026-01-20T13:42:00Z
transactions-002564,TX-0002564,AC-00004,2026-01-20T13:53:00Z,debit,card,travel,USD,95.75,posted,2026-01-20T13:53:00Z
transactions-002565,TX-0002565,AC-00005,2026-01-20T14:04:00Z,debit,card,services,USD,233.75,posted,2026-01-20T14:04:00Z
transactions-002566,TX-0002566,AC-00006,2026-01-20T14:15:00Z,credit,mobile,services,USD,63.25,posted,2026-01-20T14:15:00Z
transactions-002567,TX-0002567,AC-00007,2026-01-20T14:26:00Z,debit,card,travel,USD,275.75,posted,2026-01-20T14:26:00Z
transactions-002568,TX-0002568,AC-00008,2026-01-20T14:37:00Z,credit,atm,utilities,USD,154.25,posted,2026-01-20T14:37:00Z
transactions-002569,TX-0002569,AC-00009,2026-01-20T14:48:00Z,credit,atm,grocery,USD,59.50,posted,2026-01-20T14:48:00Z
transactions-002570,TX-0002570,AC-00010,2026-01-20T14:59:00Z,credit,card,travel,USD,139.50,posted,2026-01-20T14:59:00Z
transactions-002571,TX-0002571,AC-00011,2026-01-20T15:10:00Z,debit,branch,grocery,USD,209.25,posted,2026-01-20T15:10:00Z
transactions-002572,TX-0002572,AC-00012,2026-01-20T15:21:00Z,credit,mobile,services,USD,95.50,posted,2026-01-20T15:21:00Z
transactions-002573,TX-0002573,AC-00013,2026-01-20T15:32:00Z,refund,atm,utilities,USD,215.50,posted,2026-01-20T15:32:00Z
transactions-002574,TX-0002574,AC-00014,2026-01-20T15:43:00Z,refund,mobile,travel,USD,97.25,posted,2026-01-20T15:43:00Z
transactions-002575,TX-0002575,AC-00015,2026-01-20T15:54:00Z,credit,card,utilities,USD,224.75,posted,2026-01-20T15:54:00Z
transactions-002576,TX-0002576,AC-00016,2026-01-20T16:05:00Z,refund,atm,services,USD,230.00,posted,2026-01-20T16:05:00Z
transactions-002577,TX-0002577,AC-00017,2026-01-20T16:16:00Z,debit,mobile,grocery,USD,221.50,posted,2026-01-20T16:16:00Z
transactions-002578,TX-0002578,AC-00018,2026-01-20T16:27:00Z,refund,branch,grocery,USD,18.25,posted,2026-01-20T16:27:00Z
transactions-002579,TX-0002579,AC-00019,2026-01-20T16:38:00Z,refund,atm,services,USD,245.25,posted,2026-01-20T16:38:00Z
transactions-002580,TX-0002580,AC-00020,2026-01-20T16:49:00Z,debit,branch,travel,USD,219.00,posted,2026-01-20T16:49:00Z
transactions-002581,TX-0002581,AC-00021,2026-01-20T17:00:00Z,debit,mobile,utilities,USD,244.00,posted,2026-01-20T17:00:00Z
transactions-002582,TX-0002582,AC-00022,2026-01-20T17:11:00Z,credit,card,utilities,USD,187.00,posted,2026-01-20T17:11:00Z
transactions-002583,TX-0002583,AC-00023,2026-01-20T17:22:00Z,refund,atm,grocery,USD,255.25,posted,2026-01-20T17:22:00Z
transactions-002584,TX-0002584,AC-00024,2026-01-20T17:33:00Z,refund,mobile,grocery,USD,263.50,posted,2026-01-20T17:33:00Z
transactions-002585,TX-0002585,AC-00025,2026-01-20T17:44:00Z,debit,branch,utilities,USD,196.75,posted,2026-01-20T17:44:00Z
transactions-002586,TX-0002586,AC-00026,2026-01-20T17:55:00Z,credit,mobile,grocery,USD,179.50,posted,2026-01-20T17:55:00Z
transactions-002587,TX-0002587,AC-00027,2026-01-20T18:06:00Z,refund,card,utilities,USD,98.25,posted,2026-01-20T18:06:00Z
transactions-002588,TX-0002588,AC-00028,2026-01-20T18:17:00Z,refund,card,grocery,USD,213.50,posted,2026-01-20T18:17:00Z
transactions-002589,TX-0002589,AC-00029,2026-01-20T18:28:00Z,refund,atm,services,USD,244.00,posted,2026-01-20T18:28:00Z
transactions-002590,TX-0002590,AC-00030,2026-01-20T18:39:00Z,debit,card,grocery,USD,181.00,posted,2026-01-20T18:39:00Z
transactions-002591,TX-0002591,AC-00031,2026-01-20T18:50:00Z,refund,card,utilities,USD,162.50,posted,2026-01-20T18:50:00Z
transactions-002592,TX-0002592,AC-00032,2026-01-20T19:01:00Z,credit,branch,services,USD,19.25,posted,2026-01-20T19:01:00Z
transactions-002593,TX-0002593,AC-00033,2026-01-20T19:12:00Z,credit,card,travel,USD,181.00,posted,2026-01-20T19:12:00Z
transactions-002594,TX-0002594,AC-00034,2026-01-20T19:23:00Z,credit,mobile,services,USD,151.75,posted,2026-01-20T19:23:00Z
transactions-002595,TX-0002595,AC-00035,2026-01-20T19:34:00Z,debit,card,services,USD,18.75,posted,2026-01-20T19:34:00Z
transactions-002596,TX-0002596,AC-00036,2026-01-20T19:45:00Z,credit,mobile,grocery,USD,154.00,posted,2026-01-20T19:45:00Z
transactions-002597,TX-0002597,AC-00037,2026-01-20T19:56:00Z,debit,branch,travel,USD,188.50,posted,2026-01-20T19:56:00Z
transactions-002598,TX-0002598,AC-00038,2026-01-20T20:07:00Z,refund,branch,grocery,USD,13.75,posted,2026-01-20T20:07:00Z
transactions-002599,TX-0002599,AC-00039,2026-01-20T20:18:00Z,debit,branch,travel,USD,7.50,posted,2026-01-20T20:18:00Z
transactions-002600,TX-0002600,AC-00040,2026-01-20T20:29:00Z,debit,mobile,travel,USD,62.25,posted,2026-01-20T20:29:00Z
transactions-002601,TX-0002601,AC-00041,2026-01-20T20:40:00Z,debit,branch,travel,USD,243.50,posted,2026-01-20T20:40:00Z
transactions-002602,TX-0002602,AC-00042,2026-01-20T20:51:00Z,credit,card,utilities,USD,233.25,posted,2026-01-20T20:51:00Z
transactions-002603,TX-0002603,AC-00043,2026-01-20T21:02:00Z,refund,branch,travel,USD,175.25,posted,2026-01-20T21:02:00Z
transactions-002604,TX-0002604,AC-00044,2026-01-20T21:13:00Z,credit,mobile,services,USD,160.25,posted,2026-01-20T21:13:00Z
transactions-002605,TX-0002605,AC-00045,2026-01-20T21:24:00Z,credit,mobile,travel,USD,231.25,posted,2026-01-20T21:24:00Z
transactions-002606,TX-0002606,AC-00046,2026-01-20T21:35:00Z,debit,atm,grocery,USD,182.25,posted,2026-01-20T21:35:00Z
transactions-002607,TX-0002607,AC-00047,2026-01-20T21:46:00Z,debit,atm,grocery,USD,89.75,posted,2026-01-20T21:46:00Z
transactions-002608,TX-0002608,AC-00048,2026-01-20T21:57:00Z,refund,branch,services,USD,163.25,posted,2026-01-20T21:57:00Z
transactions-002609,TX-0002609,AC-00049,2026-01-20T22:08:00Z,refund,card,grocery,USD,245.00,posted,2026-01-20T22:08:00Z
transactions-002610,TX-0002610,AC-00050,2026-01-20T22:19:00Z,refund,branch,utilities,USD,297.50,posted,2026-01-20T22:19:00Z
transactions-002611,TX-0002611,AC-00051,2026-01-20T22:30:00Z,refund,branch,services,USD,247.25,posted,2026-01-20T22:30:00Z
transactions-002612,TX-0002612,AC-00052,2026-01-20T22:41:00Z,refund,card,grocery,USD,46.75,posted,2026-01-20T22:41:00Z
transactions-002613,TX-0002613,AC-00053,2026-01-20T22:52:00Z,debit,branch,utilities,USD,212.50,posted,2026-01-20T22:52:00Z
transactions-002614,TX-0002614,AC-00054,2026-01-20T23:03:00Z,refund,atm,grocery,USD,127.75,posted,2026-01-20T23:03:00Z
transactions-002615,TX-0002615,AC-00055,2026-01-20T23:14:00Z,refund,mobile,utilities,USD,54.00,posted,2026-01-20T23:14:00Z
transactions-002616,TX-0002616,AC-00056,2026-01-20T23:25:00Z,credit,card,travel,USD,272.75,posted,2026-01-20T23:25:00Z
transactions-002617,TX-0002617,AC-00057,2026-01-20T23:36:00Z,refund,mobile,grocery,USD,173.75,posted,2026-01-20T23:36:00Z
transactions-002618,TX-0002618,AC-00058,2026-01-20T23:47:00Z,debit,atm,utilities,USD,229.75,posted,2026-01-20T23:47:00Z
transactions-002619,TX-0002619,AC-00059,2026-01-20T23:58:00Z,refund,mobile,grocery,USD,299.75,posted,2026-01-20T23:58:00Z
transactions-002620,TX-0002620,AC-00060,2026-01-21T00:09:00Z,refund,card,utilities,USD,222.25,posted,2026-01-21T00:09:00Z
transactions-002621,TX-0002621,AC-00061,2026-01-21T00:20:00Z,credit,card,utilities,USD,150.00,posted,2026-01-21T00:20:00Z
transactions-002622,TX-0002622,AC-00062,2026-01-21T00:31:00Z,refund,atm,travel,USD,163.75,posted,2026-01-21T00:31:00Z
transactions-002623,TX-0002623,AC-00063,2026-01-21T00:42:00Z,credit,branch,travel,USD,25.00,posted,2026-01-21T00:42:00Z
transactions-002624,TX-0002624,AC-00064,2026-01-21T00:53:00Z,refund,card,travel,USD,97.75,posted,2026-01-21T00:53:00Z
transactions-002625,TX-0002625,AC-00065,2026-01-21T01:04:00Z,refund,branch,services,USD,100.25,posted,2026-01-21T01:04:00Z
transactions-002626,TX-0002626,AC-00066,2026-01-21T01:15:00Z,refund,branch,travel,USD,284.75,posted,2026-01-21T01:15:00Z
transactions-002627,TX-0002627,AC-00067,2026-01-21T01:26:00Z,credit,atm,travel,USD,226.50,posted,2026-01-21T01:26:00Z
transactions-002628,TX-0002628,AC-00068,2026-01-21T01:37:00Z,debit,card,services,USD,121.50,posted,2026-01-21T01:37:00Z
transactions-002629,TX-0002629,AC-00069,2026-01-21T01:48:00Z,credit,card,travel,USD,115.50,posted,2026-01-21T01:48:00Z
transactions-002630,TX-0002630,AC-00070,2026-01-21T01:59:00Z,debit,mobile,services,USD,108.50,posted,2026-01-21T01:59:00Z
transactions-002631,TX-0002631,AC-00071,2026-01-21T02:10:00Z,refund,mobile,grocery,USD,213.50,posted,2026-01-21T02:10:00Z
transactions-002632,TX-0002632,AC-00072,2026-01-21T02:21:00Z,refund,card,travel,USD,69.50,posted,2026-01-21T02:21:00Z
transactions-002633,TX-0002633,AC-00073,2026-01-21T02:32:00Z,debit,mobile,utilities,USD,156.00,posted,2026-01-21T02:32:00Z
transactions-002634,TX-0002634,AC-00074,2026-01-21T02:43:00Z,refund,branch,utilities,USD,135.50,posted,2026-01-21T02:43:00Z
transactions-002635,TX-0002635,AC-00075,2026-01-21T02:54:00Z,credit,atm,travel,USD,50.00,posted,2026-01-21T02:54:00Z
transactions-002636,TX-0002636,AC-00076,2026-01-21T03:05:00Z,refund,atm,services,USD,155.00,posted,2026-01-21T03:05:00Z
transactions-002637,TX-0002637,AC-00077,2026-01-21T03:16:00Z,debit,atm,travel,USD,247.50,posted,2026-01-21T03:16:00Z
transactions-002638,TX-0002638,AC-00078,2026-01-21T03:27:00Z,debit,atm,utilities,USD,146.50,posted,2026-01-21T03:27:00Z
transactions-002639,TX-0002639,AC-00079,2026-01-21T03:38:00Z,refund,mobile,services,USD,207.00,posted,2026-01-21T03:38:00Z
transactions-002640,TX-0002640,AC-00080,2026-01-21T03:49:00Z,credit,card,services,USD,114.25,posted,2026-01-21T03:49:00Z
transactions-002641,TX-0002641,AC-00081,2026-01-21T04:00:00Z,debit,atm,services,USD,233.75,posted,2026-01-21T04:00:00Z
transactions-002642,TX-0002642,AC-00082,2026-01-21T04:11:00Z,debit,card,travel,USD,293.25,posted,2026-01-21T04:11:00Z
transactions-002643,TX-0002643,AC-00083,2026-01-21T04:22:00Z,debit,atm,grocery,USD,257.25,posted,2026-01-21T04:22:00Z
transactions-002644,TX-0002644,AC-00084,2026-01-21T04:33:00Z,credit,branch,utilities,USD,196.50,posted,2026-01-21T04:33:00Z
transactions-002645,TX-0002645,AC-00085,2026-01-21T04:44:00Z,refund,mobile,utilities,USD,88.00,posted,2026-01-21T04:44:00Z
transactions-002646,TX-0002646,AC-00086,2026-01-21T04:55:00Z,debit,card,services,USD,105.25,posted,2026-01-21T04:55:00Z
transactions-002647,TX-0002647,AC-00087,2026-01-21T05:06:00Z,credit,card,travel,USD,58.75,posted,2026-01-21T05:06:00Z
transactions-002648,TX-0002648,AC-00088,2026-01-21T05:17:00Z,debit,branch,services,USD,1.50,posted,2026-01-21T05:17:00Z
transactions-002649,TX-0002649,AC-00089,2026-01-21T05:28:00Z,credit,atm,utilities,USD,185.75,posted,2026-01-21T05:28:00Z
transactions-002650,TX-0002650,AC-00090,2026-01-21T05:39:00Z,refund,card,services,USD,103.00,posted,2026-01-21T05:39:00Z
transactions-002651,TX-0002651,AC-00091,2026-01-21T05:50:00Z,credit,branch,utilities,USD,270.75,posted,2026-01-21T05:50:00Z
transactions-002652,TX-0002652,AC-00092,2026-01-21T06:01:00Z,refund,card,travel,USD,100.25,posted,2026-01-21T06:01:00Z
transactions-002653,TX-0002653,AC-00093,2026-01-21T06:12:00Z,debit,card,utilities,USD,42.50,posted,2026-01-21T06:12:00Z
transactions-002654,TX-0002654,AC-00094,2026-01-21T06:23:00Z,refund,mobile,utilities,USD,250.25,posted,2026-01-21T06:23:00Z
transactions-002655,TX-0002655,AC-00095,2026-01-21T06:34:00Z,credit,branch,travel,USD,126.25,posted,2026-01-21T06:34:00Z
transactions-002656,TX-0002656,AC-00096,2026-01-21T06:45:00Z,refund,mobile,services,USD,31.75,posted,2026-01-21T06:45:00Z
transactions-002657,TX-0002657,AC-00097,2026-01-21T06:56:00Z,credit,mobile,utilities,USD,187.75,posted,2026-01-21T06:56:00Z
transactions-002658,TX-0002658,AC-00098,2026-01-21T07:07:00Z,refund,mobile,utilities,USD,74.75,posted,2026-01-21T07:07:00Z
transactions-002659,TX-0002659,AC-00099,2026-01-21T07:18:00Z,debit,card,grocery,USD,282.50,posted,2026-01-21T07:18:00Z
transactions-002660,TX-0002660,AC-00100,2026-01-21T07:29:00Z,credit,card,travel,USD,32.00,posted,2026-01-21T07:29:00Z
transactions-002661,TX-0002661,AC-00101,2026-01-21T07:40:00Z,debit,mobile,grocery,USD,114.75,posted,2026-01-21T07:40:00Z
transactions-002662,TX-0002662,AC-00102,2026-01-21T07:51:00Z,credit,card,travel,USD,111.50,posted,2026-01-21T07:51:00Z
transactions-002663,TX-0002663,AC-00103,2026-01-21T08:02:00Z,credit,branch,travel,USD,134.75,posted,2026-01-21T08:02:00Z
transactions-002664,TX-0002664,AC-00104,2026-01-21T08:13:00Z,credit,branch,utilities,USD,192.25,posted,2026-01-21T08:13:00Z
transactions-002665,TX-0002665,AC-00105,2026-01-21T08:24:00Z,refund,branch,services,USD,286.00,posted,2026-01-21T08:24:00Z
transactions-002666,TX-0002666,AC-00106,2026-01-21T08:35:00Z,debit,card,utilities,USD,186.75,posted,2026-01-21T08:35:00Z
transactions-002667,TX-0002667,AC-00107,2026-01-21T08:46:00Z,refund,card,services,USD,138.50,posted,2026-01-21T08:46:00Z
transactions-002668,TX-0002668,AC-00108,2026-01-21T08:57:00Z,refund,atm,travel,USD,64.00,posted,2026-01-21T08:57:00Z
transactions-002669,TX-0002669,AC-00109,2026-01-21T09:08:00Z,refund,card,services,USD,174.25,posted,2026-01-21T09:08:00Z
transactions-002670,TX-0002670,AC-00110,2026-01-21T09:19:00Z,refund,mobile,travel,USD,184.00,posted,2026-01-21T09:19:00Z
transactions-002671,TX-0002671,AC-00111,2026-01-21T09:30:00Z,credit,branch,services,USD,178.50,posted,2026-01-21T09:30:00Z
transactions-002672,TX-0002672,AC-00112,2026-01-21T09:41:00Z,credit,card,grocery,USD,240.00,posted,2026-01-21T09:41:00Z
transactions-002673,TX-0002673,AC-00113,2026-01-21T09:52:00Z,debit,branch,services,USD,114.25,posted,2026-01-21T09:52:00Z
transactions-002674,TX-0002674,AC-00114,2026-01-21T10:03:00Z,credit,branch,grocery,USD,2.50,posted,2026-01-21T10:03:00Z
transactions-002675,TX-0002675,AC-00115,2026-01-21T10:14:00Z,debit,mobile,grocery,USD,159.00,posted,2026-01-21T10:14:00Z
transactions-002676,TX-0002676,AC-00116,2026-01-21T10:25:00Z,credit,card,grocery,USD,19.00,posted,2026-01-21T10:25:00Z
transactions-002677,TX-0002677,AC-00117,2026-01-21T10:36:00Z,credit,atm,grocery,USD,130.75,posted,2026-01-21T10:36:00Z
transactions-002678,TX-0002678,AC-00118,2026-01-21T10:47:00Z,debit,atm,grocery,USD,171.00,posted,2026-01-21T10:47:00Z
transactions-002679,TX-0002679,AC-00119,2026-01-21T10:58:00Z,debit,mobile,grocery,USD,170.00,posted,2026-01-21T10:58:00Z
transactions-002680,TX-0002680,AC-00120,2026-01-21T11:09:00Z,refund,card,utilities,USD,91.00,posted,2026-01-21T11:09:00Z
transactions-002681,TX-0002681,AC-00121,2026-01-21T11:20:00Z,debit,atm,travel,USD,203.75,posted,2026-01-21T11:20:00Z
transactions-002682,TX-0002682,AC-00122,2026-01-21T11:31:00Z,refund,atm,grocery,USD,222.25,posted,2026-01-21T11:31:00Z
transactions-002683,TX-0002683,AC-00123,2026-01-21T11:42:00Z,debit,mobile,utilities,USD,200.75,posted,2026-01-21T11:42:00Z
transactions-002684,TX-0002684,AC-00124,2026-01-21T11:53:00Z,debit,branch,travel,USD,33.50,posted,2026-01-21T11:53:00Z
transactions-002685,TX-0002685,AC-00125,2026-01-21T12:04:00Z,debit,branch,travel,USD,41.00,posted,2026-01-21T12:04:00Z
transactions-002686,TX-0002686,AC-00126,2026-01-21T12:15:00Z,refund,branch,travel,USD,102.25,posted,2026-01-21T12:15:00Z
transactions-002687,TX-0002687,AC-00127,2026-01-21T12:26:00Z,debit,card,services,USD,279.25,posted,2026-01-21T12:26:00Z
transactions-002688,TX-0002688,AC-00128,2026-01-21T12:37:00Z,refund,card,utilities,USD,130.75,posted,2026-01-21T12:37:00Z
transactions-002689,TX-0002689,AC-00129,2026-01-21T12:48:00Z,refund,branch,utilities,USD,5.00,posted,2026-01-21T12:48:00Z
transactions-002690,TX-0002690,AC-00130,2026-01-21T12:59:00Z,credit,mobile,services,USD,48.00,posted,2026-01-21T12:59:00Z
transactions-002691,TX-0002691,AC-00131,2026-01-21T13:10:00Z,refund,branch,utilities,USD,63.00,posted,2026-01-21T13:10:00Z
transactions-002692,TX-0002692,AC-00132,2026-01-21T13:21:00Z,debit,mobile,services,USD,41.50,posted,2026-01-21T13:21:00Z
transactions-002693,TX-0002693,AC-00133,2026-01-21T13:32:00Z,credit,atm,utilities,USD,65.25,posted,2026-01-21T13:32:00Z
transactions-002694,TX-0002694,AC-00134,2026-01-21T13:43:00Z,refund,atm,grocery,USD,110.75,posted,2026-01-21T13:43:00Z
transactions-002695,TX-0002695,AC-00135,2026-01-21T13:54:00Z,debit,card,services,USD,265.50,posted,2026-01-21T13:54:00Z
transactions-002696,TX-0002696,AC-00136,2026-01-21T14:05:00Z,credit,branch,travel,USD,260.75,posted,2026-01-21T14:05:00Z
transactions-002697,TX-0002697,AC-00137,2026-01-21T14:16:00Z,debit,atm,grocery,USD,62.50,posted,2026-01-21T14:16:00Z
transactions-002698,TX-0002698,AC-00138,2026-01-21T14:27:00Z,debit,atm,utilities,USD,54.50,posted,2026-01-21T14:27:00Z
transactions-002699,TX-0002699,AC-00139,2026-01-21T14:38:00Z,debit,mobile,travel,USD,151.00,posted,2026-01-21T14:38:00Z
transactions-002700,TX-0002700,AC-00140,2026-01-21T14:49:00Z,refund,card,grocery,USD,19.25,posted,2026-01-21T14:49:00Z
transactions-002701,TX-0002701,AC-00141,2026-01-21T15:00:00Z,refund,mobile,travel,USD,120.00,posted,2026-01-21T15:00:00Z
transactions-002702,TX-0002702,AC-00142,2026-01-21T15:11:00Z,credit,atm,grocery,USD,165.50,posted,2026-01-21T15:11:00Z
transactions-002703,TX-0002703,AC-00143,2026-01-21T15:22:00Z,debit,mobile,grocery,USD,24.25,posted,2026-01-21T15:22:00Z
transactions-002704,TX-0002704,AC-00144,2026-01-21T15:33:00Z,debit,card,utilities,USD,105.75,posted,2026-01-21T15:33:00Z
transactions-002705,TX-0002705,AC-00145,2026-01-21T15:44:00Z,debit,atm,services,USD,299.25,posted,2026-01-21T15:44:00Z
transactions-002706,TX-0002706,AC-00146,2026-01-21T15:55:00Z,refund,branch,travel,USD,144.75,posted,2026-01-21T15:55:00Z
transactions-002707,TX-0002707,AC-00147,2026-01-21T16:06:00Z,refund,branch,utilities,USD,69.50,posted,2026-01-21T16:06:00Z
transactions-002708,TX-0002708,AC-00148,2026-01-21T16:17:00Z,credit,atm,grocery,USD,238.50,posted,2026-01-21T16:17:00Z
transactions-002709,TX-0002709,AC-00149,2026-01-21T16:28:00Z,debit,mobile,utilities,USD,60.00,posted,2026-01-21T16:28:00Z
transactions-002710,TX-0002710,AC-00150,2026-01-21T16:39:00Z,credit,mobile,grocery,USD,145.75,posted,2026-01-21T16:39:00Z
transactions-002711,TX-0002711,AC-00151,2026-01-21T16:50:00Z,credit,card,utilities,USD,200.75,posted,2026-01-21T16:50:00Z
transactions-002712,TX-0002712,AC-00152,2026-01-21T17:01:00Z,credit,atm,utilities,USD,286.75,posted,2026-01-21T17:01:00Z
transactions-002713,TX-0002713,AC-00153,2026-01-21T17:12:00Z,debit,mobile,services,USD,268.75,posted,2026-01-21T17:12:00Z
transactions-002714,TX-0002714,AC-00154,2026-01-21T17:23:00Z,debit,branch,services,USD,138.25,posted,2026-01-21T17:23:00Z
transactions-002715,TX-0002715,AC-00155,2026-01-21T17:34:00Z,credit,mobile,services,USD,101.25,posted,2026-01-21T17:34:00Z
transactions-002716,TX-0002716,AC-00156,2026-01-21T17:45:00Z,credit,branch,grocery,USD,221.25,posted,2026-01-21T17:45:00Z
transactions-002717,TX-0002717,AC-00157,2026-01-21T17:56:00Z,debit,branch,utilities,USD,147.00,posted,2026-01-21T17:56:00Z
transactions-002718,TX-0002718,AC-00158,2026-01-21T18:07:00Z,refund,atm,services,USD,214.00,posted,2026-01-21T18:07:00Z
transactions-002719,TX-0002719,AC-00159,2026-01-21T18:18:00Z,credit,atm,services,USD,170.25,posted,2026-01-21T18:18:00Z
transactions-002720,TX-0002720,AC-00160,2026-01-21T18:29:00Z,debit,atm,services,USD,72.25,posted,2026-01-21T18:29:00Z
transactions-002721,TX-0002721,AC-00161,2026-01-21T18:40:00Z,credit,branch,utilities,USD,278.00,posted,2026-01-21T18:40:00Z
transactions-002722,TX-0002722,AC-00162,2026-01-21T18:51:00Z,debit,branch,grocery,USD,12.75,posted,2026-01-21T18:51:00Z
transactions-002723,TX-0002723,AC-00163,2026-01-21T19:02:00Z,debit,card,travel,USD,38.50,posted,2026-01-21T19:02:00Z
transactions-002724,TX-0002724,AC-00164,2026-01-21T19:13:00Z,debit,branch,services,USD,59.50,posted,2026-01-21T19:13:00Z
transactions-002725,TX-0002725,AC-00165,2026-01-21T19:24:00Z,debit,mobile,services,USD,248.75,posted,2026-01-21T19:24:00Z
transactions-002726,TX-0002726,AC-00166,2026-01-21T19:35:00Z,debit,branch,services,USD,151.25,posted,2026-01-21T19:35:00Z
transactions-002727,TX-0002727,AC-00167,2026-01-21T19:46:00Z,debit,mobile,travel,USD,258.75,posted,2026-01-21T19:46:00Z
transactions-002728,TX-0002728,AC-00168,2026-01-21T19:57:00Z,debit,branch,grocery,USD,144.25,posted,2026-01-21T19:57:00Z
transactions-002729,TX-0002729,AC-00169,2026-01-21T20:08:00Z,refund,card,services,USD,79.50,posted,2026-01-21T20:08:00Z
transactions-002730,TX-0002730,AC-00170,2026-01-21T20:19:00Z,credit,card,travel,USD,28.50,posted,2026-01-21T20:19:00Z
transactions-002731,TX-0002731,AC-00171,2026-01-21T20:30:00Z,refund,mobile,utilities,USD,187.50,posted,2026-01-21T20:30:00Z
transactions-002732,TX-0002732,AC-00172,2026-01-21T20:41:00Z,credit,mobile,services,USD,108.25,posted,2026-01-21T20:41:00Z
transactions-002733,TX-0002733,AC-00173,2026-01-21T20:52:00Z,debit,branch,grocery,USD,64.75,posted,2026-01-21T20:52:00Z
transactions-002734,TX-0002734,AC-00174,2026-01-21T21:03:00Z,credit,mobile,utilities,USD,34.25,posted,2026-01-21T21:03:00Z
transactions-002735,TX-0002735,AC-00175,2026-01-21T21:14:00Z,refund,atm,utilities,USD,249.00,posted,2026-01-21T21:14:00Z
transactions-002736,TX-0002736,AC-00176,2026-01-21T21:25:00Z,refund,card,travel,USD,158.25,posted,2026-01-21T21:25:00Z
transactions-002737,TX-0002737,AC-00177,2026-01-21T21:36:00Z,debit,card,utilities,USD,52.00,posted,2026-01-21T21:36:00Z
transactions-002738,TX-0002738,AC-00178,2026-01-21T21:47:00Z,debit,atm,services,USD,258.25,posted,2026-01-21T21:47:00Z
transactions-002739,TX-0002739,AC-00179,2026-01-21T21:58:00Z,refund,atm,travel,USD,261.00,posted,2026-01-21T21:58:00Z
transactions-002740,TX-0002740,AC-00180,2026-01-21T22:09:00Z,refund,branch,travel,USD,52.25,posted,2026-01-21T22:09:00Z
transactions-002741,TX-0002741,AC-00181,2026-01-21T22:20:00Z,debit,branch,utilities,USD,42.50,posted,2026-01-21T22:20:00Z
transactions-002742,TX-0002742,AC-00182,2026-01-21T22:31:00Z,credit,card,utilities,USD,200.00,posted,2026-01-21T22:31:00Z
transactions-002743,TX-0002743,AC-00183,2026-01-21T22:42:00Z,refund,mobile,grocery,USD,187.00,posted,2026-01-21T22:42:00Z
transactions-002744,TX-0002744,AC-00184,2026-01-21T22:53:00Z,credit,mobile,grocery,USD,257.00,posted,2026-01-21T22:53:00Z
transactions-002745,TX-0002745,AC-00185,2026-01-21T23:04:00Z,credit,mobile,utilities,USD,130.00,posted,2026-01-21T23:04:00Z
transactions-002746,TX-0002746,AC-00186,2026-01-21T23:15:00Z,credit,branch,utilities,USD,41.50,posted,2026-01-21T23:15:00Z
transactions-002747,TX-0002747,AC-00187,2026-01-21T23:26:00Z,debit,atm,grocery,USD,10.00,posted,2026-01-21T23:26:00Z
transactions-002748,TX-0002748,AC-00188,2026-01-21T23:37:00Z,credit,mobile,utilities,USD,146.25,posted,2026-01-21T23:37:00Z
transactions-002749,TX-0002749,AC-00189,2026-01-21T23:48:00Z,debit,atm,services,USD,44.75,posted,2026-01-21T23:48:00Z
transactions-002750,TX-0002750,AC-00190,2026-01-21T23:59:00Z,debit,card,utilities,USD,18.00,posted,2026-01-21T23:59:00Z
transactions-002751,TX-0002751,AC-00191,2026-01-22T00:10:00Z,debit,mobile,grocery,USD,213.00,posted,2026-01-22T00:10:00Z
transactions-002752,TX-0002752,AC-00192,2026-01-22T00:21:00Z,refund,branch,utilities,USD,184.50,posted,2026-01-22T00:21:00Z
transactions-002753,TX-0002753,AC-00193,2026-01-22T00:32:00Z,credit,branch,services,USD,76.75,posted,2026-01-22T00:32:00Z
transactions-002754,TX-0002754,AC-00194,2026-01-22T00:43:00Z,debit,branch,services,USD,121.00,posted,2026-01-22T00:43:00Z
transactions-002755,TX-0002755,AC-00195,2026-01-22T00:54:00Z,credit,mobile,grocery,USD,3.75,posted,2026-01-22T00:54:00Z
transactions-002756,TX-0002756,AC-00196,2026-01-22T01:05:00Z,credit,atm,services,USD,238.25,posted,2026-01-22T01:05:00Z
transactions-002757,TX-0002757,AC-00197,2026-01-22T01:16:00Z,refund,mobile,utilities,USD,34.00,posted,2026-01-22T01:16:00Z
transactions-002758,TX-0002758,AC-00198,2026-01-22T01:27:00Z,refund,branch,travel,USD,193.75,posted,2026-01-22T01:27:00Z
transactions-002759,TX-0002759,AC-00199,2026-01-22T01:38:00Z,credit,branch,travel,USD,189.25,posted,2026-01-22T01:38:00Z
transactions-002760,TX-0002760,AC-00200,2026-01-22T01:49:00Z,debit,mobile,services,USD,175.00,posted,2026-01-22T01:49:00Z
transactions-002761,TX-0002761,AC-00201,2026-01-22T02:00:00Z,credit,branch,travel,USD,39.25,posted,2026-01-22T02:00:00Z
transactions-002762,TX-0002762,AC-00202,2026-01-22T02:11:00Z,debit,branch,services,USD,75.00,posted,2026-01-22T02:11:00Z
transactions-002763,TX-0002763,AC-00203,2026-01-22T02:22:00Z,credit,atm,travel,USD,138.50,posted,2026-01-22T02:22:00Z
transactions-002764,TX-0002764,AC-00204,2026-01-22T02:33:00Z,credit,branch,travel,USD,56.00,posted,2026-01-22T02:33:00Z
transactions-002765,TX-0002765,AC-00205,2026-01-22T02:44:00Z,credit,branch,grocery,USD,135.75,posted,2026-01-22T02:44:00Z
transactions-002766,TX-0002766,AC-00206,2026-01-22T02:55:00Z,debit,atm,travel,USD,32.75,posted,2026-01-22T02:55:00Z
transactions-002767,TX-0002767,AC-00207,2026-01-22T03:06:00Z,debit,atm,utilities,USD,197.25,posted,2026-01-22T03:06:00Z
transactions-002768,TX-0002768,AC-00208,2026-01-22T03:17:00Z,refund,atm,grocery,USD,180.25,posted,2026-01-22T03:17:00Z
transactions-002769,TX-0002769,AC-00209,2026-01-22T03:28:00Z,refund,atm,grocery,USD,241.50,posted,2026-01-22T03:28:00Z
transactions-002770,TX-0002770,AC-00210,2026-01-22T03:39:00Z,debit,atm,travel,USD,95.25,posted,2026-01-22T03:39:00Z
transactions-002771,TX-0002771,AC-00211,2026-01-22T03:50:00Z,debit,branch,travel,USD,136.25,posted,2026-01-22T03:50:00Z
transactions-002772,TX-0002772,AC-00212,2026-01-22T04:01:00Z,credit,atm,utilities,USD,55.00,posted,2026-01-22T04:01:00Z
transactions-002773,TX-0002773,AC-00213,2026-01-22T04:12:00Z,credit,card,services,USD,228.25,posted,2026-01-22T04:12:00Z
transactions-002774,TX-0002774,AC-00214,2026-01-22T04:23:00Z,refund,mobile,travel,USD,110.75,posted,2026-01-22T04:23:00Z
transactions-002775,TX-0002775,AC-00215,2026-01-22T04:34:00Z,refund,branch,services,USD,131.00,posted,2026-01-22T04:34:00Z
transactions-002776,TX-0002776,AC-00216,2026-01-22T04:45:00Z,refund,atm,services,USD,252.50,posted,2026-01-22T04:45:00Z
transactions-002777,TX-0002777,AC-00217,2026-01-22T04:56:00Z,credit,branch,grocery,USD,190.00,posted,2026-01-22T04:56:00Z
transactions-002778,TX-0002778,AC-00218,2026-01-22T05:07:00Z,debit,mobile,grocery,USD,116.75,posted,2026-01-22T05:07:00Z
transactions-002779,TX-0002779,AC-00219,2026-01-22T05:18:00Z,debit,card,grocery,USD,234.00,posted,2026-01-22T05:18:00Z
transactions-002780,TX-0002780,AC-00220,2026-01-22T05:29:00Z,refund,card,utilities,USD,104.00,posted,2026-01-22T05:29:00Z
transactions-002781,TX-0002781,AC-00221,2026-01-22T05:40:00Z,refund,atm,travel,USD,47.50,posted,2026-01-22T05:40:00Z
transactions-002782,TX-0002782,AC-00222,2026-01-22T05:51:00Z,credit,mobile,travel,USD,298.00,posted,2026-01-22T05:51:00Z
transactions-002783,TX-0002783,AC-00223,2026-01-22T06:02:00Z,debit,card,utilities,USD,34.75,posted,2026-01-22T06:02:00Z
transactions-002784,TX-0002784,AC-00224,2026-01-22T06:13:00Z,credit,mobile,grocery,USD,26.25,posted,2026-01-22T06:13:00Z
transactions-002785,TX-0002785,AC-00225,2026-01-22T06:24:00Z,refund,branch,utilities,USD,77.50,posted,2026-01-22T06:24:00Z
transactions-002786,TX-0002786,AC-00226,2026-01-22T06:35:00Z,debit,atm,travel,USD,128.00,posted,2026-01-22T06:35:00Z
transactions-002787,TX-0002787,AC-00227,2026-01-22T06:46:00Z,refund,card,grocery,USD,153.25,posted,2026-01-22T06:46:00Z
transactions-002788,TX-0002788,AC-00228,2026-01-22T06:57:00Z,debit,card,services,USD,97.25,posted,2026-01-22T06:57:00Z
transactions-002789,TX-0002789,AC-00229,2026-01-22T07:08:00Z,refund,atm,travel,USD,193.50,posted,2026-01-22T07:08:00Z
transactions-002790,TX-0002790,AC-00230,2026-01-22T07:19:00Z,refund,mobile,utilities,USD,161.75,posted,2026-01-22T07:19:00Z
transactions-002791,TX-0002791,AC-00231,2026-01-22T07:30:00Z,refund,atm,grocery,USD,184.25,posted,2026-01-22T07:30:00Z
transactions-002792,TX-0002792,AC-00232,2026-01-22T07:41:00Z,credit,branch,services,USD,50.25,posted,2026-01-22T07:41:00Z
transactions-002793,TX-0002793,AC-00233,2026-01-22T07:52:00Z,credit,atm,services,USD,219.00,posted,2026-01-22T07:52:00Z
transactions-002794,TX-0002794,AC-00234,2026-01-22T08:03:00Z,refund,branch,travel,USD,192.50,posted,2026-01-22T08:03:00Z
transactions-002795,TX-0002795,AC-00235,2026-01-22T08:14:00Z,debit,branch,grocery,USD,4.50,posted,2026-01-22T08:14:00Z
transactions-002796,TX-0002796,AC-00236,2026-01-22T08:25:00Z,debit,atm,services,USD,249.75,posted,2026-01-22T08:25:00Z
transactions-002797,TX-0002797,AC-00237,2026-01-22T08:36:00Z,refund,branch,travel,USD,90.00,posted,2026-01-22T08:36:00Z
transactions-002798,TX-0002798,AC-00238,2026-01-22T08:47:00Z,credit,card,grocery,USD,288.25,posted,2026-01-22T08:47:00Z
transactions-002799,TX-0002799,AC-00239,2026-01-22T08:58:00Z,debit,mobile,grocery,USD,128.00,posted,2026-01-22T08:58:00Z
transactions-002800,TX-0002800,AC-00240,2026-01-22T09:09:00Z,refund,card,services,USD,231.25,posted,2026-01-22T09:09:00Z
transactions-002801,TX-0002801,AC-00241,2026-01-22T09:20:00Z,debit,branch,services,USD,135.00,posted,2026-01-22T09:20:00Z
transactions-002802,TX-0002802,AC-00242,2026-01-22T09:31:00Z,debit,card,grocery,USD,74.00,posted,2026-01-22T09:31:00Z
transactions-002803,TX-0002803,AC-00243,2026-01-22T09:42:00Z,debit,mobile,utilities,USD,174.00,posted,2026-01-22T09:42:00Z
transactions-002804,TX-0002804,AC-00244,2026-01-22T09:53:00Z,credit,card,grocery,USD,218.75,posted,2026-01-22T09:53:00Z
transactions-002805,TX-0002805,AC-00245,2026-01-22T10:04:00Z,debit,branch,grocery,USD,37.75,posted,2026-01-22T10:04:00Z
transactions-002806,TX-0002806,AC-00246,2026-01-22T10:15:00Z,credit,atm,utilities,USD,210.75,posted,2026-01-22T10:15:00Z
transactions-002807,TX-0002807,AC-00247,2026-01-22T10:26:00Z,debit,branch,grocery,USD,292.75,posted,2026-01-22T10:26:00Z
transactions-002808,TX-0002808,AC-00248,2026-01-22T10:37:00Z,credit,branch,travel,USD,190.75,posted,2026-01-22T10:37:00Z
transactions-002809,TX-0002809,AC-00249,2026-01-22T10:48:00Z,refund,mobile,services,USD,177.00,posted,2026-01-22T10:48:00Z
transactions-002810,TX-0002810,AC-00250,2026-01-22T10:59:00Z,refund,branch,utilities,USD,212.00,posted,2026-01-22T10:59:00Z
transactions-002811,TX-0002811,AC-00251,2026-01-22T11:10:00Z,debit,atm,travel,USD,95.50,posted,2026-01-22T11:10:00Z
transactions-002812,TX-0002812,AC-00252,2026-01-22T11:21:00Z,credit,atm,grocery,USD,286.50,posted,2026-01-22T11:21:00Z
transactions-002813,TX-0002813,AC-00253,2026-01-22T11:32:00Z,debit,card,services,USD,181.50,posted,2026-01-22T11:32:00Z
transactions-002814,TX-0002814,AC-00254,2026-01-22T11:43:00Z,credit,branch,services,USD,223.25,posted,2026-01-22T11:43:00Z
transactions-002815,TX-0002815,AC-00255,2026-01-22T11:54:00Z,debit,branch,travel,USD,210.75,posted,2026-01-22T11:54:00Z
transactions-002816,TX-0002816,AC-00256,2026-01-22T12:05:00Z,refund,atm,services,USD,208.75,posted,2026-01-22T12:05:00Z
transactions-002817,TX-0002817,AC-00257,2026-01-22T12:16:00Z,credit,mobile,utilities,USD,54.50,posted,2026-01-22T12:16:00Z
transactions-002818,TX-0002818,AC-00258,2026-01-22T12:27:00Z,credit,mobile,grocery,USD,30.25,posted,2026-01-22T12:27:00Z
transactions-002819,TX-0002819,AC-00259,2026-01-22T12:38:00Z,refund,card,utilities,USD,228.00,posted,2026-01-22T12:38:00Z
transactions-002820,TX-0002820,AC-00260,2026-01-22T12:49:00Z,credit,card,utilities,USD,43.50,posted,2026-01-22T12:49:00Z
transactions-002821,TX-0002821,AC-00261,2026-01-22T13:00:00Z,credit,mobile,utilities,USD,13.75,posted,2026-01-22T13:00:00Z
transactions-002822,TX-0002822,AC-00262,2026-01-22T13:11:00Z,refund,card,utilities,USD,166.25,posted,2026-01-22T13:11:00Z
transactions-002823,TX-0002823,AC-00263,2026-01-22T13:22:00Z,refund,branch,travel,USD,165.75,posted,2026-01-22T13:22:00Z
transactions-002824,TX-0002824,AC-00264,2026-01-22T13:33:00Z,credit,atm,services,USD,291.75,posted,2026-01-22T13:33:00Z
transactions-002825,TX-0002825,AC-00265,2026-01-22T13:44:00Z,debit,branch,grocery,USD,47.00,posted,2026-01-22T13:44:00Z
transactions-002826,TX-0002826,AC-00266,2026-01-22T13:55:00Z,debit,branch,grocery,USD,218.00,posted,2026-01-22T13:55:00Z
transactions-002827,TX-0002827,AC-00267,2026-01-22T14:06:00Z,debit,atm,travel,USD,271.00,posted,2026-01-22T14:06:00Z
transactions-002828,TX-0002828,AC-00268,2026-01-22T14:17:00Z,refund,branch,services,USD,76.25,posted,2026-01-22T14:17:00Z
transactions-002829,TX-0002829,AC-00269,2026-01-22T14:28:00Z,refund,branch,travel,USD,118.00,posted,2026-01-22T14:28:00Z
transactions-002830,TX-0002830,AC-00270,2026-01-22T14:39:00Z,credit,card,travel,USD,170.50,posted,2026-01-22T14:39:00Z
transactions-002831,TX-0002831,AC-00271,2026-01-22T14:50:00Z,refund,branch,travel,USD,42.75,posted,2026-01-22T14:50:00Z
transactions-002832,TX-0002832,AC-00272,2026-01-22T15:01:00Z,debit,card,services,USD,278.75,posted,2026-01-22T15:01:00Z
transactions-002833,TX-0002833,AC-00273,2026-01-22T15:12:00Z,debit,card,services,USD,96.75,posted,2026-01-22T15:12:00Z
transactions-002834,TX-0002834,AC-00274,2026-01-22T15:23:00Z,debit,mobile,utilities,USD,254.75,posted,2026-01-22T15:23:00Z
transactions-002835,TX-0002835,AC-00275,2026-01-22T15:34:00Z,credit,mobile,services,USD,145.50,posted,2026-01-22T15:34:00Z
transactions-002836,TX-0002836,AC-00276,2026-01-22T15:45:00Z,refund,card,travel,USD,175.75,posted,2026-01-22T15:45:00Z
transactions-002837,TX-0002837,AC-00277,2026-01-22T15:56:00Z,credit,atm,utilities,USD,125.75,posted,2026-01-22T15:56:00Z
transactions-002838,TX-0002838,AC-00278,2026-01-22T16:07:00Z,refund,atm,grocery,USD,75.50,posted,2026-01-22T16:07:00Z
transactions-002839,TX-0002839,AC-00279,2026-01-22T16:18:00Z,debit,card,services,USD,163.25,posted,2026-01-22T16:18:00Z
transactions-002840,TX-0002840,AC-00280,2026-01-22T16:29:00Z,debit,mobile,travel,USD,3.50,posted,2026-01-22T16:29:00Z
transactions-002841,TX-0002841,AC-00281,2026-01-22T16:40:00Z,credit,branch,grocery,USD,279.75,posted,2026-01-22T16:40:00Z
transactions-002842,TX-0002842,AC-00282,2026-01-22T16:51:00Z,refund,card,travel,USD,21.75,posted,2026-01-22T16:51:00Z
transactions-002843,TX-0002843,AC-00283,2026-01-22T17:02:00Z,credit,mobile,travel,USD,154.50,posted,2026-01-22T17:02:00Z
transactions-002844,TX-0002844,AC-00284,2026-01-22T17:13:00Z,debit,mobile,utilities,USD,229.50,posted,2026-01-22T17:13:00Z
transactions-002845,TX-0002845,AC-00285,2026-01-22T17:24:00Z,refund,branch,utilities,USD,85.25,posted,2026-01-22T17:24:00Z
transactions-002846,TX-0002846,AC-00286,2026-01-22T17:35:00Z,refund,branch,utilities,USD,247.50,posted,2026-01-22T17:35:00Z
transactions-002847,TX-0002847,AC-00287,2026-01-22T17:46:00Z,refund,atm,services,USD,186.75,posted,2026-01-22T17:46:00Z
transactions-002848,TX-0002848,AC-00288,2026-01-22T17:57:00Z,credit,card,grocery,USD,179.50,posted,2026-01-22T17:57:00Z
transactions-002849,TX-0002849,AC-00289,2026-01-22T18:08:00Z,refund,card,grocery,USD,217.75,posted,2026-01-22T18:08:00Z
transactions-002850,TX-0002850,AC-00290,2026-01-22T18:19:00Z,refund,mobile,utilities,USD,115.25,posted,2026-01-22T18:19:00Z
transactions-002851,TX-0002851,AC-00291,2026-01-22T18:30:00Z,credit,card,travel,USD,218.25,posted,2026-01-22T18:30:00Z
transactions-002852,TX-0002852,AC-00292,2026-01-22T18:41:00Z,credit,card,utilities,USD,152.25,posted,2026-01-22T18:41:00Z
transactions-002853,TX-0002853,AC-00293,2026-01-22T18:52:00Z,credit,mobile,grocery,USD,222.25,posted,2026-01-22T18:52:00Z
transactions-002854,TX-0002854,AC-00294,2026-01-22T19:03:00Z,credit,mobile,travel,USD,199.50,posted,2026-01-22T19:03:00Z
transactions-002855,TX-0002855,AC-00295,2026-01-22T19:14:00Z,refund,atm,grocery,USD,237.25,posted,2026-01-22T19:14:00Z
transactions-002856,TX-0002856,AC-00296,2026-01-22T19:25:00Z,refund,mobile,utilities,USD,70.75,posted,2026-01-22T19:25:00Z
transactions-002857,TX-0002857,AC-00297,2026-01-22T19:36:00Z,refund,card,services,USD,114.75,posted,2026-01-22T19:36:00Z
transactions-002858,TX-0002858,AC-00298,2026-01-22T19:47:00Z,refund,mobile,grocery,USD,146.25,posted,2026-01-22T19:47:00Z
transactions-002859,TX-0002859,AC-00299,2026-01-22T19:58:00Z,credit,atm,travel,USD,220.00,posted,2026-01-22T19:58:00Z
transactions-002860,TX-0002860,AC-00300,2026-01-22T20:09:00Z,debit,mobile,utilities,USD,149.25,posted,2026-01-22T20:09:00Z
transactions-002861,TX-0002861,AC-00301,2026-01-22T20:20:00Z,refund,branch,services,USD,52.00,posted,2026-01-22T20:20:00Z
transactions-002862,TX-0002862,AC-00302,2026-01-22T20:31:00Z,credit,card,grocery,USD,45.00,posted,2026-01-22T20:31:00Z
transactions-002863,TX-0002863,AC-00303,2026-01-22T20:42:00Z,credit,mobile,utilities,USD,212.00,posted,2026-01-22T20:42:00Z
transactions-002864,TX-0002864,AC-00304,2026-01-22T20:53:00Z,refund,mobile,grocery,USD,234.00,posted,2026-01-22T20:53:00Z
transactions-002865,TX-0002865,AC-00305,2026-01-22T21:04:00Z,debit,card,utilities,USD,89.00,posted,2026-01-22T21:04:00Z
transactions-002866,TX-0002866,AC-00306,2026-01-22T21:15:00Z,refund,atm,grocery,USD,275.00,posted,2026-01-22T21:15:00Z
transactions-002867,TX-0002867,AC-00307,2026-01-22T21:26:00Z,credit,branch,utilities,USD,15.75,posted,2026-01-22T21:26:00Z
transactions-002868,TX-0002868,AC-00308,2026-01-22T21:37:00Z,debit,atm,travel,USD,143.75,posted,2026-01-22T21:37:00Z
transactions-002869,TX-0002869,AC-00309,2026-01-22T21:48:00Z,debit,card,grocery,USD,242.50,posted,2026-01-22T21:48:00Z
transactions-002870,TX-0002870,AC-00310,2026-01-22T21:59:00Z,refund,atm,grocery,USD,60.50,posted,2026-01-22T21:59:00Z
transactions-002871,TX-0002871,AC-00311,2026-01-22T22:10:00Z,refund,mobile,grocery,USD,177.50,posted,2026-01-22T22:10:00Z
transactions-002872,TX-0002872,AC-00312,2026-01-22T22:21:00Z,refund,atm,services,USD,98.00,posted,2026-01-22T22:21:00Z
transactions-002873,TX-0002873,AC-00313,2026-01-22T22:32:00Z,refund,mobile,travel,USD,169.00,posted,2026-01-22T22:32:00Z
transactions-002874,TX-0002874,AC-00314,2026-01-22T22:43:00Z,debit,branch,utilities,USD,27.00,posted,2026-01-22T22:43:00Z
transactions-002875,TX-0002875,AC-00315,2026-01-22T22:54:00Z,refund,atm,services,USD,194.50,posted,2026-01-22T22:54:00Z
transactions-002876,TX-0002876,AC-00316,2026-01-22T23:05:00Z,debit,card,services,USD,296.50,posted,2026-01-22T23:05:00Z
transactions-002877,TX-0002877,AC-00317,2026-01-22T23:16:00Z,refund,branch,grocery,USD,1.00,posted,2026-01-22T23:16:00Z
transactions-002878,TX-0002878,AC-00318,2026-01-22T23:27:00Z,credit,atm,services,USD,31.75,posted,2026-01-22T23:27:00Z
transactions-002879,TX-0002879,AC-00319,2026-01-22T23:38:00Z,refund,card,travel,USD,146.25,posted,2026-01-22T23:38:00Z
transactions-002880,TX-0002880,AC-00320,2026-01-22T23:49:00Z,credit,branch,services,USD,128.75,posted,2026-01-22T23:49:00Z
transactions-002881,TX-0002881,AC-00001,2026-01-23T00:00:00Z,refund,branch,travel,USD,114.00,posted,2026-01-23T00:00:00Z
transactions-002882,TX-0002882,AC-00002,2026-01-23T00:11:00Z,refund,mobile,services,USD,135.25,posted,2026-01-23T00:11:00Z
transactions-002883,TX-0002883,AC-00003,2026-01-23T00:22:00Z,refund,mobile,travel,USD,276.25,posted,2026-01-23T00:22:00Z
transactions-002884,TX-0002884,AC-00004,2026-01-23T00:33:00Z,credit,mobile,grocery,USD,213.75,posted,2026-01-23T00:33:00Z
transactions-002885,TX-0002885,AC-00005,2026-01-23T00:44:00Z,refund,card,services,USD,160.50,posted,2026-01-23T00:44:00Z
transactions-002886,TX-0002886,AC-00006,2026-01-23T00:55:00Z,refund,branch,travel,USD,236.50,posted,2026-01-23T00:55:00Z
transactions-002887,TX-0002887,AC-00007,2026-01-23T01:06:00Z,debit,atm,grocery,USD,276.25,posted,2026-01-23T01:06:00Z
transactions-002888,TX-0002888,AC-00008,2026-01-23T01:17:00Z,refund,card,utilities,USD,191.25,posted,2026-01-23T01:17:00Z
transactions-002889,TX-0002889,AC-00009,2026-01-23T01:28:00Z,refund,branch,utilities,USD,89.75,posted,2026-01-23T01:28:00Z
transactions-002890,TX-0002890,AC-00010,2026-01-23T01:39:00Z,credit,branch,utilities,USD,277.00,posted,2026-01-23T01:39:00Z
transactions-002891,TX-0002891,AC-00011,2026-01-23T01:50:00Z,debit,branch,travel,USD,105.75,posted,2026-01-23T01:50:00Z
transactions-002892,TX-0002892,AC-00012,2026-01-23T02:01:00Z,credit,card,utilities,USD,258.50,posted,2026-01-23T02:01:00Z
transactions-002893,TX-0002893,AC-00013,2026-01-23T02:12:00Z,debit,card,services,USD,183.00,posted,2026-01-23T02:12:00Z
transactions-002894,TX-0002894,AC-00014,2026-01-23T02:23:00Z,credit,card,grocery,USD,151.75,posted,2026-01-23T02:23:00Z
transactions-002895,TX-0002895,AC-00015,2026-01-23T02:34:00Z,debit,branch,travel,USD,134.25,posted,2026-01-23T02:34:00Z
transactions-002896,TX-0002896,AC-00016,2026-01-23T02:45:00Z,credit,mobile,utilities,USD,61.75,posted,2026-01-23T02:45:00Z
transactions-002897,TX-0002897,AC-00017,2026-01-23T02:56:00Z,debit,branch,travel,USD,193.25,posted,2026-01-23T02:56:00Z
transactions-002898,TX-0002898,AC-00018,2026-01-23T03:07:00Z,refund,card,services,USD,14.00,posted,2026-01-23T03:07:00Z
transactions-002899,TX-0002899,AC-00019,2026-01-23T03:18:00Z,refund,atm,services,USD,140.50,posted,2026-01-23T03:18:00Z
transactions-002900,TX-0002900,AC-00020,2026-01-23T03:29:00Z,credit,branch,services,USD,86.25,posted,2026-01-23T03:29:00Z
transactions-002901,TX-0002901,AC-00021,2026-01-23T03:40:00Z,credit,mobile,travel,USD,292.00,posted,2026-01-23T03:40:00Z
transactions-002902,TX-0002902,AC-00022,2026-01-23T03:51:00Z,debit,atm,services,USD,144.50,posted,2026-01-23T03:51:00Z
transactions-002903,TX-0002903,AC-00023,2026-01-23T04:02:00Z,refund,mobile,utilities,USD,67.75,posted,2026-01-23T04:02:00Z
transactions-002904,TX-0002904,AC-00024,2026-01-23T04:13:00Z,refund,mobile,services,USD,292.50,posted,2026-01-23T04:13:00Z
transactions-002905,TX-0002905,AC-00025,2026-01-23T04:24:00Z,credit,branch,utilities,USD,230.25,posted,2026-01-23T04:24:00Z
transactions-002906,TX-0002906,AC-00026,2026-01-23T04:35:00Z,credit,mobile,services,USD,217.00,posted,2026-01-23T04:35:00Z
transactions-002907,TX-0002907,AC-00027,2026-01-23T04:46:00Z,credit,card,utilities,USD,121.50,posted,2026-01-23T04:46:00Z
transactions-002908,TX-0002908,AC-00028,2026-01-23T04:57:00Z,debit,branch,travel,USD,50.25,posted,2026-01-23T04:57:00Z
transactions-002909,TX-0002909,AC-00029,2026-01-23T05:08:00Z,refund,mobile,services,USD,201.75,posted,2026-01-23T05:08:00Z
transactions-002910,TX-0002910,AC-00030,2026-01-23T05:19:00Z,debit,atm,grocery,USD,168.00,posted,2026-01-23T05:19:00Z
transactions-002911,TX-0002911,AC-00031,2026-01-23T05:30:00Z,credit,branch,utilities,USD,11.75,posted,2026-01-23T05:30:00Z
transactions-002912,TX-0002912,AC-00032,2026-01-23T05:41:00Z,refund,mobile,services,USD,178.25,posted,2026-01-23T05:41:00Z
transactions-002913,TX-0002913,AC-00033,2026-01-23T05:52:00Z,credit,mobile,utilities,USD,0.75,posted,2026-01-23T05:52:00Z
transactions-002914,TX-0002914,AC-00034,2026-01-23T06:03:00Z,debit,atm,grocery,USD,160.00,posted,2026-01-23T06:03:00Z
transactions-002915,TX-0002915,AC-00035,2026-01-23T06:14:00Z,credit,atm,grocery,USD,289.75,posted,2026-01-23T06:14:00Z
transactions-002916,TX-0002916,AC-00036,2026-01-23T06:25:00Z,debit,mobile,grocery,USD,106.75,posted,2026-01-23T06:25:00Z
transactions-002917,TX-0002917,AC-00037,2026-01-23T06:36:00Z,credit,atm,utilities,USD,115.25,posted,2026-01-23T06:36:00Z
transactions-002918,TX-0002918,AC-00038,2026-01-23T06:47:00Z,debit,mobile,services,USD,103.25,posted,2026-01-23T06:47:00Z
transactions-002919,TX-0002919,AC-00039,2026-01-23T06:58:00Z,credit,branch,grocery,USD,280.00,posted,2026-01-23T06:58:00Z
transactions-002920,TX-0002920,AC-00040,2026-01-23T07:09:00Z,refund,card,travel,USD,57.00,posted,2026-01-23T07:09:00Z
transactions-002921,TX-0002921,AC-00041,2026-01-23T07:20:00Z,refund,branch,utilities,USD,216.75,posted,2026-01-23T07:20:00Z
transactions-002922,TX-0002922,AC-00042,2026-01-23T07:31:00Z,credit,branch,services,USD,114.00,posted,2026-01-23T07:31:00Z
transactions-002923,TX-0002923,AC-00043,2026-01-23T07:42:00Z,credit,atm,utilities,USD,245.00,posted,2026-01-23T07:42:00Z
transactions-002924,TX-0002924,AC-00044,2026-01-23T07:53:00Z,credit,branch,services,USD,98.75,posted,2026-01-23T07:53:00Z
transactions-002925,TX-0002925,AC-00045,2026-01-23T08:04:00Z,debit,mobile,services,USD,280.75,posted,2026-01-23T08:04:00Z
transactions-002926,TX-0002926,AC-00046,2026-01-23T08:15:00Z,debit,mobile,services,USD,109.50,posted,2026-01-23T08:15:00Z
transactions-002927,TX-0002927,AC-00047,2026-01-23T08:26:00Z,refund,atm,grocery,USD,194.25,posted,2026-01-23T08:26:00Z
transactions-002928,TX-0002928,AC-00048,2026-01-23T08:37:00Z,refund,atm,utilities,USD,123.50,posted,2026-01-23T08:37:00Z
transactions-002929,TX-0002929,AC-00049,2026-01-23T08:48:00Z,credit,mobile,travel,USD,94.00,posted,2026-01-23T08:48:00Z
transactions-002930,TX-0002930,AC-00050,2026-01-23T08:59:00Z,debit,card,grocery,USD,138.25,posted,2026-01-23T08:59:00Z
transactions-002931,TX-0002931,AC-00051,2026-01-23T09:10:00Z,debit,branch,travel,USD,15.25,posted,2026-01-23T09:10:00Z
transactions-002932,TX-0002932,AC-00052,2026-01-23T09:21:00Z,credit,atm,travel,USD,15.75,posted,2026-01-23T09:21:00Z
transactions-002933,TX-0002933,AC-00053,2026-01-23T09:32:00Z,debit,mobile,services,USD,124.25,posted,2026-01-23T09:32:00Z
transactions-002934,TX-0002934,AC-00054,2026-01-23T09:43:00Z,debit,branch,services,USD,81.75,posted,2026-01-23T09:43:00Z
transactions-002935,TX-0002935,AC-00055,2026-01-23T09:54:00Z,credit,atm,grocery,USD,210.50,posted,2026-01-23T09:54:00Z
transactions-002936,TX-0002936,AC-00056,2026-01-23T10:05:00Z,debit,branch,grocery,USD,209.25,posted,2026-01-23T10:05:00Z
transactions-002937,TX-0002937,AC-00057,2026-01-23T10:16:00Z,debit,branch,utilities,USD,25.75,posted,2026-01-23T10:16:00Z
transactions-002938,TX-0002938,AC-00058,2026-01-23T10:27:00Z,refund,atm,services,USD,190.50,posted,2026-01-23T10:27:00Z
transactions-002939,TX-0002939,AC-00059,2026-01-23T10:38:00Z,credit,card,travel,USD,128.50,posted,2026-01-23T10:38:00Z
transactions-002940,TX-0002940,AC-00060,2026-01-23T10:49:00Z,credit,mobile,travel,USD,112.00,posted,2026-01-23T10:49:00Z
transactions-002941,TX-0002941,AC-00061,2026-01-23T11:00:00Z,refund,mobile,grocery,USD,274.00,posted,2026-01-23T11:00:00Z
transactions-002942,TX-0002942,AC-00062,2026-01-23T11:11:00Z,debit,branch,utilities,USD,273.00,posted,2026-01-23T11:11:00Z
transactions-002943,TX-0002943,AC-00063,2026-01-23T11:22:00Z,credit,card,services,USD,76.00,posted,2026-01-23T11:22:00Z
transactions-002944,TX-0002944,AC-00064,2026-01-23T11:33:00Z,debit,atm,utilities,USD,114.00,posted,2026-01-23T11:33:00Z
transactions-002945,TX-0002945,AC-00065,2026-01-23T11:44:00Z,debit,branch,services,USD,255.50,posted,2026-01-23T11:44:00Z
transactions-002946,TX-0002946,AC-00066,2026-01-23T11:55:00Z,credit,atm,travel,USD,282.50,posted,2026-01-23T11:55:00Z
transactions-002947,TX-0002947,AC-00067,2026-01-23T12:06:00Z,refund,card,utilities,USD,246.25,posted,2026-01-23T12:06:00Z
transactions-002948,TX-0002948,AC-00068,2026-01-23T12:17:00Z,debit,card,travel,USD,218.50,posted,2026-01-23T12:17:00Z
transactions-002949,TX-0002949,AC-00069,2026-01-23T12:28:00Z,credit,atm,utilities,USD,21.00,posted,2026-01-23T12:28:00Z
transactions-002950,TX-0002950,AC-00070,2026-01-23T12:39:00Z,refund,card,services,USD,273.00,posted,2026-01-23T12:39:00Z
transactions-002951,TX-0002951,AC-00071,2026-01-23T12:50:00Z,debit,mobile,grocery,USD,205.25,posted,2026-01-23T12:50:00Z
transactions-002952,TX-0002952,AC-00072,2026-01-23T13:01:00Z,debit,atm,utilities,USD,98.25,posted,2026-01-23T13:01:00Z
transactions-002953,TX-0002953,AC-00073,2026-01-23T13:12:00Z,refund,atm,services,USD,172.25,posted,2026-01-23T13:12:00Z
transactions-002954,TX-0002954,AC-00074,2026-01-23T13:23:00Z,credit,card,travel,USD,4.75,posted,2026-01-23T13:23:00Z
transactions-002955,TX-0002955,AC-00075,2026-01-23T13:34:00Z,refund,card,grocery,USD,4.25,posted,2026-01-23T13:34:00Z
transactions-002956,TX-0002956,AC-00076,2026-01-23T13:45:00Z,credit,mobile,travel,USD,52.25,posted,2026-01-23T13:45:00Z
transactions-002957,TX-0002957,AC-00077,2026-01-23T13:56:00Z,debit,atm,grocery,USD,16.75,posted,2026-01-23T13:56:00Z
transactions-002958,TX-0002958,AC-00078,2026-01-23T14:07:00Z,debit,atm,grocery,USD,283.00,posted,2026-01-23T14:07:00Z
transactions-002959,TX-0002959,AC-00079,2026-01-23T14:18:00Z,debit,atm,services,USD,228.50,posted,2026-01-23T14:18:00Z
transactions-002960,TX-0002960,AC-00080,2026-01-23T14:29:00Z,credit,branch,travel,USD,87.00,posted,2026-01-23T14:29:00Z
transactions-002961,TX-0002961,AC-00081,2026-01-23T14:40:00Z,refund,mobile,grocery,USD,8.25,posted,2026-01-23T14:40:00Z
transactions-002962,TX-0002962,AC-00082,2026-01-23T14:51:00Z,credit,card,services,USD,0.50,posted,2026-01-23T14:51:00Z
transactions-002963,TX-0002963,AC-00083,2026-01-23T15:02:00Z,refund,branch,services,USD,74.75,posted,2026-01-23T15:02:00Z
transactions-002964,TX-0002964,AC-00084,2026-01-23T15:13:00Z,debit,atm,utilities,USD,280.50,posted,2026-01-23T15:13:00Z
transactions-002965,TX-0002965,AC-00085,2026-01-23T15:24:00Z,debit,branch,grocery,USD,41.25,posted,2026-01-23T15:24:00Z
transactions-002966,TX-0002966,AC-00086,2026-01-23T15:35:00Z,credit,card,utilities,USD,65.75,posted,2026-01-23T15:35:00Z
transactions-002967,TX-0002967,AC-00087,2026-01-23T15:46:00Z,debit,card,services,USD,82.50,posted,2026-01-23T15:46:00Z
transactions-002968,TX-0002968,AC-00088,2026-01-23T15:57:00Z,debit,card,utilities,USD,172.00,posted,2026-01-23T15:57:00Z
transactions-002969,TX-0002969,AC-00089,2026-01-23T16:08:00Z,credit,atm,utilities,USD,233.00,posted,2026-01-23T16:08:00Z
transactions-002970,TX-0002970,AC-00090,2026-01-23T16:19:00Z,refund,mobile,services,USD,87.25,posted,2026-01-23T16:19:00Z
transactions-002971,TX-0002971,AC-00091,2026-01-23T16:30:00Z,credit,card,services,USD,190.75,posted,2026-01-23T16:30:00Z
transactions-002972,TX-0002972,AC-00092,2026-01-23T16:41:00Z,debit,mobile,utilities,USD,287.25,posted,2026-01-23T16:41:00Z
transactions-002973,TX-0002973,AC-00093,2026-01-23T16:52:00Z,debit,mobile,utilities,USD,73.25,posted,2026-01-23T16:52:00Z
transactions-002974,TX-0002974,AC-00094,2026-01-23T17:03:00Z,debit,atm,travel,USD,138.25,posted,2026-01-23T17:03:00Z
transactions-002975,TX-0002975,AC-00095,2026-01-23T17:14:00Z,refund,atm,grocery,USD,188.75,posted,2026-01-23T17:14:00Z
transactions-002976,TX-0002976,AC-00096,2026-01-23T17:25:00Z,debit,branch,grocery,USD,74.25,posted,2026-01-23T17:25:00Z
transactions-002977,TX-0002977,AC-00097,2026-01-23T17:36:00Z,debit,card,grocery,USD,67.25,posted,2026-01-23T17:36:00Z
transactions-002978,TX-0002978,AC-00098,2026-01-23T17:47:00Z,credit,atm,travel,USD,129.50,posted,2026-01-23T17:47:00Z
transactions-002979,TX-0002979,AC-00099,2026-01-23T17:58:00Z,credit,branch,services,USD,132.75,posted,2026-01-23T17:58:00Z
transactions-002980,TX-0002980,AC-00100,2026-01-23T18:09:00Z,credit,atm,services,USD,86.25,posted,2026-01-23T18:09:00Z
transactions-002981,TX-0002981,AC-00101,2026-01-23T18:20:00Z,credit,mobile,grocery,USD,25.50,posted,2026-01-23T18:20:00Z
transactions-002982,TX-0002982,AC-00102,2026-01-23T18:31:00Z,credit,atm,travel,USD,283.25,posted,2026-01-23T18:31:00Z
transactions-002983,TX-0002983,AC-00103,2026-01-23T18:42:00Z,refund,card,grocery,USD,237.25,posted,2026-01-23T18:42:00Z
transactions-002984,TX-0002984,AC-00104,2026-01-23T18:53:00Z,debit,branch,travel,USD,160.25,posted,2026-01-23T18:53:00Z
transactions-002985,TX-0002985,AC-00105,2026-01-23T19:04:00Z,refund,branch,grocery,USD,121.75,posted,2026-01-23T19:04:00Z
transactions-002986,TX-0002986,AC-00106,2026-01-23T19:15:00Z,refund,mobile,services,USD,71.25,posted,2026-01-23T19:15:00Z
transactions-002987,TX-0002987,AC-00107,2026-01-23T19:26:00Z,credit,branch,utilities,USD,238.25,posted,2026-01-23T19:26:00Z
transactions-002988,TX-0002988,AC-00108,2026-01-23T19:37:00Z,debit,mobile,services,USD,3.00,posted,2026-01-23T19:37:00Z
transactions-002989,TX-0002989,AC-00109,2026-01-23T19:48:00Z,debit,mobile,services,USD,18.50,posted,2026-01-23T19:48:00Z
transactions-002990,TX-0002990,AC-00110,2026-01-23T19:59:00Z,refund,mobile,utilities,USD,258.50,posted,2026-01-23T19:59:00Z
transactions-002991,TX-0002991,AC-00111,2026-01-23T20:10:00Z,refund,mobile,services,USD,220.50,posted,2026-01-23T20:10:00Z
transactions-002992,TX-0002992,AC-00112,2026-01-23T20:21:00Z,credit,atm,travel,USD,85.75,posted,2026-01-23T20:21:00Z
transactions-002993,TX-0002993,AC-00113,2026-01-23T20:32:00Z,credit,card,travel,USD,194.25,posted,2026-01-23T20:32:00Z
transactions-002994,TX-0002994,AC-00114,2026-01-23T20:43:00Z,credit,card,utilities,USD,87.25,posted,2026-01-23T20:43:00Z
transactions-002995,TX-0002995,AC-00115,2026-01-23T20:54:00Z,debit,branch,utilities,USD,61.25,posted,2026-01-23T20:54:00Z
transactions-002996,TX-0002996,AC-00116,2026-01-23T21:05:00Z,credit,card,utilities,USD,275.75,posted,2026-01-23T21:05:00Z
transactions-002997,TX-0002997,AC-00117,2026-01-23T21:16:00Z,refund,mobile,utilities,USD,137.75,posted,2026-01-23T21:16:00Z
transactions-002998,TX-0002998,AC-00118,2026-01-23T21:27:00Z,refund,atm,grocery,USD,137.50,posted,2026-01-23T21:27:00Z
transactions-002999,TX-0002999,AC-00119,2026-01-23T21:38:00Z,credit,branch,grocery,USD,215.50,posted,2026-01-23T21:38:00Z
transactions-003000,TX-0003000,AC-00120,2026-01-23T21:49:00Z,credit,branch,travel,USD,7.75,posted,2026-01-23T21:49:00Z
transactions-003001,TX-0003001,AC-00121,2026-01-23T22:00:00Z,credit,mobile,travel,USD,120.00,posted,2026-01-23T22:00:00Z
transactions-003002,TX-0003002,AC-00122,2026-01-23T22:11:00Z,refund,branch,utilities,USD,183.25,posted,2026-01-23T22:11:00Z
transactions-003003,TX-0003003,AC-00123,2026-01-23T22:22:00Z,refund,atm,travel,USD,120.75,posted,2026-01-23T22:22:00Z
transactions-003004,TX-0003004,AC-00124,2026-01-23T22:33:00Z,debit,atm,utilities,USD,194.50,posted,2026-01-23T22:33:00Z
transactions-003005,TX-0003005,AC-00125,2026-01-23T22:44:00Z,refund,card,services,USD,278.50,posted,2026-01-23T22:44:00Z
transactions-003006,TX-0003006,AC-00126,2026-01-23T22:55:00Z,debit,card,services,USD,67.00,posted,2026-01-23T22:55:00Z
transactions-003007,TX-0003007,AC-00127,2026-01-23T23:06:00Z,debit,branch,grocery,USD,135.50,posted,2026-01-23T23:06:00Z
transactions-003008,TX-0003008,AC-00128,2026-01-23T23:17:00Z,refund,branch,utilities,USD,286.25,posted,2026-01-23T23:17:00Z
transactions-003009,TX-0003009,AC-00129,2026-01-23T23:28:00Z,refund,branch,grocery,USD,131.75,posted,2026-01-23T23:28:00Z
transactions-003010,TX-0003010,AC-00130,2026-01-23T23:39:00Z,refund,card,grocery,USD,105.75,posted,2026-01-23T23:39:00Z
transactions-003011,TX-0003011,AC-00131,2026-01-23T23:50:00Z,debit,mobile,travel,USD,175.75,posted,2026-01-23T23:50:00Z
transactions-003012,TX-0003012,AC-00132,2026-01-24T00:01:00Z,refund,card,utilities,USD,42.25,posted,2026-01-24T00:01:00Z
transactions-003013,TX-0003013,AC-00133,2026-01-24T00:12:00Z,credit,mobile,services,USD,93.00,posted,2026-01-24T00:12:00Z
transactions-003014,TX-0003014,AC-00134,2026-01-24T00:23:00Z,debit,mobile,services,USD,190.50,posted,2026-01-24T00:23:00Z
transactions-003015,TX-0003015,AC-00135,2026-01-24T00:34:00Z,debit,atm,travel,USD,76.50,posted,2026-01-24T00:34:00Z
transactions-003016,TX-0003016,AC-00136,2026-01-24T00:45:00Z,refund,branch,travel,USD,63.75,posted,2026-01-24T00:45:00Z
transactions-003017,TX-0003017,AC-00137,2026-01-24T00:56:00Z,refund,card,grocery,USD,218.50,posted,2026-01-24T00:56:00Z
transactions-003018,TX-0003018,AC-00138,2026-01-24T01:07:00Z,debit,branch,utilities,USD,29.25,posted,2026-01-24T01:07:00Z
transactions-003019,TX-0003019,AC-00139,2026-01-24T01:18:00Z,credit,branch,utilities,USD,133.50,posted,2026-01-24T01:18:00Z
transactions-003020,TX-0003020,AC-00140,2026-01-24T01:29:00Z,refund,card,services,USD,67.00,posted,2026-01-24T01:29:00Z
transactions-003021,TX-0003021,AC-00141,2026-01-24T01:40:00Z,refund,card,services,USD,276.00,posted,2026-01-24T01:40:00Z
transactions-003022,TX-0003022,AC-00142,2026-01-24T01:51:00Z,refund,card,services,USD,161.75,posted,2026-01-24T01:51:00Z
transactions-003023,TX-0003023,AC-00143,2026-01-24T02:02:00Z,credit,branch,utilities,USD,83.00,posted,2026-01-24T02:02:00Z
transactions-003024,TX-0003024,AC-00144,2026-01-24T02:13:00Z,debit,card,travel,USD,186.25,posted,2026-01-24T02:13:00Z
transactions-003025,TX-0003025,AC-00145,2026-01-24T02:24:00Z,credit,mobile,grocery,USD,46.25,posted,2026-01-24T02:24:00Z
transactions-003026,TX-0003026,AC-00146,2026-01-24T02:35:00Z,refund,mobile,grocery,USD,78.00,posted,2026-01-24T02:35:00Z
transactions-003027,TX-0003027,AC-00147,2026-01-24T02:46:00Z,credit,atm,grocery,USD,32.75,posted,2026-01-24T02:46:00Z
transactions-003028,TX-0003028,AC-00148,2026-01-24T02:57:00Z,debit,atm,utilities,USD,35.00,posted,2026-01-24T02:57:00Z
transactions-003029,TX-0003029,AC-00149,2026-01-24T03:08:00Z,debit,branch,services,USD,160.00,posted,2026-01-24T03:08:00Z
transactions-003030,TX-0003030,AC-00150,2026-01-24T03:19:00Z,debit,branch,utilities,USD,202.75,posted,2026-01-24T03:19:00Z
transactions-003031,TX-0003031,AC-00151,2026-01-24T03:30:00Z,refund,atm,services,USD,85.50,posted,2026-01-24T03:30:00Z
transactions-003032,TX-0003032,AC-00152,2026-01-24T03:41:00Z,credit,atm,grocery,USD,71.00,posted,2026-01-24T03:41:00Z
transactions-003033,TX-0003033,AC-00153,2026-01-24T03:52:00Z,debit,branch,travel,USD,7.75,posted,2026-01-24T03:52:00Z
transactions-003034,TX-0003034,AC-00154,2026-01-24T04:03:00Z,debit,mobile,grocery,USD,129.00,posted,2026-01-24T04:03:00Z
transactions-003035,TX-0003035,AC-00155,2026-01-24T04:14:00Z,refund,mobile,utilities,USD,87.75,posted,2026-01-24T04:14:00Z
transactions-003036,TX-0003036,AC-00156,2026-01-24T04:25:00Z,debit,branch,services,USD,300.00,posted,2026-01-24T04:25:00Z
transactions-003037,TX-0003037,AC-00157,2026-01-24T04:36:00Z,debit,card,grocery,USD,273.25,posted,2026-01-24T04:36:00Z
transactions-003038,TX-0003038,AC-00158,2026-01-24T04:47:00Z,debit,atm,travel,USD,243.75,posted,2026-01-24T04:47:00Z
transactions-003039,TX-0003039,AC-00159,2026-01-24T04:58:00Z,refund,mobile,travel,USD,133.50,posted,2026-01-24T04:58:00Z
transactions-003040,TX-0003040,AC-00160,2026-01-24T05:09:00Z,credit,mobile,services,USD,256.25,posted,2026-01-24T05:09:00Z
transactions-003041,TX-0003041,AC-00161,2026-01-24T05:20:00Z,debit,card,travel,USD,223.00,posted,2026-01-24T05:20:00Z
transactions-003042,TX-0003042,AC-00162,2026-01-24T05:31:00Z,debit,atm,travel,USD,253.25,posted,2026-01-24T05:31:00Z
transactions-003043,TX-0003043,AC-00163,2026-01-24T05:42:00Z,refund,branch,services,USD,134.25,posted,2026-01-24T05:42:00Z
transactions-003044,TX-0003044,AC-00164,2026-01-24T05:53:00Z,credit,card,travel,USD,177.25,posted,2026-01-24T05:53:00Z
transactions-003045,TX-0003045,AC-00165,2026-01-24T06:04:00Z,refund,atm,grocery,USD,195.25,posted,2026-01-24T06:04:00Z
transactions-003046,TX-0003046,AC-00166,2026-01-24T06:15:00Z,refund,atm,grocery,USD,59.75,posted,2026-01-24T06:15:00Z
transactions-003047,TX-0003047,AC-00167,2026-01-24T06:26:00Z,debit,atm,travel,USD,182.75,posted,2026-01-24T06:26:00Z
transactions-003048,TX-0003048,AC-00168,2026-01-24T06:37:00Z,credit,atm,utilities,USD,295.75,posted,2026-01-24T06:37:00Z
transactions-003049,TX-0003049,AC-00169,2026-01-24T06:48:00Z,credit,branch,grocery,USD,144.75,posted,2026-01-24T06:48:00Z
transactions-003050,TX-0003050,AC-00170,2026-01-24T06:59:00Z,debit,branch,utilities,USD,262.25,posted,2026-01-24T06:59:00Z
transactions-003051,TX-0003051,AC-00171,2026-01-24T07:10:00Z,refund,mobile,utilities,USD,230.75,posted,2026-01-24T07:10:00Z
transactions-003052,TX-0003052,AC-00172,2026-01-24T07:21:00Z,credit,card,travel,USD,185.75,posted,2026-01-24T07:21:00Z
transactions-003053,TX-0003053,AC-00173,2026-01-24T07:32:00Z,credit,branch,grocery,USD,226.25,posted,2026-01-24T07:32:00Z
transactions-003054,TX-0003054,AC-00174,2026-01-24T07:43:00Z,debit,mobile,travel,USD,264.25,posted,2026-01-24T07:43:00Z
transactions-003055,TX-0003055,AC-00175,2026-01-24T07:54:00Z,refund,mobile,services,USD,83.25,posted,2026-01-24T07:54:00Z
transactions-003056,TX-0003056,AC-00176,2026-01-24T08:05:00Z,refund,mobile,travel,USD,115.00,posted,2026-01-24T08:05:00Z
transactions-003057,TX-0003057,AC-00177,2026-01-24T08:16:00Z,refund,branch,utilities,USD,190.75,posted,2026-01-24T08:16:00Z
transactions-003058,TX-0003058,AC-00178,2026-01-24T08:27:00Z,credit,card,utilities,USD,131.75,posted,2026-01-24T08:27:00Z
transactions-003059,TX-0003059,AC-00179,2026-01-24T08:38:00Z,refund,atm,utilities,USD,154.25,posted,2026-01-24T08:38:00Z
transactions-003060,TX-0003060,AC-00180,2026-01-24T08:49:00Z,debit,atm,utilities,USD,139.75,posted,2026-01-24T08:49:00Z
transactions-003061,TX-0003061,AC-00181,2026-01-24T09:00:00Z,refund,card,services,USD,205.25,posted,2026-01-24T09:00:00Z
transactions-003062,TX-0003062,AC-00182,2026-01-24T09:11:00Z,debit,card,travel,USD,156.25,posted,2026-01-24T09:11:00Z
transactions-003063,TX-0003063,AC-00183,2026-01-24T09:22:00Z,credit,mobile,utilities,USD,169.00,posted,2026-01-24T09:22:00Z
transactions-003064,TX-0003064,AC-00184,2026-01-24T09:33:00Z,credit,branch,travel,USD,135.00,posted,2026-01-24T09:33:00Z
transactions-003065,TX-0003065,AC-00185,2026-01-24T09:44:00Z,refund,atm,travel,USD,81.50,posted,2026-01-24T09:44:00Z
transactions-003066,TX-0003066,AC-00186,2026-01-24T09:55:00Z,refund,mobile,services,USD,233.75,posted,2026-01-24T09:55:00Z
transactions-003067,TX-0003067,AC-00187,2026-01-24T10:06:00Z,credit,card,services,USD,97.50,posted,2026-01-24T10:06:00Z
transactions-003068,TX-0003068,AC-00188,2026-01-24T10:17:00Z,debit,card,utilities,USD,60.75,posted,2026-01-24T10:17:00Z
transactions-003069,TX-0003069,AC-00189,2026-01-24T10:28:00Z,refund,atm,travel,USD,264.50,posted,2026-01-24T10:28:00Z
transactions-003070,TX-0003070,AC-00190,2026-01-24T10:39:00Z,debit,branch,services,USD,180.50,posted,2026-01-24T10:39:00Z
transactions-003071,TX-0003071,AC-00191,2026-01-24T10:50:00Z,credit,branch,grocery,USD,138.75,posted,2026-01-24T10:50:00Z
transactions-003072,TX-0003072,AC-00192,2026-01-24T11:01:00Z,debit,atm,utilities,USD,113.50,posted,2026-01-24T11:01:00Z
transactions-003073,TX-0003073,AC-00193,2026-01-24T11:12:00Z,refund,mobile,grocery,USD,299.25,posted,2026-01-24T11:12:00Z
transactions-003074,TX-0003074,AC-00194,2026-01-24T11:23:00Z,refund,mobile,grocery,USD,25.50,posted,2026-01-24T11:23:00Z
transactions-003075,TX-0003075,AC-00195,2026-01-24T11:34:00Z,refund,mobile,utilities,USD,188.25,posted,2026-01-24T11:34:00Z
transactions-003076,TX-0003076,AC-00196,2026-01-24T11:45:00Z,refund,atm,utilities,USD,235.25,posted,2026-01-24T11:45:00Z
transactions-003077,TX-0003077,AC-00197,2026-01-24T11:56:00Z,debit,branch,utilities,USD,169.50,posted,2026-01-24T11:56:00Z
transactions-003078,TX-0003078,AC-00198,2026-01-24T12:07:00Z,refund,card,utilities,USD,15.75,posted,2026-01-24T12:07:00Z
transactions-003079,TX-0003079,AC-00199,2026-01-24T12:18:00Z,debit,card,services,USD,97.50,posted,2026-01-24T12:18:00Z
transactions-003080,TX-0003080,AC-00200,2026-01-24T12:29:00Z,credit,atm,grocery,USD,106.50,posted,2026-01-24T12:29:00Z
transactions-003081,TX-0003081,AC-00201,2026-01-24T12:40:00Z,debit,branch,travel,USD,257.50,posted,2026-01-24T12:40:00Z
transactions-003082,TX-0003082,AC-00202,2026-01-24T12:51:00Z,credit,mobile,travel,USD,272.00,posted,2026-01-24T12:51:00Z
transactions-003083,TX-0003083,AC-00203,2026-01-24T13:02:00Z,refund,branch,utilities,USD,59.00,posted,2026-01-24T13:02:00Z
transactions-003084,TX-0003084,AC-00204,2026-01-24T13:13:00Z,credit,mobile,travel,USD,66.00,posted,2026-01-24T13:13:00Z
transactions-003085,TX-0003085,AC-00205,2026-01-24T13:24:00Z,credit,card,services,USD,243.50,posted,2026-01-24T13:24:00Z
transactions-003086,TX-0003086,AC-00206,2026-01-24T13:35:00Z,debit,mobile,utilities,USD,165.00,posted,2026-01-24T13:35:00Z
transactions-003087,TX-0003087,AC-00207,2026-01-24T13:46:00Z,credit,atm,travel,USD,276.50,posted,2026-01-24T13:46:00Z
transactions-003088,TX-0003088,AC-00208,2026-01-24T13:57:00Z,refund,branch,services,USD,200.50,posted,2026-01-24T13:57:00Z
transactions-003089,TX-0003089,AC-00209,2026-01-24T14:08:00Z,refund,mobile,services,USD,276.00,posted,2026-01-24T14:08:00Z
transactions-003090,TX-0003090,AC-00210,2026-01-24T14:19:00Z,refund,branch,utilities,USD,155.50,posted,2026-01-24T14:19:00Z
transactions-003091,TX-0003091,AC-00211,2026-01-24T14:30:00Z,credit,branch,services,USD,110.25,posted,2026-01-24T14:30:00Z
transactions-003092,TX-0003092,AC-00212,2026-01-24T14:41:00Z,debit,atm,utilities,USD,29.75,posted,2026-01-24T14:41:00Z
transactions-003093,TX-0003093,AC-00213,2026-01-24T14:52:00Z,credit,atm,travel,USD,23.25,posted,2026-01-24T14:52:00Z
transactions-003094,TX-0003094,AC-00214,2026-01-24T15:03:00Z,debit,mobile,travel,USD,133.00,posted,2026-01-24T15:03:00Z
transactions-003095,TX-0003095,AC-00215,2026-01-24T15:14:00Z,refund,mobile,utilities,USD,209.75,posted,2026-01-24T15:14:00Z
transactions-003096,TX-0003096,AC-00216,2026-01-24T15:25:00Z,debit,card,utilities,USD,36.00,posted,2026-01-24T15:25:00Z
transactions-003097,TX-0003097,AC-00217,2026-01-24T15:36:00Z,credit,card,utilities,USD,81.50,posted,2026-01-24T15:36:00Z
transactions-003098,TX-0003098,AC-00218,2026-01-24T15:47:00Z,refund,branch,travel,USD,188.50,posted,2026-01-24T15:47:00Z
transactions-003099,TX-0003099,AC-00219,2026-01-24T15:58:00Z,debit,atm,grocery,USD,112.25,posted,2026-01-24T15:58:00Z
transactions-003100,TX-0003100,AC-00220,2026-01-24T16:09:00Z,refund,branch,grocery,USD,138.25,posted,2026-01-24T16:09:00Z
transactions-003101,TX-0003101,AC-00221,2026-01-24T16:20:00Z,debit,card,services,USD,38.00,posted,2026-01-24T16:20:00Z
transactions-003102,TX-0003102,AC-00222,2026-01-24T16:31:00Z,credit,branch,travel,USD,5.75,posted,2026-01-24T16:31:00Z
transactions-003103,TX-0003103,AC-00223,2026-01-24T16:42:00Z,refund,mobile,grocery,USD,196.50,posted,2026-01-24T16:42:00Z
transactions-003104,TX-0003104,AC-00224,2026-01-24T16:53:00Z,credit,atm,grocery,USD,103.00,posted,2026-01-24T16:53:00Z
transactions-003105,TX-0003105,AC-00225,2026-01-24T17:04:00Z,credit,mobile,grocery,USD,22.75,posted,2026-01-24T17:04:00Z
transactions-003106,TX-0003106,AC-00226,2026-01-24T17:15:00Z,refund,card,services,USD,105.50,posted,2026-01-24T17:15:00Z
transactions-003107,TX-0003107,AC-00227,2026-01-24T17:26:00Z,debit,branch,utilities,USD,222.00,posted,2026-01-24T17:26:00Z
transactions-003108,TX-0003108,AC-00228,2026-01-24T17:37:00Z,refund,card,utilities,USD,56.75,posted,2026-01-24T17:37:00Z
transactions-003109,TX-0003109,AC-00229,2026-01-24T17:48:00Z,credit,mobile,travel,USD,146.50,posted,2026-01-24T17:48:00Z
transactions-003110,TX-0003110,AC-00230,2026-01-24T17:59:00Z,credit,mobile,utilities,USD,150.50,posted,2026-01-24T17:59:00Z
transactions-003111,TX-0003111,AC-00231,2026-01-24T18:10:00Z,debit,atm,grocery,USD,121.25,posted,2026-01-24T18:10:00Z
transactions-003112,TX-0003112,AC-00232,2026-01-24T18:21:00Z,credit,mobile,utilities,USD,299.00,posted,2026-01-24T18:21:00Z
transactions-003113,TX-0003113,AC-00233,2026-01-24T18:32:00Z,credit,branch,utilities,USD,243.25,posted,2026-01-24T18:32:00Z
transactions-003114,TX-0003114,AC-00234,2026-01-24T18:43:00Z,refund,card,services,USD,83.50,posted,2026-01-24T18:43:00Z
transactions-003115,TX-0003115,AC-00235,2026-01-24T18:54:00Z,refund,branch,travel,USD,190.25,posted,2026-01-24T18:54:00Z
transactions-003116,TX-0003116,AC-00236,2026-01-24T19:05:00Z,debit,mobile,services,USD,288.75,posted,2026-01-24T19:05:00Z
transactions-003117,TX-0003117,AC-00237,2026-01-24T19:16:00Z,debit,atm,grocery,USD,263.75,posted,2026-01-24T19:16:00Z
transactions-003118,TX-0003118,AC-00238,2026-01-24T19:27:00Z,credit,card,travel,USD,150.25,posted,2026-01-24T19:27:00Z
transactions-003119,TX-0003119,AC-00239,2026-01-24T19:38:00Z,refund,atm,grocery,USD,14.00,posted,2026-01-24T19:38:00Z
transactions-003120,TX-0003120,AC-00240,2026-01-24T19:49:00Z,credit,branch,grocery,USD,66.75,posted,2026-01-24T19:49:00Z
transactions-003121,TX-0003121,AC-00241,2026-01-24T20:00:00Z,debit,atm,services,USD,229.75,posted,2026-01-24T20:00:00Z
transactions-003122,TX-0003122,AC-00242,2026-01-24T20:11:00Z,credit,atm,services,USD,69.00,posted,2026-01-24T20:11:00Z
transactions-003123,TX-0003123,AC-00243,2026-01-24T20:22:00Z,credit,mobile,travel,USD,153.50,posted,2026-01-24T20:22:00Z
transactions-003124,TX-0003124,AC-00244,2026-01-24T20:33:00Z,credit,branch,utilities,USD,133.25,posted,2026-01-24T20:33:00Z
transactions-003125,TX-0003125,AC-00245,2026-01-24T20:44:00Z,credit,card,travel,USD,238.50,posted,2026-01-24T20:44:00Z
transactions-003126,TX-0003126,AC-00246,2026-01-24T20:55:00Z,refund,atm,utilities,USD,156.00,posted,2026-01-24T20:55:00Z
transactions-003127,TX-0003127,AC-00247,2026-01-24T21:06:00Z,credit,branch,utilities,USD,83.00,posted,2026-01-24T21:06:00Z
transactions-003128,TX-0003128,AC-00248,2026-01-24T21:17:00Z,debit,mobile,services,USD,57.75,posted,2026-01-24T21:17:00Z
transactions-003129,TX-0003129,AC-00249,2026-01-24T21:28:00Z,refund,mobile,utilities,USD,179.25,posted,2026-01-24T21:28:00Z
transactions-003130,TX-0003130,AC-00250,2026-01-24T21:39:00Z,refund,card,utilities,USD,218.00,posted,2026-01-24T21:39:00Z
transactions-003131,TX-0003131,AC-00251,2026-01-24T21:50:00Z,refund,card,travel,USD,171.50,posted,2026-01-24T21:50:00Z
transactions-003132,TX-0003132,AC-00252,2026-01-24T22:01:00Z,debit,card,travel,USD,29.50,posted,2026-01-24T22:01:00Z
transactions-003133,TX-0003133,AC-00253,2026-01-24T22:12:00Z,debit,card,utilities,USD,268.50,posted,2026-01-24T22:12:00Z
transactions-003134,TX-0003134,AC-00254,2026-01-24T22:23:00Z,refund,atm,services,USD,269.75,posted,2026-01-24T22:23:00Z
transactions-003135,TX-0003135,AC-00255,2026-01-24T22:34:00Z,debit,mobile,travel,USD,92.00,posted,2026-01-24T22:34:00Z
transactions-003136,TX-0003136,AC-00256,2026-01-24T22:45:00Z,refund,branch,grocery,USD,110.00,posted,2026-01-24T22:45:00Z
transactions-003137,TX-0003137,AC-00257,2026-01-24T22:56:00Z,credit,atm,grocery,USD,190.50,posted,2026-01-24T22:56:00Z
transactions-003138,TX-0003138,AC-00258,2026-01-24T23:07:00Z,debit,atm,utilities,USD,34.00,posted,2026-01-24T23:07:00Z
transactions-003139,TX-0003139,AC-00259,2026-01-24T23:18:00Z,debit,mobile,utilities,USD,74.25,posted,2026-01-24T23:18:00Z
transactions-003140,TX-0003140,AC-00260,2026-01-24T23:29:00Z,refund,mobile,utilities,USD,42.50,posted,2026-01-24T23:29:00Z
transactions-003141,TX-0003141,AC-00261,2026-01-24T23:40:00Z,credit,atm,grocery,USD,127.25,posted,2026-01-24T23:40:00Z
transactions-003142,TX-0003142,AC-00262,2026-01-24T23:51:00Z,credit,card,services,USD,223.75,posted,2026-01-24T23:51:00Z
transactions-003143,TX-0003143,AC-00263,2026-01-25T00:02:00Z,credit,branch,utilities,USD,118.75,posted,2026-01-25T00:02:00Z
transactions-003144,TX-0003144,AC-00264,2026-01-25T00:13:00Z,credit,card,grocery,USD,51.25,posted,2026-01-25T00:13:00Z
transactions-003145,TX-0003145,AC-00265,2026-01-25T00:24:00Z,refund,atm,services,USD,184.00,posted,2026-01-25T00:24:00Z
transactions-003146,TX-0003146,AC-00266,2026-01-25T00:35:00Z,debit,mobile,services,USD,144.00,posted,2026-01-25T00:35:00Z
transactions-003147,TX-0003147,AC-00267,2026-01-25T00:46:00Z,debit,atm,utilities,USD,178.75,posted,2026-01-25T00:46:00Z
transactions-003148,TX-0003148,AC-00268,2026-01-25T00:57:00Z,refund,mobile,utilities,USD,254.50,posted,2026-01-25T00:57:00Z
transactions-003149,TX-0003149,AC-00269,2026-01-25T01:08:00Z,credit,card,travel,USD,225.75,posted,2026-01-25T01:08:00Z
transactions-003150,TX-0003150,AC-00270,2026-01-25T01:19:00Z,credit,branch,utilities,USD,101.00,posted,2026-01-25T01:19:00Z
transactions-003151,TX-0003151,AC-00271,2026-01-25T01:30:00Z,credit,card,utilities,USD,9.50,posted,2026-01-25T01:30:00Z
transactions-003152,TX-0003152,AC-00272,2026-01-25T01:41:00Z,debit,mobile,utilities,USD,208.75,posted,2026-01-25T01:41:00Z
transactions-003153,TX-0003153,AC-00273,2026-01-25T01:52:00Z,credit,atm,travel,USD,282.75,posted,2026-01-25T01:52:00Z
transactions-003154,TX-0003154,AC-00274,2026-01-25T02:03:00Z,refund,mobile,services,USD,192.25,posted,2026-01-25T02:03:00Z
transactions-003155,TX-0003155,AC-00275,2026-01-25T02:14:00Z,credit,mobile,utilities,USD,135.25,posted,2026-01-25T02:14:00Z
transactions-003156,TX-0003156,AC-00276,2026-01-25T02:25:00Z,debit,atm,travel,USD,143.25,posted,2026-01-25T02:25:00Z
transactions-003157,TX-0003157,AC-00277,2026-01-25T02:36:00Z,refund,atm,travel,USD,172.75,posted,2026-01-25T02:36:00Z
transactions-003158,TX-0003158,AC-00278,2026-01-25T02:47:00Z,refund,branch,travel,USD,36.25,posted,2026-01-25T02:47:00Z
transactions-003159,TX-0003159,AC-00279,2026-01-25T02:58:00Z,credit,atm,travel,USD,17.00,posted,2026-01-25T02:58:00Z
transactions-003160,TX-0003160,AC-00280,2026-01-25T03:09:00Z,credit,card,grocery,USD,142.00,posted,2026-01-25T03:09:00Z
transactions-003161,TX-0003161,AC-00281,2026-01-25T03:20:00Z,refund,atm,services,USD,159.00,posted,2026-01-25T03:20:00Z
transactions-003162,TX-0003162,AC-00282,2026-01-25T03:31:00Z,debit,atm,grocery,USD,66.25,posted,2026-01-25T03:31:00Z
transactions-003163,TX-0003163,AC-00283,2026-01-25T03:42:00Z,refund,mobile,grocery,USD,75.25,posted,2026-01-25T03:42:00Z
transactions-003164,TX-0003164,AC-00284,2026-01-25T03:53:00Z,credit,atm,travel,USD,98.75,posted,2026-01-25T03:53:00Z
transactions-003165,TX-0003165,AC-00285,2026-01-25T04:04:00Z,credit,card,travel,USD,81.25,posted,2026-01-25T04:04:00Z
transactions-003166,TX-0003166,AC-00286,2026-01-25T04:15:00Z,refund,branch,travel,USD,258.75,posted,2026-01-25T04:15:00Z
transactions-003167,TX-0003167,AC-00287,2026-01-25T04:26:00Z,refund,branch,utilities,USD,57.00,posted,2026-01-25T04:26:00Z
transactions-003168,TX-0003168,AC-00288,2026-01-25T04:37:00Z,debit,card,travel,USD,283.00,posted,2026-01-25T04:37:00Z
transactions-003169,TX-0003169,AC-00289,2026-01-25T04:48:00Z,credit,mobile,travel,USD,213.75,posted,2026-01-25T04:48:00Z
transactions-003170,TX-0003170,AC-00290,2026-01-25T04:59:00Z,credit,atm,grocery,USD,143.75,posted,2026-01-25T04:59:00Z
transactions-003171,TX-0003171,AC-00291,2026-01-25T05:10:00Z,debit,card,travel,USD,246.50,posted,2026-01-25T05:10:00Z
transactions-003172,TX-0003172,AC-00292,2026-01-25T05:21:00Z,credit,mobile,grocery,USD,256.50,posted,2026-01-25T05:21:00Z
transactions-003173,TX-0003173,AC-00293,2026-01-25T05:32:00Z,refund,atm,utilities,USD,286.25,posted,2026-01-25T05:32:00Z
transactions-003174,TX-0003174,AC-00294,2026-01-25T05:43:00Z,refund,branch,utilities,USD,8.25,posted,2026-01-25T05:43:00Z
transactions-003175,TX-0003175,AC-00295,2026-01-25T05:54:00Z,refund,mobile,services,USD,141.00,posted,2026-01-25T05:54:00Z
transactions-003176,TX-0003176,AC-00296,2026-01-25T06:05:00Z,debit,mobile,travel,USD,85.00,posted,2026-01-25T06:05:00Z
transactions-003177,TX-0003177,AC-00297,2026-01-25T06:16:00Z,refund,atm,grocery,USD,124.75,posted,2026-01-25T06:16:00Z
transactions-003178,TX-0003178,AC-00298,2026-01-25T06:27:00Z,debit,card,grocery,USD,82.00,posted,2026-01-25T06:27:00Z
transactions-003179,TX-0003179,AC-00299,2026-01-25T06:38:00Z,debit,mobile,services,USD,107.75,posted,2026-01-25T06:38:00Z
transactions-003180,TX-0003180,AC-00300,2026-01-25T06:49:00Z,credit,mobile,travel,USD,96.50,posted,2026-01-25T06:49:00Z
transactions-003181,TX-0003181,AC-00301,2026-01-25T07:00:00Z,refund,card,grocery,USD,288.00,posted,2026-01-25T07:00:00Z
transactions-003182,TX-0003182,AC-00302,2026-01-25T07:11:00Z,debit,branch,services,USD,266.75,posted,2026-01-25T07:11:00Z
transactions-003183,TX-0003183,AC-00303,2026-01-25T07:22:00Z,debit,card,travel,USD,156.50,posted,2026-01-25T07:22:00Z
transactions-003184,TX-0003184,AC-00304,2026-01-25T07:33:00Z,credit,atm,grocery,USD,231.25,posted,2026-01-25T07:33:00Z
transactions-003185,TX-0003185,AC-00305,2026-01-25T07:44:00Z,credit,branch,travel,USD,222.25,posted,2026-01-25T07:44:00Z
transactions-003186,TX-0003186,AC-00306,2026-01-25T07:55:00Z,refund,branch,grocery,USD,126.50,posted,2026-01-25T07:55:00Z
transactions-003187,TX-0003187,AC-00307,2026-01-25T08:06:00Z,credit,mobile,utilities,USD,254.25,posted,2026-01-25T08:06:00Z
transactions-003188,TX-0003188,AC-00308,2026-01-25T08:17:00Z,debit,branch,services,USD,45.75,posted,2026-01-25T08:17:00Z
transactions-003189,TX-0003189,AC-00309,2026-01-25T08:28:00Z,refund,mobile,grocery,USD,235.25,posted,2026-01-25T08:28:00Z
transactions-003190,TX-0003190,AC-00310,2026-01-25T08:39:00Z,credit,card,utilities,USD,231.75,posted,2026-01-25T08:39:00Z
transactions-003191,TX-0003191,AC-00311,2026-01-25T08:50:00Z,debit,card,services,USD,62.00,posted,2026-01-25T08:50:00Z
transactions-003192,TX-0003192,AC-00312,2026-01-25T09:01:00Z,credit,branch,grocery,USD,74.75,posted,2026-01-25T09:01:00Z
transactions-003193,TX-0003193,AC-00313,2026-01-25T09:12:00Z,refund,atm,utilities,USD,103.25,posted,2026-01-25T09:12:00Z
transactions-003194,TX-0003194,AC-00314,2026-01-25T09:23:00Z,credit,card,travel,USD,66.75,posted,2026-01-25T09:23:00Z
transactions-003195,TX-0003195,AC-00315,2026-01-25T09:34:00Z,credit,mobile,utilities,USD,240.00,posted,2026-01-25T09:34:00Z
transactions-003196,TX-0003196,AC-00316,2026-01-25T09:45:00Z,debit,atm,grocery,USD,158.25,posted,2026-01-25T09:45:00Z
transactions-003197,TX-0003197,AC-00317,2026-01-25T09:56:00Z,debit,branch,services,USD,158.25,posted,2026-01-25T09:56:00Z
transactions-003198,TX-0003198,AC-00318,2026-01-25T10:07:00Z,credit,card,utilities,USD,47.00,posted,2026-01-25T10:07:00Z
transactions-003199,TX-0003199,AC-00319,2026-01-25T10:18:00Z,credit,atm,grocery,USD,207.00,posted,2026-01-25T10:18:00Z
transactions-003200,TX-0003200,AC-00320,2026-01-25T10:29:00Z,refund,atm,utilities,USD,120.50,posted,2026-01-25T10:29:00Z
transactions-003201,TX-0003201,AC-00001,2026-01-25T10:40:00Z,refund,mobile,travel,USD,251.75,posted,2026-01-25T10:40:00Z
transactions-003202,TX-0003202,AC-00002,2026-01-25T10:51:00Z,credit,atm,utilities,USD,210.00,posted,2026-01-25T10:51:00Z
transactions-003203,TX-0003203,AC-00003,2026-01-25T11:02:00Z,refund,branch,services,USD,152.75,posted,2026-01-25T11:02:00Z
transactions-003204,TX-0003204,AC-00004,2026-01-25T11:13:00Z,credit,card,travel,USD,189.25,posted,2026-01-25T11:13:00Z
transactions-003205,TX-0003205,AC-00005,2026-01-25T11:24:00Z,debit,branch,travel,USD,150.50,posted,2026-01-25T11:24:00Z
transactions-003206,TX-0003206,AC-00006,2026-01-25T11:35:00Z,credit,branch,grocery,USD,127.75,posted,2026-01-25T11:35:00Z
transactions-003207,TX-0003207,AC-00007,2026-01-25T11:46:00Z,refund,mobile,grocery,USD,20.75,posted,2026-01-25T11:46:00Z
transactions-003208,TX-0003208,AC-00008,2026-01-25T11:57:00Z,credit,atm,services,USD,191.75,posted,2026-01-25T11:57:00Z
transactions-003209,TX-0003209,AC-00009,2026-01-25T12:08:00Z,credit,mobile,services,USD,234.75,posted,2026-01-25T12:08:00Z
transactions-003210,TX-0003210,AC-00010,2026-01-25T12:19:00Z,refund,mobile,grocery,USD,26.75,posted,2026-01-25T12:19:00Z
transactions-003211,TX-0003211,AC-00011,2026-01-25T12:30:00Z,debit,atm,travel,USD,272.25,posted,2026-01-25T12:30:00Z
transactions-003212,TX-0003212,AC-00012,2026-01-25T12:41:00Z,credit,atm,services,USD,108.00,posted,2026-01-25T12:41:00Z
transactions-003213,TX-0003213,AC-00013,2026-01-25T12:52:00Z,credit,mobile,services,USD,255.25,posted,2026-01-25T12:52:00Z
transactions-003214,TX-0003214,AC-00014,2026-01-25T13:03:00Z,debit,card,utilities,USD,218.25,posted,2026-01-25T13:03:00Z
transactions-003215,TX-0003215,AC-00015,2026-01-25T13:14:00Z,credit,mobile,utilities,USD,12.75,posted,2026-01-25T13:14:00Z
transactions-003216,TX-0003216,AC-00016,2026-01-25T13:25:00Z,debit,mobile,travel,USD,1.25,posted,2026-01-25T13:25:00Z
transactions-003217,TX-0003217,AC-00017,2026-01-25T13:36:00Z,debit,atm,grocery,USD,148.50,posted,2026-01-25T13:36:00Z
transactions-003218,TX-0003218,AC-00018,2026-01-25T13:47:00Z,debit,branch,travel,USD,54.50,posted,2026-01-25T13:47:00Z
transactions-003219,TX-0003219,AC-00019,2026-01-25T13:58:00Z,refund,atm,grocery,USD,181.00,posted,2026-01-25T13:58:00Z
transactions-003220,TX-0003220,AC-00020,2026-01-25T14:09:00Z,debit,atm,utilities,USD,54.75,posted,2026-01-25T14:09:00Z
transactions-003221,TX-0003221,AC-00021,2026-01-25T14:20:00Z,refund,atm,grocery,USD,84.25,posted,2026-01-25T14:20:00Z
transactions-003222,TX-0003222,AC-00022,2026-01-25T14:31:00Z,debit,card,utilities,USD,47.75,posted,2026-01-25T14:31:00Z
transactions-003223,TX-0003223,AC-00023,2026-01-25T14:42:00Z,debit,mobile,services,USD,241.75,posted,2026-01-25T14:42:00Z
transactions-003224,TX-0003224,AC-00024,2026-01-25T14:53:00Z,credit,mobile,grocery,USD,14.25,posted,2026-01-25T14:53:00Z
transactions-003225,TX-0003225,AC-00025,2026-01-25T15:04:00Z,debit,atm,travel,USD,170.25,posted,2026-01-25T15:04:00Z
transactions-003226,TX-0003226,AC-00026,2026-01-25T15:15:00Z,credit,atm,utilities,USD,216.75,posted,2026-01-25T15:15:00Z
transactions-003227,TX-0003227,AC-00027,2026-01-25T15:26:00Z,credit,mobile,utilities,USD,189.00,posted,2026-01-25T15:26:00Z
transactions-003228,TX-0003228,AC-00028,2026-01-25T15:37:00Z,credit,branch,utilities,USD,263.25,posted,2026-01-25T15:37:00Z
transactions-003229,TX-0003229,AC-00029,2026-01-25T15:48:00Z,credit,branch,grocery,USD,23.75,posted,2026-01-25T15:48:00Z
transactions-003230,TX-0003230,AC-00030,2026-01-25T15:59:00Z,credit,branch,services,USD,136.50,posted,2026-01-25T15:59:00Z
transactions-003231,TX-0003231,AC-00031,2026-01-25T16:10:00Z,refund,mobile,grocery,USD,292.25,posted,2026-01-25T16:10:00Z
transactions-003232,TX-0003232,AC-00032,2026-01-25T16:21:00Z,debit,card,grocery,USD,260.75,posted,2026-01-25T16:21:00Z
transactions-003233,TX-0003233,AC-00033,2026-01-25T16:32:00Z,refund,mobile,grocery,USD,104.25,posted,2026-01-25T16:32:00Z
transactions-003234,TX-0003234,AC-00034,2026-01-25T16:43:00Z,refund,mobile,travel,USD,161.75,posted,2026-01-25T16:43:00Z
transactions-003235,TX-0003235,AC-00035,2026-01-25T16:54:00Z,credit,branch,utilities,USD,253.75,posted,2026-01-25T16:54:00Z
transactions-003236,TX-0003236,AC-00036,2026-01-25T17:05:00Z,credit,atm,services,USD,4.75,posted,2026-01-25T17:05:00Z
transactions-003237,TX-0003237,AC-00037,2026-01-25T17:16:00Z,credit,card,grocery,USD,224.25,posted,2026-01-25T17:16:00Z
transactions-003238,TX-0003238,AC-00038,2026-01-25T17:27:00Z,debit,branch,grocery,USD,58.25,posted,2026-01-25T17:27:00Z
transactions-003239,TX-0003239,AC-00039,2026-01-25T17:38:00Z,debit,atm,grocery,USD,10.75,posted,2026-01-25T17:38:00Z
transactions-003240,TX-0003240,AC-00040,2026-01-25T17:49:00Z,debit,branch,grocery,USD,55.75,posted,2026-01-25T17:49:00Z
transactions-003241,TX-0003241,AC-00041,2026-01-25T18:00:00Z,credit,mobile,services,USD,285.50,posted,2026-01-25T18:00:00Z
transactions-003242,TX-0003242,AC-00042,2026-01-25T18:11:00Z,debit,card,travel,USD,15.00,posted,2026-01-25T18:11:00Z
transactions-003243,TX-0003243,AC-00043,2026-01-25T18:22:00Z,debit,card,travel,USD,123.00,posted,2026-01-25T18:22:00Z
transactions-003244,TX-0003244,AC-00044,2026-01-25T18:33:00Z,refund,atm,services,USD,61.75,posted,2026-01-25T18:33:00Z
transactions-003245,TX-0003245,AC-00045,2026-01-25T18:44:00Z,refund,atm,services,USD,234.75,posted,2026-01-25T18:44:00Z
transactions-003246,TX-0003246,AC-00046,2026-01-25T18:55:00Z,debit,mobile,utilities,USD,38.00,posted,2026-01-25T18:55:00Z
transactions-003247,TX-0003247,AC-00047,2026-01-25T19:06:00Z,debit,branch,travel,USD,136.25,posted,2026-01-25T19:06:00Z
transactions-003248,TX-0003248,AC-00048,2026-01-25T19:17:00Z,credit,card,services,USD,61.75,posted,2026-01-25T19:17:00Z
transactions-003249,TX-0003249,AC-00049,2026-01-25T19:28:00Z,credit,card,services,USD,54.50,posted,2026-01-25T19:28:00Z
transactions-003250,TX-0003250,AC-00050,2026-01-25T19:39:00Z,credit,branch,travel,USD,106.00,posted,2026-01-25T19:39:00Z
transactions-003251,TX-0003251,AC-00051,2026-01-25T19:50:00Z,debit,atm,grocery,USD,203.00,posted,2026-01-25T19:50:00Z
transactions-003252,TX-0003252,AC-00052,2026-01-25T20:01:00Z,debit,atm,grocery,USD,162.00,posted,2026-01-25T20:01:00Z
transactions-003253,TX-0003253,AC-00053,2026-01-25T20:12:00Z,debit,branch,travel,USD,176.25,posted,2026-01-25T20:12:00Z
transactions-003254,TX-0003254,AC-00054,2026-01-25T20:23:00Z,refund,card,services,USD,172.50,posted,2026-01-25T20:23:00Z
transactions-003255,TX-0003255,AC-00055,2026-01-25T20:34:00Z,debit,branch,services,USD,291.50,posted,2026-01-25T20:34:00Z
transactions-003256,TX-0003256,AC-00056,2026-01-25T20:45:00Z,credit,atm,grocery,USD,0.75,posted,2026-01-25T20:45:00Z
transactions-003257,TX-0003257,AC-00057,2026-01-25T20:56:00Z,credit,atm,utilities,USD,107.00,posted,2026-01-25T20:56:00Z
transactions-003258,TX-0003258,AC-00058,2026-01-25T21:07:00Z,debit,card,grocery,USD,221.25,posted,2026-01-25T21:07:00Z
transactions-003259,TX-0003259,AC-00059,2026-01-25T21:18:00Z,credit,mobile,grocery,USD,176.75,posted,2026-01-25T21:18:00Z
transactions-003260,TX-0003260,AC-00060,2026-01-25T21:29:00Z,refund,mobile,utilities,USD,264.75,posted,2026-01-25T21:29:00Z
transactions-003261,TX-0003261,AC-00061,2026-01-25T21:40:00Z,credit,branch,utilities,USD,271.75,posted,2026-01-25T21:40:00Z
transactions-003262,TX-0003262,AC-00062,2026-01-25T21:51:00Z,credit,card,services,USD,98.25,posted,2026-01-25T21:51:00Z
transactions-003263,TX-0003263,AC-00063,2026-01-25T22:02:00Z,refund,mobile,services,USD,260.00,posted,2026-01-25T22:02:00Z
transactions-003264,TX-0003264,AC-00064,2026-01-25T22:13:00Z,refund,mobile,services,USD,158.75,posted,2026-01-25T22:13:00Z
transactions-003265,TX-0003265,AC-00065,2026-01-25T22:24:00Z,debit,card,grocery,USD,140.25,posted,2026-01-25T22:24:00Z
transactions-003266,TX-0003266,AC-00066,2026-01-25T22:35:00Z,credit,mobile,grocery,USD,153.25,posted,2026-01-25T22:35:00Z
transactions-003267,TX-0003267,AC-00067,2026-01-25T22:46:00Z,credit,atm,services,USD,9.75,posted,2026-01-25T22:46:00Z
transactions-003268,TX-0003268,AC-00068,2026-01-25T22:57:00Z,debit,atm,travel,USD,244.75,posted,2026-01-25T22:57:00Z
transactions-003269,TX-0003269,AC-00069,2026-01-25T23:08:00Z,credit,branch,utilities,USD,298.25,posted,2026-01-25T23:08:00Z
transactions-003270,TX-0003270,AC-00070,2026-01-25T23:19:00Z,debit,card,grocery,USD,274.25,posted,2026-01-25T23:19:00Z
transactions-003271,TX-0003271,AC-00071,2026-01-25T23:30:00Z,refund,branch,services,USD,72.50,posted,2026-01-25T23:30:00Z
transactions-003272,TX-0003272,AC-00072,2026-01-25T23:41:00Z,credit,mobile,utilities,USD,64.00,posted,2026-01-25T23:41:00Z
transactions-003273,TX-0003273,AC-00073,2026-01-25T23:52:00Z,debit,card,travel,USD,229.50,posted,2026-01-25T23:52:00Z
transactions-003274,TX-0003274,AC-00074,2026-01-26T00:03:00Z,credit,card,services,USD,208.00,posted,2026-01-26T00:03:00Z
transactions-003275,TX-0003275,AC-00075,2026-01-26T00:14:00Z,credit,card,travel,USD,219.25,posted,2026-01-26T00:14:00Z
transactions-003276,TX-0003276,AC-00076,2026-01-26T00:25:00Z,debit,atm,services,USD,236.75,posted,2026-01-26T00:25:00Z
transactions-003277,TX-0003277,AC-00077,2026-01-26T00:36:00Z,credit,mobile,grocery,USD,1.50,posted,2026-01-26T00:36:00Z
transactions-003278,TX-0003278,AC-00078,2026-01-26T00:47:00Z,credit,mobile,services,USD,210.00,posted,2026-01-26T00:47:00Z
transactions-003279,TX-0003279,AC-00079,2026-01-26T00:58:00Z,credit,branch,travel,USD,153.25,posted,2026-01-26T00:58:00Z
transactions-003280,TX-0003280,AC-00080,2026-01-26T01:09:00Z,credit,atm,grocery,USD,18.00,posted,2026-01-26T01:09:00Z
transactions-003281,TX-0003281,AC-00081,2026-01-26T01:20:00Z,debit,atm,services,USD,178.50,posted,2026-01-26T01:20:00Z
transactions-003282,TX-0003282,AC-00082,2026-01-26T01:31:00Z,refund,branch,utilities,USD,163.75,posted,2026-01-26T01:31:00Z
transactions-003283,TX-0003283,AC-00083,2026-01-26T01:42:00Z,debit,card,grocery,USD,239.50,posted,2026-01-26T01:42:00Z
transactions-003284,TX-0003284,AC-00084,2026-01-26T01:53:00Z,credit,card,services,USD,294.50,posted,2026-01-26T01:53:00Z
transactions-003285,TX-0003285,AC-00085,2026-01-26T02:04:00Z,refund,atm,travel,USD,27.00,posted,2026-01-26T02:04:00Z
transactions-003286,TX-0003286,AC-00086,2026-01-26T02:15:00Z,refund,atm,utilities,USD,75.00,posted,2026-01-26T02:15:00Z
transactions-003287,TX-0003287,AC-00087,2026-01-26T02:26:00Z,refund,atm,grocery,USD,49.50,posted,2026-01-26T02:26:00Z
transactions-003288,TX-0003288,AC-00088,2026-01-26T02:37:00Z,credit,atm,utilities,USD,224.00,posted,2026-01-26T02:37:00Z
transactions-003289,TX-0003289,AC-00089,2026-01-26T02:48:00Z,debit,card,travel,USD,249.50,posted,2026-01-26T02:48:00Z
transactions-003290,TX-0003290,AC-00090,2026-01-26T02:59:00Z,credit,mobile,utilities,USD,221.00,posted,2026-01-26T02:59:00Z
transactions-003291,TX-0003291,AC-00091,2026-01-26T03:10:00Z,credit,atm,utilities,USD,18.75,posted,2026-01-26T03:10:00Z
transactions-003292,TX-0003292,AC-00092,2026-01-26T03:21:00Z,refund,card,grocery,USD,234.75,posted,2026-01-26T03:21:00Z
transactions-003293,TX-0003293,AC-00093,2026-01-26T03:32:00Z,credit,mobile,grocery,USD,259.25,posted,2026-01-26T03:32:00Z
transactions-003294,TX-0003294,AC-00094,2026-01-26T03:43:00Z,refund,card,services,USD,237.50,posted,2026-01-26T03:43:00Z
transactions-003295,TX-0003295,AC-00095,2026-01-26T03:54:00Z,refund,card,grocery,USD,296.75,posted,2026-01-26T03:54:00Z
transactions-003296,TX-0003296,AC-00096,2026-01-26T04:05:00Z,refund,mobile,grocery,USD,214.25,posted,2026-01-26T04:05:00Z
transactions-003297,TX-0003297,AC-00097,2026-01-26T04:16:00Z,refund,branch,utilities,USD,153.00,posted,2026-01-26T04:16:00Z
transactions-003298,TX-0003298,AC-00098,2026-01-26T04:27:00Z,refund,card,grocery,USD,121.25,posted,2026-01-26T04:27:00Z
transactions-003299,TX-0003299,AC-00099,2026-01-26T04:38:00Z,refund,card,travel,USD,15.50,posted,2026-01-26T04:38:00Z
transactions-003300,TX-0003300,AC-00100,2026-01-26T04:49:00Z,credit,branch,travel,USD,26.00,posted,2026-01-26T04:49:00Z
transactions-003301,TX-0003301,AC-00101,2026-01-26T05:00:00Z,refund,branch,grocery,USD,95.25,posted,2026-01-26T05:00:00Z
transactions-003302,TX-0003302,AC-00102,2026-01-26T05:11:00Z,debit,branch,utilities,USD,38.25,posted,2026-01-26T05:11:00Z
transactions-003303,TX-0003303,AC-00103,2026-01-26T05:22:00Z,debit,branch,travel,USD,292.00,posted,2026-01-26T05:22:00Z
transactions-003304,TX-0003304,AC-00104,2026-01-26T05:33:00Z,refund,mobile,travel,USD,10.25,posted,2026-01-26T05:33:00Z
transactions-003305,TX-0003305,AC-00105,2026-01-26T05:44:00Z,debit,branch,utilities,USD,75.00,posted,2026-01-26T05:44:00Z
transactions-003306,TX-0003306,AC-00106,2026-01-26T05:55:00Z,debit,branch,services,USD,188.75,posted,2026-01-26T05:55:00Z
transactions-003307,TX-0003307,AC-00107,2026-01-26T06:06:00Z,refund,mobile,grocery,USD,190.25,posted,2026-01-26T06:06:00Z
transactions-003308,TX-0003308,AC-00108,2026-01-26T06:17:00Z,credit,card,services,USD,175.75,posted,2026-01-26T06:17:00Z
transactions-003309,TX-0003309,AC-00109,2026-01-26T06:28:00Z,credit,mobile,grocery,USD,204.25,posted,2026-01-26T06:28:00Z
transactions-003310,TX-0003310,AC-00110,2026-01-26T06:39:00Z,credit,atm,services,USD,226.50,posted,2026-01-26T06:39:00Z
transactions-003311,TX-0003311,AC-00111,2026-01-26T06:50:00Z,credit,atm,services,USD,36.75,posted,2026-01-26T06:50:00Z
transactions-003312,TX-0003312,AC-00112,2026-01-26T07:01:00Z,credit,atm,travel,USD,76.00,posted,2026-01-26T07:01:00Z
transactions-003313,TX-0003313,AC-00113,2026-01-26T07:12:00Z,refund,atm,services,USD,80.00,posted,2026-01-26T07:12:00Z
transactions-003314,TX-0003314,AC-00114,2026-01-26T07:23:00Z,refund,branch,travel,USD,228.50,posted,2026-01-26T07:23:00Z
transactions-003315,TX-0003315,AC-00115,2026-01-26T07:34:00Z,refund,atm,services,USD,50.25,posted,2026-01-26T07:34:00Z
transactions-003316,TX-0003316,AC-00116,2026-01-26T07:45:00Z,credit,mobile,utilities,USD,251.75,posted,2026-01-26T07:45:00Z
transactions-003317,TX-0003317,AC-00117,2026-01-26T07:56:00Z,debit,branch,travel,USD,140.25,posted,2026-01-26T07:56:00Z
transactions-003318,TX-0003318,AC-00118,2026-01-26T08:07:00Z,debit,card,utilities,USD,263.50,posted,2026-01-26T08:07:00Z
transactions-003319,TX-0003319,AC-00119,2026-01-26T08:18:00Z,debit,card,travel,USD,61.25,posted,2026-01-26T08:18:00Z
transactions-003320,TX-0003320,AC-00120,2026-01-26T08:29:00Z,refund,card,utilities,USD,257.75,posted,2026-01-26T08:29:00Z
transactions-003321,TX-0003321,AC-00121,2026-01-26T08:40:00Z,credit,mobile,utilities,USD,268.75,posted,2026-01-26T08:40:00Z
transactions-003322,TX-0003322,AC-00122,2026-01-26T08:51:00Z,refund,card,utilities,USD,129.25,posted,2026-01-26T08:51:00Z
transactions-003323,TX-0003323,AC-00123,2026-01-26T09:02:00Z,debit,branch,grocery,USD,244.25,posted,2026-01-26T09:02:00Z
transactions-003324,TX-0003324,AC-00124,2026-01-26T09:13:00Z,refund,card,travel,USD,69.00,posted,2026-01-26T09:13:00Z
transactions-003325,TX-0003325,AC-00125,2026-01-26T09:24:00Z,credit,card,grocery,USD,141.00,posted,2026-01-26T09:24:00Z
transactions-003326,TX-0003326,AC-00126,2026-01-26T09:35:00Z,refund,branch,services,USD,122.50,posted,2026-01-26T09:35:00Z
transactions-003327,TX-0003327,AC-00127,2026-01-26T09:46:00Z,debit,card,utilities,USD,99.25,posted,2026-01-26T09:46:00Z
transactions-003328,TX-0003328,AC-00128,2026-01-26T09:57:00Z,refund,card,utilities,USD,219.25,posted,2026-01-26T09:57:00Z
transactions-003329,TX-0003329,AC-00129,2026-01-26T10:08:00Z,refund,branch,travel,USD,153.25,posted,2026-01-26T10:08:00Z
transactions-003330,TX-0003330,AC-00130,2026-01-26T10:19:00Z,credit,atm,grocery,USD,240.50,posted,2026-01-26T10:19:00Z
transactions-003331,TX-0003331,AC-00131,2026-01-26T10:30:00Z,debit,card,travel,USD,271.25,posted,2026-01-26T10:30:00Z
transactions-003332,TX-0003332,AC-00132,2026-01-26T10:41:00Z,debit,card,utilities,USD,204.00,posted,2026-01-26T10:41:00Z
transactions-003333,TX-0003333,AC-00133,2026-01-26T10:52:00Z,debit,atm,grocery,USD,115.75,posted,2026-01-26T10:52:00Z
transactions-003334,TX-0003334,AC-00134,2026-01-26T11:03:00Z,refund,atm,services,USD,21.50,posted,2026-01-26T11:03:00Z
transactions-003335,TX-0003335,AC-00135,2026-01-26T11:14:00Z,credit,mobile,utilities,USD,252.25,posted,2026-01-26T11:14:00Z
transactions-003336,TX-0003336,AC-00136,2026-01-26T11:25:00Z,refund,card,utilities,USD,34.25,posted,2026-01-26T11:25:00Z
transactions-003337,TX-0003337,AC-00137,2026-01-26T11:36:00Z,credit,card,travel,USD,241.00,posted,2026-01-26T11:36:00Z
transactions-003338,TX-0003338,AC-00138,2026-01-26T11:47:00Z,debit,atm,grocery,USD,257.25,posted,2026-01-26T11:47:00Z
transactions-003339,TX-0003339,AC-00139,2026-01-26T11:58:00Z,refund,branch,utilities,USD,244.00,posted,2026-01-26T11:58:00Z
transactions-003340,TX-0003340,AC-00140,2026-01-26T12:09:00Z,debit,mobile,travel,USD,287.00,posted,2026-01-26T12:09:00Z
transactions-003341,TX-0003341,AC-00141,2026-01-26T12:20:00Z,debit,card,utilities,USD,218.00,posted,2026-01-26T12:20:00Z
transactions-003342,TX-0003342,AC-00142,2026-01-26T12:31:00Z,refund,mobile,grocery,USD,223.50,posted,2026-01-26T12:31:00Z
transactions-003343,TX-0003343,AC-00143,2026-01-26T12:42:00Z,refund,mobile,travel,USD,22.75,posted,2026-01-26T12:42:00Z
transactions-003344,TX-0003344,AC-00144,2026-01-26T12:53:00Z,debit,card,travel,USD,7.25,posted,2026-01-26T12:53:00Z
transactions-003345,TX-0003345,AC-00145,2026-01-26T13:04:00Z,credit,mobile,services,USD,208.75,posted,2026-01-26T13:04:00Z
transactions-003346,TX-0003346,AC-00146,2026-01-26T13:15:00Z,debit,atm,grocery,USD,39.25,posted,2026-01-26T13:15:00Z
transactions-003347,TX-0003347,AC-00147,2026-01-26T13:26:00Z,refund,mobile,utilities,USD,257.25,posted,2026-01-26T13:26:00Z
transactions-003348,TX-0003348,AC-00148,2026-01-26T13:37:00Z,credit,atm,grocery,USD,198.25,posted,2026-01-26T13:37:00Z
transactions-003349,TX-0003349,AC-00149,2026-01-26T13:48:00Z,debit,branch,services,USD,170.00,posted,2026-01-26T13:48:00Z
transactions-003350,TX-0003350,AC-00150,2026-01-26T13:59:00Z,credit,branch,travel,USD,175.25,posted,2026-01-26T13:59:00Z
transactions-003351,TX-0003351,AC-00151,2026-01-26T14:10:00Z,refund,mobile,grocery,USD,41.25,posted,2026-01-26T14:10:00Z
transactions-003352,TX-0003352,AC-00152,2026-01-26T14:21:00Z,refund,atm,utilities,USD,238.75,posted,2026-01-26T14:21:00Z
transactions-003353,TX-0003353,AC-00153,2026-01-26T14:32:00Z,debit,mobile,utilities,USD,107.50,posted,2026-01-26T14:32:00Z
transactions-003354,TX-0003354,AC-00154,2026-01-26T14:43:00Z,credit,atm,travel,USD,50.25,posted,2026-01-26T14:43:00Z
transactions-003355,TX-0003355,AC-00155,2026-01-26T14:54:00Z,debit,card,utilities,USD,125.25,posted,2026-01-26T14:54:00Z
transactions-003356,TX-0003356,AC-00156,2026-01-26T15:05:00Z,debit,mobile,travel,USD,254.75,posted,2026-01-26T15:05:00Z
transactions-003357,TX-0003357,AC-00157,2026-01-26T15:16:00Z,credit,branch,grocery,USD,192.75,posted,2026-01-26T15:16:00Z
transactions-003358,TX-0003358,AC-00158,2026-01-26T15:27:00Z,refund,atm,travel,USD,86.25,posted,2026-01-26T15:27:00Z
transactions-003359,TX-0003359,AC-00159,2026-01-26T15:38:00Z,credit,mobile,grocery,USD,97.50,posted,2026-01-26T15:38:00Z
transactions-003360,TX-0003360,AC-00160,2026-01-26T15:49:00Z,debit,mobile,travel,USD,73.25,posted,2026-01-26T15:49:00Z
transactions-003361,TX-0003361,AC-00161,2026-01-26T16:00:00Z,debit,branch,services,USD,183.25,posted,2026-01-26T16:00:00Z
transactions-003362,TX-0003362,AC-00162,2026-01-26T16:11:00Z,debit,atm,travel,USD,69.25,posted,2026-01-26T16:11:00Z
transactions-003363,TX-0003363,AC-00163,2026-01-26T16:22:00Z,debit,mobile,services,USD,182.00,posted,2026-01-26T16:22:00Z
transactions-003364,TX-0003364,AC-00164,2026-01-26T16:33:00Z,debit,mobile,grocery,USD,99.00,posted,2026-01-26T16:33:00Z
transactions-003365,TX-0003365,AC-00165,2026-01-26T16:44:00Z,refund,card,travel,USD,15.25,posted,2026-01-26T16:44:00Z
transactions-003366,TX-0003366,AC-00166,2026-01-26T16:55:00Z,refund,mobile,utilities,USD,221.00,posted,2026-01-26T16:55:00Z
transactions-003367,TX-0003367,AC-00167,2026-01-26T17:06:00Z,credit,card,utilities,USD,75.50,posted,2026-01-26T17:06:00Z
transactions-003368,TX-0003368,AC-00168,2026-01-26T17:17:00Z,credit,branch,grocery,USD,190.50,posted,2026-01-26T17:17:00Z
transactions-003369,TX-0003369,AC-00169,2026-01-26T17:28:00Z,debit,mobile,services,USD,262.75,posted,2026-01-26T17:28:00Z
transactions-003370,TX-0003370,AC-00170,2026-01-26T17:39:00Z,debit,mobile,utilities,USD,285.25,posted,2026-01-26T17:39:00Z
transactions-003371,TX-0003371,AC-00171,2026-01-26T17:50:00Z,refund,atm,services,USD,240.25,posted,2026-01-26T17:50:00Z
transactions-003372,TX-0003372,AC-00172,2026-01-26T18:01:00Z,credit,card,grocery,USD,8.25,posted,2026-01-26T18:01:00Z
transactions-003373,TX-0003373,AC-00173,2026-01-26T18:12:00Z,debit,card,travel,USD,271.50,posted,2026-01-26T18:12:00Z
transactions-003374,TX-0003374,AC-00174,2026-01-26T18:23:00Z,debit,atm,utilities,USD,238.75,posted,2026-01-26T18:23:00Z
transactions-003375,TX-0003375,AC-00175,2026-01-26T18:34:00Z,refund,branch,travel,USD,153.50,posted,2026-01-26T18:34:00Z
transactions-003376,TX-0003376,AC-00176,2026-01-26T18:45:00Z,debit,atm,grocery,USD,169.25,posted,2026-01-26T18:45:00Z
transactions-003377,TX-0003377,AC-00177,2026-01-26T18:56:00Z,refund,branch,grocery,USD,175.50,posted,2026-01-26T18:56:00Z
transactions-003378,TX-0003378,AC-00178,2026-01-26T19:07:00Z,credit,branch,services,USD,113.00,posted,2026-01-26T19:07:00Z
transactions-003379,TX-0003379,AC-00179,2026-01-26T19:18:00Z,refund,card,services,USD,151.75,posted,2026-01-26T19:18:00Z
transactions-003380,TX-0003380,AC-00180,2026-01-26T19:29:00Z,credit,atm,travel,USD,135.25,posted,2026-01-26T19:29:00Z
transactions-003381,TX-0003381,AC-00181,2026-01-26T19:40:00Z,refund,atm,utilities,USD,15.00,posted,2026-01-26T19:40:00Z
transactions-003382,TX-0003382,AC-00182,2026-01-26T19:51:00Z,refund,branch,utilities,USD,164.25,posted,2026-01-26T19:51:00Z
transactions-003383,TX-0003383,AC-00183,2026-01-26T20:02:00Z,debit,branch,travel,USD,44.25,posted,2026-01-26T20:02:00Z
transactions-003384,TX-0003384,AC-00184,2026-01-26T20:13:00Z,credit,card,utilities,USD,153.50,posted,2026-01-26T20:13:00Z
transactions-003385,TX-0003385,AC-00185,2026-01-26T20:24:00Z,credit,mobile,services,USD,79.50,posted,2026-01-26T20:24:00Z
transactions-003386,TX-0003386,AC-00186,2026-01-26T20:35:00Z,credit,branch,grocery,USD,138.25,posted,2026-01-26T20:35:00Z
transactions-003387,TX-0003387,AC-00187,2026-01-26T20:46:00Z,refund,card,grocery,USD,66.25,posted,2026-01-26T20:46:00Z
transactions-003388,TX-0003388,AC-00188,2026-01-26T20:57:00Z,credit,atm,utilities,USD,254.50,posted,2026-01-26T20:57:00Z
transactions-003389,TX-0003389,AC-00189,2026-01-26T21:08:00Z,refund,mobile,services,USD,276.75,posted,2026-01-26T21:08:00Z
transactions-003390,TX-0003390,AC-00190,2026-01-26T21:19:00Z,credit,card,grocery,USD,248.75,posted,2026-01-26T21:19:00Z
transactions-003391,TX-0003391,AC-00191,2026-01-26T21:30:00Z,credit,atm,travel,USD,239.00,posted,2026-01-26T21:30:00Z
transactions-003392,TX-0003392,AC-00192,2026-01-26T21:41:00Z,credit,mobile,grocery,USD,108.25,posted,2026-01-26T21:41:00Z
transactions-003393,TX-0003393,AC-00193,2026-01-26T21:52:00Z,credit,branch,utilities,USD,225.00,posted,2026-01-26T21:52:00Z
transactions-003394,TX-0003394,AC-00194,2026-01-26T22:03:00Z,refund,card,utilities,USD,137.75,posted,2026-01-26T22:03:00Z
transactions-003395,TX-0003395,AC-00195,2026-01-26T22:14:00Z,refund,mobile,services,USD,47.50,posted,2026-01-26T22:14:00Z
transactions-003396,TX-0003396,AC-00196,2026-01-26T22:25:00Z,credit,branch,travel,USD,158.75,posted,2026-01-26T22:25:00Z
transactions-003397,TX-0003397,AC-00197,2026-01-26T22:36:00Z,refund,card,services,USD,170.00,posted,2026-01-26T22:36:00Z
transactions-003398,TX-0003398,AC-00198,2026-01-26T22:47:00Z,debit,branch,services,USD,130.50,posted,2026-01-26T22:47:00Z
transactions-003399,TX-0003399,AC-00199,2026-01-26T22:58:00Z,refund,branch,services,USD,232.50,posted,2026-01-26T22:58:00Z
transactions-003400,TX-0003400,AC-00200,2026-01-26T23:09:00Z,refund,mobile,services,USD,294.50,posted,2026-01-26T23:09:00Z
transactions-003401,TX-0003401,AC-00201,2026-01-26T23:20:00Z,credit,mobile,grocery,USD,36.50,posted,2026-01-26T23:20:00Z
transactions-003402,TX-0003402,AC-00202,2026-01-26T23:31:00Z,credit,branch,grocery,USD,183.00,posted,2026-01-26T23:31:00Z
transactions-003403,TX-0003403,AC-00203,2026-01-26T23:42:00Z,credit,mobile,services,USD,90.50,posted,2026-01-26T23:42:00Z
transactions-003404,TX-0003404,AC-00204,2026-01-26T23:53:00Z,credit,card,utilities,USD,142.00,posted,2026-01-26T23:53:00Z
transactions-003405,TX-0003405,AC-00205,2026-01-27T00:04:00Z,refund,card,travel,USD,290.25,posted,2026-01-27T00:04:00Z
transactions-003406,TX-0003406,AC-00206,2026-01-27T00:15:00Z,credit,atm,services,USD,57.25,posted,2026-01-27T00:15:00Z
transactions-003407,TX-0003407,AC-00207,2026-01-27T00:26:00Z,refund,branch,travel,USD,128.25,posted,2026-01-27T00:26:00Z
transactions-003408,TX-0003408,AC-00208,2026-01-27T00:37:00Z,refund,branch,utilities,USD,255.25,posted,2026-01-27T00:37:00Z
transactions-003409,TX-0003409,AC-00209,2026-01-27T00:48:00Z,debit,mobile,grocery,USD,239.00,posted,2026-01-27T00:48:00Z
transactions-003410,TX-0003410,AC-00210,2026-01-27T00:59:00Z,debit,card,utilities,USD,60.50,posted,2026-01-27T00:59:00Z
transactions-003411,TX-0003411,AC-00211,2026-01-27T01:10:00Z,debit,card,utilities,USD,119.00,posted,2026-01-27T01:10:00Z
transactions-003412,TX-0003412,AC-00212,2026-01-27T01:21:00Z,credit,card,services,USD,272.75,posted,2026-01-27T01:21:00Z
transactions-003413,TX-0003413,AC-00213,2026-01-27T01:32:00Z,credit,branch,services,USD,152.25,posted,2026-01-27T01:32:00Z
transactions-003414,TX-0003414,AC-00214,2026-01-27T01:43:00Z,credit,branch,utilities,USD,198.25,posted,2026-01-27T01:43:00Z
transactions-003415,TX-0003415,AC-00215,2026-01-27T01:54:00Z,credit,atm,travel,USD,132.50,posted,2026-01-27T01:54:00Z
transactions-003416,TX-0003416,AC-00216,2026-01-27T02:05:00Z,credit,atm,travel,USD,125.50,posted,2026-01-27T02:05:00Z
transactions-003417,TX-0003417,AC-00217,2026-01-27T02:16:00Z,refund,mobile,grocery,USD,269.25,posted,2026-01-27T02:16:00Z
transactions-003418,TX-0003418,AC-00218,2026-01-27T02:27:00Z,debit,card,travel,USD,145.25,posted,2026-01-27T02:27:00Z
transactions-003419,TX-0003419,AC-00219,2026-01-27T02:38:00Z,refund,mobile,services,USD,59.75,posted,2026-01-27T02:38:00Z
transactions-003420,TX-0003420,AC-00220,2026-01-27T02:49:00Z,refund,branch,travel,USD,112.00,posted,2026-01-27T02:49:00Z
transactions-003421,TX-0003421,AC-00221,2026-01-27T03:00:00Z,credit,branch,utilities,USD,279.75,posted,2026-01-27T03:00:00Z
transactions-003422,TX-0003422,AC-00222,2026-01-27T03:11:00Z,refund,atm,services,USD,290.75,posted,2026-01-27T03:11:00Z
transactions-003423,TX-0003423,AC-00223,2026-01-27T03:22:00Z,refund,atm,services,USD,54.75,posted,2026-01-27T03:22:00Z
transactions-003424,TX-0003424,AC-00224,2026-01-27T03:33:00Z,refund,mobile,travel,USD,27.00,posted,2026-01-27T03:33:00Z
transactions-003425,TX-0003425,AC-00225,2026-01-27T03:44:00Z,debit,mobile,utilities,USD,174.50,posted,2026-01-27T03:44:00Z
transactions-003426,TX-0003426,AC-00226,2026-01-27T03:55:00Z,credit,mobile,grocery,USD,253.50,posted,2026-01-27T03:55:00Z
transactions-003427,TX-0003427,AC-00227,2026-01-27T04:06:00Z,refund,branch,services,USD,16.25,posted,2026-01-27T04:06:00Z
transactions-003428,TX-0003428,AC-00228,2026-01-27T04:17:00Z,refund,mobile,utilities,USD,176.50,posted,2026-01-27T04:17:00Z
transactions-003429,TX-0003429,AC-00229,2026-01-27T04:28:00Z,debit,mobile,services,USD,241.00,posted,2026-01-27T04:28:00Z
transactions-003430,TX-0003430,AC-00230,2026-01-27T04:39:00Z,refund,branch,travel,USD,199.00,posted,2026-01-27T04:39:00Z
transactions-003431,TX-0003431,AC-00231,2026-01-27T04:50:00Z,refund,mobile,services,USD,295.25,posted,2026-01-27T04:50:00Z
transactions-003432,TX-0003432,AC-00232,2026-01-27T05:01:00Z,credit,branch,travel,USD,77.50,posted,2026-01-27T05:01:00Z
transactions-003433,TX-0003433,AC-00233,2026-01-27T05:12:00Z,credit,mobile,utilities,USD,180.00,posted,2026-01-27T05:12:00Z
transactions-003434,TX-0003434,AC-00234,2026-01-27T05:23:00Z,debit,atm,utilities,USD,180.75,posted,2026-01-27T05:23:00Z
transactions-003435,TX-0003435,AC-00235,2026-01-27T05:34:00Z,credit,atm,grocery,USD,39.25,posted,2026-01-27T05:34:00Z
transactions-003436,TX-0003436,AC-00236,2026-01-27T05:45:00Z,debit,atm,grocery,USD,131.50,posted,2026-01-27T05:45:00Z
transactions-003437,TX-0003437,AC-00237,2026-01-27T05:56:00Z,debit,card,utilities,USD,128.00,posted,2026-01-27T05:56:00Z
transactions-003438,TX-0003438,AC-00238,2026-01-27T06:07:00Z,refund,mobile,utilities,USD,119.75,posted,2026-01-27T06:07:00Z
transactions-003439,TX-0003439,AC-00239,2026-01-27T06:18:00Z,debit,atm,utilities,USD,112.25,posted,2026-01-27T06:18:00Z
transactions-003440,TX-0003440,AC-00240,2026-01-27T06:29:00Z,debit,branch,services,USD,95.50,posted,2026-01-27T06:29:00Z
transactions-003441,TX-0003441,AC-00241,2026-01-27T06:40:00Z,refund,branch,services,USD,248.00,posted,2026-01-27T06:40:00Z
transactions-003442,TX-0003442,AC-00242,2026-01-27T06:51:00Z,credit,atm,travel,USD,48.00,posted,2026-01-27T06:51:00Z
transactions-003443,TX-0003443,AC-00243,2026-01-27T07:02:00Z,credit,branch,utilities,USD,103.50,posted,2026-01-27T07:02:00Z
transactions-003444,TX-0003444,AC-00244,2026-01-27T07:13:00Z,credit,branch,travel,USD,248.50,posted,2026-01-27T07:13:00Z
transactions-003445,TX-0003445,AC-00245,2026-01-27T07:24:00Z,refund,atm,utilities,USD,225.25,posted,2026-01-27T07:24:00Z
transactions-003446,TX-0003446,AC-00246,2026-01-27T07:35:00Z,refund,atm,travel,USD,194.75,posted,2026-01-27T07:35:00Z
transactions-003447,TX-0003447,AC-00247,2026-01-27T07:46:00Z,credit,card,utilities,USD,166.75,posted,2026-01-27T07:46:00Z
transactions-003448,TX-0003448,AC-00248,2026-01-27T07:57:00Z,credit,branch,services,USD,43.75,posted,2026-01-27T07:57:00Z
transactions-003449,TX-0003449,AC-00249,2026-01-27T08:08:00Z,refund,mobile,grocery,USD,229.00,posted,2026-01-27T08:08:00Z
transactions-003450,TX-0003450,AC-00250,2026-01-27T08:19:00Z,debit,atm,grocery,USD,146.00,posted,2026-01-27T08:19:00Z
transactions-003451,TX-0003451,AC-00251,2026-01-27T08:30:00Z,credit,mobile,utilities,USD,139.50,posted,2026-01-27T08:30:00Z
transactions-003452,TX-0003452,AC-00252,2026-01-27T08:41:00Z,credit,mobile,travel,USD,249.50,posted,2026-01-27T08:41:00Z
transactions-003453,TX-0003453,AC-00253,2026-01-27T08:52:00Z,credit,branch,grocery,USD,132.50,posted,2026-01-27T08:52:00Z
transactions-003454,TX-0003454,AC-00254,2026-01-27T09:03:00Z,debit,card,services,USD,1.00,posted,2026-01-27T09:03:00Z
transactions-003455,TX-0003455,AC-00255,2026-01-27T09:14:00Z,refund,branch,utilities,USD,123.00,posted,2026-01-27T09:14:00Z
transactions-003456,TX-0003456,AC-00256,2026-01-27T09:25:00Z,credit,branch,grocery,USD,5.00,posted,2026-01-27T09:25:00Z
transactions-003457,TX-0003457,AC-00257,2026-01-27T09:36:00Z,refund,mobile,grocery,USD,296.75,posted,2026-01-27T09:36:00Z
transactions-003458,TX-0003458,AC-00258,2026-01-27T09:47:00Z,debit,atm,services,USD,95.50,posted,2026-01-27T09:47:00Z
transactions-003459,TX-0003459,AC-00259,2026-01-27T09:58:00Z,credit,atm,utilities,USD,45.00,posted,2026-01-27T09:58:00Z
transactions-003460,TX-0003460,AC-00260,2026-01-27T10:09:00Z,refund,mobile,grocery,USD,232.25,posted,2026-01-27T10:09:00Z
transactions-003461,TX-0003461,AC-00261,2026-01-27T10:20:00Z,refund,atm,services,USD,52.00,posted,2026-01-27T10:20:00Z
transactions-003462,TX-0003462,AC-00262,2026-01-27T10:31:00Z,credit,atm,services,USD,245.50,posted,2026-01-27T10:31:00Z
transactions-003463,TX-0003463,AC-00263,2026-01-27T10:42:00Z,refund,atm,grocery,USD,179.75,posted,2026-01-27T10:42:00Z
transactions-003464,TX-0003464,AC-00264,2026-01-27T10:53:00Z,debit,branch,grocery,USD,205.25,posted,2026-01-27T10:53:00Z
transactions-003465,TX-0003465,AC-00265,2026-01-27T11:04:00Z,debit,atm,grocery,USD,37.75,posted,2026-01-27T11:04:00Z
transactions-003466,TX-0003466,AC-00266,2026-01-27T11:15:00Z,refund,card,travel,USD,134.00,posted,2026-01-27T11:15:00Z
transactions-003467,TX-0003467,AC-00267,2026-01-27T11:26:00Z,refund,atm,services,USD,262.00,posted,2026-01-27T11:26:00Z
transactions-003468,TX-0003468,AC-00268,2026-01-27T11:37:00Z,refund,card,utilities,USD,179.75,posted,2026-01-27T11:37:00Z
transactions-003469,TX-0003469,AC-00269,2026-01-27T11:48:00Z,debit,branch,travel,USD,11.50,posted,2026-01-27T11:48:00Z
transactions-003470,TX-0003470,AC-00270,2026-01-27T11:59:00Z,debit,mobile,utilities,USD,289.50,posted,2026-01-27T11:59:00Z
transactions-003471,TX-0003471,AC-00271,2026-01-27T12:10:00Z,credit,card,grocery,USD,142.00,posted,2026-01-27T12:10:00Z
transactions-003472,TX-0003472,AC-00272,2026-01-27T12:21:00Z,refund,mobile,utilities,USD,140.25,posted,2026-01-27T12:21:00Z
transactions-003473,TX-0003473,AC-00273,2026-01-27T12:32:00Z,refund,atm,grocery,USD,186.25,posted,2026-01-27T12:32:00Z
transactions-003474,TX-0003474,AC-00274,2026-01-27T12:43:00Z,credit,mobile,utilities,USD,139.50,posted,2026-01-27T12:43:00Z
transactions-003475,TX-0003475,AC-00275,2026-01-27T12:54:00Z,debit,branch,utilities,USD,131.00,posted,2026-01-27T12:54:00Z
transactions-003476,TX-0003476,AC-00276,2026-01-27T13:05:00Z,credit,card,services,USD,120.50,posted,2026-01-27T13:05:00Z
transactions-003477,TX-0003477,AC-00277,2026-01-27T13:16:00Z,refund,atm,travel,USD,3.75,posted,2026-01-27T13:16:00Z
transactions-003478,TX-0003478,AC-00278,2026-01-27T13:27:00Z,refund,branch,grocery,USD,265.75,posted,2026-01-27T13:27:00Z
transactions-003479,TX-0003479,AC-00279,2026-01-27T13:38:00Z,credit,atm,travel,USD,158.25,posted,2026-01-27T13:38:00Z
transactions-003480,TX-0003480,AC-00280,2026-01-27T13:49:00Z,refund,mobile,utilities,USD,216.75,posted,2026-01-27T13:49:00Z
transactions-003481,TX-0003481,AC-00281,2026-01-27T14:00:00Z,refund,mobile,services,USD,114.50,posted,2026-01-27T14:00:00Z
transactions-003482,TX-0003482,AC-00282,2026-01-27T14:11:00Z,credit,atm,services,USD,33.25,posted,2026-01-27T14:11:00Z
transactions-003483,TX-0003483,AC-00283,2026-01-27T14:22:00Z,credit,atm,travel,USD,138.00,posted,2026-01-27T14:22:00Z
transactions-003484,TX-0003484,AC-00284,2026-01-27T14:33:00Z,refund,mobile,travel,USD,76.25,posted,2026-01-27T14:33:00Z
transactions-003485,TX-0003485,AC-00285,2026-01-27T14:44:00Z,refund,card,grocery,USD,59.00,posted,2026-01-27T14:44:00Z
transactions-003486,TX-0003486,AC-00286,2026-01-27T14:55:00Z,refund,card,grocery,USD,188.25,posted,2026-01-27T14:55:00Z
transactions-003487,TX-0003487,AC-00287,2026-01-27T15:06:00Z,refund,mobile,services,USD,271.50,posted,2026-01-27T15:06:00Z
transactions-003488,TX-0003488,AC-00288,2026-01-27T15:17:00Z,refund,mobile,travel,USD,2.50,posted,2026-01-27T15:17:00Z
transactions-003489,TX-0003489,AC-00289,2026-01-27T15:28:00Z,debit,atm,services,USD,236.50,posted,2026-01-27T15:28:00Z
transactions-003490,TX-0003490,AC-00290,2026-01-27T15:39:00Z,debit,branch,services,USD,288.75,posted,2026-01-27T15:39:00Z
transactions-003491,TX-0003491,AC-00291,2026-01-27T15:50:00Z,refund,card,travel,USD,110.50,posted,2026-01-27T15:50:00Z
transactions-003492,TX-0003492,AC-00292,2026-01-27T16:01:00Z,refund,mobile,travel,USD,171.50,posted,2026-01-27T16:01:00Z
transactions-003493,TX-0003493,AC-00293,2026-01-27T16:12:00Z,refund,branch,utilities,USD,165.25,posted,2026-01-27T16:12:00Z
transactions-003494,TX-0003494,AC-00294,2026-01-27T16:23:00Z,refund,card,services,USD,216.75,posted,2026-01-27T16:23:00Z
transactions-003495,TX-0003495,AC-00295,2026-01-27T16:34:00Z,debit,atm,services,USD,205.75,posted,2026-01-27T16:34:00Z
transactions-003496,TX-0003496,AC-00296,2026-01-27T16:45:00Z,credit,atm,utilities,USD,189.25,posted,2026-01-27T16:45:00Z
transactions-003497,TX-0003497,AC-00297,2026-01-27T16:56:00Z,credit,mobile,travel,USD,185.00,posted,2026-01-27T16:56:00Z
transactions-003498,TX-0003498,AC-00298,2026-01-27T17:07:00Z,debit,card,travel,USD,142.75,posted,2026-01-27T17:07:00Z
transactions-003499,TX-0003499,AC-00299,2026-01-27T17:18:00Z,refund,branch,grocery,USD,200.25,posted,2026-01-27T17:18:00Z
transactions-003500,TX-0003500,AC-00300,2026-01-27T17:29:00Z,debit,atm,services,USD,32.75,posted,2026-01-27T17:29:00Z
transactions-003501,TX-0003501,AC-00301,2026-01-27T17:40:00Z,credit,atm,utilities,USD,36.00,posted,2026-01-27T17:40:00Z
transactions-003502,TX-0003502,AC-00302,2026-01-27T17:51:00Z,debit,card,utilities,USD,41.00,posted,2026-01-27T17:51:00Z
transactions-003503,TX-0003503,AC-00303,2026-01-27T18:02:00Z,refund,atm,grocery,USD,22.00,posted,2026-01-27T18:02:00Z
transactions-003504,TX-0003504,AC-00304,2026-01-27T18:13:00Z,refund,branch,services,USD,117.50,posted,2026-01-27T18:13:00Z
transactions-003505,TX-0003505,AC-00305,2026-01-27T18:24:00Z,refund,branch,services,USD,211.50,posted,2026-01-27T18:24:00Z
transactions-003506,TX-0003506,AC-00306,2026-01-27T18:35:00Z,credit,mobile,grocery,USD,263.00,posted,2026-01-27T18:35:00Z
transactions-003507,TX-0003507,AC-00307,2026-01-27T18:46:00Z,credit,mobile,services,USD,122.00,posted,2026-01-27T18:46:00Z
transactions-003508,TX-0003508,AC-00308,2026-01-27T18:57:00Z,credit,card,utilities,USD,168.75,posted,2026-01-27T18:57:00Z
transactions-003509,TX-0003509,AC-00309,2026-01-27T19:08:00Z,credit,atm,utilities,USD,270.75,posted,2026-01-27T19:08:00Z
transactions-003510,TX-0003510,AC-00310,2026-01-27T19:19:00Z,credit,card,services,USD,24.50,posted,2026-01-27T19:19:00Z
transactions-003511,TX-0003511,AC-00311,2026-01-27T19:30:00Z,debit,branch,travel,USD,276.00,posted,2026-01-27T19:30:00Z
transactions-003512,TX-0003512,AC-00312,2026-01-27T19:41:00Z,credit,atm,utilities,USD,67.00,posted,2026-01-27T19:41:00Z
transactions-003513,TX-0003513,AC-00313,2026-01-27T19:52:00Z,credit,branch,grocery,USD,218.75,posted,2026-01-27T19:52:00Z
transactions-003514,TX-0003514,AC-00314,2026-01-27T20:03:00Z,debit,atm,utilities,USD,159.00,posted,2026-01-27T20:03:00Z
transactions-003515,TX-0003515,AC-00315,2026-01-27T20:14:00Z,refund,branch,travel,USD,86.25,posted,2026-01-27T20:14:00Z
transactions-003516,TX-0003516,AC-00316,2026-01-27T20:25:00Z,debit,card,grocery,USD,38.75,posted,2026-01-27T20:25:00Z
transactions-003517,TX-0003517,AC-00317,2026-01-27T20:36:00Z,debit,branch,grocery,USD,30.50,posted,2026-01-27T20:36:00Z
transactions-003518,TX-0003518,AC-00318,2026-01-27T20:47:00Z,refund,branch,grocery,USD,219.75,posted,2026-01-27T20:47:00Z
transactions-003519,TX-0003519,AC-00319,2026-01-27T20:58:00Z,credit,mobile,services,USD,119.00,posted,2026-01-27T20:58:00Z
transactions-003520,TX-0003520,AC-00320,2026-01-27T21:09:00Z,credit,card,utilities,USD,161.00,posted,2026-01-27T21:09:00Z
transactions-003521,TX-0003521,AC-00001,2026-01-27T21:20:00Z,refund,mobile,utilities,USD,55.75,posted,2026-01-27T21:20:00Z
transactions-003522,TX-0003522,AC-00002,2026-01-27T21:31:00Z,debit,atm,services,USD,180.75,posted,2026-01-27T21:31:00Z
transactions-003523,TX-0003523,AC-00003,2026-01-27T21:42:00Z,refund,card,utilities,USD,36.50,posted,2026-01-27T21:42:00Z
transactions-003524,TX-0003524,AC-00004,2026-01-27T21:53:00Z,debit,mobile,grocery,USD,269.50,posted,2026-01-27T21:53:00Z
transactions-003525,TX-0003525,AC-00005,2026-01-27T22:04:00Z,credit,mobile,grocery,USD,241.25,posted,2026-01-27T22:04:00Z
transactions-003526,TX-0003526,AC-00006,2026-01-27T22:15:00Z,debit,branch,travel,USD,212.50,posted,2026-01-27T22:15:00Z
transactions-003527,TX-0003527,AC-00007,2026-01-27T22:26:00Z,debit,card,utilities,USD,103.00,posted,2026-01-27T22:26:00Z
transactions-003528,TX-0003528,AC-00008,2026-01-27T22:37:00Z,credit,card,services,USD,283.50,posted,2026-01-27T22:37:00Z
transactions-003529,TX-0003529,AC-00009,2026-01-27T22:48:00Z,debit,branch,grocery,USD,146.50,posted,2026-01-27T22:48:00Z
transactions-003530,TX-0003530,AC-00010,2026-01-27T22:59:00Z,credit,branch,grocery,USD,69.00,posted,2026-01-27T22:59:00Z
transactions-003531,TX-0003531,AC-00011,2026-01-27T23:10:00Z,credit,atm,services,USD,195.25,posted,2026-01-27T23:10:00Z
transactions-003532,TX-0003532,AC-00012,2026-01-27T23:21:00Z,credit,atm,utilities,USD,52.00,posted,2026-01-27T23:21:00Z
transactions-003533,TX-0003533,AC-00013,2026-01-27T23:32:00Z,refund,branch,grocery,USD,134.50,posted,2026-01-27T23:32:00Z
transactions-003534,TX-0003534,AC-00014,2026-01-27T23:43:00Z,credit,atm,services,USD,91.50,posted,2026-01-27T23:43:00Z
transactions-003535,TX-0003535,AC-00015,2026-01-27T23:54:00Z,debit,atm,utilities,USD,248.50,posted,2026-01-27T23:54:00Z
transactions-003536,TX-0003536,AC-00016,2026-01-28T00:05:00Z,credit,mobile,services,USD,213.25,posted,2026-01-28T00:05:00Z
transactions-003537,TX-0003537,AC-00017,2026-01-28T00:16:00Z,debit,branch,utilities,USD,26.25,posted,2026-01-28T00:16:00Z
transactions-003538,TX-0003538,AC-00018,2026-01-28T00:27:00Z,refund,branch,travel,USD,209.50,posted,2026-01-28T00:27:00Z
transactions-003539,TX-0003539,AC-00019,2026-01-28T00:38:00Z,debit,card,services,USD,163.75,posted,2026-01-28T00:38:00Z
transactions-003540,TX-0003540,AC-00020,2026-01-28T00:49:00Z,credit,branch,utilities,USD,229.75,posted,2026-01-28T00:49:00Z
transactions-003541,TX-0003541,AC-00021,2026-01-28T01:00:00Z,credit,mobile,travel,USD,163.50,posted,2026-01-28T01:00:00Z
transactions-003542,TX-0003542,AC-00022,2026-01-28T01:11:00Z,debit,card,utilities,USD,105.75,posted,2026-01-28T01:11:00Z
transactions-003543,TX-0003543,AC-00023,2026-01-28T01:22:00Z,debit,card,travel,USD,151.00,posted,2026-01-28T01:22:00Z
transactions-003544,TX-0003544,AC-00024,2026-01-28T01:33:00Z,refund,card,services,USD,23.00,posted,2026-01-28T01:33:00Z
transactions-003545,TX-0003545,AC-00025,2026-01-28T01:44:00Z,debit,card,utilities,USD,180.00,posted,2026-01-28T01:44:00Z
transactions-003546,TX-0003546,AC-00026,2026-01-28T01:55:00Z,debit,card,grocery,USD,124.00,posted,2026-01-28T01:55:00Z
transactions-003547,TX-0003547,AC-00027,2026-01-28T02:06:00Z,refund,branch,grocery,USD,87.75,posted,2026-01-28T02:06:00Z
transactions-003548,TX-0003548,AC-00028,2026-01-28T02:17:00Z,credit,branch,utilities,USD,34.75,posted,2026-01-28T02:17:00Z
transactions-003549,TX-0003549,AC-00029,2026-01-28T02:28:00Z,refund,atm,services,USD,74.00,posted,2026-01-28T02:28:00Z
transactions-003550,TX-0003550,AC-00030,2026-01-28T02:39:00Z,debit,branch,services,USD,160.50,posted,2026-01-28T02:39:00Z
transactions-003551,TX-0003551,AC-00031,2026-01-28T02:50:00Z,credit,card,grocery,USD,21.25,posted,2026-01-28T02:50:00Z
transactions-003552,TX-0003552,AC-00032,2026-01-28T03:01:00Z,debit,atm,travel,USD,277.25,posted,2026-01-28T03:01:00Z
transactions-003553,TX-0003553,AC-00033,2026-01-28T03:12:00Z,credit,atm,grocery,USD,235.75,posted,2026-01-28T03:12:00Z
transactions-003554,TX-0003554,AC-00034,2026-01-28T03:23:00Z,refund,mobile,grocery,USD,100.75,posted,2026-01-28T03:23:00Z
transactions-003555,TX-0003555,AC-00035,2026-01-28T03:34:00Z,credit,mobile,grocery,USD,81.50,posted,2026-01-28T03:34:00Z
transactions-003556,TX-0003556,AC-00036,2026-01-28T03:45:00Z,debit,branch,grocery,USD,222.25,posted,2026-01-28T03:45:00Z
transactions-003557,TX-0003557,AC-00037,2026-01-28T03:56:00Z,credit,atm,travel,USD,14.75,posted,2026-01-28T03:56:00Z
transactions-003558,TX-0003558,AC-00038,2026-01-28T04:07:00Z,debit,card,grocery,USD,270.25,posted,2026-01-28T04:07:00Z
transactions-003559,TX-0003559,AC-00039,2026-01-28T04:18:00Z,refund,branch,travel,USD,190.25,posted,2026-01-28T04:18:00Z
transactions-003560,TX-0003560,AC-00040,2026-01-28T04:29:00Z,refund,atm,grocery,USD,199.75,posted,2026-01-28T04:29:00Z
transactions-003561,TX-0003561,AC-00041,2026-01-28T04:40:00Z,debit,atm,services,USD,264.75,posted,2026-01-28T04:40:00Z
transactions-003562,TX-0003562,AC-00042,2026-01-28T04:51:00Z,refund,atm,services,USD,60.25,posted,2026-01-28T04:51:00Z
transactions-003563,TX-0003563,AC-00043,2026-01-28T05:02:00Z,debit,mobile,grocery,USD,99.50,posted,2026-01-28T05:02:00Z
transactions-003564,TX-0003564,AC-00044,2026-01-28T05:13:00Z,credit,atm,grocery,USD,83.50,posted,2026-01-28T05:13:00Z
transactions-003565,TX-0003565,AC-00045,2026-01-28T05:24:00Z,debit,mobile,travel,USD,228.50,posted,2026-01-28T05:24:00Z
transactions-003566,TX-0003566,AC-00046,2026-01-28T05:35:00Z,credit,card,utilities,USD,4.00,posted,2026-01-28T05:35:00Z
transactions-003567,TX-0003567,AC-00047,2026-01-28T05:46:00Z,debit,mobile,grocery,USD,111.50,posted,2026-01-28T05:46:00Z
transactions-003568,TX-0003568,AC-00048,2026-01-28T05:57:00Z,debit,branch,grocery,USD,139.25,posted,2026-01-28T05:57:00Z
transactions-003569,TX-0003569,AC-00049,2026-01-28T06:08:00Z,refund,branch,services,USD,195.00,posted,2026-01-28T06:08:00Z
transactions-003570,TX-0003570,AC-00050,2026-01-28T06:19:00Z,debit,atm,travel,USD,211.00,posted,2026-01-28T06:19:00Z
transactions-003571,TX-0003571,AC-00051,2026-01-28T06:30:00Z,credit,card,travel,USD,113.75,posted,2026-01-28T06:30:00Z
transactions-003572,TX-0003572,AC-00052,2026-01-28T06:41:00Z,credit,branch,grocery,USD,62.50,posted,2026-01-28T06:41:00Z
transactions-003573,TX-0003573,AC-00053,2026-01-28T06:52:00Z,refund,card,travel,USD,88.75,posted,2026-01-28T06:52:00Z
transactions-003574,TX-0003574,AC-00054,2026-01-28T07:03:00Z,refund,card,travel,USD,56.50,posted,2026-01-28T07:03:00Z
transactions-003575,TX-0003575,AC-00055,2026-01-28T07:14:00Z,refund,atm,grocery,USD,22.50,posted,2026-01-28T07:14:00Z
transactions-003576,TX-0003576,AC-00056,2026-01-28T07:25:00Z,credit,branch,services,USD,167.50,posted,2026-01-28T07:25:00Z
transactions-003577,TX-0003577,AC-00057,2026-01-28T07:36:00Z,debit,mobile,utilities,USD,222.25,posted,2026-01-28T07:36:00Z
transactions-003578,TX-0003578,AC-00058,2026-01-28T07:47:00Z,debit,mobile,services,USD,128.25,posted,2026-01-28T07:47:00Z
transactions-003579,TX-0003579,AC-00059,2026-01-28T07:58:00Z,credit,card,grocery,USD,152.25,posted,2026-01-28T07:58:00Z
transactions-003580,TX-0003580,AC-00060,2026-01-28T08:09:00Z,refund,mobile,services,USD,170.00,posted,2026-01-28T08:09:00Z
transactions-003581,TX-0003581,AC-00061,2026-01-28T08:20:00Z,refund,card,services,USD,57.00,posted,2026-01-28T08:20:00Z
transactions-003582,TX-0003582,AC-00062,2026-01-28T08:31:00Z,debit,card,services,USD,55.50,posted,2026-01-28T08:31:00Z
transactions-003583,TX-0003583,AC-00063,2026-01-28T08:42:00Z,refund,card,travel,USD,144.25,posted,2026-01-28T08:42:00Z
transactions-003584,TX-0003584,AC-00064,2026-01-28T08:53:00Z,refund,mobile,grocery,USD,165.25,posted,2026-01-28T08:53:00Z
transactions-003585,TX-0003585,AC-00065,2026-01-28T09:04:00Z,refund,card,utilities,USD,246.00,posted,2026-01-28T09:04:00Z
transactions-003586,TX-0003586,AC-00066,2026-01-28T09:15:00Z,debit,card,utilities,USD,127.50,posted,2026-01-28T09:15:00Z
transactions-003587,TX-0003587,AC-00067,2026-01-28T09:26:00Z,refund,branch,grocery,USD,21.00,posted,2026-01-28T09:26:00Z
transactions-003588,TX-0003588,AC-00068,2026-01-28T09:37:00Z,refund,atm,grocery,USD,39.50,posted,2026-01-28T09:37:00Z
transactions-003589,TX-0003589,AC-00069,2026-01-28T09:48:00Z,refund,branch,services,USD,51.50,posted,2026-01-28T09:48:00Z
transactions-003590,TX-0003590,AC-00070,2026-01-28T09:59:00Z,refund,card,grocery,USD,145.50,posted,2026-01-28T09:59:00Z
transactions-003591,TX-0003591,AC-00071,2026-01-28T10:10:00Z,refund,atm,services,USD,10.00,posted,2026-01-28T10:10:00Z
transactions-003592,TX-0003592,AC-00072,2026-01-28T10:21:00Z,debit,card,utilities,USD,167.75,posted,2026-01-28T10:21:00Z
transactions-003593,TX-0003593,AC-00073,2026-01-28T10:32:00Z,refund,card,services,USD,28.00,posted,2026-01-28T10:32:00Z
transactions-003594,TX-0003594,AC-00074,2026-01-28T10:43:00Z,credit,mobile,travel,USD,27.75,posted,2026-01-28T10:43:00Z
transactions-003595,TX-0003595,AC-00075,2026-01-28T10:54:00Z,debit,branch,services,USD,20.00,posted,2026-01-28T10:54:00Z
transactions-003596,TX-0003596,AC-00076,2026-01-28T11:05:00Z,debit,branch,travel,USD,246.00,posted,2026-01-28T11:05:00Z
transactions-003597,TX-0003597,AC-00077,2026-01-28T11:16:00Z,debit,card,travel,USD,100.25,posted,2026-01-28T11:16:00Z
transactions-003598,TX-0003598,AC-00078,2026-01-28T11:27:00Z,refund,branch,services,USD,168.75,posted,2026-01-28T11:27:00Z
transactions-003599,TX-0003599,AC-00079,2026-01-28T11:38:00Z,debit,mobile,travel,USD,10.75,posted,2026-01-28T11:38:00Z
transactions-003600,TX-0003600,AC-00080,2026-01-28T11:49:00Z,debit,card,grocery,USD,199.00,posted,2026-01-28T11:49:00Z
transactions-003601,TX-0003601,AC-00081,2026-01-28T12:00:00Z,credit,atm,travel,USD,129.25,posted,2026-01-28T12:00:00Z
transactions-003602,TX-0003602,AC-00082,2026-01-28T12:11:00Z,credit,mobile,travel,USD,145.50,posted,2026-01-28T12:11:00Z
transactions-003603,TX-0003603,AC-00083,2026-01-28T12:22:00Z,credit,card,travel,USD,251.00,posted,2026-01-28T12:22:00Z
transactions-003604,TX-0003604,AC-00084,2026-01-28T12:33:00Z,debit,mobile,grocery,USD,258.75,posted,2026-01-28T12:33:00Z
transactions-003605,TX-0003605,AC-00085,2026-01-28T12:44:00Z,credit,mobile,utilities,USD,73.50,posted,2026-01-28T12:44:00Z
transactions-003606,TX-0003606,AC-00086,2026-01-28T12:55:00Z,debit,mobile,services,USD,89.75,posted,2026-01-28T12:55:00Z
transactions-003607,TX-0003607,AC-00087,2026-01-28T13:06:00Z,credit,mobile,utilities,USD,0.50,posted,2026-01-28T13:06:00Z
transactions-003608,TX-0003608,AC-00088,2026-01-28T13:17:00Z,refund,card,services,USD,66.25,posted,2026-01-28T13:17:00Z
transactions-003609,TX-0003609,AC-00089,2026-01-28T13:28:00Z,debit,mobile,travel,USD,40.75,posted,2026-01-28T13:28:00Z
transactions-003610,TX-0003610,AC-00090,2026-01-28T13:39:00Z,debit,card,grocery,USD,287.50,posted,2026-01-28T13:39:00Z
transactions-003611,TX-0003611,AC-00091,2026-01-28T13:50:00Z,refund,atm,services,USD,69.75,posted,2026-01-28T13:50:00Z
transactions-003612,TX-0003612,AC-00092,2026-01-28T14:01:00Z,refund,card,utilities,USD,149.25,posted,2026-01-28T14:01:00Z
transactions-003613,TX-0003613,AC-00093,2026-01-28T14:12:00Z,debit,mobile,grocery,USD,33.25,posted,2026-01-28T14:12:00Z
transactions-003614,TX-0003614,AC-00094,2026-01-28T14:23:00Z,credit,atm,grocery,USD,144.00,posted,2026-01-28T14:23:00Z
transactions-003615,TX-0003615,AC-00095,2026-01-28T14:34:00Z,debit,card,grocery,USD,194.25,posted,2026-01-28T14:34:00Z
transactions-003616,TX-0003616,AC-00096,2026-01-28T14:45:00Z,refund,card,travel,USD,258.75,posted,2026-01-28T14:45:00Z
transactions-003617,TX-0003617,AC-00097,2026-01-28T14:56:00Z,refund,atm,services,USD,35.00,posted,2026-01-28T14:56:00Z
transactions-003618,TX-0003618,AC-00098,2026-01-28T15:07:00Z,credit,branch,services,USD,169.00,posted,2026-01-28T15:07:00Z
transactions-003619,TX-0003619,AC-00099,2026-01-28T15:18:00Z,credit,branch,grocery,USD,134.50,posted,2026-01-28T15:18:00Z
transactions-003620,TX-0003620,AC-00100,2026-01-28T15:29:00Z,debit,card,utilities,USD,138.25,posted,2026-01-28T15:29:00Z
transactions-003621,TX-0003621,AC-00101,2026-01-28T15:40:00Z,refund,mobile,grocery,USD,24.50,posted,2026-01-28T15:40:00Z
transactions-003622,TX-0003622,AC-00102,2026-01-28T15:51:00Z,credit,atm,travel,USD,104.25,posted,2026-01-28T15:51:00Z
transactions-003623,TX-0003623,AC-00103,2026-01-28T16:02:00Z,debit,mobile,utilities,USD,140.50,posted,2026-01-28T16:02:00Z
transactions-003624,TX-0003624,AC-00104,2026-01-28T16:13:00Z,credit,atm,travel,USD,39.25,posted,2026-01-28T16:13:00Z
transactions-003625,TX-0003625,AC-00105,2026-01-28T16:24:00Z,debit,branch,grocery,USD,125.25,posted,2026-01-28T16:24:00Z
transactions-003626,TX-0003626,AC-00106,2026-01-28T16:35:00Z,refund,card,grocery,USD,201.50,posted,2026-01-28T16:35:00Z
transactions-003627,TX-0003627,AC-00107,2026-01-28T16:46:00Z,credit,card,travel,USD,292.50,posted,2026-01-28T16:46:00Z
transactions-003628,TX-0003628,AC-00108,2026-01-28T16:57:00Z,refund,atm,travel,USD,152.50,posted,2026-01-28T16:57:00Z
transactions-003629,TX-0003629,AC-00109,2026-01-28T17:08:00Z,refund,atm,services,USD,11.25,posted,2026-01-28T17:08:00Z
transactions-003630,TX-0003630,AC-00110,2026-01-28T17:19:00Z,credit,mobile,services,USD,273.75,posted,2026-01-28T17:19:00Z
transactions-003631,TX-0003631,AC-00111,2026-01-28T17:30:00Z,refund,card,utilities,USD,27.00,posted,2026-01-28T17:30:00Z
transactions-003632,TX-0003632,AC-00112,2026-01-28T17:41:00Z,refund,branch,travel,USD,87.25,posted,2026-01-28T17:41:00Z
transactions-003633,TX-0003633,AC-00113,2026-01-28T17:52:00Z,refund,mobile,services,USD,267.00,posted,2026-01-28T17:52:00Z
transactions-003634,TX-0003634,AC-00114,2026-01-28T18:03:00Z,credit,atm,grocery,USD,138.25,posted,2026-01-28T18:03:00Z
transactions-003635,TX-0003635,AC-00115,2026-01-28T18:14:00Z,credit,mobile,grocery,USD,272.75,posted,2026-01-28T18:14:00Z
transactions-003636,TX-0003636,AC-00116,2026-01-28T18:25:00Z,refund,branch,services,USD,251.00,posted,2026-01-28T18:25:00Z
transactions-003637,TX-0003637,AC-00117,2026-01-28T18:36:00Z,refund,atm,utilities,USD,168.75,posted,2026-01-28T18:36:00Z
transactions-003638,TX-0003638,AC-00118,2026-01-28T18:47:00Z,credit,card,grocery,USD,221.25,posted,2026-01-28T18:47:00Z
transactions-003639,TX-0003639,AC-00119,2026-01-28T18:58:00Z,refund,branch,utilities,USD,136.25,posted,2026-01-28T18:58:00Z
transactions-003640,TX-0003640,AC-00120,2026-01-28T19:09:00Z,debit,atm,utilities,USD,299.50,posted,2026-01-28T19:09:00Z
transactions-003641,TX-0003641,AC-00121,2026-01-28T19:20:00Z,refund,atm,grocery,USD,37.50,posted,2026-01-28T19:20:00Z
transactions-003642,TX-0003642,AC-00122,2026-01-28T19:31:00Z,refund,mobile,grocery,USD,287.25,posted,2026-01-28T19:31:00Z
transactions-003643,TX-0003643,AC-00123,2026-01-28T19:42:00Z,refund,atm,services,USD,59.00,posted,2026-01-28T19:42:00Z
transactions-003644,TX-0003644,AC-00124,2026-01-28T19:53:00Z,debit,card,utilities,USD,163.00,posted,2026-01-28T19:53:00Z
transactions-003645,TX-0003645,AC-00125,2026-01-28T20:04:00Z,credit,branch,services,USD,195.00,posted,2026-01-28T20:04:00Z
transactions-003646,TX-0003646,AC-00126,2026-01-28T20:15:00Z,refund,mobile,grocery,USD,137.50,posted,2026-01-28T20:15:00Z
transactions-003647,TX-0003647,AC-00127,2026-01-28T20:26:00Z,refund,atm,grocery,USD,100.25,posted,2026-01-28T20:26:00Z
transactions-003648,TX-0003648,AC-00128,2026-01-28T20:37:00Z,refund,card,travel,USD,41.50,posted,2026-01-28T20:37:00Z
transactions-003649,TX-0003649,AC-00129,2026-01-28T20:48:00Z,debit,card,utilities,USD,235.00,posted,2026-01-28T20:48:00Z
transactions-003650,TX-0003650,AC-00130,2026-01-28T20:59:00Z,refund,card,grocery,USD,245.25,posted,2026-01-28T20:59:00Z
transactions-003651,TX-0003651,AC-00131,2026-01-28T21:10:00Z,credit,atm,utilities,USD,104.25,posted,2026-01-28T21:10:00Z
transactions-003652,TX-0003652,AC-00132,2026-01-28T21:21:00Z,refund,card,grocery,USD,66.50,posted,2026-01-28T21:21:00Z
transactions-003653,TX-0003653,AC-00133,2026-01-28T21:32:00Z,refund,card,travel,USD,172.75,posted,2026-01-28T21:32:00Z
transactions-003654,TX-0003654,AC-00134,2026-01-28T21:43:00Z,debit,branch,grocery,USD,209.25,posted,2026-01-28T21:43:00Z
transactions-003655,TX-0003655,AC-00135,2026-01-28T21:54:00Z,debit,branch,grocery,USD,173.75,posted,2026-01-28T21:54:00Z
transactions-003656,TX-0003656,AC-00136,2026-01-28T22:05:00Z,credit,mobile,services,USD,173.00,posted,2026-01-28T22:05:00Z
transactions-003657,TX-0003657,AC-00137,2026-01-28T22:16:00Z,credit,branch,services,USD,26.50,posted,2026-01-28T22:16:00Z
transactions-003658,TX-0003658,AC-00138,2026-01-28T22:27:00Z,credit,branch,utilities,USD,155.25,posted,2026-01-28T22:27:00Z
transactions-003659,TX-0003659,AC-00139,2026-01-28T22:38:00Z,debit,branch,utilities,USD,294.25,posted,2026-01-28T22:38:00Z
transactions-003660,TX-0003660,AC-00140,2026-01-28T22:49:00Z,credit,atm,services,USD,261.25,posted,2026-01-28T22:49:00Z
transactions-003661,TX-0003661,AC-00141,2026-01-28T23:00:00Z,refund,atm,travel,USD,156.50,posted,2026-01-28T23:00:00Z
transactions-003662,TX-0003662,AC-00142,2026-01-28T23:11:00Z,debit,card,services,USD,277.50,posted,2026-01-28T23:11:00Z
transactions-003663,TX-0003663,AC-00143,2026-01-28T23:22:00Z,debit,branch,travel,USD,235.00,posted,2026-01-28T23:22:00Z
transactions-003664,TX-0003664,AC-00144,2026-01-28T23:33:00Z,credit,mobile,grocery,USD,161.25,posted,2026-01-28T23:33:00Z
transactions-003665,TX-0003665,AC-00145,2026-01-28T23:44:00Z,refund,card,services,USD,266.50,posted,2026-01-28T23:44:00Z
transactions-003666,TX-0003666,AC-00146,2026-01-28T23:55:00Z,refund,card,grocery,USD,50.50,posted,2026-01-28T23:55:00Z
transactions-003667,TX-0003667,AC-00147,2026-01-29T00:06:00Z,refund,card,travel,USD,108.50,posted,2026-01-29T00:06:00Z
transactions-003668,TX-0003668,AC-00148,2026-01-29T00:17:00Z,credit,mobile,utilities,USD,276.00,posted,2026-01-29T00:17:00Z
transactions-003669,TX-0003669,AC-00149,2026-01-29T00:28:00Z,credit,branch,services,USD,12.00,posted,2026-01-29T00:28:00Z
transactions-003670,TX-0003670,AC-00150,2026-01-29T00:39:00Z,refund,atm,utilities,USD,63.75,posted,2026-01-29T00:39:00Z
transactions-003671,TX-0003671,AC-00151,2026-01-29T00:50:00Z,debit,card,services,USD,277.50,posted,2026-01-29T00:50:00Z
transactions-003672,TX-0003672,AC-00152,2026-01-29T01:01:00Z,refund,atm,grocery,USD,164.25,posted,2026-01-29T01:01:00Z
transactions-003673,TX-0003673,AC-00153,2026-01-29T01:12:00Z,debit,card,services,USD,136.75,posted,2026-01-29T01:12:00Z
transactions-003674,TX-0003674,AC-00154,2026-01-29T01:23:00Z,credit,branch,grocery,USD,174.00,posted,2026-01-29T01:23:00Z
transactions-003675,TX-0003675,AC-00155,2026-01-29T01:34:00Z,refund,atm,utilities,USD,253.50,posted,2026-01-29T01:34:00Z
transactions-003676,TX-0003676,AC-00156,2026-01-29T01:45:00Z,debit,mobile,utilities,USD,19.25,posted,2026-01-29T01:45:00Z
transactions-003677,TX-0003677,AC-00157,2026-01-29T01:56:00Z,credit,mobile,grocery,USD,106.50,posted,2026-01-29T01:56:00Z
transactions-003678,TX-0003678,AC-00158,2026-01-29T02:07:00Z,credit,branch,travel,USD,223.75,posted,2026-01-29T02:07:00Z
transactions-003679,TX-0003679,AC-00159,2026-01-29T02:18:00Z,credit,card,services,USD,189.00,posted,2026-01-29T02:18:00Z
transactions-003680,TX-0003680,AC-00160,2026-01-29T02:29:00Z,debit,mobile,services,USD,105.25,posted,2026-01-29T02:29:00Z
transactions-003681,TX-0003681,AC-00161,2026-01-29T02:40:00Z,credit,branch,travel,USD,38.00,posted,2026-01-29T02:40:00Z
transactions-003682,TX-0003682,AC-00162,2026-01-29T02:51:00Z,credit,mobile,grocery,USD,237.75,posted,2026-01-29T02:51:00Z
transactions-003683,TX-0003683,AC-00163,2026-01-29T03:02:00Z,debit,mobile,utilities,USD,100.25,posted,2026-01-29T03:02:00Z
transactions-003684,TX-0003684,AC-00164,2026-01-29T03:13:00Z,refund,branch,travel,USD,256.00,posted,2026-01-29T03:13:00Z
transactions-003685,TX-0003685,AC-00165,2026-01-29T03:24:00Z,refund,atm,services,USD,118.75,posted,2026-01-29T03:24:00Z
transactions-003686,TX-0003686,AC-00166,2026-01-29T03:35:00Z,refund,mobile,utilities,USD,137.50,posted,2026-01-29T03:35:00Z
transactions-003687,TX-0003687,AC-00167,2026-01-29T03:46:00Z,credit,card,travel,USD,239.25,posted,2026-01-29T03:46:00Z
transactions-003688,TX-0003688,AC-00168,2026-01-29T03:57:00Z,debit,branch,services,USD,258.25,posted,2026-01-29T03:57:00Z
transactions-003689,TX-0003689,AC-00169,2026-01-29T04:08:00Z,debit,atm,grocery,USD,255.25,posted,2026-01-29T04:08:00Z
transactions-003690,TX-0003690,AC-00170,2026-01-29T04:19:00Z,refund,card,grocery,USD,147.75,posted,2026-01-29T04:19:00Z
transactions-003691,TX-0003691,AC-00171,2026-01-29T04:30:00Z,refund,mobile,utilities,USD,175.00,posted,2026-01-29T04:30:00Z
transactions-003692,TX-0003692,AC-00172,2026-01-29T04:41:00Z,refund,mobile,utilities,USD,225.50,posted,2026-01-29T04:41:00Z
transactions-003693,TX-0003693,AC-00173,2026-01-29T04:52:00Z,debit,card,travel,USD,266.50,posted,2026-01-29T04:52:00Z
transactions-003694,TX-0003694,AC-00174,2026-01-29T05:03:00Z,debit,card,grocery,USD,234.50,posted,2026-01-29T05:03:00Z
transactions-003695,TX-0003695,AC-00175,2026-01-29T05:14:00Z,credit,atm,utilities,USD,69.75,posted,2026-01-29T05:14:00Z
transactions-003696,TX-0003696,AC-00176,2026-01-29T05:25:00Z,credit,mobile,grocery,USD,209.25,posted,2026-01-29T05:25:00Z
transactions-003697,TX-0003697,AC-00177,2026-01-29T05:36:00Z,credit,mobile,utilities,USD,258.50,posted,2026-01-29T05:36:00Z
transactions-003698,TX-0003698,AC-00178,2026-01-29T05:47:00Z,debit,atm,travel,USD,168.50,posted,2026-01-29T05:47:00Z
transactions-003699,TX-0003699,AC-00179,2026-01-29T05:58:00Z,debit,branch,travel,USD,152.25,posted,2026-01-29T05:58:00Z
transactions-003700,TX-0003700,AC-00180,2026-01-29T06:09:00Z,refund,branch,travel,USD,226.25,posted,2026-01-29T06:09:00Z
transactions-003701,TX-0003701,AC-00181,2026-01-29T06:20:00Z,refund,atm,services,USD,134.50,posted,2026-01-29T06:20:00Z
transactions-003702,TX-0003702,AC-00182,2026-01-29T06:31:00Z,refund,branch,services,USD,233.75,posted,2026-01-29T06:31:00Z
transactions-003703,TX-0003703,AC-00183,2026-01-29T06:42:00Z,debit,atm,grocery,USD,164.50,posted,2026-01-29T06:42:00Z
transactions-003704,TX-0003704,AC-00184,2026-01-29T06:53:00Z,refund,branch,utilities,USD,201.50,posted,2026-01-29T06:53:00Z
transactions-003705,TX-0003705,AC-00185,2026-01-29T07:04:00Z,refund,branch,services,USD,39.25,posted,2026-01-29T07:04:00Z
transactions-003706,TX-0003706,AC-00186,2026-01-29T07:15:00Z,debit,atm,services,USD,260.75,posted,2026-01-29T07:15:00Z
transactions-003707,TX-0003707,AC-00187,2026-01-29T07:26:00Z,debit,mobile,grocery,USD,145.50,posted,2026-01-29T07:26:00Z
transactions-003708,TX-0003708,AC-00188,2026-01-29T07:37:00Z,debit,atm,grocery,USD,154.50,posted,2026-01-29T07:37:00Z
transactions-003709,TX-0003709,AC-00189,2026-01-29T07:48:00Z,credit,atm,utilities,USD,86.25,posted,2026-01-29T07:48:00Z
transactions-003710,TX-0003710,AC-00190,2026-01-29T07:59:00Z,credit,branch,travel,USD,90.00,posted,2026-01-29T07:59:00Z
transactions-003711,TX-0003711,AC-00191,2026-01-29T08:10:00Z,debit,atm,grocery,USD,247.00,posted,2026-01-29T08:10:00Z
transactions-003712,TX-0003712,AC-00192,2026-01-29T08:21:00Z,refund,mobile,travel,USD,96.50,posted,2026-01-29T08:21:00Z
transactions-003713,TX-0003713,AC-00193,2026-01-29T08:32:00Z,refund,atm,travel,USD,75.75,posted,2026-01-29T08:32:00Z
transactions-003714,TX-0003714,AC-00194,2026-01-29T08:43:00Z,credit,atm,utilities,USD,36.00,posted,2026-01-29T08:43:00Z
transactions-003715,TX-0003715,AC-00195,2026-01-29T08:54:00Z,credit,mobile,utilities,USD,270.50,posted,2026-01-29T08:54:00Z
transactions-003716,TX-0003716,AC-00196,2026-01-29T09:05:00Z,credit,mobile,travel,USD,173.50,posted,2026-01-29T09:05:00Z
transactions-003717,TX-0003717,AC-00197,2026-01-29T09:16:00Z,credit,mobile,utilities,USD,268.50,posted,2026-01-29T09:16:00Z
transactions-003718,TX-0003718,AC-00198,2026-01-29T09:27:00Z,refund,mobile,services,USD,45.75,posted,2026-01-29T09:27:00Z
transactions-003719,TX-0003719,AC-00199,2026-01-29T09:38:00Z,refund,atm,services,USD,209.25,posted,2026-01-29T09:38:00Z
transactions-003720,TX-0003720,AC-00200,2026-01-29T09:49:00Z,credit,atm,travel,USD,120.00,posted,2026-01-29T09:49:00Z
transactions-003721,TX-0003721,AC-00201,2026-01-29T10:00:00Z,credit,branch,travel,USD,190.75,posted,2026-01-29T10:00:00Z
transactions-003722,TX-0003722,AC-00202,2026-01-29T10:11:00Z,credit,mobile,utilities,USD,75.50,posted,2026-01-29T10:11:00Z
transactions-003723,TX-0003723,AC-00203,2026-01-29T10:22:00Z,credit,branch,grocery,USD,189.50,posted,2026-01-29T10:22:00Z
transactions-003724,TX-0003724,AC-00204,2026-01-29T10:33:00Z,credit,mobile,grocery,USD,144.75,posted,2026-01-29T10:33:00Z
transactions-003725,TX-0003725,AC-00205,2026-01-29T10:44:00Z,debit,mobile,grocery,USD,223.50,posted,2026-01-29T10:44:00Z
transactions-003726,TX-0003726,AC-00206,2026-01-29T10:55:00Z,credit,branch,services,USD,94.00,posted,2026-01-29T10:55:00Z
transactions-003727,TX-0003727,AC-00207,2026-01-29T11:06:00Z,refund,mobile,travel,USD,66.00,posted,2026-01-29T11:06:00Z
transactions-003728,TX-0003728,AC-00208,2026-01-29T11:17:00Z,credit,atm,utilities,USD,165.50,posted,2026-01-29T11:17:00Z
transactions-003729,TX-0003729,AC-00209,2026-01-29T11:28:00Z,debit,atm,services,USD,192.00,posted,2026-01-29T11:28:00Z
transactions-003730,TX-0003730,AC-00210,2026-01-29T11:39:00Z,credit,branch,travel,USD,16.25,posted,2026-01-29T11:39:00Z
transactions-003731,TX-0003731,AC-00211,2026-01-29T11:50:00Z,credit,atm,utilities,USD,151.25,posted,2026-01-29T11:50:00Z
transactions-003732,TX-0003732,AC-00212,2026-01-29T12:01:00Z,debit,atm,utilities,USD,14.00,posted,2026-01-29T12:01:00Z
transactions-003733,TX-0003733,AC-00213,2026-01-29T12:12:00Z,debit,branch,travel,USD,169.75,posted,2026-01-29T12:12:00Z
transactions-003734,TX-0003734,AC-00214,2026-01-29T12:23:00Z,debit,card,travel,USD,271.50,posted,2026-01-29T12:23:00Z
transactions-003735,TX-0003735,AC-00215,2026-01-29T12:34:00Z,credit,card,utilities,USD,176.50,posted,2026-01-29T12:34:00Z
transactions-003736,TX-0003736,AC-00216,2026-01-29T12:45:00Z,debit,atm,utilities,USD,199.00,posted,2026-01-29T12:45:00Z
transactions-003737,TX-0003737,AC-00217,2026-01-29T12:56:00Z,debit,branch,utilities,USD,44.00,posted,2026-01-29T12:56:00Z
transactions-003738,TX-0003738,AC-00218,2026-01-29T13:07:00Z,credit,mobile,grocery,USD,205.50,posted,2026-01-29T13:07:00Z
transactions-003739,TX-0003739,AC-00219,2026-01-29T13:18:00Z,refund,atm,services,USD,193.75,posted,2026-01-29T13:18:00Z
transactions-003740,TX-0003740,AC-00220,2026-01-29T13:29:00Z,debit,card,utilities,USD,4.50,posted,2026-01-29T13:29:00Z
transactions-003741,TX-0003741,AC-00221,2026-01-29T13:40:00Z,credit,mobile,services,USD,27.00,posted,2026-01-29T13:40:00Z
transactions-003742,TX-0003742,AC-00222,2026-01-29T13:51:00Z,credit,card,grocery,USD,56.50,posted,2026-01-29T13:51:00Z
transactions-003743,TX-0003743,AC-00223,2026-01-29T14:02:00Z,debit,card,travel,USD,254.50,posted,2026-01-29T14:02:00Z
transactions-003744,TX-0003744,AC-00224,2026-01-29T14:13:00Z,credit,atm,grocery,USD,230.75,posted,2026-01-29T14:13:00Z
transactions-003745,TX-0003745,AC-00225,2026-01-29T14:24:00Z,debit,mobile,travel,USD,25.00,posted,2026-01-29T14:24:00Z
transactions-003746,TX-0003746,AC-00226,2026-01-29T14:35:00Z,credit,mobile,travel,USD,51.50,posted,2026-01-29T14:35:00Z
transactions-003747,TX-0003747,AC-00227,2026-01-29T14:46:00Z,debit,card,services,USD,84.50,posted,2026-01-29T14:46:00Z
transactions-003748,TX-0003748,AC-00228,2026-01-29T14:57:00Z,credit,branch,travel,USD,298.75,posted,2026-01-29T14:57:00Z
transactions-003749,TX-0003749,AC-00229,2026-01-29T15:08:00Z,debit,mobile,travel,USD,91.75,posted,2026-01-29T15:08:00Z
transactions-003750,TX-0003750,AC-00230,2026-01-29T15:19:00Z,refund,branch,utilities,USD,245.25,posted,2026-01-29T15:19:00Z
transactions-003751,TX-0003751,AC-00231,2026-01-29T15:30:00Z,credit,card,utilities,USD,46.50,posted,2026-01-29T15:30:00Z
transactions-003752,TX-0003752,AC-00232,2026-01-29T15:41:00Z,refund,atm,travel,USD,283.25,posted,2026-01-29T15:41:00Z
transactions-003753,TX-0003753,AC-00233,2026-01-29T15:52:00Z,debit,branch,grocery,USD,262.25,posted,2026-01-29T15:52:00Z
transactions-003754,TX-0003754,AC-00234,2026-01-29T16:03:00Z,credit,atm,services,USD,199.25,posted,2026-01-29T16:03:00Z
transactions-003755,TX-0003755,AC-00235,2026-01-29T16:14:00Z,debit,card,services,USD,0.75,posted,2026-01-29T16:14:00Z
transactions-003756,TX-0003756,AC-00236,2026-01-29T16:25:00Z,debit,card,utilities,USD,145.75,posted,2026-01-29T16:25:00Z
transactions-003757,TX-0003757,AC-00237,2026-01-29T16:36:00Z,refund,atm,services,USD,231.25,posted,2026-01-29T16:36:00Z
transactions-003758,TX-0003758,AC-00238,2026-01-29T16:47:00Z,debit,mobile,travel,USD,102.75,posted,2026-01-29T16:47:00Z
transactions-003759,TX-0003759,AC-00239,2026-01-29T16:58:00Z,refund,atm,utilities,USD,184.50,posted,2026-01-29T16:58:00Z
transactions-003760,TX-0003760,AC-00240,2026-01-29T17:09:00Z,credit,mobile,travel,USD,83.75,posted,2026-01-29T17:09:00Z
transactions-003761,TX-0003761,AC-00241,2026-01-29T17:20:00Z,refund,atm,services,USD,239.25,posted,2026-01-29T17:20:00Z
transactions-003762,TX-0003762,AC-00242,2026-01-29T17:31:00Z,refund,card,utilities,USD,71.25,posted,2026-01-29T17:31:00Z
transactions-003763,TX-0003763,AC-00243,2026-01-29T17:42:00Z,credit,atm,utilities,USD,28.75,posted,2026-01-29T17:42:00Z
transactions-003764,TX-0003764,AC-00244,2026-01-29T17:53:00Z,debit,branch,grocery,USD,140.25,posted,2026-01-29T17:53:00Z
transactions-003765,TX-0003765,AC-00245,2026-01-29T18:04:00Z,credit,card,utilities,USD,255.50,posted,2026-01-29T18:04:00Z
transactions-003766,TX-0003766,AC-00246,2026-01-29T18:15:00Z,refund,atm,travel,USD,58.75,posted,2026-01-29T18:15:00Z
transactions-003767,TX-0003767,AC-00247,2026-01-29T18:26:00Z,debit,atm,services,USD,262.00,posted,2026-01-29T18:26:00Z
transactions-003768,TX-0003768,AC-00248,2026-01-29T18:37:00Z,credit,card,grocery,USD,203.00,posted,2026-01-29T18:37:00Z
transactions-003769,TX-0003769,AC-00249,2026-01-29T18:48:00Z,refund,card,utilities,USD,184.25,posted,2026-01-29T18:48:00Z
transactions-003770,TX-0003770,AC-00250,2026-01-29T18:59:00Z,credit,mobile,services,USD,288.00,posted,2026-01-29T18:59:00Z
transactions-003771,TX-0003771,AC-00251,2026-01-29T19:10:00Z,debit,card,travel,USD,147.50,posted,2026-01-29T19:10:00Z
transactions-003772,TX-0003772,AC-00252,2026-01-29T19:21:00Z,debit,card,utilities,USD,31.75,posted,2026-01-29T19:21:00Z
transactions-003773,TX-0003773,AC-00253,2026-01-29T19:32:00Z,debit,branch,services,USD,46.75,posted,2026-01-29T19:32:00Z
transactions-003774,TX-0003774,AC-00254,2026-01-29T19:43:00Z,credit,card,services,USD,35.50,posted,2026-01-29T19:43:00Z
transactions-003775,TX-0003775,AC-00255,2026-01-29T19:54:00Z,credit,mobile,grocery,USD,50.50,posted,2026-01-29T19:54:00Z
transactions-003776,TX-0003776,AC-00256,2026-01-29T20:05:00Z,refund,mobile,services,USD,149.50,posted,2026-01-29T20:05:00Z
transactions-003777,TX-0003777,AC-00257,2026-01-29T20:16:00Z,debit,card,grocery,USD,202.75,posted,2026-01-29T20:16:00Z
transactions-003778,TX-0003778,AC-00258,2026-01-29T20:27:00Z,credit,branch,utilities,USD,64.25,posted,2026-01-29T20:27:00Z
transactions-003779,TX-0003779,AC-00259,2026-01-29T20:38:00Z,refund,atm,services,USD,49.00,posted,2026-01-29T20:38:00Z
transactions-003780,TX-0003780,AC-00260,2026-01-29T20:49:00Z,refund,mobile,travel,USD,58.25,posted,2026-01-29T20:49:00Z
transactions-003781,TX-0003781,AC-00261,2026-01-29T21:00:00Z,credit,atm,travel,USD,256.00,posted,2026-01-29T21:00:00Z
transactions-003782,TX-0003782,AC-00262,2026-01-29T21:11:00Z,refund,atm,services,USD,217.50,posted,2026-01-29T21:11:00Z
transactions-003783,TX-0003783,AC-00263,2026-01-29T21:22:00Z,credit,branch,services,USD,109.75,posted,2026-01-29T21:22:00Z
transactions-003784,TX-0003784,AC-00264,2026-01-29T21:33:00Z,credit,card,travel,USD,283.00,posted,2026-01-29T21:33:00Z
transactions-003785,TX-0003785,AC-00265,2026-01-29T21:44:00Z,refund,branch,travel,USD,270.25,posted,2026-01-29T21:44:00Z
transactions-003786,TX-0003786,AC-00266,2026-01-29T21:55:00Z,credit,card,grocery,USD,58.00,posted,2026-01-29T21:55:00Z
transactions-003787,TX-0003787,AC-00267,2026-01-29T22:06:00Z,refund,branch,grocery,USD,27.50,posted,2026-01-29T22:06:00Z
transactions-003788,TX-0003788,AC-00268,2026-01-29T22:17:00Z,credit,card,travel,USD,62.75,posted,2026-01-29T22:17:00Z
transactions-003789,TX-0003789,AC-00269,2026-01-29T22:28:00Z,refund,branch,travel,USD,155.50,posted,2026-01-29T22:28:00Z
transactions-003790,TX-0003790,AC-00270,2026-01-29T22:39:00Z,credit,branch,grocery,USD,142.25,posted,2026-01-29T22:39:00Z
transactions-003791,TX-0003791,AC-00271,2026-01-29T22:50:00Z,credit,mobile,utilities,USD,48.25,posted,2026-01-29T22:50:00Z
transactions-003792,TX-0003792,AC-00272,2026-01-29T23:01:00Z,refund,branch,services,USD,20.00,posted,2026-01-29T23:01:00Z
transactions-003793,TX-0003793,AC-00273,2026-01-29T23:12:00Z,debit,atm,travel,USD,91.25,posted,2026-01-29T23:12:00Z
transactions-003794,TX-0003794,AC-00274,2026-01-29T23:23:00Z,credit,branch,travel,USD,84.75,posted,2026-01-29T23:23:00Z
transactions-003795,TX-0003795,AC-00275,2026-01-29T23:34:00Z,refund,branch,utilities,USD,186.50,posted,2026-01-29T23:34:00Z
transactions-003796,TX-0003796,AC-00276,2026-01-29T23:45:00Z,refund,branch,utilities,USD,117.75,posted,2026-01-29T23:45:00Z
transactions-003797,TX-0003797,AC-00277,2026-01-29T23:56:00Z,refund,mobile,utilities,USD,63.00,posted,2026-01-29T23:56:00Z
transactions-003798,TX-0003798,AC-00278,2026-01-30T00:07:00Z,refund,atm,services,USD,41.50,posted,2026-01-30T00:07:00Z
transactions-003799,TX-0003799,AC-00279,2026-01-30T00:18:00Z,credit,card,services,USD,188.75,posted,2026-01-30T00:18:00Z
transactions-003800,TX-0003800,AC-00280,2026-01-30T00:29:00Z,refund,atm,travel,USD,267.75,posted,2026-01-30T00:29:00Z
transactions-003801,TX-0003801,AC-00281,2026-01-30T00:40:00Z,credit,branch,travel,USD,81.00,posted,2026-01-30T00:40:00Z
transactions-003802,TX-0003802,AC-00282,2026-01-30T00:51:00Z,refund,atm,travel,USD,90.00,posted,2026-01-30T00:51:00Z
transactions-003803,TX-0003803,AC-00283,2026-01-30T01:02:00Z,debit,atm,travel,USD,237.75,posted,2026-01-30T01:02:00Z
transactions-003804,TX-0003804,AC-00284,2026-01-30T01:13:00Z,refund,card,utilities,USD,256.00,posted,2026-01-30T01:13:00Z
transactions-003805,TX-0003805,AC-00285,2026-01-30T01:24:00Z,credit,atm,travel,USD,69.50,posted,2026-01-30T01:24:00Z
transactions-003806,TX-0003806,AC-00286,2026-01-30T01:35:00Z,debit,mobile,utilities,USD,288.00,posted,2026-01-30T01:35:00Z
transactions-003807,TX-0003807,AC-00287,2026-01-30T01:46:00Z,debit,branch,grocery,USD,198.50,posted,2026-01-30T01:46:00Z
transactions-003808,TX-0003808,AC-00288,2026-01-30T01:57:00Z,debit,branch,utilities,USD,12.00,posted,2026-01-30T01:57:00Z
transactions-003809,TX-0003809,AC-00289,2026-01-30T02:08:00Z,credit,branch,services,USD,167.00,posted,2026-01-30T02:08:00Z
transactions-003810,TX-0003810,AC-00290,2026-01-30T02:19:00Z,refund,branch,travel,USD,94.50,posted,2026-01-30T02:19:00Z
transactions-003811,TX-0003811,AC-00291,2026-01-30T02:30:00Z,debit,card,travel,USD,235.25,posted,2026-01-30T02:30:00Z
transactions-003812,TX-0003812,AC-00292,2026-01-30T02:41:00Z,refund,branch,grocery,USD,282.25,posted,2026-01-30T02:41:00Z
transactions-003813,TX-0003813,AC-00293,2026-01-30T02:52:00Z,debit,atm,utilities,USD,252.75,posted,2026-01-30T02:52:00Z
transactions-003814,TX-0003814,AC-00294,2026-01-30T03:03:00Z,refund,mobile,services,USD,227.50,posted,2026-01-30T03:03:00Z
transactions-003815,TX-0003815,AC-00295,2026-01-30T03:14:00Z,credit,mobile,grocery,USD,226.25,posted,2026-01-30T03:14:00Z
transactions-003816,TX-0003816,AC-00296,2026-01-30T03:25:00Z,credit,mobile,services,USD,61.25,posted,2026-01-30T03:25:00Z
transactions-003817,TX-0003817,AC-00297,2026-01-30T03:36:00Z,debit,branch,utilities,USD,77.25,posted,2026-01-30T03:36:00Z
transactions-003818,TX-0003818,AC-00298,2026-01-30T03:47:00Z,refund,mobile,grocery,USD,257.25,posted,2026-01-30T03:47:00Z
transactions-003819,TX-0003819,AC-00299,2026-01-30T03:58:00Z,debit,atm,utilities,USD,57.50,posted,2026-01-30T03:58:00Z
transactions-003820,TX-0003820,AC-00300,2026-01-30T04:09:00Z,credit,branch,grocery,USD,234.25,posted,2026-01-30T04:09:00Z
transactions-003821,TX-0003821,AC-00301,2026-01-30T04:20:00Z,debit,mobile,services,USD,223.75,posted,2026-01-30T04:20:00Z
transactions-003822,TX-0003822,AC-00302,2026-01-30T04:31:00Z,debit,mobile,travel,USD,194.00,posted,2026-01-30T04:31:00Z
transactions-003823,TX-0003823,AC-00303,2026-01-30T04:42:00Z,credit,atm,services,USD,120.75,posted,2026-01-30T04:42:00Z
transactions-003824,TX-0003824,AC-00304,2026-01-30T04:53:00Z,debit,mobile,travel,USD,222.25,posted,2026-01-30T04:53:00Z
transactions-003825,TX-0003825,AC-00305,2026-01-30T05:04:00Z,refund,branch,grocery,USD,97.00,posted,2026-01-30T05:04:00Z
transactions-003826,TX-0003826,AC-00306,2026-01-30T05:15:00Z,credit,branch,services,USD,214.75,posted,2026-01-30T05:15:00Z
transactions-003827,TX-0003827,AC-00307,2026-01-30T05:26:00Z,refund,branch,grocery,USD,134.25,posted,2026-01-30T05:26:00Z
transactions-003828,TX-0003828,AC-00308,2026-01-30T05:37:00Z,debit,atm,utilities,USD,72.00,posted,2026-01-30T05:37:00Z
transactions-003829,TX-0003829,AC-00309,2026-01-30T05:48:00Z,credit,atm,services,USD,102.00,posted,2026-01-30T05:48:00Z
transactions-003830,TX-0003830,AC-00310,2026-01-30T05:59:00Z,debit,card,grocery,USD,102.00,posted,2026-01-30T05:59:00Z
transactions-003831,TX-0003831,AC-00311,2026-01-30T06:10:00Z,refund,mobile,travel,USD,151.25,posted,2026-01-30T06:10:00Z
transactions-003832,TX-0003832,AC-00312,2026-01-30T06:21:00Z,credit,card,services,USD,81.75,posted,2026-01-30T06:21:00Z
transactions-003833,TX-0003833,AC-00313,2026-01-30T06:32:00Z,refund,branch,grocery,USD,196.75,posted,2026-01-30T06:32:00Z
transactions-003834,TX-0003834,AC-00314,2026-01-30T06:43:00Z,debit,mobile,utilities,USD,268.50,posted,2026-01-30T06:43:00Z
transactions-003835,TX-0003835,AC-00315,2026-01-30T06:54:00Z,credit,branch,travel,USD,218.25,posted,2026-01-30T06:54:00Z
transactions-003836,TX-0003836,AC-00316,2026-01-30T07:05:00Z,debit,card,services,USD,88.25,posted,2026-01-30T07:05:00Z
transactions-003837,TX-0003837,AC-00317,2026-01-30T07:16:00Z,refund,atm,services,USD,117.25,posted,2026-01-30T07:16:00Z
transactions-003838,TX-0003838,AC-00318,2026-01-30T07:27:00Z,credit,mobile,services,USD,291.25,posted,2026-01-30T07:27:00Z
transactions-003839,TX-0003839,AC-00319,2026-01-30T07:38:00Z,refund,mobile,utilities,USD,123.50,posted,2026-01-30T07:38:00Z
transactions-003840,TX-0003840,AC-00320,2026-01-30T07:49:00Z,credit,atm,travel,USD,263.75,posted,2026-01-30T07:49:00Z
transactions-003841,TX-0003841,AC-00001,2026-01-30T08:00:00Z,credit,mobile,services,USD,282.00,posted,2026-01-30T08:00:00Z
transactions-003842,TX-0003842,AC-00002,2026-01-30T08:11:00Z,debit,mobile,travel,USD,291.25,posted,2026-01-30T08:11:00Z
transactions-003843,TX-0003843,AC-00003,2026-01-30T08:22:00Z,refund,card,travel,USD,280.75,posted,2026-01-30T08:22:00Z
transactions-003844,TX-0003844,AC-00004,2026-01-30T08:33:00Z,refund,atm,travel,USD,268.50,posted,2026-01-30T08:33:00Z
transactions-003845,TX-0003845,AC-00005,2026-01-30T08:44:00Z,debit,atm,utilities,USD,141.00,posted,2026-01-30T08:44:00Z
transactions-003846,TX-0003846,AC-00006,2026-01-30T08:55:00Z,credit,atm,grocery,USD,67.75,posted,2026-01-30T08:55:00Z
transactions-003847,TX-0003847,AC-00007,2026-01-30T09:06:00Z,credit,mobile,utilities,USD,266.25,posted,2026-01-30T09:06:00Z
transactions-003848,TX-0003848,AC-00008,2026-01-30T09:17:00Z,credit,card,services,USD,96.75,posted,2026-01-30T09:17:00Z
transactions-003849,TX-0003849,AC-00009,2026-01-30T09:28:00Z,refund,card,travel,USD,211.50,posted,2026-01-30T09:28:00Z
transactions-003850,TX-0003850,AC-00010,2026-01-30T09:39:00Z,refund,card,grocery,USD,288.75,posted,2026-01-30T09:39:00Z
transactions-003851,TX-0003851,AC-00011,2026-01-30T09:50:00Z,credit,card,services,USD,159.00,posted,2026-01-30T09:50:00Z
transactions-003852,TX-0003852,AC-00012,2026-01-30T10:01:00Z,debit,atm,travel,USD,198.50,posted,2026-01-30T10:01:00Z
transactions-003853,TX-0003853,AC-00013,2026-01-30T10:12:00Z,debit,mobile,services,USD,2.00,posted,2026-01-30T10:12:00Z
transactions-003854,TX-0003854,AC-00014,2026-01-30T10:23:00Z,debit,mobile,grocery,USD,250.50,posted,2026-01-30T10:23:00Z
transactions-003855,TX-0003855,AC-00015,2026-01-30T10:34:00Z,debit,branch,grocery,USD,249.50,posted,2026-01-30T10:34:00Z
transactions-003856,TX-0003856,AC-00016,2026-01-30T10:45:00Z,refund,atm,travel,USD,53.50,posted,2026-01-30T10:45:00Z
transactions-003857,TX-0003857,AC-00017,2026-01-30T10:56:00Z,debit,atm,grocery,USD,273.00,posted,2026-01-30T10:56:00Z
transactions-003858,TX-0003858,AC-00018,2026-01-30T11:07:00Z,refund,atm,services,USD,209.25,posted,2026-01-30T11:07:00Z
transactions-003859,TX-0003859,AC-00019,2026-01-30T11:18:00Z,refund,atm,travel,USD,66.75,posted,2026-01-30T11:18:00Z
transactions-003860,TX-0003860,AC-00020,2026-01-30T11:29:00Z,debit,mobile,grocery,USD,65.00,posted,2026-01-30T11:29:00Z
transactions-003861,TX-0003861,AC-00021,2026-01-30T11:40:00Z,debit,mobile,services,USD,165.00,posted,2026-01-30T11:40:00Z
transactions-003862,TX-0003862,AC-00022,2026-01-30T11:51:00Z,refund,mobile,grocery,USD,142.25,posted,2026-01-30T11:51:00Z
transactions-003863,TX-0003863,AC-00023,2026-01-30T12:02:00Z,credit,atm,travel,USD,78.00,posted,2026-01-30T12:02:00Z
transactions-003864,TX-0003864,AC-00024,2026-01-30T12:13:00Z,credit,branch,travel,USD,292.25,posted,2026-01-30T12:13:00Z
transactions-003865,TX-0003865,AC-00025,2026-01-30T12:24:00Z,debit,atm,services,USD,95.50,posted,2026-01-30T12:24:00Z
transactions-003866,TX-0003866,AC-00026,2026-01-30T12:35:00Z,credit,card,grocery,USD,83.25,posted,2026-01-30T12:35:00Z
transactions-003867,TX-0003867,AC-00027,2026-01-30T12:46:00Z,refund,card,grocery,USD,121.25,posted,2026-01-30T12:46:00Z
transactions-003868,TX-0003868,AC-00028,2026-01-30T12:57:00Z,debit,mobile,grocery,USD,276.25,posted,2026-01-30T12:57:00Z
transactions-003869,TX-0003869,AC-00029,2026-01-30T13:08:00Z,refund,branch,services,USD,216.50,posted,2026-01-30T13:08:00Z
transactions-003870,TX-0003870,AC-00030,2026-01-30T13:19:00Z,refund,branch,grocery,USD,23.00,posted,2026-01-30T13:19:00Z
transactions-003871,TX-0003871,AC-00031,2026-01-30T13:30:00Z,credit,atm,services,USD,161.75,posted,2026-01-30T13:30:00Z
transactions-003872,TX-0003872,AC-00032,2026-01-30T13:41:00Z,credit,mobile,services,USD,49.25,posted,2026-01-30T13:41:00Z
transactions-003873,TX-0003873,AC-00033,2026-01-30T13:52:00Z,credit,card,grocery,USD,34.50,posted,2026-01-30T13:52:00Z
transactions-003874,TX-0003874,AC-00034,2026-01-30T14:03:00Z,debit,atm,grocery,USD,130.00,posted,2026-01-30T14:03:00Z
transactions-003875,TX-0003875,AC-00035,2026-01-30T14:14:00Z,credit,mobile,utilities,USD,207.75,posted,2026-01-30T14:14:00Z
transactions-003876,TX-0003876,AC-00036,2026-01-30T14:25:00Z,refund,card,services,USD,266.25,posted,2026-01-30T14:25:00Z
transactions-003877,TX-0003877,AC-00037,2026-01-30T14:36:00Z,debit,card,services,USD,10.75,posted,2026-01-30T14:36:00Z
transactions-003878,TX-0003878,AC-00038,2026-01-30T14:47:00Z,refund,card,utilities,USD,77.50,posted,2026-01-30T14:47:00Z
transactions-003879,TX-0003879,AC-00039,2026-01-30T14:58:00Z,debit,atm,utilities,USD,244.75,posted,2026-01-30T14:58:00Z
transactions-003880,TX-0003880,AC-00040,2026-01-30T15:09:00Z,credit,atm,travel,USD,139.00,posted,2026-01-30T15:09:00Z
transactions-003881,TX-0003881,AC-00041,2026-01-30T15:20:00Z,refund,card,utilities,USD,142.25,posted,2026-01-30T15:20:00Z
transactions-003882,TX-0003882,AC-00042,2026-01-30T15:31:00Z,debit,mobile,services,USD,257.50,posted,2026-01-30T15:31:00Z
transactions-003883,TX-0003883,AC-00043,2026-01-30T15:42:00Z,refund,atm,grocery,USD,212.25,posted,2026-01-30T15:42:00Z
transactions-003884,TX-0003884,AC-00044,2026-01-30T15:53:00Z,refund,branch,utilities,USD,271.00,posted,2026-01-30T15:53:00Z
transactions-003885,TX-0003885,AC-00045,2026-01-30T16:04:00Z,refund,branch,utilities,USD,233.75,posted,2026-01-30T16:04:00Z
transactions-003886,TX-0003886,AC-00046,2026-01-30T16:15:00Z,refund,branch,grocery,USD,148.50,posted,2026-01-30T16:15:00Z
transactions-003887,TX-0003887,AC-00047,2026-01-30T16:26:00Z,debit,card,utilities,USD,84.50,posted,2026-01-30T16:26:00Z
transactions-003888,TX-0003888,AC-00048,2026-01-30T16:37:00Z,debit,branch,services,USD,277.50,posted,2026-01-30T16:37:00Z
transactions-003889,TX-0003889,AC-00049,2026-01-30T16:48:00Z,credit,branch,travel,USD,77.25,posted,2026-01-30T16:48:00Z
transactions-003890,TX-0003890,AC-00050,2026-01-30T16:59:00Z,debit,card,services,USD,156.50,posted,2026-01-30T16:59:00Z
transactions-003891,TX-0003891,AC-00051,2026-01-30T17:10:00Z,credit,atm,services,USD,76.00,posted,2026-01-30T17:10:00Z
transactions-003892,TX-0003892,AC-00052,2026-01-30T17:21:00Z,debit,atm,travel,USD,288.00,posted,2026-01-30T17:21:00Z
transactions-003893,TX-0003893,AC-00053,2026-01-30T17:32:00Z,refund,mobile,services,USD,154.75,posted,2026-01-30T17:32:00Z
transactions-003894,TX-0003894,AC-00054,2026-01-30T17:43:00Z,refund,atm,utilities,USD,297.75,posted,2026-01-30T17:43:00Z
transactions-003895,TX-0003895,AC-00055,2026-01-30T17:54:00Z,refund,branch,services,USD,262.00,posted,2026-01-30T17:54:00Z
transactions-003896,TX-0003896,AC-00056,2026-01-30T18:05:00Z,debit,atm,travel,USD,98.00,posted,2026-01-30T18:05:00Z
transactions-003897,TX-0003897,AC-00057,2026-01-30T18:16:00Z,debit,atm,travel,USD,94.00,posted,2026-01-30T18:16:00Z
transactions-003898,TX-0003898,AC-00058,2026-01-30T18:27:00Z,refund,card,utilities,USD,152.25,posted,2026-01-30T18:27:00Z
transactions-003899,TX-0003899,AC-00059,2026-01-30T18:38:00Z,credit,atm,services,USD,35.00,posted,2026-01-30T18:38:00Z
transactions-003900,TX-0003900,AC-00060,2026-01-30T18:49:00Z,credit,mobile,services,USD,53.75,posted,2026-01-30T18:49:00Z
transactions-003901,TX-0003901,AC-00061,2026-01-30T19:00:00Z,credit,atm,travel,USD,30.25,posted,2026-01-30T19:00:00Z
transactions-003902,TX-0003902,AC-00062,2026-01-30T19:11:00Z,refund,branch,grocery,USD,60.25,posted,2026-01-30T19:11:00Z
transactions-003903,TX-0003903,AC-00063,2026-01-30T19:22:00Z,debit,mobile,services,USD,142.00,posted,2026-01-30T19:22:00Z
transactions-003904,TX-0003904,AC-00064,2026-01-30T19:33:00Z,refund,atm,travel,USD,253.00,posted,2026-01-30T19:33:00Z
transactions-003905,TX-0003905,AC-00065,2026-01-30T19:44:00Z,debit,card,travel,USD,221.00,posted,2026-01-30T19:44:00Z
transactions-003906,TX-0003906,AC-00066,2026-01-30T19:55:00Z,credit,branch,utilities,USD,250.75,posted,2026-01-30T19:55:00Z
transactions-003907,TX-0003907,AC-00067,2026-01-30T20:06:00Z,refund,branch,grocery,USD,98.00,posted,2026-01-30T20:06:00Z
transactions-003908,TX-0003908,AC-00068,2026-01-30T20:17:00Z,refund,branch,services,USD,278.25,posted,2026-01-30T20:17:00Z
transactions-003909,TX-0003909,AC-00069,2026-01-30T20:28:00Z,credit,branch,utilities,USD,219.75,posted,2026-01-30T20:28:00Z
transactions-003910,TX-0003910,AC-00070,2026-01-30T20:39:00Z,credit,card,travel,USD,86.50,posted,2026-01-30T20:39:00Z
transactions-003911,TX-0003911,AC-00071,2026-01-30T20:50:00Z,refund,atm,utilities,USD,159.75,posted,2026-01-30T20:50:00Z
transactions-003912,TX-0003912,AC-00072,2026-01-30T21:01:00Z,credit,branch,grocery,USD,74.75,posted,2026-01-30T21:01:00Z
transactions-003913,TX-0003913,AC-00073,2026-01-30T21:12:00Z,credit,branch,utilities,USD,66.75,posted,2026-01-30T21:12:00Z
transactions-003914,TX-0003914,AC-00074,2026-01-30T21:23:00Z,credit,mobile,services,USD,193.00,posted,2026-01-30T21:23:00Z
transactions-003915,TX-0003915,AC-00075,2026-01-30T21:34:00Z,debit,mobile,services,USD,118.25,posted,2026-01-30T21:34:00Z
transactions-003916,TX-0003916,AC-00076,2026-01-30T21:45:00Z,refund,card,travel,USD,42.50,posted,2026-01-30T21:45:00Z
transactions-003917,TX-0003917,AC-00077,2026-01-30T21:56:00Z,refund,atm,grocery,USD,108.75,posted,2026-01-30T21:56:00Z
transactions-003918,TX-0003918,AC-00078,2026-01-30T22:07:00Z,credit,atm,grocery,USD,147.75,posted,2026-01-30T22:07:00Z
transactions-003919,TX-0003919,AC-00079,2026-01-30T22:18:00Z,debit,atm,travel,USD,276.50,posted,2026-01-30T22:18:00Z
transactions-003920,TX-0003920,AC-00080,2026-01-30T22:29:00Z,refund,branch,grocery,USD,164.75,posted,2026-01-30T22:29:00Z
transactions-003921,TX-0003921,AC-00081,2026-01-30T22:40:00Z,credit,mobile,services,USD,77.25,posted,2026-01-30T22:40:00Z
transactions-003922,TX-0003922,AC-00082,2026-01-30T22:51:00Z,debit,branch,travel,USD,47.00,posted,2026-01-30T22:51:00Z
transactions-003923,TX-0003923,AC-00083,2026-01-30T23:02:00Z,debit,mobile,grocery,USD,69.50,posted,2026-01-30T23:02:00Z
transactions-003924,TX-0003924,AC-00084,2026-01-30T23:13:00Z,debit,branch,utilities,USD,25.00,posted,2026-01-30T23:13:00Z
transactions-003925,TX-0003925,AC-00085,2026-01-30T23:24:00Z,credit,branch,utilities,USD,252.00,posted,2026-01-30T23:24:00Z
transactions-003926,TX-0003926,AC-00086,2026-01-30T23:35:00Z,debit,atm,grocery,USD,77.00,posted,2026-01-30T23:35:00Z
transactions-003927,TX-0003927,AC-00087,2026-01-30T23:46:00Z,credit,branch,utilities,USD,232.25,posted,2026-01-30T23:46:00Z
transactions-003928,TX-0003928,AC-00088,2026-01-30T23:57:00Z,debit,card,grocery,USD,90.50,posted,2026-01-30T23:57:00Z
transactions-003929,TX-0003929,AC-00089,2026-01-31T00:08:00Z,credit,card,services,USD,298.25,posted,2026-01-31T00:08:00Z
transactions-003930,TX-0003930,AC-00090,2026-01-31T00:19:00Z,refund,branch,utilities,USD,137.00,posted,2026-01-31T00:19:00Z
transactions-003931,TX-0003931,AC-00091,2026-01-31T00:30:00Z,credit,card,travel,USD,14.00,posted,2026-01-31T00:30:00Z
transactions-003932,TX-0003932,AC-00092,2026-01-31T00:41:00Z,refund,atm,utilities,USD,145.25,posted,2026-01-31T00:41:00Z
transactions-003933,TX-0003933,AC-00093,2026-01-31T00:52:00Z,credit,mobile,utilities,USD,179.50,posted,2026-01-31T00:52:00Z
transactions-003934,TX-0003934,AC-00094,2026-01-31T01:03:00Z,debit,atm,grocery,USD,204.00,posted,2026-01-31T01:03:00Z
transactions-003935,TX-0003935,AC-00095,2026-01-31T01:14:00Z,debit,mobile,travel,USD,55.25,posted,2026-01-31T01:14:00Z
transactions-003936,TX-0003936,AC-00096,2026-01-31T01:25:00Z,refund,card,services,USD,143.25,posted,2026-01-31T01:25:00Z
transactions-003937,TX-0003937,AC-00097,2026-01-31T01:36:00Z,debit,card,utilities,USD,170.00,posted,2026-01-31T01:36:00Z
transactions-003938,TX-0003938,AC-00098,2026-01-31T01:47:00Z,debit,mobile,utilities,USD,293.50,posted,2026-01-31T01:47:00Z
transactions-003939,TX-0003939,AC-00099,2026-01-31T01:58:00Z,debit,branch,grocery,USD,264.50,posted,2026-01-31T01:58:00Z
transactions-003940,TX-0003940,AC-00100,2026-01-31T02:09:00Z,debit,card,grocery,USD,208.00,posted,2026-01-31T02:09:00Z
transactions-003941,TX-0003941,AC-00101,2026-01-31T02:20:00Z,debit,atm,services,USD,16.00,posted,2026-01-31T02:20:00Z
transactions-003942,TX-0003942,AC-00102,2026-01-31T02:31:00Z,debit,atm,grocery,USD,249.00,posted,2026-01-31T02:31:00Z
transactions-003943,TX-0003943,AC-00103,2026-01-31T02:42:00Z,debit,branch,services,USD,129.00,posted,2026-01-31T02:42:00Z
transactions-003944,TX-0003944,AC-00104,2026-01-31T02:53:00Z,refund,atm,services,USD,162.25,posted,2026-01-31T02:53:00Z
transactions-003945,TX-0003945,AC-00105,2026-01-31T03:04:00Z,refund,card,grocery,USD,125.75,posted,2026-01-31T03:04:00Z
transactions-003946,TX-0003946,AC-00106,2026-01-31T03:15:00Z,refund,branch,travel,USD,69.25,posted,2026-01-31T03:15:00Z
transactions-003947,TX-0003947,AC-00107,2026-01-31T03:26:00Z,refund,branch,travel,USD,154.00,posted,2026-01-31T03:26:00Z
transactions-003948,TX-0003948,AC-00108,2026-01-31T03:37:00Z,debit,card,grocery,USD,156.25,posted,2026-01-31T03:37:00Z
transactions-003949,TX-0003949,AC-00109,2026-01-31T03:48:00Z,refund,mobile,travel,USD,233.25,posted,2026-01-31T03:48:00Z
transactions-003950,TX-0003950,AC-00110,2026-01-31T03:59:00Z,debit,atm,travel,USD,248.25,posted,2026-01-31T03:59:00Z
transactions-003951,TX-0003951,AC-00111,2026-01-31T04:10:00Z,debit,mobile,services,USD,177.75,posted,2026-01-31T04:10:00Z
transactions-003952,TX-0003952,AC-00112,2026-01-31T04:21:00Z,debit,mobile,grocery,USD,144.00,posted,2026-01-31T04:21:00Z
transactions-003953,TX-0003953,AC-00113,2026-01-31T04:32:00Z,credit,card,services,USD,185.00,posted,2026-01-31T04:32:00Z
transactions-003954,TX-0003954,AC-00114,2026-01-31T04:43:00Z,debit,branch,utilities,USD,124.75,posted,2026-01-31T04:43:00Z
transactions-003955,TX-0003955,AC-00115,2026-01-31T04:54:00Z,debit,atm,travel,USD,102.00,posted,2026-01-31T04:54:00Z
transactions-003956,TX-0003956,AC-00116,2026-01-31T05:05:00Z,refund,mobile,services,USD,87.00,posted,2026-01-31T05:05:00Z
transactions-003957,TX-0003957,AC-00117,2026-01-31T05:16:00Z,refund,atm,travel,USD,155.00,posted,2026-01-31T05:16:00Z
transactions-003958,TX-0003958,AC-00118,2026-01-31T05:27:00Z,refund,atm,grocery,USD,270.75,posted,2026-01-31T05:27:00Z
transactions-003959,TX-0003959,AC-00119,2026-01-31T05:38:00Z,refund,atm,utilities,USD,233.50,posted,2026-01-31T05:38:00Z
transactions-003960,TX-0003960,AC-00120,2026-01-31T05:49:00Z,refund,branch,services,USD,86.50,posted,2026-01-31T05:49:00Z
transactions-003961,TX-0003961,AC-00121,2026-01-31T06:00:00Z,refund,mobile,travel,USD,261.25,posted,2026-01-31T06:00:00Z
transactions-003962,TX-0003962,AC-00122,2026-01-31T06:11:00Z,debit,mobile,travel,USD,266.50,posted,2026-01-31T06:11:00Z
transactions-003963,TX-0003963,AC-00123,2026-01-31T06:22:00Z,refund,atm,services,USD,244.00,posted,2026-01-31T06:22:00Z
transactions-003964,TX-0003964,AC-00124,2026-01-31T06:33:00Z,debit,card,utilities,USD,288.00,posted,2026-01-31T06:33:00Z
transactions-003965,TX-0003965,AC-00125,2026-01-31T06:44:00Z,refund,branch,utilities,USD,222.00,posted,2026-01-31T06:44:00Z
transactions-003966,TX-0003966,AC-00126,2026-01-31T06:55:00Z,credit,mobile,utilities,USD,31.00,posted,2026-01-31T06:55:00Z
transactions-003967,TX-0003967,AC-00127,2026-01-31T07:06:00Z,debit,branch,services,USD,132.25,posted,2026-01-31T07:06:00Z
transactions-003968,TX-0003968,AC-00128,2026-01-31T07:17:00Z,credit,branch,travel,USD,160.00,posted,2026-01-31T07:17:00Z
transactions-003969,TX-0003969,AC-00129,2026-01-31T07:28:00Z,credit,atm,utilities,USD,297.25,posted,2026-01-31T07:28:00Z
transactions-003970,TX-0003970,AC-00130,2026-01-31T07:39:00Z,debit,atm,grocery,USD,226.25,posted,2026-01-31T07:39:00Z
transactions-003971,TX-0003971,AC-00131,2026-01-31T07:50:00Z,refund,mobile,utilities,USD,261.75,posted,2026-01-31T07:50:00Z
transactions-003972,TX-0003972,AC-00132,2026-01-31T08:01:00Z,credit,atm,services,USD,52.00,posted,2026-01-31T08:01:00Z
transactions-003973,TX-0003973,AC-00133,2026-01-31T08:12:00Z,credit,mobile,services,USD,179.25,posted,2026-01-31T08:12:00Z
transactions-003974,TX-0003974,AC-00134,2026-01-31T08:23:00Z,credit,atm,grocery,USD,95.25,posted,2026-01-31T08:23:00Z
transactions-003975,TX-0003975,AC-00135,2026-01-31T08:34:00Z,debit,card,utilities,USD,97.25,posted,2026-01-31T08:34:00Z
transactions-003976,TX-0003976,AC-00136,2026-01-31T08:45:00Z,credit,branch,services,USD,292.25,posted,2026-01-31T08:45:00Z
transactions-003977,TX-0003977,AC-00137,2026-01-31T08:56:00Z,debit,branch,services,USD,112.25,posted,2026-01-31T08:56:00Z
transactions-003978,TX-0003978,AC-00138,2026-01-31T09:07:00Z,refund,card,services,USD,41.75,posted,2026-01-31T09:07:00Z
transactions-003979,TX-0003979,AC-00139,2026-01-31T09:18:00Z,debit,branch,services,USD,256.75,posted,2026-01-31T09:18:00Z
transactions-003980,TX-0003980,AC-00140,2026-01-31T09:29:00Z,debit,mobile,travel,USD,122.25,posted,2026-01-31T09:29:00Z
transactions-003981,TX-0003981,AC-00141,2026-01-31T09:40:00Z,debit,branch,services,USD,241.25,posted,2026-01-31T09:40:00Z
transactions-003982,TX-0003982,AC-00142,2026-01-31T09:51:00Z,refund,atm,grocery,USD,292.00,posted,2026-01-31T09:51:00Z
transactions-003983,TX-0003983,AC-00143,2026-01-31T10:02:00Z,debit,card,grocery,USD,292.75,posted,2026-01-31T10:02:00Z
transactions-003984,TX-0003984,AC-00144,2026-01-31T10:13:00Z,debit,card,utilities,USD,81.75,posted,2026-01-31T10:13:00Z
transactions-003985,TX-0003985,AC-00145,2026-01-31T10:24:00Z,debit,card,grocery,USD,152.50,posted,2026-01-31T10:24:00Z
transactions-003986,TX-0003986,AC-00146,2026-01-31T10:35:00Z,credit,card,services,USD,235.75,posted,2026-01-31T10:35:00Z
transactions-003987,TX-0003987,AC-00147,2026-01-31T10:46:00Z,debit,branch,grocery,USD,13.00,posted,2026-01-31T10:46:00Z
transactions-003988,TX-0003988,AC-00148,2026-01-31T10:57:00Z,debit,mobile,travel,USD,157.00,posted,2026-01-31T10:57:00Z
transactions-003989,TX-0003989,AC-00149,2026-01-31T11:08:00Z,credit,atm,services,USD,149.25,posted,2026-01-31T11:08:00Z
transactions-003990,TX-0003990,AC-00150,2026-01-31T11:19:00Z,credit,branch,utilities,USD,240.75,posted,2026-01-31T11:19:00Z
transactions-003991,TX-0003991,AC-00151,2026-01-31T11:30:00Z,debit,atm,grocery,USD,75.00,posted,2026-01-31T11:30:00Z
transactions-003992,TX-0003992,AC-00152,2026-01-31T11:41:00Z,refund,card,travel,USD,94.25,posted,2026-01-31T11:41:00Z
transactions-003993,TX-0003993,AC-00153,2026-01-31T11:52:00Z,credit,branch,services,USD,73.25,posted,2026-01-31T11:52:00Z
transactions-003994,TX-0003994,AC-00154,2026-01-31T12:03:00Z,refund,mobile,utilities,USD,120.75,posted,2026-01-31T12:03:00Z
transactions-003995,TX-0003995,AC-00155,2026-01-31T12:14:00Z,refund,branch,travel,USD,127.75,posted,2026-01-31T12:14:00Z
transactions-003996,TX-0003996,AC-00156,not-a-timestamp,refund,atm,utilities,USD,16.00,posted,2026-01-31T12:25:00Z
transactions-003997,TX-0003997,AC-00157,2026-01-31T12:36:00Z,debit,branch,utilities,USD,-10.00,posted,2026-01-31T12:36:00Z
transactions-003998,TX-0003998,AC-ORPHAN,2026-01-31T12:47:00Z,refund,card,travel,USD,261.50,posted,2026-01-31T12:47:00Z
transactions-003999,TX-0003999,AC-00159,2026-01-31T12:58:00Z,debit,branch,travel,USD,89.75,posted,2026-01-31T12:58:00Z
transactions-004000,TX-0003999,AC-00160,2026-01-31T13:09:00Z,credit,mobile,services,USD,77.75,posted,2026-01-31T13:09:00Z
