source_row_id,invoice_id,account_id,invoice_month,amount,status,updated_at
SRC-INV-00001,INV00001,PA0001,2026-01-01,45.90,paid,2026-07-02T00:00:00Z
SRC-INV-00002,INV00002,PA0002,2026-02-01,59.90,paid,2026-07-02T00:00:00Z
SRC-INV-00003,INV00003,PA0003,2026-03-01,79.90,paid,2026-07-02T00:00:00Z
SRC-INV-00004,INV00004,PA0004,2026-04-01,99.90,paid,2026-07-02T00:00:00Z
SRC-INV-00005,INV00005,PA0005,2026-05-01,45.90,paid,2026-07-02T00:00:00Z
SRC-INV-00006,INV00006,PA0006,2026-06-01,59.90,paid,2026-07-02T00:00:00Z
SRC-INV-00007,INV00007,PA0007,2026-01-01,79.90,paid,2026-07-02T00:00:00Z
SRC-INV-00008,INV00008,PA0008,2026-02-01,99.90,paid,2026-07-02T00:00:00Z
SRC-INV-00009,INV00009,PA0009,2026-03-01,45.90,paid,2026-07-02T00:00:00Z
SRC-INV-00010,INV00010,PA0010,2026-04-01,59.90,paid,2026-07-02T00:00:00Z
SRC-INV-00011,INV00011,PA0011,2026-05-01,79.90,paid,2026-07-02T00:00:00Z
SRC-INV-00012,INV00012,PA0012,2026-06-01,99.90,paid,2026-07-02T00:00:00Z
SRC-INV-00013,INV00013,PA0013,2026-01-01,45.90,paid,2026-07-02T00:00:00Z
SRC-INV-00014,INV00014,PA0014,2026-02-01,59.90,paid,2026-07-02T00:00:00Z
SRC-INV-00015,INV00015,PA0015,2026-03-01,79.90,paid,2026-07-02T00:00:00Z
SRC-INV-00016,INV00016,PA0016,2026-04-01,99.90,paid,2026-07-02T00:00:00Z
SRC-INV-00017,INV00017,PA0017,2026-05-01,45.90,paid,2026-07-02T00:00:00Z
SRC-INV-00018,INV00018,PA0018,2026-06-01,59.90,paid,2026-07-02T00:00:00Z
SRC-INV-00019,INV00019,PA0019,2026-01-01,79.90,paid,2026-07-02T00:00:00Z
SRC-INV-00020,INV00020,PA0020,2026-02-01,99.90,paid,2026-07-02T00:00:00Z
SRC-INV-00021,INV00021,PA0021,2026-03-01,45.90,paid,2026-07-02T00:00:00Z
SRC-INV-00022,INV00022,PA0022,2026-04-01,59.90,paid,2026-07-02T00:00:00Z
SRC-INV-00023,INV00023,PA0023,2026-05-01,79.90,paid,2026-07-02T00:00:00Z
SRC-INV-00024,INV00024,PA0024,2026-06-01,99.90,paid,2026-07-02T00:00:00Z
SRC-INV-00025,INV00025,PA0025,2026-01-01,45.90,paid,2026-07-02T00:00:00Z
SRC-INV-00026,INV00026,PA0026,2026-02-01,59.90,paid,2026-07-02T00:00:00Z
SRC-INV-00027,INV00027,PA0027,2026-03-01,79.90,paid,2026-07-02T00:00:00Z
SRC-INV-00028,INV00028,PA0028,2026-04-01,99.90,paid,2026-07-02T00:00:00Z
SRC-INV-00029,INV00029,PA0029,2026-05-01,45.90,paid,2026-07-02T00:00:00Z
SRC-INV-00030,INV00030,PA0030,2026-06-01,59.90,paid,2026-07-02T00:00:00Z
SRC-INV-00031,INV00031,PA0031,2026-01-01,79.90,paid,2026-07-02T00:00:00Z
SRC-INV-00032,INV00032,PA0032,2026-02-01,99.90,paid,2026-07-02T00:00:00Z
SRC-INV-00033,INV00033,PA0033,2026-03-01,45.90,paid,2026-07-02T00:00:00Z
SRC-INV-00034,INV00034,PA0034,2026-04-01,59.90,paid,2026-07-02T00:00:00Z
SRC-INV-00035,INV00035,PA0035,2026-05-01,79.90,paid,2026-07-02T00:00:00Z
SRC-INV-00036,INV00036,PA0036,2026-06-01,99.90,paid,2026-07-02T00:00:00Z
SRC-INV-00037,INV00037,PA0037,2026-01-01,45.90,paid,2026-07-02T00:00:00Z
SRC-INV-00038,INV00038,PA0038,2026-02-01,59.90,paid,2026-07-02T00:00:00Z
SRC-INV-00039,INV00039,PA0039,2026-03-01,79.90,paid,2026-07-02T00:00:00Z
SRC-INV-00040,INV00040,PA0040,2026-04-01,99.90,paid,2026-07-02T00:00:00Z
SRC-INV-00041,INV00041,PA0041,2026-05-01,45.90,paid,2026-07-02T00:00:00Z
SRC-INV-00042,INV00042,PA0042,2026-06-01,59.90,paid,2026-07-02T00:00:00Z
SRC-INV-00043,INV00043,PA0043,2026-01-01,79.90,paid,2026-07-02T00:00:00Z
SRC-INV-00044,INV00044,PA0044,2026-02-01,99.90,paid,2026-07-02T00:00:00Z
SRC-INV-00045,INV00045,PA0045,2026-03-01,45.90,paid,2026-07-02T00:00:00Z
SRC-INV-00046,INV00046,PA0046,2026-04-01,59.90,paid,2026-07-02T00:00:00Z
SRC-INV-00047,INV00047,PA0047,2026-05-01,79.90,paid,2026-07-02T00:00:00Z
SRC-INV-00048,INV00048,PA0048,2026-06-01,99.90,paid,2026-07-02T00:00:00Z
SRC-INV-00049,INV00049,PA0049,2026-01-01,45.90,paid,2026-07-02T00:00:00Z
SRC-INV-00050,INV00050,PA0050,2026-02-01,59.90,paid,2026-07-02T00:00:00Z
SRC-INV-00051,INV00051,PA0051,2026-03-01,79.90,paid,2026-07-02T00:00:00Z
SRC-INV-00052,INV00052,PA0052,2026-04-01,99.90,paid,2026-07-02T00:00:00Z
SRC-INV-00053,INV00053,PA0053,2026-05-01,45.90,paid,2026-07-02T00:00:00Z
SRC-INV-00054,INV00054,PA0054,2026-06-01,59.90,paid,2026-07-02T00:00:00Z
SRC-INV-00055,INV00055,PA0055,2026-01-01,79.90,paid,2026-07-02T00:00:00Z
SRC-INV-00056,INV00056,PA0056,2026-02-01,99.90,paid,2026-07-02T00:00:00Z
SRC-INV-00057,INV00057,PA0057,2026-03-01,45.90,paid,2026-07-02T00:00:00Z
SRC-INV-00058,INV00058,PA0058,2026-04-01,59.90,paid,2026-07-02T00:00:00Z
SRC-INV-00059,INV00059,PA0059,2026-05-01,79.90,paid,2026-07-02T00:00:00Z
SRC-INV-00060,INV00060,PA0060,2026-06-01,99.90,paid,2026-07-02T00:00:00Z
SRC-INV-00061,INV00061,PA0061,2026-01-01,45.90,paid,2026-07-02T00:00:00Z
SRC-INV-00062,INV00062,PA0062,2026-02-01,59.90,paid,2026-07-02T00:00:00Z
SRC-INV-00063,INV00063,PA0063,2026-03-01,79.90,paid,2026-07-02T00:00:00Z
SRC-INV-00064,INV00064,PA0064,2026-04-01,99.90,paid,2026-07-02T00:00:00Z
SRC-INV-00065,INV00065,PA0065,2026-05-01,45.90,paid,2026-07-02T00:00:00Z
SRC-INV-00066,INV00066,PA0066,2026-06-01,59.90,paid,2026-07-02T00:00:00Z
SRC-INV-00067,INV00067,PA0067,2026-01-01,79.90,paid,2026-07-02T00:00:00Z
SRC-INV-00068,INV00068,PA0068,2026-02-01,99.90,paid,2026-07-02T00:00:00Z
SRC-INV-00069,INV00069,PA0069,2026-03-01,45.90,paid,2026-07-02T00:00:00Z
SRC-INV-00070,INV00070,PA0070,2026-04-01,59.90,paid,2026-07-02T00:00:00Z
SRC-INV-00071,INV00071,PA0071,2026-05-01,79.90,paid,2026-07-02T00:00:00Z
SRC-INV-00072,INV00072,PA0072,2026-06-01,99.90,paid,2026-07-02T00:00:00Z
SRC-INV-00073,INV00073,PA0073,2026-01-01,45.90,paid,2026-07-02T00:00:00Z
SRC-INV-00074,INV00074,PA0074,2026-02-01,59.90,paid,2026-07-02T00:00:00Z
SRC-INV-00075,INV00075,PA0075,2026-03-01,79.90,paid,2026-07-02T00:00:00Z
SRC-INV-00076,INV00076,PA0076,2026-04-01,99.90,paid,2026-07-02T00:00:00Z
SRC-INV-00077,INV00077,PA0077,2026-05-01,45.90,paid,2026-07-02T00:00:00Z
SRC-INV-00078,INV00078,PA0078,2026-06-01,59.90,paid,2026-07-02T00:00:00Z
SRC-INV-00079,INV00079,PA0079,2026-01-01,79.90,paid,2026-07-02T00:00:00Z
SRC-INV-00080,INV00080,PA0080,2026-02-01,99.90,paid,2026-07-02T00:00:00Z
SRC-INV-00081,INV00081,PA0081,2026-03-01,45.90,paid,2026-07-02T00:00:00Z
SRC-INV-00082,INV00082,PA0082,2026-04-01,59.90,paid,2026-07-02T00:00:00Z
SRC-INV-00083,INV00083,PA0083,2026-05-01,79.90,paid,2026-07-02T00:00:00Z
SRC-INV-00084,INV00084,PA0084,2026-06-01,99.90,paid,2026-07-02T00:00:00Z
SRC-INV-00085,INV00085,PA0085,2026-01-01,45.90,paid,2026-07-02T00:00:00Z
SRC-INV-00086,INV00086,PA0086,2026-02-01,59.90,paid,2026-07-02T00:00:00Z
SRC-INV-00087,INV00087,PA0087,2026-03-01,79.90,paid,2026-07-02T00:00:00Z
SRC-INV-00088,INV00088,PA0088,2026-04-01,99.90,paid,2026-07-02T00:00:00Z
SRC-INV-00089,INV00089,PA0089,2026-05-01,45.90,paid,2026-07-02T00:00:00Z
SRC-INV-00090,INV00090,PA0090,2026-06-01,59.90,paid,2026-07-02T00:00:00Z
SRC-INV-00091,INV00091,PA0091,2026-01-01,79.90,paid,2026-07-02T00:00:00Z
SRC-INV-00092,INV00092,PA0092,2026-02-01,99.90,paid,2026-07-02T00:00:00Z
SRC-INV-00093,INV00093,PA0093,2026-03-01,45.90,paid,2026-07-02T00:00:00Z
SRC-INV-00094,INV00094,PA0094,2026-04-01,59.90,paid,2026-07-02T00:00:00Z
SRC-INV-00095,INV00095,PA0095,2026-05-01,79.90,paid,2026-07-02T00:00:00Z
SRC-INV-00096,INV00096,PA0096,2026-06-01,99.90,paid,2026-07-02T00:00:00Z
SRC-INV-00097,INV00097,PA0097,2026-01-01,45.90,paid,2026-07-02T00:00:00Z
SRC-INV-00098,INV00098,PA0098,2026-02-01,59.90,paid,2026-07-02T00:00:00Z
SRC-INV-00099,INV00099,PA0099,2026-03-01,79.90,paid,2026-07-02T00:00:00Z
SRC-INV-00100,INV00100,PA0100,2026-04-01,99.90,paid,2026-07-02T00:00:00Z
SRC-INV-00101,INV00101,PA0101,2026-05-01,45.90,paid,2026-07-02T00:00:00Z
SRC-INV-00102,INV00102,PA0102,2026-06-01,59.90,paid,2026-07-02T00:00:00Z
SRC-INV-00103,INV00103,PA0103,2026-01-01,79.90,paid,2026-07-02T00:00:00Z
SRC-INV-00104,INV00104,PA0104,2026-02-01,99.90,paid,2026-07-02T00:00:00Z
SRC-INV-00105,INV00105,PA0105,2026-03-01,45.90,paid,2026-07-02T00:00:00Z
SRC-INV-00106,INV00106,PA0106,2026-04-01,59.90,paid,2026-07-02T00:00:00Z
SRC-INV-00107,INV00107,PA0107,2026-05-01,79.90,paid,2026-07-02T00:00:00Z
SRC-INV-00108,INV00108,PA0108,2026-06-01,99.90,paid,2026-07-02T00:00:00Z
SRC-INV-00109,INV00109,PA0109,2026-01-01,45.90,paid,2026-07-02T00:00:00Z
SRC-INV-00110,INV00110,PA0110,2026-02-01,59.90,paid,2026-07-02T00:00:00Z
SRC-INV-00111,INV00111,PA0111,2026-03-01,79.90,paid,2026-07-02T00:00:00Z
SRC-INV-00112,INV00112,PA0112,2026-04-01,99.90,paid,2026-07-02T00:00:00Z
SRC-INV-00113,INV00113,PA0113,2026-05-01,45.90,paid,2026-07-02T00:00:00Z
SRC-INV-00114,INV00114,PA0114,2026-06-01,59.90,paid,2026-07-02T00:00:00Z
SRC-INV-00115,INV00115,PA0115,2026-01-01,79.90,paid,2026-07-02T00:00:00Z
SRC-INV-00116,INV00116,PA0116,2026-02-01,99.90,paid,2026-07-02T00:00:00Z
SRC-INV-00117,INV00117,PA0117,2026-03-01,45.90,paid,2026-07-02T00:00:00Z
SRC-INV-00118,INV00118,PA0118,2026-04-01,59.90,paid,2026-07-02T00:00:00Z
SRC-INV-00119,INV00119,PA0119,2026-05-01,79.90,paid,2026-07-02T00:00:00Z
SRC-INV-00120,INV00120,PA0120,2026-06-01,99.90,paid,2026-07-02T00:00:00Z
SRC-INV-00121,INV00121,PA0121,2026-01-01,45.90,paid,2026-07-02T00:00:00Z
SRC-INV-00122,INV00122,PA0122,2026-02-01,59.90,paid,2026-07-02T00:00:00Z
SRC-INV-00123,INV00123,PA0123,2026-03-01,79.90,paid,2026-07-02T00:00:00Z
SRC-INV-00124,INV00124,PA0124,2026-04-01,99.90,paid,2026-07-02T00:00:00Z
SRC-INV-00125,INV00125,PA0125,2026-05-01,45.90,paid,2026-07-02T00:00:00Z
SRC-INV-00126,INV00126,PA0126,2026-06-01,59.90,paid,2026-07-02T00:00:00Z
SRC-INV-00127,INV00127,PA0127,2026-01-01,79.90,paid,2026-07-02T00:00:00Z
SRC-INV-00128,INV00128,PA0128,2026-02-01,99.90,paid,2026-07-02T00:00:00Z
SRC-INV-00129,INV00129,PA0129,2026-03-01,45.90,paid,2026-07-02T00:00:00Z
SRC-INV-00130,INV00130,PA0130,2026-04-01,59.90,paid,2026-07-02T00:00:00Z
SRC-INV-00131,INV00131,PA0131,2026-05-01,79.90,paid,2026-07-02T00:00:00Z
SRC-INV-00132,INV00132,PA0132,2026-06-01,99.90,paid,2026-07-02T00:00:00Z
SRC-INV-00133,INV00133,PA0133,2026-01-01,45.90,paid,2026-07-02T00:00:00Z
SRC-INV-00134,INV00134,PA0134,2026-02-01,59.90,paid,2026-07-02T00:00:00Z
SRC-INV-00135,INV00135,PA0135,2026-03-01,79.90,paid,2026-07-02T00:00:00Z
SRC-INV-00136,INV00136,PA0136,2026-04-01,99.90,paid,2026-07-02T00:00:00Z
SRC-INV-00137,INV00137,PA0137,2026-05-01,45.90,paid,2026-07-02T00:00:00Z
SRC-INV-00138,INV00138,PA0138,2026-06-01,59.90,paid,2026-07-02T00:00:00Z
SRC-INV-00139,INV00139,PA0139,2026-01-01,79.90,paid,2026-07-02T00:00:00Z
SRC-INV-00140,INV00140,PA0140,2026-02-01,99.90,paid,2026-07-02T00:00:00Z
SRC-INV-00141,INV00141,PA0141,2026-03-01,45.90,paid,2026-07-02T00:00:00Z
SRC-INV-00142,INV00142,PA0142,2026-04-01,59.90,paid,2026-07-02T00:00:00Z
SRC-INV-00143,INV00143,PA0143,2026-05-01,79.90,paid,2026-07-02T00:00:00Z
SRC-INV-00144,INV00144,PA0144,2026-06-01,99.90,paid,2026-07-02T00:00:00Z
SRC-INV-00145,INV00145,PA0145,2026-01-01,45.90,paid,2026-07-02T00:00:00Z
SRC-INV-00146,INV00146,PA0146,2026-02-01,59.90,paid,2026-07-02T00:00:00Z
SRC-INV-00147,INV00147,PA0147,2026-03-01,79.90,paid,2026-07-02T00:00:00Z
SRC-INV-00148,INV00148,PA0148,2026-04-01,99.90,paid,2026-07-02T00:00:00Z
SRC-INV-00149,INV00149,PA0149,2026-05-01,45.90,paid,2026-07-02T00:00:00Z
SRC-INV-00150,INV00150,PA0150,2026-06-01,59.90,paid,2026-07-02T00:00:00Z
SRC-INV-00151,INV00151,PA0151,2026-01-01,79.90,paid,2026-07-02T00:00:00Z
SRC-INV-00152,INV00152,PA0152,2026-02-01,99.90,paid,2026-07-02T00:00:00Z
SRC-INV-00153,INV00153,PA0153,2026-03-01,45.90,paid,2026-07-02T00:00:00Z
SRC-INV-00154,INV00154,PA0154,2026-04-01,59.90,paid,2026-07-02T00:00:00Z
SRC-INV-00155,INV00155,PA0155,2026-05-01,79.90,paid,2026-07-02T00:00:00Z
SRC-INV-00156,INV00156,PA0156,2026-06-01,99.90,paid,2026-07-02T00:00:00Z
SRC-INV-00157,INV00157,PA0157,2026-01-01,45.90,paid,2026-07-02T00:00:00Z
SRC-INV-00158,INV00158,PA0158,2026-02-01,59.90,paid,2026-07-02T00:00:00Z
SRC-INV-00159,INV00159,PA0159,2026-03-01,79.90,paid,2026-07-02T00:00:00Z
SRC-INV-00160,INV00160,PA0160,2026-04-01,99.90,paid,2026-07-02T00:00:00Z
SRC-INV-00161,INV00161,PA0161,2026-05-01,45.90,paid,2026-07-02T00:00:00Z
SRC-INV-00162,INV00162,PA0162,2026-06-01,59.90,paid,2026-07-02T00:00:00Z
SRC-INV-00163,INV00163,PA0163,2026-01-01,79.90,paid,2026-07-02T00:00:00Z
SRC-INV-00164,INV00164,PA0164,2026-02-01,99.90,paid,2026-07-02T00:00:00Z
SRC-INV-00165,INV00165,PA0165,2026-03-01,45.90,paid,2026-07-02T00:00:00Z
SRC-INV-00166,INV00166,PA0166,2026-04-01,59.90,paid,2026-07-02T00:00:00Z
SRC-INV-00167,INV00167,PA0167,2026-05-01,79.90,paid,2026-07-02T00:00:00Z
SRC-INV-00168,INV00168,PA0168,2026-06-01,99.90,paid,2026-07-02T00:00:00Z
SRC-INV-00169,INV00169,PA0169,2026-01-01,45.90,paid,2026-07-02T00:00:00Z
SRC-INV-00170,INV00170,PA0170,2026-02-01,59.90,paid,2026-07-02T00:00:00Z
SRC-INV-00171,INV00171,PA0171,2026-03-01,79.90,paid,2026-07-02T00:00:00Z
SRC-INV-00172,INV00172,PA0172,2026-04-01,99.90,paid,2026-07-02T00:00:00Z
SRC-INV-00173,INV00173,PA0173,2026-05-01,45.90,paid,2026-07-02T00:00:00Z
SRC-INV-00174,INV00174,PA0174,2026-06-01,59.90,paid,2026-07-02T00:00:00Z
SRC-INV-00175,INV00175,PA0175,2026-01-01,79.90,paid,2026-07-02T00:00:00Z
SRC-INV-00176,INV00176,PA0176,2026-02-01,99.90,paid,2026-07-02T00:00:00Z
SRC-INV-00177,INV00177,PA0177,2026-03-01,45.90,paid,2026-07-02T00:00:00Z
SRC-INV-00178,INV00178,PA0178,2026-04-01,59.90,paid,2026-07-02T00:00:00Z
SRC-INV-00179,INV00179,PA0179,2026-05-01,79.90,paid,2026-07-02T00:00:00Z
SRC-INV-00180,INV00180,PA0180,2026-06-01,99.90,paid,2026-07-02T00:00:00Z
SRC-INV-00181,INV00181,PA0181,2026-01-01,45.90,paid,2026-07-02T00:00:00Z
SRC-INV-00182,INV00182,PA0182,2026-02-01,59.90,paid,2026-07-02T00:00:00Z
SRC-INV-00183,INV00183,PA0183,2026-03-01,79.90,paid,2026-07-02T00:00:00Z
SRC-INV-00184,INV00184,PA0184,2026-04-01,99.90,paid,2026-07-02T00:00:00Z
SRC-INV-00185,INV00185,PA0185,2026-05-01,45.90,paid,2026-07-02T00:00:00Z
SRC-INV-00186,INV00186,PA0186,2026-06-01,59.90,paid,2026-07-02T00:00:00Z
SRC-INV-00187,INV00187,PA0187,2026-01-01,79.90,paid,2026-07-02T00:00:00Z
SRC-INV-00188,INV00188,PA0188,2026-02-01,99.90,paid,2026-07-02T00:00:00Z
SRC-INV-00189,INV00189,PA0189,2026-03-01,45.90,paid,2026-07-02T00:00:00Z
SRC-INV-00190,INV00190,PA0190,2026-04-01,59.90,paid,2026-07-02T00:00:00Z
SRC-INV-00191,INV00191,PA0191,2026-05-01,79.90,paid,2026-07-02T00:00:00Z
SRC-INV-00192,INV00192,PA0192,2026-06-01,99.90,paid,2026-07-02T00:00:00Z
SRC-INV-00193,INV00193,PA0193,2026-01-01,45.90,paid,2026-07-02T00:00:00Z
SRC-INV-00194,INV00194,PA0194,2026-02-01,59.90,paid,2026-07-02T00:00:00Z
SRC-INV-00195,INV00195,PA0195,2026-03-01,79.90,paid,2026-07-02T00:00:00Z
SRC-INV-00196,INV00196,PA0196,2026-04-01,99.90,paid,2026-07-02T00:00:00Z
SRC-INV-00197,INV00197,PA0197,2026-05-01,45.90,paid,2026-07-02T00:00:00Z
SRC-INV-00198,INV00198,PA0198,2026-06-01,59.90,paid,2026-07-02T00:00:00Z
SRC-INV-00199,INV00199,PA0199,2026-01-01,79.90,paid,2026-07-02T00:00:00Z
SRC-INV-00200,INV00200,PA0200,2026-02-01,99.90,paid,2026-07-02T00:00:00Z
SRC-INV-00201,INV00201,PA0201,2026-03-01,45.90,paid,2026-07-02T00:00:00Z
SRC-INV-00202,INV00202,PA0202,2026-04-01,59.90,paid,2026-07-02T00:00:00Z
SRC-INV-00203,INV00203,PA0203,2026-05-01,79.90,paid,2026-07-02T00:00:00Z
SRC-INV-00204,INV00204,PA0204,2026-06-01,99.90,paid,2026-07-02T00:00:00Z
SRC-INV-00205,INV00205,PA0205,2026-01-01,45.90,paid,2026-07-02T00:00:00Z
SRC-INV-00206,INV00206,PA0206,2026-02-01,59.90,paid,2026-07-02T00:00:00Z
SRC-INV-00207,INV00207,PA0207,2026-03-01,79.90,paid,2026-07-02T00:00:00Z
SRC-INV-00208,INV00208,PA0208,2026-04-01,99.90,paid,2026-07-02T00:00:00Z
SRC-INV-00209,INV00209,PA0209,2026-05-01,45.90,paid,2026-07-02T00:00:00Z
SRC-INV-00210,INV00210,PA0210,2026-06-01,59.90,paid,2026-07-02T00:00:00Z
SRC-INV-00211,INV00211,PA0211,2026-01-01,79.90,paid,2026-07-02T00:00:00Z
SRC-INV-00212,INV00212,PA0212,2026-02-01,99.90,paid,2026-07-02T00:00:00Z
SRC-INV-00213,INV00213,PA0213,2026-03-01,45.90,paid,2026-07-02T00:00:00Z
SRC-INV-00214,INV00214,PA0214,2026-04-01,59.90,paid,2026-07-02T00:00:00Z
SRC-INV-00215,INV00215,PA0215,2026-05-01,79.90,paid,2026-07-02T00:00:00Z
SRC-INV-00216,INV00216,PA0216,2026-06-01,99.90,paid,2026-07-02T00:00:00Z
SRC-INV-00217,INV00217,PA0217,2026-01-01,45.90,paid,2026-07-02T00:00:00Z
SRC-INV-00218,INV00218,PA0218,2026-02-01,59.90,paid,2026-07-02T00:00:00Z
SRC-INV-00219,INV00219,PA0219,2026-03-01,79.90,paid,2026-07-02T00:00:00Z
SRC-INV-00220,INV00220,PA0220,2026-04-01,99.90,paid,2026-07-02T00:00:00Z
SRC-INV-00221,INV00221,PA0221,2026-05-01,45.90,paid,2026-07-02T00:00:00Z
SRC-INV-00222,INV00222,PA0222,2026-06-01,59.90,paid,2026-07-02T00:00:00Z
SRC-INV-00223,INV00223,PA0223,2026-01-01,79.90,paid,2026-07-02T00:00:00Z
SRC-INV-00224,INV00224,PA0224,2026-02-01,99.90,paid,2026-07-02T00:00:00Z
SRC-INV-00225,INV00225,PA0225,2026-03-01,45.90,paid,2026-07-02T00:00:00Z
SRC-INV-00226,INV00226,PA0226,2026-04-01,59.90,paid,2026-07-02T00:00:00Z
SRC-INV-00227,INV00227,PA0227,2026-05-01,79.90,paid,2026-07-02T00:00:00Z
SRC-INV-00228,INV00228,PA0228,2026-06-01,99.90,paid,2026-07-02T00:00:00Z
SRC-INV-00229,INV00229,PA0229,2026-01-01,45.90,paid,2026-07-02T00:00:00Z
SRC-INV-00230,INV00230,PA0230,2026-02-01,59.90,paid,2026-07-02T00:00:00Z
SRC-INV-00231,INV00231,PA0231,2026-03-01,79.90,paid,2026-07-02T00:00:00Z
SRC-INV-00232,INV00232,PA0232,2026-04-01,99.90,paid,2026-07-02T00:00:00Z
SRC-INV-00233,INV00233,PA0233,2026-05-01,45.90,paid,2026-07-02T00:00:00Z
SRC-INV-00234,INV00234,PA0234,2026-06-01,59.90,paid,2026-07-02T00:00:00Z
SRC-INV-00235,INV00235,PA0235,2026-01-01,79.90,paid,2026-07-02T00:00:00Z
SRC-INV-00236,INV00236,PA0236,2026-02-01,99.90,paid,2026-07-02T00:00:00Z
SRC-INV-00237,INV00237,PA0237,2026-03-01,45.90,paid,2026-07-02T00:00:00Z
SRC-INV-00238,INV00238,PA0238,2026-04-01,59.90,paid,2026-07-02T00:00:00Z
SRC-INV-00239,INV00239,PA0239,2026-05-01,79.90,paid,2026-07-02T00:00:00Z
SRC-INV-00240,INV00240,PA0240,2026-06-01,99.90,paid,2026-07-02T00:00:00Z
SRC-INV-00241,INV00241,PA0241,2026-01-01,45.90,paid,2026-07-02T00:00:00Z
SRC-INV-00242,INV00242,PA0242,2026-02-01,59.90,paid,2026-07-02T00:00:00Z
SRC-INV-00243,INV00243,PA0243,2026-03-01,79.90,paid,2026-07-02T00:00:00Z
SRC-INV-00244,INV00244,PA0244,2026-04-01,99.90,paid,2026-07-02T00:00:00Z
SRC-INV-00245,INV00245,PA0245,2026-05-01,45.90,paid,2026-07-02T00:00:00Z
SRC-INV-00246,INV00246,PA0246,2026-06-01,59.90,paid,2026-07-02T00:00:00Z
SRC-INV-00247,INV00247,PA0247,2026-01-01,79.90,paid,2026-07-02T00:00:00Z
SRC-INV-00248,INV00248,PA0248,2026-02-01,99.90,paid,2026-07-02T00:00:00Z
SRC-INV-00249,INV00249,PA0249,2026-03-01,45.90,paid,2026-07-02T00:00:00Z
SRC-INV-00250,INV00250,PA0250,2026-04-01,59.90,paid,2026-07-02T00:00:00Z
SRC-INV-00251,INV00251,PA0251,2026-05-01,79.90,paid,2026-07-02T00:00:00Z
SRC-INV-00252,INV00252,PA0252,2026-06-01,99.90,paid,2026-07-02T00:00:00Z
SRC-INV-00253,INV00253,PA0253,2026-01-01,45.90,paid,2026-07-02T00:00:00Z
SRC-INV-00254,INV00254,PA0254,2026-02-01,59.90,paid,2026-07-02T00:00:00Z
SRC-INV-00255,INV00255,PA0255,2026-03-01,79.90,paid,2026-07-02T00:00:00Z
SRC-INV-00256,INV00256,PA0256,2026-04-01,99.90,paid,2026-07-02T00:00:00Z
SRC-INV-00257,INV00257,PA0257,2026-05-01,45.90,paid,2026-07-02T00:00:00Z
SRC-INV-00258,INV00258,PA0258,2026-06-01,59.90,paid,2026-07-02T00:00:00Z
SRC-INV-00259,INV00259,PA0259,2026-01-01,79.90,paid,2026-07-02T00:00:00Z
SRC-INV-00260,INV00260,PA0260,2026-02-01,99.90,paid,2026-07-02T00:00:00Z
SRC-INV-00261,INV00261,PA0261,2026-03-01,45.90,paid,2026-07-02T00:00:00Z
SRC-INV-00262,INV00262,PA0262,2026-04-01,59.90,paid,2026-07-02T00:00:00Z
SRC-INV-00263,INV00263,PA0263,2026-05-01,79.90,paid,2026-07-02T00:00:00Z
SRC-INV-00264,INV00264,PA0264,2026-06-01,99.90,paid,2026-07-02T00:00:00Z
SRC-INV-00265,INV00265,PA0265,2026-01-01,45.90,paid,2026-07-02T00:00:00Z
SRC-INV-00266,INV00266,PA0266,2026-02-01,59.90,paid,2026-07-02T00:00:00Z
SRC-INV-00267,INV00267,PA0267,2026-03-01,79.90,paid,2026-07-02T00:00:00Z
SRC-INV-00268,INV00268,PA0268,2026-04-01,99.90,paid,2026-07-02T00:00:00Z
SRC-INV-00269,INV00269,PA0269,2026-05-01,45.90,paid,2026-07-02T00:00:00Z
SRC-INV-00270,INV00270,PA0270,2026-06-01,59.90,paid,2026-07-02T00:00:00Z
SRC-INV-00271,INV00271,PA0271,2026-01-01,79.90,paid,2026-07-02T00:00:00Z
SRC-INV-00272,INV00272,PA0272,2026-02-01,99.90,paid,2026-07-02T00:00:00Z
SRC-INV-00273,INV00273,PA0273,2026-03-01,45.90,paid,2026-07-02T00:00:00Z
SRC-INV-00274,INV00274,PA0274,2026-04-01,59.90,paid,2026-07-02T00:00:00Z
SRC-INV-00275,INV00275,PA0275,2026-05-01,79.90,paid,2026-07-02T00:00:00Z
SRC-INV-00276,INV00276,PA0276,2026-06-01,99.90,paid,2026-07-02T00:00:00Z
SRC-INV-00277,INV00277,PA0277,2026-01-01,45.90,paid,2026-07-02T00:00:00Z
SRC-INV-00278,INV00278,PA0278,2026-02-01,59.90,paid,2026-07-02T00:00:00Z
SRC-INV-00279,INV00279,PA0001,2026-03-01,79.90,paid,2026-07-02T00:00:00Z
SRC-INV-00280,INV00280,PA0002,2026-04-01,99.90,paid,2026-07-02T00:00:00Z
SRC-INV-00281,INV00281,PA0003,2026-05-01,45.90,paid,2026-07-02T00:00:00Z
SRC-INV-00282,INV00282,PA0004,2026-06-01,59.90,paid,2026-07-02T00:00:00Z
SRC-INV-00283,INV00283,PA0005,2026-01-01,79.90,paid,2026-07-02T00:00:00Z
SRC-INV-00284,INV00284,PA0006,2026-02-01,99.90,paid,2026-07-02T00:00:00Z
SRC-INV-00285,INV00285,PA0007,2026-03-01,45.90,paid,2026-07-02T00:00:00Z
SRC-INV-00286,INV00286,PA0008,2026-04-01,59.90,paid,2026-07-02T00:00:00Z
SRC-INV-00287,INV00287,PA0009,2026-05-01,79.90,paid,2026-07-02T00:00:00Z
SRC-INV-00288,INV00288,PA0010,2026-06-01,99.90,paid,2026-07-02T00:00:00Z
SRC-INV-00289,INV00289,PA0011,2026-01-01,45.90,paid,2026-07-02T00:00:00Z
SRC-INV-00290,INV00290,PA0012,2026-02-01,59.90,paid,2026-07-02T00:00:00Z
SRC-INV-00291,INV00291,PA0013,2026-03-01,79.90,paid,2026-07-02T00:00:00Z
SRC-INV-00292,INV00292,PA0014,2026-04-01,99.90,paid,2026-07-02T00:00:00Z
SRC-INV-00293,INV00293,PA0015,2026-05-01,45.90,paid,2026-07-02T00:00:00Z
SRC-INV-00294,INV00294,PA0016,2026-06-01,59.90,paid,2026-07-02T00:00:00Z
SRC-INV-00295,INV00295,PA0017,2026-01-01,79.90,paid,2026-07-02T00:00:00Z
SRC-INV-00296,INV00296,PA0018,2026-02-01,99.90,paid,2026-07-02T00:00:00Z
SRC-INV-00297,INV00297,PA0019,2026-03-01,45.90,paid,2026-07-02T00:00:00Z
SRC-INV-00298,INV00298,PA0020,2026-04-01,59.90,paid,2026-07-02T00:00:00Z
SRC-INV-00299,INV00299,PA0021,2026-05-01,79.90,paid,2026-07-02T00:00:00Z
SRC-INV-00300,INV00300,PA0022,2026-06-01,99.90,paid,2026-07-02T00:00:00Z
SRC-INV-00301,INV00301,PA0023,2026-01-01,45.90,paid,2026-07-02T00:00:00Z
SRC-INV-00302,INV00302,PA0024,2026-02-01,59.90,paid,2026-07-02T00:00:00Z
SRC-INV-00303,INV00303,PA0025,2026-03-01,79.90,paid,2026-07-02T00:00:00Z
SRC-INV-00304,INV00304,PA0026,2026-04-01,99.90,paid,2026-07-02T00:00:00Z
SRC-INV-00305,INV00305,PA0027,2026-05-01,45.90,paid,2026-07-02T00:00:00Z
SRC-INV-00306,INV00306,PA0028,2026-06-01,59.90,paid,2026-07-02T00:00:00Z
SRC-INV-00307,INV00307,PA0029,2026-01-01,79.90,paid,2026-07-02T00:00:00Z
SRC-INV-00308,INV00308,PA0030,2026-02-01,99.90,paid,2026-07-02T00:00:00Z
SRC-INV-00309,INV00309,PA0031,2026-03-01,45.90,paid,2026-07-02T00:00:00Z
SRC-INV-00310,INV00310,PA0032,2026-04-01,59.90,paid,2026-07-02T00:00:00Z
SRC-INV-00311,INV00311,PA0033,2026-05-01,79.90,paid,2026-07-02T00:00:00Z
SRC-INV-00312,INV00312,PA0034,2026-06-01,99.90,paid,2026-07-02T00:00:00Z
SRC-INV-00313,INV00313,PA0035,2026-01-01,45.90,paid,2026-07-02T00:00:00Z
SRC-INV-00314,INV00314,PA0036,2026-02-01,59.90,paid,2026-07-02T00:00:00Z
SRC-INV-00315,INV00315,PA0037,2026-03-01,79.90,paid,2026-07-02T00:00:00Z
SRC-INV-00316,INV00316,PA0038,2026-04-01,99.90,paid,2026-07-02T00:00:00Z
SRC-INV-00317,INV00317,PA0039,2026-05-01,45.90,paid,2026-07-02T00:00:00Z
SRC-INV-00318,INV00318,PA0040,2026-06-01,59.90,paid,2026-07-02T00:00:00Z
SRC-INV-00319,INV00319,PA0041,2026-01-01,79.90,paid,2026-07-02T00:00:00Z
SRC-INV-00320,INV00320,PA0042,2026-02-01,99.90,paid,2026-07-02T00:00:00Z
SRC-INV-00321,INV00321,PA0043,2026-03-01,45.90,paid,2026-07-02T00:00:00Z
SRC-INV-00322,INV00322,PA0044,2026-04-01,59.90,paid,2026-07-02T00:00:00Z
SRC-INV-00323,INV00323,PA0045,2026-05-01,79.90,paid,2026-07-02T00:00:00Z
SRC-INV-00324,INV00324,PA0046,2026-06-01,99.90,paid,2026-07-02T00:00:00Z
SRC-INV-00325,INV00325,PA0047,2026-01-01,45.90,paid,2026-07-02T00:00:00Z
SRC-INV-00326,INV00326,PA0048,2026-02-01,59.90,paid,2026-07-02T00:00:00Z
SRC-INV-00327,INV00327,PA0049,2026-03-01,79.90,paid,2026-07-02T00:00:00Z
SRC-INV-00328,INV00328,PA0050,2026-04-01,99.90,paid,2026-07-02T00:00:00Z
SRC-INV-00329,INV00329,PA0051,2026-05-01,45.90,paid,2026-07-02T00:00:00Z
SRC-INV-00330,INV00330,PA0052,2026-06-01,59.90,paid,2026-07-02T00:00:00Z
SRC-INV-00331,INV00331,PA0053,2026-01-01,79.90,paid,2026-07-02T00:00:00Z
SRC-INV-00332,INV00332,PA0054,2026-02-01,99.90,paid,2026-07-02T00:00:00Z
SRC-INV-00333,INV00333,PA0055,2026-03-01,45.90,paid,2026-07-02T00:00:00Z
SRC-INV-00334,INV00334,PA0056,2026-04-01,59.90,paid,2026-07-02T00:00:00Z
SRC-INV-00335,INV00335,PA0057,2026-05-01,79.90,paid,2026-07-02T00:00:00Z
SRC-INV-00336,INV00336,PA0058,2026-06-01,99.90,paid,2026-07-02T00:00:00Z
SRC-INV-00337,INV00337,PA0059,2026-01-01,45.90,paid,2026-07-02T00:00:00Z
SRC-INV-00338,INV00338,PA0060,2026-02-01,59.90,paid,2026-07-02T00:00:00Z
SRC-INV-00339,INV00339,PA0061,2026-03-01,79.90,paid,2026-07-02T00:00:00Z
SRC-INV-00340,INV00340,PA0062,2026-04-01,99.90,paid,2026-07-02T00:00:00Z
SRC-INV-00341,INV00341,PA0063,2026-05-01,45.90,paid,2026-07-02T00:00:00Z
SRC-INV-00342,INV00342,PA0064,2026-06-01,59.90,paid,2026-07-02T00:00:00Z
SRC-INV-00343,INV00343,PA0065,2026-01-01,79.90,paid,2026-07-02T00:00:00Z
SRC-INV-00344,INV00344,PA0066,2026-02-01,99.90,paid,2026-07-02T00:00:00Z
SRC-INV-00345,INV00345,PA0067,2026-03-01,45.90,paid,2026-07-02T00:00:00Z
SRC-INV-00346,INV00346,PA0068,2026-04-01,59.90,paid,2026-07-02T00:00:00Z
SRC-INV-00347,INV00347,PA0069,2026-05-01,79.90,paid,2026-07-02T00:00:00Z
SRC-INV-00348,INV00348,PA0070,2026-06-01,99.90,paid,2026-07-02T00:00:00Z
SRC-INV-00349,INV00349,PA0071,2026-01-01,45.90,paid,2026-07-02T00:00:00Z
SRC-INV-00350,INV00350,PA0072,2026-02-01,59.90,paid,2026-07-02T00:00:00Z
SRC-INV-00351,INV00351,PA0073,2026-03-01,79.90,paid,2026-07-02T00:00:00Z
SRC-INV-00352,INV00352,PA0074,2026-04-01,99.90,paid,2026-07-02T00:00:00Z
SRC-INV-00353,INV00353,PA0075,2026-05-01,45.90,paid,2026-07-02T00:00:00Z
SRC-INV-00354,INV00354,PA0076,2026-06-01,59.90,paid,2026-07-02T00:00:00Z
SRC-INV-00355,INV00355,PA0077,2026-01-01,79.90,paid,2026-07-02T00:00:00Z
SRC-INV-00356,INV00356,PA0078,2026-02-01,99.90,paid,2026-07-02T00:00:00Z
SRC-INV-00357,INV00357,PA0079,2026-03-01,45.90,paid,2026-07-02T00:00:00Z
SRC-INV-00358,INV00358,PA0080,2026-04-01,59.90,paid,2026-07-02T00:00:00Z
SRC-INV-00359,INV00359,PA0081,2026-05-01,79.90,paid,2026-07-02T00:00:00Z
SRC-INV-00360,INV00360,PA0082,2026-06-01,99.90,paid,2026-07-02T00:00:00Z
SRC-INV-00361,INV00361,PA0083,2026-01-01,45.90,paid,2026-07-02T00:00:00Z
SRC-INV-00362,INV00362,PA0084,2026-02-01,59.90,paid,2026-07-02T00:00:00Z
SRC-INV-00363,INV00363,PA0085,2026-03-01,79.90,paid,2026-07-02T00:00:00Z
SRC-INV-00364,INV00364,PA0086,2026-04-01,99.90,paid,2026-07-02T00:00:00Z
SRC-INV-00365,INV00365,PA0087,2026-05-01,45.90,paid,2026-07-02T00:00:00Z
SRC-INV-00366,INV00366,PA0088,2026-06-01,59.90,paid,2026-07-02T00:00:00Z
SRC-INV-00367,INV00367,PA0089,2026-01-01,79.90,paid,2026-07-02T00:00:00Z
SRC-INV-00368,INV00368,PA0090,2026-02-01,99.90,paid,2026-07-02T00:00:00Z
SRC-INV-00369,INV00369,PA0091,2026-03-01,45.90,paid,2026-07-02T00:00:00Z
SRC-INV-00370,INV00370,PA0092,2026-04-01,59.90,paid,2026-07-02T00:00:00Z
SRC-INV-00371,INV00371,PA0093,2026-05-01,79.90,paid,2026-07-02T00:00:00Z
SRC-INV-00372,INV00372,PA0094,2026-06-01,99.90,paid,2026-07-02T00:00:00Z
SRC-INV-00373,INV00373,PA0095,2026-01-01,45.90,paid,2026-07-02T00:00:00Z
SRC-INV-00374,INV00374,PA0096,2026-02-01,59.90,paid,2026-07-02T00:00:00Z
SRC-INV-00375,INV00375,PA0097,2026-03-01,79.90,paid,2026-07-02T00:00:00Z
SRC-INV-00376,INV00376,PA0098,2026-04-01,99.90,paid,2026-07-02T00:00:00Z
SRC-INV-00377,INV00377,PA0099,2026-05-01,45.90,paid,2026-07-02T00:00:00Z
SRC-INV-00378,INV00378,PA0100,2026-06-01,59.90,paid,2026-07-02T00:00:00Z
SRC-INV-00379,INV00379,PA0101,2026-01-01,79.90,paid,2026-07-02T00:00:00Z
SRC-INV-00380,INV00380,PA0102,2026-02-01,99.90,paid,2026-07-02T00:00:00Z
SRC-INV-00381,INV00381,PA0103,2026-03-01,45.90,paid,2026-07-02T00:00:00Z
SRC-INV-00382,INV00382,PA0104,2026-04-01,59.90,paid,2026-07-02T00:00:00Z
SRC-INV-00383,INV00383,PA0105,2026-05-01,79.90,paid,2026-07-02T00:00:00Z
SRC-INV-00384,INV00384,PA0106,2026-06-01,99.90,paid,2026-07-02T00:00:00Z
SRC-INV-00385,INV00385,PA0107,2026-01-01,45.90,paid,2026-07-02T00:00:00Z
SRC-INV-00386,INV00386,PA0108,2026-02-01,59.90,paid,2026-07-02T00:00:00Z
SRC-INV-00387,INV00387,PA0109,2026-03-01,79.90,paid,2026-07-02T00:00:00Z
SRC-INV-00388,INV00388,PA0110,2026-04-01,99.90,paid,2026-07-02T00:00:00Z
SRC-INV-00389,INV00389,PA0111,2026-05-01,45.90,paid,2026-07-02T00:00:00Z
SRC-INV-00390,INV00390,PA0112,2026-06-01,59.90,paid,2026-07-02T00:00:00Z
SRC-INV-00391,INV00391,PA0113,2026-01-01,79.90,paid,2026-07-02T00:00:00Z
SRC-INV-00392,INV00392,PA0114,2026-02-01,99.90,paid,2026-07-02T00:00:00Z
SRC-INV-00393,INV00393,PA0115,2026-03-01,45.90,paid,2026-07-02T00:00:00Z
SRC-INV-00394,INV00394,PA0116,2026-04-01,59.90,paid,2026-07-02T00:00:00Z
SRC-INV-00395,INV00395,PA0117,2026-05-01,79.90,paid,2026-07-02T00:00:00Z
SRC-INV-00396,INV00396,PA0118,2026-06-01,99.90,paid,2026-07-02T00:00:00Z
SRC-INV-00397,INV00397,PA0119,2026-01-01,45.90,paid,2026-07-02T00:00:00Z
SRC-INV-00398,INV00398,PA0120,2026-02-01,59.90,paid,2026-07-02T00:00:00Z
SRC-INV-00399,INV00399,PA0121,2026-03-01,79.90,paid,2026-07-02T00:00:00Z
SRC-INV-00400,INV00400,PA0122,2026-04-01,99.90,paid,2026-07-02T00:00:00Z
SRC-INV-00401,INV00401,PA0123,2026-05-01,45.90,paid,2026-07-02T00:00:00Z
SRC-INV-00402,INV00402,PA0124,2026-06-01,59.90,paid,2026-07-02T00:00:00Z
SRC-INV-00403,INV00403,PA0125,2026-01-01,79.90,paid,2026-07-02T00:00:00Z
SRC-INV-00404,INV00404,PA0126,2026-02-01,99.90,paid,2026-07-02T00:00:00Z
SRC-INV-00405,INV00405,PA0127,2026-03-01,45.90,paid,2026-07-02T00:00:00Z
SRC-INV-00406,INV00406,PA0128,2026-04-01,59.90,paid,2026-07-02T00:00:00Z
SRC-INV-00407,INV00407,PA0129,2026-05-01,79.90,paid,2026-07-02T00:00:00Z
SRC-INV-00408,INV00408,PA0130,2026-06-01,99.90,paid,2026-07-02T00:00:00Z
SRC-INV-00409,INV00409,PA0131,2026-01-01,45.90,paid,2026-07-02T00:00:00Z
SRC-INV-00410,INV00410,PA0132,2026-02-01,59.90,paid,2026-07-02T00:00:00Z
SRC-INV-00411,INV00411,PA0133,2026-03-01,79.90,paid,2026-07-02T00:00:00Z
SRC-INV-00412,INV00412,PA0134,2026-04-01,99.90,paid,2026-07-02T00:00:00Z
SRC-INV-00413,INV00413,PA0135,2026-05-01,45.90,paid,2026-07-02T00:00:00Z
SRC-INV-00414,INV00414,PA0136,2026-06-01,59.90,paid,2026-07-02T00:00:00Z
SRC-INV-00415,INV00415,PA0137,2026-01-01,79.90,paid,2026-07-02T00:00:00Z
SRC-INV-00416,INV00416,PA0138,2026-02-01,99.90,paid,2026-07-02T00:00:00Z
SRC-INV-00417,INV00417,PA0139,2026-03-01,45.90,paid,2026-07-02T00:00:00Z
SRC-INV-00418,INV00418,PA0140,2026-04-01,59.90,paid,2026-07-02T00:00:00Z
SRC-INV-00419,INV00419,PA0141,2026-05-01,79.90,paid,2026-07-02T00:00:00Z
SRC-INV-00420,INV00420,PA0142,2026-06-01,99.90,paid,2026-07-02T00:00:00Z
SRC-INV-00421,INV00421,PA0143,2026-01-01,45.90,paid,2026-07-02T00:00:00Z
SRC-INV-00422,INV00422,PA0144,2026-02-01,59.90,paid,2026-07-02T00:00:00Z
SRC-INV-00423,INV00423,PA0145,2026-03-01,79.90,paid,2026-07-02T00:00:00Z
SRC-INV-00424,INV00424,PA0146,2026-04-01,99.90,paid,2026-07-02T00:00:00Z
SRC-INV-00425,INV00425,PA0147,2026-05-01,45.90,paid,2026-07-02T00:00:00Z
SRC-INV-00426,INV00426,PA0148,2026-06-01,59.90,paid,2026-07-02T00:00:00Z
SRC-INV-00427,INV00427,PA0149,2026-01-01,79.90,paid,2026-07-02T00:00:00Z
SRC-INV-00428,INV00428,PA0150,2026-02-01,99.90,paid,2026-07-02T00:00:00Z
SRC-INV-00429,INV00429,PA0151,2026-03-01,45.90,paid,2026-07-02T00:00:00Z
SRC-INV-00430,INV00430,PA0152,2026-04-01,59.90,paid,2026-07-02T00:00:00Z
SRC-INV-00431,INV00431,PA0153,2026-05-01,79.90,paid,2026-07-02T00:00:00Z
SRC-INV-00432,INV00432,PA0154,2026-06-01,99.90,paid,2026-07-02T00:00:00Z
SRC-INV-00433,INV00433,PA0155,2026-01-01,45.90,paid,2026-07-02T00:00:00Z
SRC-INV-00434,INV00434,PA0156,2026-02-01,59.90,paid,2026-07-02T00:00:00Z
SRC-INV-00435,INV00435,PA0157,2026-03-01,79.90,paid,2026-07-02T00:00:00Z
SRC-INV-00436,INV00436,PA0158,2026-04-01,99.90,paid,2026-07-02T00:00:00Z
SRC-INV-00437,INV00437,PA0159,2026-05-01,45.90,paid,2026-07-02T00:00:00Z
SRC-INV-00438,INV00438,PA0160,2026-06-01,59.90,paid,2026-07-02T00:00:00Z
SRC-INV-00439,INV00439,PA0161,2026-01-01,79.90,paid,2026-07-02T00:00:00Z
SRC-INV-00440,INV00440,PA0162,2026-02-01,99.90,paid,2026-07-02T00:00:00Z
SRC-INV-00441,INV00441,PA0163,2026-03-01,45.90,paid,2026-07-02T00:00:00Z
SRC-INV-00442,INV00442,PA0164,2026-04-01,59.90,paid,2026-07-02T00:00:00Z
SRC-INV-00443,INV00443,PA0165,2026-05-01,79.90,paid,2026-07-02T00:00:00Z
SRC-INV-00444,INV00444,PA0166,2026-06-01,99.90,paid,2026-07-02T00:00:00Z
SRC-INV-00445,INV00445,PA0167,2026-01-01,45.90,paid,2026-07-02T00:00:00Z
SRC-INV-00446,INV00446,PA0168,2026-02-01,59.90,paid,2026-07-02T00:00:00Z
SRC-INV-00447,INV00447,PA0169,2026-03-01,79.90,paid,2026-07-02T00:00:00Z
SRC-INV-00448,INV00448,PA0170,2026-04-01,99.90,paid,2026-07-02T00:00:00Z
SRC-INV-00449,INV00449,PA0171,2026-05-01,45.90,paid,2026-07-02T00:00:00Z
SRC-INV-00450,INV00450,PA0172,2026-06-01,59.90,paid,2026-07-02T00:00:00Z
SRC-INV-00451,INV00451,PA0173,2026-01-01,79.90,paid,2026-07-02T00:00:00Z
SRC-INV-00452,INV00452,PA0174,2026-02-01,99.90,paid,2026-07-02T00:00:00Z
SRC-INV-00453,INV00453,PA0175,2026-03-01,45.90,paid,2026-07-02T00:00:00Z
SRC-INV-00454,INV00454,PA0176,2026-04-01,59.90,paid,2026-07-02T00:00:00Z
SRC-INV-00455,INV00455,PA0177,2026-05-01,79.90,paid,2026-07-02T00:00:00Z
SRC-INV-00456,INV00456,PA0178,2026-06-01,99.90,paid,2026-07-02T00:00:00Z
SRC-INV-00457,INV00457,PA0179,2026-01-01,45.90,paid,2026-07-02T00:00:00Z
SRC-INV-00458,INV00458,PA0180,2026-02-01,59.90,paid,2026-07-02T00:00:00Z
SRC-INV-00459,INV00459,PA0181,2026-03-01,79.90,paid,2026-07-02T00:00:00Z
SRC-INV-00460,INV00460,PA0182,2026-04-01,99.90,paid,2026-07-02T00:00:00Z
SRC-INV-00461,INV00461,PA0183,2026-05-01,45.90,paid,2026-07-02T00:00:00Z
SRC-INV-00462,INV00462,PA0184,2026-06-01,59.90,paid,2026-07-02T00:00:00Z
SRC-INV-00463,INV00463,PA0185,2026-01-01,79.90,paid,2026-07-02T00:00:00Z
SRC-INV-00464,INV00464,PA0186,2026-02-01,99.90,paid,2026-07-02T00:00:00Z
SRC-INV-00465,INV00465,PA0187,2026-03-01,45.90,paid,2026-07-02T00:00:00Z
SRC-INV-00466,INV00466,PA0188,2026-04-01,59.90,paid,2026-07-02T00:00:00Z
SRC-INV-00467,INV00467,PA0189,2026-05-01,79.90,paid,2026-07-02T00:00:00Z
SRC-INV-00468,INV00468,PA0190,2026-06-01,99.90,paid,2026-07-02T00:00:00Z
SRC-INV-00469,INV00469,PA0191,2026-01-01,45.90,paid,2026-07-02T00:00:00Z
SRC-INV-00470,INV00470,PA0192,2026-02-01,59.90,paid,2026-07-02T00:00:00Z
SRC-INV-00471,INV00471,PA0193,2026-03-01,79.90,paid,2026-07-02T00:00:00Z
SRC-INV-00472,INV00472,PA0194,2026-04-01,99.90,paid,2026-07-02T00:00:00Z
SRC-INV-00473,INV00473,PA0195,2026-05-01,45.90,paid,2026-07-02T00:00:00Z
SRC-INV-00474,INV00474,PA0196,2026-06-01,59.90,paid,2026-07-02T00:00:00Z
SRC-INV-00475,INV00475,PA0197,2026-01-01,79.90,paid,2026-07-02T00:00:00Z
SRC-INV-00476,INV00476,PA0198,2026-02-01,99.90,paid,2026-07-02T00:00:00Z
SRC-INV-00477,INV00477,PA0199,2026-03-01,45.90,paid,2026-07-02T00:00:00Z
SRC-INV-00478,INV00478,PA0200,2026-04-01,59.90,paid,2026-07-02T00:00:00Z
SRC-INV-00479,INV00479,PA0201,2026-05-01,79.90,paid,2026-07-02T00:00:00Z
SRC-INV-00480,INV00480,PA0202,2026-06-01,99.90,paid,2026-07-02T00:00:00Z
SRC-INV-00481,INV00481,PA0203,2026-01-01,45.90,paid,2026-07-02T00:00:00Z
SRC-INV-00482,INV00482,PA0204,2026-02-01,59.90,paid,2026-07-02T00:00:00Z
SRC-INV-00483,INV00483,PA0205,2026-03-01,79.90,paid,2026-07-02T00:00:00Z
SRC-INV-00484,INV00484,PA0206,2026-04-01,99.90,paid,2026-07-02T00:00:00Z
SRC-INV-00485,INV00485,PA0207,2026-05-01,45.90,paid,2026-07-02T00:00:00Z
SRC-INV-00486,INV00486,PA0208,2026-06-01,59.90,paid,2026-07-02T00:00:00Z
SRC-INV-00487,INV00487,PA0209,2026-01-01,79.90,paid,2026-07-02T00:00:00Z
SRC-INV-00488,INV00488,PA0210,2026-02-01,99.90,paid,2026-07-02T00:00:00Z
SRC-INV-00489,INV00489,PA0211,2026-03-01,45.90,paid,2026-07-02T00:00:00Z
SRC-INV-00490,INV00490,PA0212,2026-04-01,59.90,paid,2026-07-02T00:00:00Z
SRC-INV-00491,INV00491,PA0213,2026-05-01,79.90,paid,2026-07-02T00:00:00Z
SRC-INV-00492,INV00492,PA0214,2026-06-01,99.90,paid,2026-07-02T00:00:00Z
SRC-INV-00493,INV00493,PA0215,2026-01-01,45.90,paid,2026-07-02T00:00:00Z
SRC-INV-00494,INV00494,PA0216,2026-02-01,59.90,paid,2026-07-02T00:00:00Z
SRC-INV-00495,INV00495,PA0217,2026-03-01,79.90,paid,2026-07-02T00:00:00Z
SRC-INV-00496,INV00496,PA0218,2026-04-01,99.90,paid,2026-07-02T00:00:00Z
SRC-INV-00497,INV00497,PA0219,2026-05-01,45.90,paid,2026-07-02T00:00:00Z
SRC-INV-00498,INV00498,PA0220,2026-06-01,59.90,paid,2026-07-02T00:00:00Z
SRC-INV-00499,INV00499,PA0221,2026-01-01,79.90,paid,2026-07-02T00:00:00Z
SRC-INV-00500,INV00500,PA0222,2026-02-01,99.90,paid,2026-07-02T00:00:00Z
SRC-INV-00501,INV00501,PA0223,2026-03-01,45.90,paid,2026-07-02T00:00:00Z
SRC-INV-00502,INV00502,PA0224,2026-04-01,59.90,paid,2026-07-02T00:00:00Z
SRC-INV-00503,INV00503,PA0225,2026-05-01,79.90,paid,2026-07-02T00:00:00Z
SRC-INV-00504,INV00504,PA0226,2026-06-01,99.90,paid,2026-07-02T00:00:00Z
SRC-INV-00505,INV00505,PA0227,2026-01-01,45.90,paid,2026-07-02T00:00:00Z
SRC-INV-00506,INV00506,PA0228,2026-02-01,59.90,paid,2026-07-02T00:00:00Z
SRC-INV-00507,INV00507,PA0229,2026-03-01,79.90,paid,2026-07-02T00:00:00Z
SRC-INV-00508,INV00508,PA0230,2026-04-01,99.90,paid,2026-07-02T00:00:00Z
SRC-INV-00509,INV00509,PA0231,2026-05-01,45.90,paid,2026-07-02T00:00:00Z
SRC-INV-00510,INV00510,PA0232,2026-06-01,59.90,paid,2026-07-02T00:00:00Z
SRC-INV-00511,INV00511,PA0233,2026-01-01,79.90,paid,2026-07-02T00:00:00Z
SRC-INV-00512,INV00512,PA0234,2026-02-01,99.90,paid,2026-07-02T00:00:00Z
SRC-INV-00513,INV00513,PA0235,2026-03-01,45.90,paid,2026-07-02T00:00:00Z
SRC-INV-00514,INV00514,PA0236,2026-04-01,59.90,paid,2026-07-02T00:00:00Z
SRC-INV-00515,INV00515,PA0237,2026-05-01,79.90,paid,2026-07-02T00:00:00Z
SRC-INV-00516,INV00516,PA0238,2026-06-01,99.90,paid,2026-07-02T00:00:00Z
SRC-INV-00517,INV00517,PA0239,2026-01-01,45.90,paid,2026-07-02T00:00:00Z
SRC-INV-00518,INV00518,PA0240,2026-02-01,59.90,paid,2026-07-02T00:00:00Z
SRC-INV-00519,INV00519,PA0241,2026-03-01,79.90,paid,2026-07-02T00:00:00Z
SRC-INV-00520,INV00520,PA0242,2026-04-01,99.90,paid,2026-07-02T00:00:00Z
SRC-INV-00521,INV00521,PA0243,2026-05-01,45.90,paid,2026-07-02T00:00:00Z
SRC-INV-00522,INV00522,PA0244,2026-06-01,59.90,paid,2026-07-02T00:00:00Z
SRC-INV-00523,INV00523,PA0245,2026-01-01,79.90,paid,2026-07-02T00:00:00Z
SRC-INV-00524,INV00524,PA0246,2026-02-01,99.90,paid,2026-07-02T00:00:00Z
SRC-INV-00525,INV00525,PA0247,2026-03-01,45.90,paid,2026-07-02T00:00:00Z
SRC-INV-00526,INV00526,PA0248,2026-04-01,59.90,paid,2026-07-02T00:00:00Z
SRC-INV-00527,INV00527,PA0249,2026-05-01,79.90,paid,2026-07-02T00:00:00Z
SRC-INV-00528,INV00528,PA0250,2026-06-01,99.90,paid,2026-07-02T00:00:00Z
SRC-INV-00529,INV00529,PA0251,2026-01-01,45.90,paid,2026-07-02T00:00:00Z
SRC-INV-00530,INV00530,PA0252,2026-02-01,59.90,paid,2026-07-02T00:00:00Z
SRC-INV-00531,INV00531,PA0253,2026-03-01,79.90,paid,2026-07-02T00:00:00Z
SRC-INV-00532,INV00532,PA0254,2026-04-01,99.90,paid,2026-07-02T00:00:00Z
SRC-INV-00533,INV00533,PA0255,2026-05-01,45.90,paid,2026-07-02T00:00:00Z
SRC-INV-00534,INV00534,PA0256,2026-06-01,59.90,paid,2026-07-02T00:00:00Z
SRC-INV-00535,INV00535,PA0257,2026-01-01,79.90,paid,2026-07-02T00:00:00Z
SRC-INV-00536,INV00536,PA0258,2026-02-01,99.90,paid,2026-07-02T00:00:00Z
SRC-INV-00537,INV00537,PA0259,2026-03-01,45.90,paid,2026-07-02T00:00:00Z
SRC-INV-00538,INV00538,PA0260,2026-04-01,59.90,paid,2026-07-02T00:00:00Z
SRC-INV-00539,INV00539,PA0261,2026-05-01,79.90,paid,2026-07-02T00:00:00Z
SRC-INV-00540,INV00540,PA0262,2026-06-01,99.90,paid,2026-07-02T00:00:00Z
SRC-INV-00541,INV00541,PA0263,2026-01-01,45.90,paid,2026-07-02T00:00:00Z
SRC-INV-00542,INV00542,PA0264,2026-02-01,59.90,paid,2026-07-02T00:00:00Z
SRC-INV-00543,INV00543,PA0265,2026-03-01,79.90,paid,2026-07-02T00:00:00Z
SRC-INV-00544,INV00544,PA0266,2026-04-01,99.90,paid,2026-07-02T00:00:00Z
SRC-INV-00545,INV00545,PA0267,2026-05-01,45.90,paid,2026-07-02T00:00:00Z
SRC-INV-00546,INV00546,PA0268,2026-06-01,59.90,paid,2026-07-02T00:00:00Z
SRC-INV-00547,INV00547,PA0269,2026-01-01,79.90,paid,2026-07-02T00:00:00Z
SRC-INV-00548,INV00548,PA0270,2026-02-01,99.90,paid,2026-07-02T00:00:00Z
SRC-INV-00549,INV00549,PA0271,2026-03-01,45.90,paid,2026-07-02T00:00:00Z
SRC-INV-00550,INV00550,PA0272,2026-04-01,59.90,paid,2026-07-02T00:00:00Z
SRC-INV-00551,INV00551,PA0273,2026-05-01,79.90,paid,2026-07-02T00:00:00Z
SRC-INV-00552,INV00552,PA0274,2026-06-01,99.90,paid,2026-07-02T00:00:00Z
SRC-INV-00553,INV00553,PA0275,2026-01-01,45.90,paid,2026-07-02T00:00:00Z
SRC-INV-00554,INV00554,PA0276,2026-02-01,59.90,paid,2026-07-02T00:00:00Z
SRC-INV-00555,INV00555,PA0277,2026-03-01,79.90,paid,2026-07-02T00:00:00Z
SRC-INV-00556,INV00556,PA0278,2026-04-01,99.90,paid,2026-07-02T00:00:00Z
SRC-INV-00557,INV00557,PA0001,2026-05-01,45.90,paid,2026-07-02T00:00:00Z
SRC-INV-00558,INV00558,PA0002,2026-06-01,59.90,paid,2026-07-02T00:00:00Z
SRC-INV-00559,INV00559,PA0003,2026-01-01,79.90,paid,2026-07-02T00:00:00Z
SRC-INV-00560,INV00560,PA0004,2026-02-01,99.90,paid,2026-07-02T00:00:00Z
SRC-INV-00561,INV00561,PA0005,2026-03-01,45.90,paid,2026-07-02T00:00:00Z
SRC-INV-00562,INV00562,PA0006,2026-04-01,59.90,paid,2026-07-02T00:00:00Z
SRC-INV-00563,INV00563,PA0007,2026-05-01,79.90,paid,2026-07-02T00:00:00Z
SRC-INV-00564,INV00564,PA0008,2026-06-01,99.90,paid,2026-07-02T00:00:00Z
SRC-INV-00565,INV00565,PA0009,2026-01-01,45.90,paid,2026-07-02T00:00:00Z
SRC-INV-00566,INV00566,PA0010,2026-02-01,59.90,paid,2026-07-02T00:00:00Z
SRC-INV-00567,INV00567,PA0011,2026-03-01,79.90,paid,2026-07-02T00:00:00Z
SRC-INV-00568,INV00568,PA0012,2026-04-01,99.90,paid,2026-07-02T00:00:00Z
SRC-INV-00569,INV00569,PA0013,2026-05-01,45.90,paid,2026-07-02T00:00:00Z
SRC-INV-00570,INV00570,PA0014,2026-06-01,59.90,paid,2026-07-02T00:00:00Z
SRC-INV-00571,INV00571,PA0015,2026-01-01,79.90,paid,2026-07-02T00:00:00Z
SRC-INV-00572,INV00572,PA0016,2026-02-01,99.90,paid,2026-07-02T00:00:00Z
SRC-INV-00573,INV00573,PA0017,2026-03-01,45.90,paid,2026-07-02T00:00:00Z
SRC-INV-00574,INV00574,PA0018,2026-04-01,59.90,paid,2026-07-02T00:00:00Z
SRC-INV-00575,INV00575,PA0019,2026-05-01,79.90,paid,2026-07-02T00:00:00Z
SRC-INV-00576,INV00576,PA0020,2026-06-01,99.90,paid,2026-07-02T00:00:00Z
SRC-INV-00577,INV00577,PA0021,2026-01-01,45.90,paid,2026-07-02T00:00:00Z
SRC-INV-00578,INV00578,PA0022,2026-02-01,59.90,paid,2026-07-02T00:00:00Z
SRC-INV-00579,INV00579,PA0023,2026-03-01,79.90,paid,2026-07-02T00:00:00Z
SRC-INV-00580,INV00580,PA0024,2026-04-01,99.90,paid,2026-07-02T00:00:00Z
SRC-INV-00581,INV00581,PA0025,2026-05-01,45.90,paid,2026-07-02T00:00:00Z
SRC-INV-00582,INV00582,PA0026,2026-06-01,59.90,paid,2026-07-02T00:00:00Z
SRC-INV-00583,INV00583,PA0027,2026-01-01,79.90,paid,2026-07-02T00:00:00Z
SRC-INV-00584,INV00584,PA0028,2026-02-01,99.90,paid,2026-07-02T00:00:00Z
SRC-INV-00585,INV00585,PA0029,2026-03-01,45.90,paid,2026-07-02T00:00:00Z
SRC-INV-00586,INV00586,PA0030,2026-04-01,59.90,paid,2026-07-02T00:00:00Z
SRC-INV-00587,INV00587,PA0031,2026-05-01,79.90,paid,2026-07-02T00:00:00Z
SRC-INV-00588,INV00588,PA0032,2026-06-01,99.90,paid,2026-07-02T00:00:00Z
SRC-INV-00589,INV00589,PA0033,2026-01-01,45.90,paid,2026-07-02T00:00:00Z
SRC-INV-00590,INV00590,PA0034,2026-02-01,59.90,paid,2026-07-02T00:00:00Z
SRC-INV-00591,INV00591,PA0035,2026-03-01,79.90,paid,2026-07-02T00:00:00Z
SRC-INV-00592,INV00592,PA0036,2026-04-01,99.90,paid,2026-07-02T00:00:00Z
SRC-INV-00593,INV00593,PA0037,2026-05-01,45.90,paid,2026-07-02T00:00:00Z
SRC-INV-00594,INV00594,PA0038,2026-06-01,59.90,paid,2026-07-02T00:00:00Z
SRC-INV-00595,INV00595,PA0039,2026-01-01,79.90,paid,2026-07-02T00:00:00Z
SRC-INV-00596,INV00596,PA0040,2026-02-01,99.90,paid,2026-07-02T00:00:00Z
SRC-INV-00597,INV00597,PA0041,2026-03-01,45.90,paid,2026-07-02T00:00:00Z
SRC-INV-00598,INV00598,PA0042,2026-04-01,59.90,paid,2026-07-02T00:00:00Z
SRC-INV-00599,INV00599,PA0043,2026-05-01,79.90,paid,2026-07-02T00:00:00Z
SRC-INV-00600,INV00600,PA0044,2026-06-01,99.90,paid,2026-07-02T00:00:00Z
SRC-INV-00601,INV00601,PA0045,2026-01-01,45.90,paid,2026-07-02T00:00:00Z
SRC-INV-00602,INV00602,PA0046,2026-02-01,59.90,paid,2026-07-02T00:00:00Z
SRC-INV-00603,INV00603,PA0047,2026-03-01,79.90,paid,2026-07-02T00:00:00Z
SRC-INV-00604,INV00604,PA0048,2026-04-01,99.90,paid,2026-07-02T00:00:00Z
SRC-INV-00605,INV00605,PA0049,2026-05-01,45.90,paid,2026-07-02T00:00:00Z
SRC-INV-00606,INV00606,PA0050,2026-06-01,59.90,paid,2026-07-02T00:00:00Z
SRC-INV-00607,INV00607,PA0051,2026-01-01,79.90,paid,2026-07-02T00:00:00Z
SRC-INV-00608,INV00608,PA0052,2026-02-01,99.90,paid,2026-07-02T00:00:00Z
SRC-INV-00609,INV00609,PA0053,2026-03-01,45.90,paid,2026-07-02T00:00:00Z
SRC-INV-00610,INV00610,PA0054,2026-04-01,59.90,paid,2026-07-02T00:00:00Z
SRC-INV-00611,INV00611,PA0055,2026-05-01,79.90,paid,2026-07-02T00:00:00Z
SRC-INV-00612,INV00612,PA0056,2026-06-01,99.90,paid,2026-07-02T00:00:00Z
SRC-INV-00613,INV00613,PA0057,2026-01-01,45.90,paid,2026-07-02T00:00:00Z
SRC-INV-00614,INV00614,PA0058,2026-02-01,59.90,paid,2026-07-02T00:00:00Z
SRC-INV-00615,INV00615,PA0059,2026-03-01,79.90,paid,2026-07-02T00:00:00Z
SRC-INV-00616,INV00616,PA0060,2026-04-01,99.90,paid,2026-07-02T00:00:00Z
SRC-INV-00617,INV00617,PA0061,2026-05-01,45.90,paid,2026-07-02T00:00:00Z
SRC-INV-00618,INV00618,PA0062,2026-06-01,59.90,paid,2026-07-02T00:00:00Z
SRC-INV-00619,INV00619,PA0063,2026-01-01,79.90,paid,2026-07-02T00:00:00Z
SRC-INV-00620,INV00620,PA0064,2026-02-01,99.90,paid,2026-07-02T00:00:00Z
SRC-INV-00621,INV00621,PA0065,2026-03-01,45.90,paid,2026-07-02T00:00:00Z
SRC-INV-00622,INV00622,PA0066,2026-04-01,59.90,paid,2026-07-02T00:00:00Z
SRC-INV-00623,INV00623,PA0067,2026-05-01,79.90,paid,2026-07-02T00:00:00Z
SRC-INV-00624,INV00624,PA0068,2026-06-01,99.90,paid,2026-07-02T00:00:00Z
SRC-INV-00625,INV00625,PA0069,2026-01-01,45.90,paid,2026-07-02T00:00:00Z
SRC-INV-00626,INV00626,PA0070,2026-02-01,59.90,paid,2026-07-02T00:00:00Z
SRC-INV-00627,INV00627,PA0071,2026-03-01,79.90,paid,2026-07-02T00:00:00Z
SRC-INV-00628,INV00628,PA0072,2026-04-01,99.90,paid,2026-07-02T00:00:00Z
SRC-INV-00629,INV00629,PA0073,2026-05-01,45.90,paid,2026-07-02T00:00:00Z
SRC-INV-00630,INV00630,PA0074,2026-06-01,59.90,paid,2026-07-02T00:00:00Z
SRC-INV-00631,INV00631,PA0075,2026-01-01,79.90,paid,2026-07-02T00:00:00Z
SRC-INV-00632,INV00632,PA0076,2026-02-01,99.90,paid,2026-07-02T00:00:00Z
SRC-INV-00633,INV00633,PA0077,2026-03-01,45.90,paid,2026-07-02T00:00:00Z
SRC-INV-00634,INV00634,PA0078,2026-04-01,59.90,paid,2026-07-02T00:00:00Z
SRC-INV-00635,INV00635,PA0079,2026-05-01,79.90,paid,2026-07-02T00:00:00Z
SRC-INV-00636,INV00636,PA0080,2026-06-01,99.90,paid,2026-07-02T00:00:00Z
SRC-INV-00637,INV00637,PA0081,2026-01-01,45.90,paid,2026-07-02T00:00:00Z
SRC-INV-00638,INV00638,PA0082,2026-02-01,59.90,paid,2026-07-02T00:00:00Z
SRC-INV-00639,INV00639,PA0083,2026-03-01,79.90,paid,2026-07-02T00:00:00Z
SRC-INV-00640,INV00640,PA0084,2026-04-01,99.90,paid,2026-07-02T00:00:00Z
SRC-INV-00641,INV00641,PA0085,2026-05-01,45.90,paid,2026-07-02T00:00:00Z
SRC-INV-00642,INV00642,PA0086,2026-06-01,59.90,paid,2026-07-02T00:00:00Z
SRC-INV-00643,INV00643,PA0087,2026-01-01,79.90,paid,2026-07-02T00:00:00Z
SRC-INV-00644,INV00644,PA0088,2026-02-01,99.90,paid,2026-07-02T00:00:00Z
SRC-INV-00645,INV00645,PA0089,2026-03-01,45.90,paid,2026-07-02T00:00:00Z
SRC-INV-00646,INV00646,PA0090,2026-04-01,59.90,paid,2026-07-02T00:00:00Z
SRC-INV-00647,INV00647,PA0091,2026-05-01,79.90,paid,2026-07-02T00:00:00Z
SRC-INV-00648,INV00648,PA0092,2026-06-01,99.90,paid,2026-07-02T00:00:00Z
SRC-INV-00649,INV00649,PA0093,2026-01-01,45.90,paid,2026-07-02T00:00:00Z
SRC-INV-00650,INV00650,PA0094,2026-02-01,59.90,paid,2026-07-02T00:00:00Z
SRC-INV-00651,INV00651,PA0095,2026-03-01,79.90,paid,2026-07-02T00:00:00Z
SRC-INV-00652,INV00652,PA0096,2026-04-01,99.90,paid,2026-07-02T00:00:00Z
SRC-INV-00653,INV00653,PA0097,2026-05-01,45.90,paid,2026-07-02T00:00:00Z
SRC-INV-00654,INV00654,PA0098,2026-06-01,59.90,paid,2026-07-02T00:00:00Z
SRC-INV-00655,INV00655,PA0099,2026-01-01,79.90,paid,2026-07-02T00:00:00Z
SRC-INV-00656,INV00656,PA0100,2026-02-01,99.90,paid,2026-07-02T00:00:00Z
SRC-INV-00657,INV00657,PA0101,2026-03-01,45.90,paid,2026-07-02T00:00:00Z
SRC-INV-00658,INV00658,PA0102,2026-04-01,59.90,paid,2026-07-02T00:00:00Z
SRC-INV-00659,INV00659,PA0103,2026-05-01,79.90,paid,2026-07-02T00:00:00Z
SRC-INV-00660,INV00660,PA0104,2026-06-01,99.90,paid,2026-07-02T00:00:00Z
SRC-INV-00661,INV00661,PA0105,2026-01-01,45.90,paid,2026-07-02T00:00:00Z
SRC-INV-00662,INV00662,PA0106,2026-02-01,59.90,paid,2026-07-02T00:00:00Z
SRC-INV-00663,INV00663,PA0107,2026-03-01,79.90,paid,2026-07-02T00:00:00Z
SRC-INV-00664,INV00664,PA0108,2026-04-01,99.90,paid,2026-07-02T00:00:00Z
SRC-INV-00665,INV00665,PA0109,2026-05-01,45.90,paid,2026-07-02T00:00:00Z
SRC-INV-00666,INV00666,PA0110,2026-06-01,59.90,paid,2026-07-02T00:00:00Z
SRC-INV-00667,INV00667,PA0111,2026-01-01,79.90,paid,2026-07-02T00:00:00Z
SRC-INV-00668,INV00668,PA0112,2026-02-01,99.90,paid,2026-07-02T00:00:00Z
SRC-INV-00669,INV00669,PA0113,2026-03-01,45.90,paid,2026-07-02T00:00:00Z
SRC-INV-00670,INV00670,PA0114,2026-04-01,59.90,paid,2026-07-02T00:00:00Z
SRC-INV-00671,INV00671,PA0115,2026-05-01,79.90,paid,2026-07-02T00:00:00Z
SRC-INV-00672,INV00672,PA0116,2026-06-01,99.90,paid,2026-07-02T00:00:00Z
SRC-INV-00673,INV00673,PA0117,2026-01-01,45.90,paid,2026-07-02T00:00:00Z
SRC-INV-00674,INV00674,PA0118,2026-02-01,59.90,paid,2026-07-02T00:00:00Z
SRC-INV-00675,INV00675,PA0119,2026-03-01,79.90,paid,2026-07-02T00:00:00Z
SRC-INV-00676,INV00676,PA0120,2026-04-01,99.90,paid,2026-07-02T00:00:00Z
SRC-INV-00677,INV00677,PA0121,2026-05-01,45.90,paid,2026-07-02T00:00:00Z
SRC-INV-00678,INV00678,PA0122,2026-06-01,59.90,paid,2026-07-02T00:00:00Z
SRC-INV-00679,INV00679,PA0123,2026-01-01,79.90,paid,2026-07-02T00:00:00Z
SRC-INV-00680,INV00680,PA0124,2026-02-01,99.90,paid,2026-07-02T00:00:00Z
SRC-INV-00681,INV00681,PA0125,2026-03-01,45.90,paid,2026-07-02T00:00:00Z
SRC-INV-00682,INV00682,PA0126,2026-04-01,59.90,paid,2026-07-02T00:00:00Z
SRC-INV-00683,INV00683,PA0127,2026-05-01,79.90,paid,2026-07-02T00:00:00Z
SRC-INV-00684,INV00684,PA0128,2026-06-01,99.90,paid,2026-07-02T00:00:00Z
SRC-INV-00685,INV00685,PA0129,2026-01-01,45.90,paid,2026-07-02T00:00:00Z
SRC-INV-00686,INV00686,PA0130,2026-02-01,59.90,paid,2026-07-02T00:00:00Z
SRC-INV-00687,INV00687,PA0131,2026-03-01,79.90,paid,2026-07-02T00:00:00Z
SRC-INV-00688,INV00688,PA0132,2026-04-01,99.90,paid,2026-07-02T00:00:00Z
SRC-INV-00689,INV00689,PA0133,2026-05-01,45.90,paid,2026-07-02T00:00:00Z
SRC-INV-00690,INV00690,PA0134,2026-06-01,59.90,paid,2026-07-02T00:00:00Z
SRC-INV-00691,INV00691,PA0135,2026-01-01,79.90,paid,2026-07-02T00:00:00Z
SRC-INV-00692,INV00692,PA0136,2026-02-01,99.90,paid,2026-07-02T00:00:00Z
SRC-INV-00693,INV00693,PA0137,2026-03-01,45.90,paid,2026-07-02T00:00:00Z
SRC-INV-00694,INV00694,PA0138,2026-04-01,59.90,paid,2026-07-02T00:00:00Z
SRC-INV-00695,INV00695,PA0139,2026-05-01,79.90,paid,2026-07-02T00:00:00Z
SRC-INV-00696,INV00696,PA0140,2026-06-01,99.90,paid,2026-07-02T00:00:00Z
SRC-INV-00697,INV00697,PA0141,2026-01-01,45.90,paid,2026-07-02T00:00:00Z
SRC-INV-00698,INV00698,PA0142,2026-02-01,59.90,paid,2026-07-02T00:00:00Z
SRC-INV-00699,INV00699,PA0143,2026-03-01,79.90,paid,2026-07-02T00:00:00Z
SRC-INV-00700,INV00700,PA0144,2026-04-01,99.90,paid,2026-07-02T00:00:00Z
SRC-INV-00701,INV00701,PA0145,2026-05-01,45.90,paid,2026-07-02T00:00:00Z
SRC-INV-00702,INV00702,PA0146,2026-06-01,59.90,paid,2026-07-02T00:00:00Z
SRC-INV-00703,INV00703,PA0147,2026-01-01,79.90,paid,2026-07-02T00:00:00Z
SRC-INV-00704,INV00704,PA0148,2026-02-01,99.90,paid,2026-07-02T00:00:00Z
SRC-INV-00705,INV00705,PA0149,2026-03-01,45.90,paid,2026-07-02T00:00:00Z
SRC-INV-00706,INV00706,PA0150,2026-04-01,59.90,paid,2026-07-02T00:00:00Z
SRC-INV-00707,INV00707,PA0151,2026-05-01,79.90,paid,2026-07-02T00:00:00Z
SRC-INV-00708,INV00708,PA0152,2026-06-01,99.90,paid,2026-07-02T00:00:00Z
SRC-INV-00709,INV00709,PA0153,2026-01-01,45.90,paid,2026-07-02T00:00:00Z
SRC-INV-00710,INV00710,PA0154,2026-02-01,59.90,paid,2026-07-02T00:00:00Z
SRC-INV-00711,INV00711,PA0155,2026-03-01,79.90,paid,2026-07-02T00:00:00Z
SRC-INV-00712,INV00712,PA0156,2026-04-01,99.90,paid,2026-07-02T00:00:00Z
SRC-INV-00713,INV00713,PA0157,2026-05-01,45.90,paid,2026-07-02T00:00:00Z
SRC-INV-00714,INV00714,PA0158,2026-06-01,59.90,paid,2026-07-02T00:00:00Z
SRC-INV-00715,INV00715,PA0159,2026-01-01,79.90,paid,2026-07-02T00:00:00Z
SRC-INV-00716,INV00716,PA0160,2026-02-01,99.90,paid,2026-07-02T00:00:00Z
SRC-INV-00717,INV00717,PA0161,2026-03-01,45.90,paid,2026-07-02T00:00:00Z
SRC-INV-00718,INV00718,PA0162,2026-04-01,59.90,paid,2026-07-02T00:00:00Z
SRC-INV-00719,INV00719,PA0163,2026-05-01,79.90,paid,2026-07-02T00:00:00Z
SRC-INV-00720,INV00720,PA0164,2026-06-01,99.90,paid,2026-07-02T00:00:00Z
SRC-INV-00721,INV00721,PA0165,2026-01-01,45.90,paid,2026-07-02T00:00:00Z
SRC-INV-00722,INV00722,PA0166,2026-02-01,59.90,paid,2026-07-02T00:00:00Z
SRC-INV-00723,INV00723,PA0167,2026-03-01,79.90,paid,2026-07-02T00:00:00Z
SRC-INV-00724,INV00724,PA0168,2026-04-01,99.90,paid,2026-07-02T00:00:00Z
SRC-INV-00725,INV00725,PA0169,2026-05-01,45.90,paid,2026-07-02T00:00:00Z
SRC-INV-00726,INV00726,PA0170,2026-06-01,59.90,paid,2026-07-02T00:00:00Z
SRC-INV-00727,INV00727,PA0171,2026-01-01,79.90,paid,2026-07-02T00:00:00Z
SRC-INV-00728,INV00728,PA0172,2026-02-01,99.90,paid,2026-07-02T00:00:00Z
SRC-INV-00729,INV00729,PA0173,2026-03-01,45.90,paid,2026-07-02T00:00:00Z
SRC-INV-00730,INV00730,PA0174,2026-04-01,59.90,paid,2026-07-02T00:00:00Z
SRC-INV-00731,INV00731,PA0175,2026-05-01,79.90,paid,2026-07-02T00:00:00Z
SRC-INV-00732,INV00732,PA0176,2026-06-01,99.90,paid,2026-07-02T00:00:00Z
SRC-INV-00733,INV00733,PA0177,2026-01-01,45.90,paid,2026-07-02T00:00:00Z
SRC-INV-00734,INV00734,PA0178,2026-02-01,59.90,paid,2026-07-02T00:00:00Z
SRC-INV-00735,INV00735,PA0179,2026-03-01,79.90,paid,2026-07-02T00:00:00Z
SRC-INV-00736,INV00736,PA0180,2026-04-01,99.90,paid,2026-07-02T00:00:00Z
SRC-INV-00737,INV00737,PA0181,2026-05-01,45.90,paid,2026-07-02T00:00:00Z
SRC-INV-00738,INV00738,PA0182,2026-06-01,59.90,paid,2026-07-02T00:00:00Z
SRC-INV-00739,INV00739,PA0183,2026-01-01,79.90,paid,2026-07-02T00:00:00Z
SRC-INV-00740,INV00740,PA0184,2026-02-01,99.90,paid,2026-07-02T00:00:00Z
SRC-INV-00741,INV00741,PA0185,2026-03-01,45.90,paid,2026-07-02T00:00:00Z
SRC-INV-00742,INV00742,PA0186,2026-04-01,59.90,paid,2026-07-02T00:00:00Z
SRC-INV-00743,INV00743,PA0187,2026-05-01,79.90,paid,2026-07-02T00:00:00Z
SRC-INV-00744,INV00744,PA0188,2026-06-01,99.90,paid,2026-07-02T00:00:00Z
SRC-INV-00745,INV00745,PA0189,2026-01-01,45.90,paid,2026-07-02T00:00:00Z
SRC-INV-00746,INV00746,PA0190,2026-02-01,59.90,paid,2026-07-02T00:00:00Z
SRC-INV-00747,INV00747,PA0191,2026-03-01,79.90,paid,2026-07-02T00:00:00Z
SRC-INV-00748,INV00748,PA0192,2026-04-01,99.90,paid,2026-07-02T00:00:00Z
SRC-INV-00749,INV00749,PA0193,2026-05-01,45.90,paid,2026-07-02T00:00:00Z
SRC-INV-00750,INV00750,PA0194,2026-06-01,59.90,paid,2026-07-02T00:00:00Z
SRC-INV-00751,INV00751,PA0195,2026-01-01,79.90,paid,2026-07-02T00:00:00Z
SRC-INV-00752,INV00752,PA0196,2026-02-01,99.90,paid,2026-07-02T00:00:00Z
SRC-INV-00753,INV00753,PA0197,2026-03-01,45.90,paid,2026-07-02T00:00:00Z
SRC-INV-00754,INV00754,PA0198,2026-04-01,59.90,paid,2026-07-02T00:00:00Z
SRC-INV-00755,INV00755,PA0199,2026-05-01,79.90,paid,2026-07-02T00:00:00Z
SRC-INV-00756,INV00756,PA0200,2026-06-01,99.90,paid,2026-07-02T00:00:00Z
SRC-INV-00757,INV00757,PA0201,2026-01-01,45.90,paid,2026-07-02T00:00:00Z
SRC-INV-00758,INV00758,PA0202,2026-02-01,59.90,paid,2026-07-02T00:00:00Z
SRC-INV-00759,INV00759,PA0203,2026-03-01,79.90,paid,2026-07-02T00:00:00Z
SRC-INV-00760,INV00760,PA0204,2026-04-01,99.90,paid,2026-07-02T00:00:00Z
SRC-INV-00761,INV00761,PA0205,2026-05-01,45.90,paid,2026-07-02T00:00:00Z
SRC-INV-00762,INV00762,PA0206,2026-06-01,59.90,paid,2026-07-02T00:00:00Z
SRC-INV-00763,INV00763,PA0207,2026-01-01,79.90,paid,2026-07-02T00:00:00Z
SRC-INV-00764,INV00764,PA0208,2026-02-01,99.90,paid,2026-07-02T00:00:00Z
SRC-INV-00765,INV00765,PA0209,2026-03-01,45.90,paid,2026-07-02T00:00:00Z
SRC-INV-00766,INV00766,PA0210,2026-04-01,59.90,paid,2026-07-02T00:00:00Z
SRC-INV-00767,INV00767,PA0211,2026-05-01,79.90,paid,2026-07-02T00:00:00Z
SRC-INV-00768,INV00768,PA0212,2026-06-01,99.90,paid,2026-07-02T00:00:00Z
SRC-INV-00769,INV00769,PA0213,2026-01-01,45.90,paid,2026-07-02T00:00:00Z
SRC-INV-00770,INV00770,PA0214,2026-02-01,59.90,paid,2026-07-02T00:00:00Z
SRC-INV-00771,INV00771,PA0215,2026-03-01,79.90,paid,2026-07-02T00:00:00Z
SRC-INV-00772,INV00772,PA0216,2026-04-01,99.90,paid,2026-07-02T00:00:00Z
SRC-INV-00773,INV00773,PA0217,2026-05-01,45.90,paid,2026-07-02T00:00:00Z
SRC-INV-00774,INV00774,PA0218,2026-06-01,59.90,paid,2026-07-02T00:00:00Z
SRC-INV-00775,INV00775,PA0219,2026-01-01,79.90,paid,2026-07-02T00:00:00Z
SRC-INV-00776,INV00776,PA0220,2026-02-01,99.90,paid,2026-07-02T00:00:00Z
SRC-INV-00777,INV00777,PA0221,2026-03-01,45.90,paid,2026-07-02T00:00:00Z
SRC-INV-00778,INV00778,PA0222,2026-04-01,59.90,paid,2026-07-02T00:00:00Z
SRC-INV-00779,INV00779,PA0223,2026-05-01,79.90,paid,2026-07-02T00:00:00Z
SRC-INV-00780,INV00780,PA0224,2026-06-01,99.90,paid,2026-07-02T00:00:00Z
SRC-INV-00781,INV00781,PA0225,2026-01-01,45.90,paid,2026-07-02T00:00:00Z
SRC-INV-00782,INV00782,PA0226,2026-02-01,59.90,paid,2026-07-02T00:00:00Z
SRC-INV-00783,INV00783,PA0227,2026-03-01,79.90,paid,2026-07-02T00:00:00Z
SRC-INV-00784,INV00784,PA0228,2026-04-01,99.90,paid,2026-07-02T00:00:00Z
SRC-INV-00785,INV00785,PA0229,2026-05-01,45.90,paid,2026-07-02T00:00:00Z
SRC-INV-00786,INV00786,PA0230,2026-06-01,59.90,paid,2026-07-02T00:00:00Z
SRC-INV-00787,INV00787,PA0231,2026-01-01,79.90,paid,2026-07-02T00:00:00Z
SRC-INV-00788,INV00788,PA0232,2026-02-01,99.90,paid,2026-07-02T00:00:00Z
SRC-INV-00789,INV00789,PA0233,2026-03-01,45.90,paid,2026-07-02T00:00:00Z
SRC-INV-00790,INV00790,PA0234,2026-04-01,59.90,paid,2026-07-02T00:00:00Z
SRC-INV-00791,INV00791,PA0235,2026-05-01,79.90,paid,2026-07-02T00:00:00Z
SRC-INV-00792,INV00792,PA0236,2026-06-01,99.90,paid,2026-07-02T00:00:00Z
SRC-INV-00793,INV00793,PA0237,2026-01-01,45.90,paid,2026-07-02T00:00:00Z
SRC-INV-00794,INV00794,PA0238,2026-02-01,59.90,paid,2026-07-02T00:00:00Z
SRC-INV-00795,INV00795,PA0239,2026-03-01,79.90,paid,2026-07-02T00:00:00Z
SRC-INV-00796,INV00796,PA0240,2026-04-01,99.90,paid,2026-07-02T00:00:00Z
SRC-INV-00797,INV00797,PA0241,2026-05-01,45.90,paid,2026-07-02T00:00:00Z
SRC-INV-00798,INV00798,PA0242,2026-06-01,59.90,paid,2026-07-02T00:00:00Z
SRC-INV-00799,INV00799,PA0243,2026-01-01,79.90,paid,2026-07-02T00:00:00Z
SRC-INV-00800,INV00800,PA0244,2026-02-01,99.90,paid,2026-07-02T00:00:00Z
SRC-INV-00801,INV00801,PA0245,2026-03-01,45.90,paid,2026-07-02T00:00:00Z
SRC-INV-00802,INV00802,PA0246,2026-04-01,59.90,paid,2026-07-02T00:00:00Z
SRC-INV-00803,INV00803,PA0247,2026-05-01,79.90,paid,2026-07-02T00:00:00Z
SRC-INV-00804,INV00804,PA0248,2026-06-01,99.90,paid,2026-07-02T00:00:00Z
SRC-INV-00805,INV00805,PA0249,2026-01-01,45.90,paid,2026-07-02T00:00:00Z
SRC-INV-00806,INV00806,PA0250,2026-02-01,59.90,paid,2026-07-02T00:00:00Z
SRC-INV-00807,INV00807,PA0251,2026-03-01,79.90,paid,2026-07-02T00:00:00Z
SRC-INV-00808,INV00808,PA0252,2026-04-01,99.90,paid,2026-07-02T00:00:00Z
SRC-INV-00809,INV00809,PA0253,2026-05-01,45.90,paid,2026-07-02T00:00:00Z
SRC-INV-00810,INV00810,PA0254,2026-06-01,59.90,paid,2026-07-02T00:00:00Z
SRC-INV-00811,INV00811,PA0255,2026-01-01,79.90,paid,2026-07-02T00:00:00Z
SRC-INV-00812,INV00812,PA0256,2026-02-01,99.90,paid,2026-07-02T00:00:00Z
SRC-INV-00813,INV00813,PA0257,2026-03-01,45.90,paid,2026-07-02T00:00:00Z
SRC-INV-00814,INV00814,PA0258,2026-04-01,59.90,paid,2026-07-02T00:00:00Z
SRC-INV-00815,INV00815,PA0259,2026-05-01,79.90,paid,2026-07-02T00:00:00Z
SRC-INV-00816,INV00816,PA0260,2026-06-01,99.90,paid,2026-07-02T00:00:00Z
SRC-INV-00817,INV00817,PA0261,2026-01-01,45.90,paid,2026-07-02T00:00:00Z
SRC-INV-00818,INV00818,PA0262,2026-02-01,59.90,paid,2026-07-02T00:00:00Z
SRC-INV-00819,INV00819,PA0263,2026-03-01,79.90,paid,2026-07-02T00:00:00Z
SRC-INV-00820,INV00820,PA0264,2026-04-01,99.90,paid,2026-07-02T00:00:00Z
SRC-INV-00821,INV00821,PA0265,2026-05-01,45.90,paid,2026-07-02T00:00:00Z
SRC-INV-00822,INV00822,PA0266,2026-06-01,59.90,paid,2026-07-02T00:00:00Z
SRC-INV-00823,INV00823,PA0267,2026-01-01,79.90,paid,2026-07-02T00:00:00Z
SRC-INV-00824,INV00824,PA0268,2026-02-01,99.90,paid,2026-07-02T00:00:00Z
SRC-INV-00825,INV00825,PA0269,2026-03-01,45.90,paid,2026-07-02T00:00:00Z
SRC-INV-00826,INV00826,PA0270,2026-04-01,59.90,paid,2026-07-02T00:00:00Z
SRC-INV-00827,INV00827,PA0271,2026-05-01,79.90,paid,2026-07-02T00:00:00Z
SRC-INV-00828,INV00828,PA0272,2026-06-01,99.90,paid,2026-07-02T00:00:00Z
SRC-INV-00829,INV00829,PA0273,2026-01-01,45.90,paid,2026-07-02T00:00:00Z
SRC-INV-00830,INV00830,PA0274,2026-02-01,59.90,paid,2026-07-02T00:00:00Z
SRC-INV-00831,INV00831,PA0275,2026-03-01,79.90,paid,2026-07-02T00:00:00Z
SRC-INV-00832,INV00832,PA0276,2026-04-01,99.90,paid,2026-07-02T00:00:00Z
SRC-INV-00833,INV00833,PA0277,2026-05-01,45.90,paid,2026-07-02T00:00:00Z
SRC-INV-00834,INV00834,PA0278,2026-06-01,59.90,paid,2026-07-02T00:00:00Z
SRC-INV-00835,INV00835,PA0001,2026-01-01,79.90,paid,2026-07-02T00:00:00Z
SRC-INV-00836,INV00836,PA0002,2026-02-01,99.90,paid,2026-07-02T00:00:00Z
SRC-INV-00837,INV00837,PA0003,2026-03-01,45.90,paid,2026-07-02T00:00:00Z
SRC-INV-00838,INV00838,PA0004,2026-04-01,59.90,paid,2026-07-02T00:00:00Z
SRC-INV-00839,INV00839,PA0005,2026-05-01,79.90,paid,2026-07-02T00:00:00Z
SRC-INV-00840,INV00840,PA0006,2026-06-01,99.90,paid,2026-07-02T00:00:00Z
SRC-INV-00841,INV00841,PA0007,2026-01-01,45.90,paid,2026-07-02T00:00:00Z
SRC-INV-00842,INV00842,PA0008,2026-02-01,59.90,paid,2026-07-02T00:00:00Z
SRC-INV-00843,INV00843,PA0009,2026-03-01,79.90,paid,2026-07-02T00:00:00Z
SRC-INV-00844,INV00844,PA0010,2026-04-01,99.90,paid,2026-07-02T00:00:00Z
SRC-INV-00845,INV00845,PA0011,2026-05-01,45.90,paid,2026-07-02T00:00:00Z
SRC-INV-00846,INV00846,PA0012,2026-06-01,59.90,paid,2026-07-02T00:00:00Z
SRC-INV-00847,INV00847,PA0013,2026-01-01,79.90,paid,2026-07-02T00:00:00Z
SRC-INV-00848,INV00848,PA0014,2026-02-01,99.90,paid,2026-07-02T00:00:00Z
SRC-INV-00849,INV00849,PA0015,2026-03-01,45.90,paid,2026-07-02T00:00:00Z
SRC-INV-00850,INV00850,PA0016,2026-04-01,59.90,paid,2026-07-02T00:00:00Z
SRC-INV-00851,INV00851,PA0017,2026-05-01,79.90,paid,2026-07-02T00:00:00Z
SRC-INV-00852,INV00852,PA0018,2026-06-01,99.90,paid,2026-07-02T00:00:00Z
SRC-INV-00853,INV00853,PA0019,2026-01-01,45.90,paid,2026-07-02T00:00:00Z
SRC-INV-00854,INV00854,PA0020,2026-02-01,59.90,paid,2026-07-02T00:00:00Z
SRC-INV-00855,INV00855,PA0021,2026-03-01,79.90,paid,2026-07-02T00:00:00Z
SRC-INV-00856,INV00856,PA0022,2026-04-01,99.90,paid,2026-07-02T00:00:00Z
SRC-INV-00857,INV00857,PA0023,2026-05-01,45.90,paid,2026-07-02T00:00:00Z
SRC-INV-00858,INV00858,PA0024,2026-06-01,59.90,paid,2026-07-02T00:00:00Z
SRC-INV-00859,INV00859,PA0025,2026-01-01,79.90,paid,2026-07-02T00:00:00Z
SRC-INV-00860,INV00860,PA0026,2026-02-01,99.90,paid,2026-07-02T00:00:00Z
SRC-INV-00861,INV00861,PA0027,2026-03-01,45.90,paid,2026-07-02T00:00:00Z
SRC-INV-00862,INV00862,PA0028,2026-04-01,59.90,paid,2026-07-02T00:00:00Z
SRC-INV-00863,INV00863,PA0029,2026-05-01,79.90,paid,2026-07-02T00:00:00Z
SRC-INV-00864,INV00864,PA0030,2026-06-01,99.90,paid,2026-07-02T00:00:00Z
SRC-INV-00865,INV00865,PA0031,2026-01-01,45.90,paid,2026-07-02T00:00:00Z
SRC-INV-00866,INV00866,PA0032,2026-02-01,59.90,paid,2026-07-02T00:00:00Z
SRC-INV-00867,INV00867,PA0033,2026-03-01,79.90,paid,2026-07-02T00:00:00Z
SRC-INV-00868,INV00868,PA0034,2026-04-01,99.90,paid,2026-07-02T00:00:00Z
SRC-INV-00869,INV00869,PA0035,2026-05-01,45.90,paid,2026-07-02T00:00:00Z
SRC-INV-00870,INV00870,PA0036,2026-06-01,59.90,paid,2026-07-02T00:00:00Z
SRC-INV-00871,INV00871,PA0037,2026-01-01,79.90,paid,2026-07-02T00:00:00Z
SRC-INV-00872,INV00872,PA0038,2026-02-01,99.90,paid,2026-07-02T00:00:00Z
SRC-INV-00873,INV00873,PA0039,2026-03-01,45.90,paid,2026-07-02T00:00:00Z
SRC-INV-00874,INV00874,PA0040,2026-04-01,59.90,paid,2026-07-02T00:00:00Z
SRC-INV-00875,INV00875,PA0041,2026-05-01,79.90,paid,2026-07-02T00:00:00Z
SRC-INV-00876,INV00876,PA0042,2026-06-01,99.90,paid,2026-07-02T00:00:00Z
SRC-INV-00877,INV00877,PA0043,2026-01-01,45.90,paid,2026-07-02T00:00:00Z
SRC-INV-00878,INV00878,PA0044,2026-02-01,59.90,paid,2026-07-02T00:00:00Z
SRC-INV-00879,INV00879,PA0045,2026-03-01,79.90,paid,2026-07-02T00:00:00Z
SRC-INV-00880,INV00880,PA0046,2026-04-01,99.90,paid,2026-07-02T00:00:00Z
SRC-INV-00881,INV00881,PA0047,2026-05-01,45.90,paid,2026-07-02T00:00:00Z
SRC-INV-00882,INV00882,PA0048,2026-06-01,59.90,paid,2026-07-02T00:00:00Z
SRC-INV-00883,INV00883,PA0049,2026-01-01,79.90,paid,2026-07-02T00:00:00Z
SRC-INV-00884,INV00884,PA0050,2026-02-01,99.90,paid,2026-07-02T00:00:00Z
SRC-INV-00885,INV00885,PA0051,2026-03-01,45.90,paid,2026-07-02T00:00:00Z
SRC-INV-00886,INV00886,PA0052,2026-04-01,59.90,paid,2026-07-02T00:00:00Z
SRC-INV-00887,INV00887,PA0053,2026-05-01,79.90,paid,2026-07-02T00:00:00Z
SRC-INV-00888,INV00888,PA0054,2026-06-01,99.90,paid,2026-07-02T00:00:00Z
SRC-INV-00889,INV00889,PA0055,2026-01-01,45.90,paid,2026-07-02T00:00:00Z
SRC-INV-00890,INV00890,PA0056,2026-02-01,59.90,paid,2026-07-02T00:00:00Z
SRC-INV-00891,INV00891,PA0057,2026-03-01,79.90,paid,2026-07-02T00:00:00Z
SRC-INV-00892,INV00892,PA0058,2026-04-01,99.90,paid,2026-07-02T00:00:00Z
SRC-INV-00893,INV00893,PA0059,2026-05-01,45.90,paid,2026-07-02T00:00:00Z
SRC-INV-00894,INV00894,PA0060,2026-06-01,59.90,paid,2026-07-02T00:00:00Z
SRC-INV-00895,INV00895,PA0061,2026-01-01,79.90,paid,2026-07-02T00:00:00Z
SRC-INV-00896,INV00896,PA0062,2026-02-01,99.90,paid,2026-07-02T00:00:00Z
SRC-INV-00897,INV00897,PA0063,2026-03-01,45.90,paid,2026-07-02T00:00:00Z
SRC-INV-00898,INV00898,PA0064,2026-04-01,59.90,paid,2026-07-02T00:00:00Z
SRC-INV-00899,INV00899,PA0065,2026-05-01,79.90,paid,2026-07-02T00:00:00Z
SRC-INV-00900,INV00900,PA0066,2026-06-01,99.90,paid,2026-07-02T00:00:00Z
SRC-INV-00901,INV00901,PA0067,2026-01-01,45.90,paid,2026-07-02T00:00:00Z
SRC-INV-00902,INV00902,PA0068,2026-02-01,59.90,paid,2026-07-02T00:00:00Z
SRC-INV-00903,INV00903,PA0069,2026-03-01,79.90,paid,2026-07-02T00:00:00Z
SRC-INV-00904,INV00904,PA0070,2026-04-01,99.90,paid,2026-07-02T00:00:00Z
SRC-INV-00905,INV00905,PA0071,2026-05-01,45.90,paid,2026-07-02T00:00:00Z
SRC-INV-00906,INV00906,PA0072,2026-06-01,59.90,paid,2026-07-02T00:00:00Z
SRC-INV-00907,INV00907,PA0073,2026-01-01,79.90,paid,2026-07-02T00:00:00Z
SRC-INV-00908,INV00908,PA0074,2026-02-01,99.90,paid,2026-07-02T00:00:00Z
SRC-INV-00909,INV00909,PA0075,2026-03-01,45.90,paid,2026-07-02T00:00:00Z
SRC-INV-00910,INV00910,PA0076,2026-04-01,59.90,paid,2026-07-02T00:00:00Z
SRC-INV-00911,INV00911,PA0077,2026-05-01,79.90,paid,2026-07-02T00:00:00Z
SRC-INV-00912,INV00912,PA0078,2026-06-01,99.90,paid,2026-07-02T00:00:00Z
SRC-INV-00913,INV00913,PA0079,2026-01-01,45.90,paid,2026-07-02T00:00:00Z
SRC-INV-00914,INV00914,PA0080,2026-02-01,59.90,paid,2026-07-02T00:00:00Z
SRC-INV-00915,INV00915,PA0081,2026-03-01,79.90,paid,2026-07-02T00:00:00Z
SRC-INV-00916,INV00916,PA0082,2026-04-01,99.90,paid,2026-07-02T00:00:00Z
SRC-INV-00917,INV00917,PA0083,2026-05-01,45.90,paid,2026-07-02T00:00:00Z
SRC-INV-00918,INV00918,PA0084,2026-06-01,59.90,paid,2026-07-02T00:00:00Z
SRC-INV-00919,INV00919,PA0085,2026-01-01,79.90,paid,2026-07-02T00:00:00Z
SRC-INV-00920,INV00920,PA0086,2026-02-01,99.90,paid,2026-07-02T00:00:00Z
SRC-INV-00921,INV00921,PA0087,2026-03-01,45.90,paid,2026-07-02T00:00:00Z
SRC-INV-00922,INV00922,PA0088,2026-04-01,59.90,paid,2026-07-02T00:00:00Z
SRC-INV-00923,INV00923,PA0089,2026-05-01,79.90,paid,2026-07-02T00:00:00Z
SRC-INV-00924,INV00924,PA0090,2026-06-01,99.90,paid,2026-07-02T00:00:00Z
SRC-INV-00925,INV00925,PA0091,2026-01-01,45.90,paid,2026-07-02T00:00:00Z
SRC-INV-00926,INV00926,PA0092,2026-02-01,59.90,paid,2026-07-02T00:00:00Z
SRC-INV-00927,INV00927,PA0093,2026-03-01,79.90,paid,2026-07-02T00:00:00Z
SRC-INV-00928,INV00928,PA0094,2026-04-01,99.90,paid,2026-07-02T00:00:00Z
SRC-INV-00929,INV00929,PA0095,2026-05-01,45.90,paid,2026-07-02T00:00:00Z
SRC-INV-00930,INV00930,PA0096,2026-06-01,59.90,paid,2026-07-02T00:00:00Z
SRC-INV-00931,INV00931,PA0097,2026-01-01,79.90,paid,2026-07-02T00:00:00Z
SRC-INV-00932,INV00932,PA0098,2026-02-01,99.90,paid,2026-07-02T00:00:00Z
SRC-INV-00933,INV00933,PA0099,2026-03-01,45.90,paid,2026-07-02T00:00:00Z
SRC-INV-00934,INV00934,PA0100,2026-04-01,59.90,paid,2026-07-02T00:00:00Z
SRC-INV-00935,INV00935,PA0101,2026-05-01,79.90,paid,2026-07-02T00:00:00Z
SRC-INV-00936,INV00936,PA0102,2026-06-01,99.90,paid,2026-07-02T00:00:00Z
SRC-INV-00937,INV00937,PA0103,2026-01-01,45.90,paid,2026-07-02T00:00:00Z
SRC-INV-00938,INV00938,PA0104,2026-02-01,59.90,paid,2026-07-02T00:00:00Z
SRC-INV-00939,INV00939,PA0105,2026-03-01,79.90,paid,2026-07-02T00:00:00Z
SRC-INV-00940,INV00940,PA0106,2026-04-01,99.90,paid,2026-07-02T00:00:00Z
SRC-INV-00941,INV00941,PA0107,2026-05-01,45.90,paid,2026-07-02T00:00:00Z
SRC-INV-00942,INV00942,PA0108,2026-06-01,59.90,paid,2026-07-02T00:00:00Z
SRC-INV-00943,INV00943,PA0109,2026-01-01,79.90,paid,2026-07-02T00:00:00Z
SRC-INV-00944,INV00944,PA0110,2026-02-01,99.90,paid,2026-07-02T00:00:00Z
SRC-INV-00945,INV00945,PA0111,2026-03-01,45.90,paid,2026-07-02T00:00:00Z
SRC-INV-00946,INV00946,PA0112,2026-04-01,59.90,paid,2026-07-02T00:00:00Z
SRC-INV-00947,INV00947,PA0113,2026-05-01,79.90,paid,2026-07-02T00:00:00Z
SRC-INV-00948,INV00948,PA0114,2026-06-01,99.90,paid,2026-07-02T00:00:00Z
SRC-INV-00949,INV00949,PA0115,2026-01-01,45.90,paid,2026-07-02T00:00:00Z
SRC-INV-00950,INV00950,PA0116,2026-02-01,59.90,paid,2026-07-02T00:00:00Z
SRC-INV-00951,INV00951,PA0117,2026-03-01,79.90,paid,2026-07-02T00:00:00Z
SRC-INV-00952,INV00952,PA0118,2026-04-01,99.90,paid,2026-07-02T00:00:00Z
SRC-INV-00953,INV00953,PA0119,2026-05-01,45.90,paid,2026-07-02T00:00:00Z
SRC-INV-00954,INV00954,PA0120,2026-06-01,59.90,paid,2026-07-02T00:00:00Z
SRC-INV-00955,INV00955,PA0121,2026-01-01,79.90,paid,2026-07-02T00:00:00Z
SRC-INV-00956,INV00956,PA0122,2026-02-01,99.90,paid,2026-07-02T00:00:00Z
SRC-INV-00957,INV00957,PA0123,2026-03-01,45.90,paid,2026-07-02T00:00:00Z
SRC-INV-00958,INV00958,PA0124,2026-04-01,59.90,paid,2026-07-02T00:00:00Z
SRC-INV-00959,INV00959,PA0125,2026-05-01,79.90,paid,2026-07-02T00:00:00Z
SRC-INV-00960,INV00960,PA0126,2026-06-01,99.90,paid,2026-07-02T00:00:00Z
SRC-INV-00961,INV00961,PA0127,2026-01-01,45.90,paid,2026-07-02T00:00:00Z
SRC-INV-00962,INV00962,PA0128,2026-02-01,59.90,paid,2026-07-02T00:00:00Z
SRC-INV-00963,INV00963,PA0129,2026-03-01,79.90,paid,2026-07-02T00:00:00Z
SRC-INV-00964,INV00964,PA0130,2026-04-01,99.90,paid,2026-07-02T00:00:00Z
SRC-INV-00965,INV00965,PA0131,2026-05-01,45.90,paid,2026-07-02T00:00:00Z
SRC-INV-00966,INV00966,PA0132,2026-06-01,59.90,paid,2026-07-02T00:00:00Z
SRC-INV-00967,INV00967,PA0133,2026-01-01,79.90,paid,2026-07-02T00:00:00Z
SRC-INV-00968,INV00968,PA0134,2026-02-01,99.90,paid,2026-07-02T00:00:00Z
SRC-INV-00969,INV00969,PA0135,2026-03-01,45.90,paid,2026-07-02T00:00:00Z
SRC-INV-00970,INV00970,PA0136,2026-04-01,59.90,paid,2026-07-02T00:00:00Z
SRC-INV-00971,INV00971,PA0137,2026-05-01,79.90,paid,2026-07-02T00:00:00Z
SRC-INV-00972,INV00972,PA0138,2026-06-01,99.90,paid,2026-07-02T00:00:00Z
SRC-INV-00973,INV00973,PA0139,2026-01-01,45.90,paid,2026-07-02T00:00:00Z
SRC-INV-00974,INV00974,PA0140,2026-02-01,59.90,paid,2026-07-02T00:00:00Z
SRC-INV-00975,INV00975,PA0141,2026-03-01,79.90,paid,2026-07-02T00:00:00Z
SRC-INV-00976,INV00976,PA0142,2026-04-01,99.90,paid,2026-07-02T00:00:00Z
SRC-INV-00977,INV00977,PA0143,2026-05-01,45.90,paid,2026-07-02T00:00:00Z
SRC-INV-00978,INV00978,PA0144,2026-06-01,59.90,paid,2026-07-02T00:00:00Z
SRC-INV-00979,INV00979,PA0145,2026-01-01,79.90,paid,2026-07-02T00:00:00Z
SRC-INV-00980,INV00980,PA0146,2026-02-01,99.90,paid,2026-07-02T00:00:00Z
SRC-INV-00981,INV00981,PA0147,2026-03-01,45.90,paid,2026-07-02T00:00:00Z
SRC-INV-00982,INV00982,PA0148,2026-04-01,59.90,paid,2026-07-02T00:00:00Z
SRC-INV-00983,INV00983,PA0149,2026-05-01,79.90,paid,2026-07-02T00:00:00Z
SRC-INV-00984,INV00984,PA0150,2026-06-01,99.90,paid,2026-07-02T00:00:00Z
SRC-INV-00985,INV00985,PA0151,2026-01-01,45.90,paid,2026-07-02T00:00:00Z
SRC-INV-00986,INV00986,PA0152,2026-02-01,59.90,paid,2026-07-02T00:00:00Z
SRC-INV-00987,INV00987,PA0153,2026-03-01,79.90,paid,2026-07-02T00:00:00Z
SRC-INV-00988,INV00988,PA0154,2026-04-01,99.90,paid,2026-07-02T00:00:00Z
SRC-INV-00989,INV00989,PA0155,2026-05-01,45.90,paid,2026-07-02T00:00:00Z
SRC-INV-00990,INV00990,PA0156,2026-06-01,59.90,paid,2026-07-02T00:00:00Z
SRC-INV-00991,INV00991,PA0157,2026-01-01,79.90,paid,2026-07-02T00:00:00Z
SRC-INV-00992,INV00992,PA0158,2026-02-01,99.90,paid,2026-07-02T00:00:00Z
SRC-INV-00993,INV00993,PA0159,2026-03-01,45.90,paid,2026-07-02T00:00:00Z
SRC-INV-00994,INV00994,PA0160,2026-04-01,59.90,paid,2026-07-02T00:00:00Z
SRC-INV-00995,INV00995,PA0161,2026-05-01,79.90,paid,2026-07-02T00:00:00Z
SRC-INV-00996,INV00996,PA0162,2026-06-01,99.90,paid,2026-07-02T00:00:00Z
SRC-INV-00997,INV00997,PA0163,2026-01-01,45.90,paid,2026-07-02T00:00:00Z
SRC-INV-00998,INV00998,PA0164,2026-02-01,59.90,paid,2026-07-02T00:00:00Z
SRC-INV-00999,INV00999,PA0165,2026-03-01,79.90,paid,2026-07-02T00:00:00Z
SRC-INV-01000,INV01000,PA0166,2026-04-01,99.90,paid,2026-07-02T00:00:00Z
SRC-INV-01001,INV01001,PA0167,2026-05-01,45.90,paid,2026-07-02T00:00:00Z
SRC-INV-01002,INV01002,PA0168,2026-06-01,59.90,paid,2026-07-02T00:00:00Z
SRC-INV-01003,INV01003,PA0169,2026-01-01,79.90,paid,2026-07-02T00:00:00Z
SRC-INV-01004,INV01004,PA0170,2026-02-01,99.90,paid,2026-07-02T00:00:00Z
SRC-INV-01005,INV01005,PA0171,2026-03-01,45.90,paid,2026-07-02T00:00:00Z
SRC-INV-01006,INV01006,PA0172,2026-04-01,59.90,paid,2026-07-02T00:00:00Z
SRC-INV-01007,INV01007,PA0173,2026-05-01,79.90,paid,2026-07-02T00:00:00Z
SRC-INV-01008,INV01008,PA0174,2026-06-01,99.90,paid,2026-07-02T00:00:00Z
SRC-INV-01009,INV01009,PA0175,2026-01-01,45.90,paid,2026-07-02T00:00:00Z
SRC-INV-01010,INV01010,PA0176,2026-02-01,59.90,paid,2026-07-02T00:00:00Z
SRC-INV-01011,INV01011,PA0177,2026-03-01,79.90,paid,2026-07-02T00:00:00Z
SRC-INV-01012,INV01012,PA0178,2026-04-01,99.90,paid,2026-07-02T00:00:00Z
SRC-INV-01013,INV01013,PA0179,2026-05-01,45.90,paid,2026-07-02T00:00:00Z
SRC-INV-01014,INV01014,PA0180,2026-06-01,59.90,paid,2026-07-02T00:00:00Z
SRC-INV-01015,INV01015,PA0181,2026-01-01,79.90,paid,2026-07-02T00:00:00Z
SRC-INV-01016,INV01016,PA0182,2026-02-01,99.90,paid,2026-07-02T00:00:00Z
SRC-INV-01017,INV01017,PA0183,2026-03-01,45.90,paid,2026-07-02T00:00:00Z
SRC-INV-01018,INV01018,PA0184,2026-04-01,59.90,paid,2026-07-02T00:00:00Z
SRC-INV-01019,INV01019,PA0185,2026-05-01,79.90,paid,2026-07-02T00:00:00Z
SRC-INV-01020,INV01020,PA0186,2026-06-01,99.90,paid,2026-07-02T00:00:00Z
SRC-INV-01021,INV01021,PA0187,2026-01-01,45.90,paid,2026-07-02T00:00:00Z
SRC-INV-01022,INV01022,PA0188,2026-02-01,59.90,paid,2026-07-02T00:00:00Z
SRC-INV-01023,INV01023,PA0189,2026-03-01,79.90,paid,2026-07-02T00:00:00Z
SRC-INV-01024,INV01024,PA0190,2026-04-01,99.90,paid,2026-07-02T00:00:00Z
SRC-INV-01025,INV01025,PA0191,2026-05-01,45.90,paid,2026-07-02T00:00:00Z
SRC-INV-01026,INV01026,PA0192,2026-06-01,59.90,paid,2026-07-02T00:00:00Z
SRC-INV-01027,INV01027,PA0193,2026-01-01,79.90,paid,2026-07-02T00:00:00Z
SRC-INV-01028,INV01028,PA0194,2026-02-01,99.90,paid,2026-07-02T00:00:00Z
SRC-INV-01029,INV01029,PA0195,2026-03-01,45.90,paid,2026-07-02T00:00:00Z
SRC-INV-01030,INV01030,PA0196,2026-04-01,59.90,paid,2026-07-02T00:00:00Z
SRC-INV-01031,INV01031,PA0197,2026-05-01,79.90,paid,2026-07-02T00:00:00Z
SRC-INV-01032,INV01032,PA0198,2026-06-01,99.90,paid,2026-07-02T00:00:00Z
SRC-INV-01033,INV01033,PA0199,2026-01-01,45.90,paid,2026-07-02T00:00:00Z
SRC-INV-01034,INV01034,PA0200,2026-02-01,59.90,paid,2026-07-02T00:00:00Z
SRC-INV-01035,INV01035,PA0201,2026-03-01,79.90,paid,2026-07-02T00:00:00Z
SRC-INV-01036,INV01036,PA0202,2026-04-01,99.90,paid,2026-07-02T00:00:00Z
SRC-INV-01037,INV01037,PA0203,2026-05-01,45.90,paid,2026-07-02T00:00:00Z
SRC-INV-01038,INV01038,PA0204,2026-06-01,59.90,paid,2026-07-02T00:00:00Z
SRC-INV-01039,INV01039,PA0205,2026-01-01,79.90,paid,2026-07-02T00:00:00Z
SRC-INV-01040,INV01040,PA0206,2026-02-01,99.90,paid,2026-07-02T00:00:00Z
SRC-INV-01041,INV01041,PA0207,2026-03-01,45.90,paid,2026-07-02T00:00:00Z
SRC-INV-01042,INV01042,PA0208,2026-04-01,59.90,paid,2026-07-02T00:00:00Z
SRC-INV-01043,INV01043,PA0209,2026-05-01,79.90,paid,2026-07-02T00:00:00Z
SRC-INV-01044,INV01044,PA0210,2026-06-01,99.90,paid,2026-07-02T00:00:00Z
SRC-INV-01045,INV01045,PA0211,2026-01-01,45.90,paid,2026-07-02T00:00:00Z
SRC-INV-01046,INV01046,PA0212,2026-02-01,59.90,paid,2026-07-02T00:00:00Z
SRC-INV-01047,INV01047,PA0213,2026-03-01,79.90,paid,2026-07-02T00:00:00Z
SRC-INV-01048,INV01048,PA0214,2026-04-01,99.90,paid,2026-07-02T00:00:00Z
SRC-INV-01049,INV01049,PA0215,2026-05-01,45.90,paid,2026-07-02T00:00:00Z
SRC-INV-01050,INV01050,PA0216,2026-06-01,59.90,paid,2026-07-02T00:00:00Z
SRC-INV-01051,INV01051,PA0217,2026-01-01,79.90,paid,2026-07-02T00:00:00Z
SRC-INV-01052,INV01052,PA0218,2026-02-01,99.90,paid,2026-07-02T00:00:00Z
SRC-INV-01053,INV01053,PA0219,2026-03-01,45.90,paid,2026-07-02T00:00:00Z
SRC-INV-01054,INV01054,PA0220,2026-04-01,59.90,paid,2026-07-02T00:00:00Z
SRC-INV-01055,INV01055,PA0221,2026-05-01,79.90,paid,2026-07-02T00:00:00Z
SRC-INV-01056,INV01056,PA0222,2026-06-01,99.90,paid,2026-07-02T00:00:00Z
SRC-INV-01057,INV01057,PA0223,2026-01-01,45.90,paid,2026-07-02T00:00:00Z
SRC-INV-01058,INV01058,PA0224,2026-02-01,59.90,paid,2026-07-02T00:00:00Z
SRC-INV-01059,INV01059,PA0225,2026-03-01,79.90,paid,2026-07-02T00:00:00Z
SRC-INV-01060,INV01060,PA0226,2026-04-01,99.90,paid,2026-07-02T00:00:00Z
SRC-INV-01061,INV01061,PA0227,2026-05-01,45.90,paid,2026-07-02T00:00:00Z
SRC-INV-01062,INV01062,PA0228,2026-06-01,59.90,paid,2026-07-02T00:00:00Z
SRC-INV-01063,INV01063,PA0229,2026-01-01,79.90,paid,2026-07-02T00:00:00Z
SRC-INV-01064,INV01064,PA0230,2026-02-01,99.90,paid,2026-07-02T00:00:00Z
SRC-INV-01065,INV01065,PA0231,2026-03-01,45.90,paid,2026-07-02T00:00:00Z
SRC-INV-01066,INV01066,PA0232,2026-04-01,59.90,paid,2026-07-02T00:00:00Z
SRC-INV-01067,INV01067,PA0233,2026-05-01,79.90,paid,2026-07-02T00:00:00Z
SRC-INV-01068,INV01068,PA0234,2026-06-01,99.90,paid,2026-07-02T00:00:00Z
SRC-INV-01069,INV01069,PA0235,2026-01-01,45.90,paid,2026-07-02T00:00:00Z
SRC-INV-01070,INV01070,PA0236,2026-02-01,59.90,paid,2026-07-02T00:00:00Z
SRC-INV-01071,INV01071,PA0237,2026-03-01,79.90,paid,2026-07-02T00:00:00Z
SRC-INV-01072,INV01072,PA0238,2026-04-01,99.90,paid,2026-07-02T00:00:00Z
SRC-INV-01073,INV01073,PA0239,2026-05-01,45.90,paid,2026-07-02T00:00:00Z
SRC-INV-01074,INV01074,PA0240,2026-06-01,59.90,paid,2026-07-02T00:00:00Z
SRC-INV-01075,INV01075,PA0241,2026-01-01,79.90,paid,2026-07-02T00:00:00Z
SRC-INV-01076,INV01076,PA0242,2026-02-01,99.90,paid,2026-07-02T00:00:00Z
SRC-INV-01077,INV01077,PA0243,2026-03-01,45.90,paid,2026-07-02T00:00:00Z
SRC-INV-01078,INV01078,PA0244,2026-04-01,59.90,paid,2026-07-02T00:00:00Z
SRC-INV-01079,INV01079,PA0245,2026-05-01,79.90,paid,2026-07-02T00:00:00Z
SRC-INV-01080,INV01080,PA0246,2026-06-01,99.90,paid,2026-07-02T00:00:00Z
SRC-INV-01081,INV01081,PA0247,2026-01-01,45.90,paid,2026-07-02T00:00:00Z
SRC-INV-01082,INV01082,PA0248,2026-02-01,59.90,paid,2026-07-02T00:00:00Z
SRC-INV-01083,INV01083,PA0249,2026-03-01,79.90,paid,2026-07-02T00:00:00Z
SRC-INV-01084,INV01084,PA0250,2026-04-01,99.90,paid,2026-07-02T00:00:00Z
SRC-INV-01085,INV01085,PA0251,2026-05-01,45.90,paid,2026-07-02T00:00:00Z
SRC-INV-01086,INV01086,PA0252,2026-06-01,59.90,paid,2026-07-02T00:00:00Z
SRC-INV-01087,INV01087,PA0253,2026-01-01,79.90,paid,2026-07-02T00:00:00Z
SRC-INV-01088,INV01088,PA0254,2026-02-01,99.90,paid,2026-07-02T00:00:00Z
SRC-INV-01089,INV01089,PA0255,2026-03-01,45.90,paid,2026-07-02T00:00:00Z
SRC-INV-01090,INV01090,PA0256,2026-04-01,59.90,paid,2026-07-02T00:00:00Z
SRC-INV-01091,INV01091,PA0257,2026-05-01,79.90,paid,2026-07-02T00:00:00Z
SRC-INV-01092,INV01092,PA0258,2026-06-01,99.90,paid,2026-07-02T00:00:00Z
SRC-INV-01093,INV01093,PA0259,2026-01-01,45.90,paid,2026-07-02T00:00:00Z
SRC-INV-01094,INV01094,PA0260,2026-02-01,59.90,paid,2026-07-02T00:00:00Z
SRC-INV-01095,INV01095,PA0261,2026-03-01,79.90,paid,2026-07-02T00:00:00Z
SRC-INV-01096,INV01096,PA0262,2026-04-01,99.90,paid,2026-07-02T00:00:00Z
SRC-INV-01097,INV01097,PA0263,2026-05-01,45.90,paid,2026-07-02T00:00:00Z
SRC-INV-01098,INV01098,PA0264,2026-06-01,59.90,paid,2026-07-02T00:00:00Z
SRC-INV-01099,INV01099,PA0265,2026-01-01,79.90,paid,2026-07-02T00:00:00Z
SRC-INV-01100,INV01100,PA0266,2026-02-01,99.90,paid,2026-07-02T00:00:00Z
SRC-INV-01101,INV01101,PA0267,2026-03-01,45.90,paid,2026-07-02T00:00:00Z
SRC-INV-01102,INV01102,PA0268,2026-04-01,59.90,paid,2026-07-02T00:00:00Z
SRC-INV-01103,INV01103,PA0269,2026-05-01,79.90,paid,2026-07-02T00:00:00Z
SRC-INV-01104,INV01104,PA0270,2026-06-01,99.90,paid,2026-07-02T00:00:00Z
SRC-INV-01105,INV01105,PA0271,2026-01-01,45.90,paid,2026-07-02T00:00:00Z
SRC-INV-01106,INV01106,PA0272,2026-02-01,59.90,paid,2026-07-02T00:00:00Z
SRC-INV-01107,INV01107,PA0273,2026-03-01,79.90,paid,2026-07-02T00:00:00Z
SRC-INV-01108,INV01108,PA0274,2026-04-01,99.90,paid,2026-07-02T00:00:00Z
SRC-INV-01109,INV01109,PA0275,2026-05-01,45.90,paid,2026-07-02T00:00:00Z
SRC-INV-01110,INV01110,PA0276,2026-06-01,59.90,paid,2026-07-02T00:00:00Z
SRC-INV-01111,INV01111,PA0277,2026-01-01,79.90,paid,2026-07-02T00:00:00Z
SRC-INV-01112,INV01112,PA0278,2026-02-01,99.90,paid,2026-07-02T00:00:00Z
SRC-INV-01113,INV01113,PA0001,2026-03-01,45.90,paid,2026-07-02T00:00:00Z
SRC-INV-01114,INV01114,PA0002,2026-04-01,59.90,paid,2026-07-02T00:00:00Z
SRC-INV-01115,INV01115,PA0003,2026-05-01,79.90,paid,2026-07-02T00:00:00Z
SRC-INV-01116,INV01116,PA0004,2026-06-01,99.90,paid,2026-07-02T00:00:00Z
SRC-INV-01117,INV01117,PA0005,2026-01-01,45.90,paid,2026-07-02T00:00:00Z
SRC-INV-01118,INV01118,PA0006,2026-02-01,59.90,paid,2026-07-02T00:00:00Z
SRC-INV-01119,INV01119,PA0007,2026-03-01,79.90,paid,2026-07-02T00:00:00Z
SRC-INV-01120,INV01120,PA0008,2026-04-01,99.90,paid,2026-07-02T00:00:00Z
SRC-INV-01121,INV01121,PA0009,2026-05-01,45.90,paid,2026-07-02T00:00:00Z
SRC-INV-01122,INV01122,PA0010,2026-06-01,59.90,paid,2026-07-02T00:00:00Z
SRC-INV-01123,INV01123,PA0011,2026-01-01,79.90,paid,2026-07-02T00:00:00Z
SRC-INV-01124,INV01124,PA0012,2026-02-01,99.90,paid,2026-07-02T00:00:00Z
SRC-INV-01125,INV01125,PA0013,2026-03-01,45.90,paid,2026-07-02T00:00:00Z
SRC-INV-01126,INV01126,PA0014,2026-04-01,59.90,paid,2026-07-02T00:00:00Z
SRC-INV-01127,INV01127,PA0015,2026-05-01,79.90,paid,2026-07-02T00:00:00Z
SRC-INV-01128,INV01128,PA0016,2026-06-01,99.90,paid,2026-07-02T00:00:00Z
SRC-INV-01129,INV01129,PA0017,2026-01-01,45.90,paid,2026-07-02T00:00:00Z
SRC-INV-01130,INV01130,PA0018,2026-02-01,59.90,paid,2026-07-02T00:00:00Z
SRC-INV-01131,INV01131,PA0019,2026-03-01,79.90,paid,2026-07-02T00:00:00Z
SRC-INV-01132,INV01132,PA0020,2026-04-01,99.90,paid,2026-07-02T00:00:00Z
SRC-INV-01133,INV01133,PA0021,2026-05-01,45.90,paid,2026-07-02T00:00:00Z
SRC-INV-01134,INV01134,PA0022,2026-06-01,59.90,paid,2026-07-02T00:00:00Z
SRC-INV-01135,INV01135,PA0023,2026-01-01,79.90,paid,2026-07-02T00:00:00Z
SRC-INV-01136,INV01136,PA0024,2026-02-01,99.90,paid,2026-07-02T00:00:00Z
SRC-INV-01137,INV01137,PA0025,2026-03-01,45.90,paid,2026-07-02T00:00:00Z
SRC-INV-01138,INV01138,PA0026,2026-04-01,59.90,paid,2026-07-02T00:00:00Z
SRC-INV-01139,INV01139,PA0027,2026-05-01,79.90,paid,2026-07-02T00:00:00Z
SRC-INV-01140,INV01140,PA0028,2026-06-01,99.90,paid,2026-07-02T00:00:00Z
SRC-INV-01141,INV01141,PA0029,2026-01-01,45.90,paid,2026-07-02T00:00:00Z
SRC-INV-01142,INV01142,PA0030,2026-02-01,59.90,paid,2026-07-02T00:00:00Z
SRC-INV-01143,INV01143,PA0031,2026-03-01,79.90,paid,2026-07-02T00:00:00Z
SRC-INV-01144,INV01144,PA0032,2026-04-01,99.90,paid,2026-07-02T00:00:00Z
SRC-INV-01145,INV01145,PA0033,2026-05-01,45.90,paid,2026-07-02T00:00:00Z
SRC-INV-01146,INV01146,PA0034,2026-06-01,59.90,paid,2026-07-02T00:00:00Z
SRC-INV-01147,INV01147,PA0035,2026-01-01,79.90,paid,2026-07-02T00:00:00Z
SRC-INV-01148,INV01148,PA0036,2026-02-01,99.90,paid,2026-07-02T00:00:00Z
SRC-INV-01149,INV01149,PA0037,2026-03-01,45.90,paid,2026-07-02T00:00:00Z
SRC-INV-01150,INV01150,PA0038,2026-04-01,59.90,paid,2026-07-02T00:00:00Z
SRC-INV-01151,INV01151,PA0039,2026-05-01,79.90,paid,2026-07-02T00:00:00Z
SRC-INV-01152,INV01152,PA0040,2026-06-01,99.90,paid,2026-07-02T00:00:00Z
SRC-INV-01153,INV01153,PA0041,2026-01-01,45.90,paid,2026-07-02T00:00:00Z
SRC-INV-01154,INV01154,PA0042,2026-02-01,59.90,paid,2026-07-02T00:00:00Z
SRC-INV-01155,INV01155,PA0043,2026-03-01,79.90,paid,2026-07-02T00:00:00Z
SRC-INV-01156,INV01156,PA0044,2026-04-01,99.90,paid,2026-07-02T00:00:00Z
SRC-INV-01157,INV01157,PA0045,2026-05-01,45.90,paid,2026-07-02T00:00:00Z
SRC-INV-01158,INV01158,PA0046,2026-06-01,59.90,paid,2026-07-02T00:00:00Z
SRC-INV-01159,INV01159,PA0047,2026-01-01,79.90,paid,2026-07-02T00:00:00Z
SRC-INV-01160,INV01160,PA0048,2026-02-01,99.90,paid,2026-07-02T00:00:00Z
SRC-INV-01161,INV01161,PA0049,2026-03-01,45.90,paid,2026-07-02T00:00:00Z
SRC-INV-01162,INV01162,PA0050,2026-04-01,59.90,paid,2026-07-02T00:00:00Z
SRC-INV-01163,INV01163,PA0051,2026-05-01,79.90,paid,2026-07-02T00:00:00Z
SRC-INV-01164,INV01164,PA0052,2026-06-01,99.90,paid,2026-07-02T00:00:00Z
SRC-INV-01165,INV01165,PA0053,2026-01-01,45.90,paid,2026-07-02T00:00:00Z
SRC-INV-01166,INV01166,PA0054,2026-02-01,59.90,paid,2026-07-02T00:00:00Z
SRC-INV-01167,INV01167,PA0055,2026-03-01,79.90,paid,2026-07-02T00:00:00Z
SRC-INV-01168,INV01168,PA0056,2026-04-01,99.90,paid,2026-07-02T00:00:00Z
SRC-INV-01169,INV01169,PA0057,2026-05-01,45.90,paid,2026-07-02T00:00:00Z
SRC-INV-01170,INV01170,PA0058,2026-06-01,59.90,paid,2026-07-02T00:00:00Z
SRC-INV-01171,INV01171,PA0059,2026-01-01,79.90,paid,2026-07-02T00:00:00Z
SRC-INV-01172,INV01172,PA0060,2026-02-01,99.90,paid,2026-07-02T00:00:00Z
SRC-INV-01173,INV01173,PA0061,2026-03-01,45.90,paid,2026-07-02T00:00:00Z
SRC-INV-01174,INV01174,PA0062,2026-04-01,59.90,paid,2026-07-02T00:00:00Z
SRC-INV-01175,INV01175,PA0063,2026-05-01,79.90,paid,2026-07-02T00:00:00Z
SRC-INV-01176,INV01176,PA0064,2026-06-01,99.90,paid,2026-07-02T00:00:00Z
SRC-INV-01177,INV01177,PA0065,2026-01-01,45.90,paid,2026-07-02T00:00:00Z
SRC-INV-01178,INV01178,PA0066,2026-02-01,59.90,paid,2026-07-02T00:00:00Z
SRC-INV-01179,INV01179,PA0067,2026-03-01,79.90,paid,2026-07-02T00:00:00Z
SRC-INV-01180,INV01180,PA0068,2026-04-01,99.90,paid,2026-07-02T00:00:00Z
SRC-INV-01181,INV01181,PA0069,2026-05-01,45.90,paid,2026-07-02T00:00:00Z
SRC-INV-01182,INV01182,PA0070,2026-06-01,59.90,paid,2026-07-02T00:00:00Z
SRC-INV-01183,INV01183,PA0071,2026-01-01,79.90,paid,2026-07-02T00:00:00Z
SRC-INV-01184,INV01184,PA0072,2026-02-01,99.90,paid,2026-07-02T00:00:00Z
SRC-INV-01185,INV01185,PA0073,2026-03-01,45.90,paid,2026-07-02T00:00:00Z
SRC-INV-01186,INV01186,PA0074,2026-04-01,59.90,paid,2026-07-02T00:00:00Z
SRC-INV-01187,INV01187,PA0075,2026-05-01,79.90,paid,2026-07-02T00:00:00Z
SRC-INV-01188,INV01188,PA0076,2026-06-01,99.90,paid,2026-07-02T00:00:00Z
SRC-INV-01189,INV01189,PA0077,2026-01-01,45.90,paid,2026-07-02T00:00:00Z
SRC-INV-01190,INV01190,PA0078,2026-02-01,59.90,paid,2026-07-02T00:00:00Z
SRC-INV-01191,INV01191,PA0079,2026-03-01,79.90,paid,2026-07-02T00:00:00Z
SRC-INV-01192,INV01192,PA0080,2026-04-01,99.90,paid,2026-07-02T00:00:00Z
SRC-INV-01193,INV01193,PA0081,2026-05-01,45.90,paid,2026-07-02T00:00:00Z
SRC-INV-01194,INV01194,PA0082,2026-06-01,59.90,paid,2026-07-02T00:00:00Z
SRC-INV-01195,INV01195,PA0083,2026-01-01,79.90,paid,2026-07-02T00:00:00Z
SRC-INV-01196,INV01196,PA0084,2026-02-01,99.90,paid,2026-07-02T00:00:00Z
SRC-INV-01197,INV01197,PA0085,2026-03-01,45.90,paid,2026-07-02T00:00:00Z
SRC-INV-01198,INV01198,PA0086,2026-04-01,59.90,paid,2026-07-02T00:00:00Z
SRC-INV-01199,INV01199,PA0087,2026-05-01,79.90,paid,2026-07-02T00:00:00Z
SRC-INV-01200,INV01200,PA0088,2026-06-01,99.90,paid,2026-07-02T00:00:00Z
SRC-INV-01201,INV01201,PA0089,2026-01-01,45.90,paid,2026-07-02T00:00:00Z
SRC-INV-01202,INV01202,PA0090,2026-02-01,59.90,paid,2026-07-02T00:00:00Z
SRC-INV-01203,INV01203,PA0091,2026-03-01,79.90,paid,2026-07-02T00:00:00Z
SRC-INV-01204,INV01204,PA0092,2026-04-01,99.90,paid,2026-07-02T00:00:00Z
SRC-INV-01205,INV01205,PA0093,2026-05-01,45.90,paid,2026-07-02T00:00:00Z
SRC-INV-01206,INV01206,PA0094,2026-06-01,59.90,paid,2026-07-02T00:00:00Z
SRC-INV-01207,INV01207,PA0095,2026-01-01,79.90,paid,2026-07-02T00:00:00Z
SRC-INV-01208,INV01208,PA0096,2026-02-01,99.90,paid,2026-07-02T00:00:00Z
SRC-INV-01209,INV01209,PA0097,2026-03-01,45.90,paid,2026-07-02T00:00:00Z
SRC-INV-01210,INV01210,PA0098,2026-04-01,59.90,paid,2026-07-02T00:00:00Z
SRC-INV-01211,INV01211,PA0099,2026-05-01,79.90,paid,2026-07-02T00:00:00Z
SRC-INV-01212,INV01212,PA0100,2026-06-01,99.90,paid,2026-07-02T00:00:00Z
SRC-INV-01213,INV01213,PA0101,2026-01-01,45.90,paid,2026-07-02T00:00:00Z
SRC-INV-01214,INV01214,PA0102,2026-02-01,59.90,paid,2026-07-02T00:00:00Z
SRC-INV-01215,INV01215,PA0103,2026-03-01,79.90,paid,2026-07-02T00:00:00Z
SRC-INV-01216,INV01216,PA0104,2026-04-01,99.90,paid,2026-07-02T00:00:00Z
SRC-INV-01217,INV01217,PA0105,2026-05-01,45.90,paid,2026-07-02T00:00:00Z
SRC-INV-01218,INV01218,PA0106,2026-06-01,59.90,paid,2026-07-02T00:00:00Z
SRC-INV-01219,INV01219,PA0107,2026-01-01,79.90,paid,2026-07-02T00:00:00Z
SRC-INV-01220,INV01220,PA0108,2026-02-01,99.90,paid,2026-07-02T00:00:00Z
SRC-INV-01221,INV01221,PA0109,2026-03-01,45.90,paid,2026-07-02T00:00:00Z
SRC-INV-01222,INV01222,PA0110,2026-04-01,59.90,paid,2026-07-02T00:00:00Z
SRC-INV-01223,INV01223,PA0111,2026-05-01,79.90,paid,2026-07-02T00:00:00Z
SRC-INV-01224,INV01224,PA0112,2026-06-01,99.90,paid,2026-07-02T00:00:00Z
SRC-INV-01225,INV01225,PA0113,2026-01-01,45.90,paid,2026-07-02T00:00:00Z
SRC-INV-01226,INV01226,PA0114,2026-02-01,59.90,paid,2026-07-02T00:00:00Z
SRC-INV-01227,INV01227,PA0115,2026-03-01,79.90,paid,2026-07-02T00:00:00Z
SRC-INV-01228,INV01228,PA0116,2026-04-01,99.90,paid,2026-07-02T00:00:00Z
SRC-INV-01229,INV01229,PA0117,2026-05-01,45.90,paid,2026-07-02T00:00:00Z
SRC-INV-01230,INV01230,PA0118,2026-06-01,59.90,paid,2026-07-02T00:00:00Z
SRC-INV-01231,INV01231,PA0119,2026-01-01,79.90,paid,2026-07-02T00:00:00Z
SRC-INV-01232,INV01232,PA0120,2026-02-01,99.90,paid,2026-07-02T00:00:00Z
SRC-INV-01233,INV01233,PA0121,2026-03-01,45.90,paid,2026-07-02T00:00:00Z
SRC-INV-01234,INV01234,PA0122,2026-04-01,59.90,paid,2026-07-02T00:00:00Z
SRC-INV-01235,INV01235,PA0123,2026-05-01,79.90,paid,2026-07-02T00:00:00Z
SRC-INV-01236,INV01236,PA0124,2026-06-01,99.90,paid,2026-07-02T00:00:00Z
SRC-INV-01237,INV01237,PA0125,2026-01-01,45.90,paid,2026-07-02T00:00:00Z
SRC-INV-01238,INV01238,PA0126,2026-02-01,59.90,paid,2026-07-02T00:00:00Z
SRC-INV-01239,INV01239,PA0127,2026-03-01,79.90,paid,2026-07-02T00:00:00Z
SRC-INV-01240,INV01240,PA0128,2026-04-01,99.90,paid,2026-07-02T00:00:00Z
SRC-INV-01241,INV01241,PA0129,2026-05-01,45.90,paid,2026-07-02T00:00:00Z
SRC-INV-01242,INV01242,PA0130,2026-06-01,59.90,paid,2026-07-02T00:00:00Z
SRC-INV-01243,INV01243,PA0131,2026-01-01,79.90,paid,2026-07-02T00:00:00Z
SRC-INV-01244,INV01244,PA0132,2026-02-01,99.90,paid,2026-07-02T00:00:00Z
SRC-INV-01245,INV01245,PA0133,2026-03-01,45.90,paid,2026-07-02T00:00:00Z
SRC-INV-01246,INV01246,PA0134,2026-04-01,59.90,paid,2026-07-02T00:00:00Z
SRC-INV-01247,INV01247,PA0135,2026-05-01,79.90,paid,2026-07-02T00:00:00Z
SRC-INV-01248,INV01248,PA0136,2026-06-01,99.90,paid,2026-07-02T00:00:00Z
SRC-INV-01249,INV01249,PA0137,2026-01-01,45.90,paid,2026-07-02T00:00:00Z
SRC-INV-01250,INV01250,PA0138,2026-02-01,59.90,paid,2026-07-02T00:00:00Z
SRC-INV-01251,INV01251,PA0139,2026-03-01,79.90,paid,2026-07-02T00:00:00Z
SRC-INV-01252,INV01252,PA0140,2026-04-01,99.90,paid,2026-07-02T00:00:00Z
SRC-INV-01253,INV01253,PA0141,2026-05-01,45.90,paid,2026-07-02T00:00:00Z
SRC-INV-01254,INV01254,PA0142,2026-06-01,59.90,paid,2026-07-02T00:00:00Z
SRC-INV-01255,INV01255,PA0143,2026-01-01,79.90,paid,2026-07-02T00:00:00Z
SRC-INV-01256,INV01256,PA0144,2026-02-01,99.90,paid,2026-07-02T00:00:00Z
SRC-INV-01257,INV01257,PA0145,2026-03-01,45.90,paid,2026-07-02T00:00:00Z
SRC-INV-01258,INV01258,PA0146,2026-04-01,59.90,paid,2026-07-02T00:00:00Z
SRC-INV-01259,INV01259,PA0147,2026-05-01,79.90,paid,2026-07-02T00:00:00Z
SRC-INV-01260,INV01260,PA0148,2026-06-01,99.90,paid,2026-07-02T00:00:00Z
SRC-INV-01261,INV01261,PA0149,2026-01-01,45.90,paid,2026-07-02T00:00:00Z
SRC-INV-01262,INV01262,PA0150,2026-02-01,59.90,paid,2026-07-02T00:00:00Z
SRC-INV-01263,INV01263,PA0151,2026-03-01,79.90,paid,2026-07-02T00:00:00Z
SRC-INV-01264,INV01264,PA0152,2026-04-01,99.90,paid,2026-07-02T00:00:00Z
SRC-INV-01265,INV01265,PA0153,2026-05-01,45.90,paid,2026-07-02T00:00:00Z
SRC-INV-01266,INV01266,PA0154,2026-06-01,59.90,paid,2026-07-02T00:00:00Z
SRC-INV-01267,INV01267,PA0155,2026-01-01,79.90,paid,2026-07-02T00:00:00Z
SRC-INV-01268,INV01268,PA0156,2026-02-01,99.90,paid,2026-07-02T00:00:00Z
SRC-INV-01269,INV01269,PA0157,2026-03-01,45.90,paid,2026-07-02T00:00:00Z
SRC-INV-01270,INV01270,PA0158,2026-04-01,59.90,paid,2026-07-02T00:00:00Z
SRC-INV-01271,INV01271,PA0159,2026-05-01,79.90,paid,2026-07-02T00:00:00Z
SRC-INV-01272,INV01272,PA0160,2026-06-01,99.90,paid,2026-07-02T00:00:00Z
SRC-INV-01273,INV01273,PA0161,2026-01-01,45.90,paid,2026-07-02T00:00:00Z
SRC-INV-01274,INV01274,PA0162,2026-02-01,59.90,paid,2026-07-02T00:00:00Z
SRC-INV-01275,INV01275,PA0163,2026-03-01,79.90,paid,2026-07-02T00:00:00Z
SRC-INV-01276,INV01276,PA0164,2026-04-01,99.90,paid,2026-07-02T00:00:00Z
SRC-INV-01277,INV01277,PA0165,2026-05-01,45.90,paid,2026-07-02T00:00:00Z
SRC-INV-01278,INV01278,PA0166,2026-06-01,59.90,paid,2026-07-02T00:00:00Z
SRC-INV-01279,INV01279,PA0167,2026-01-01,79.90,paid,2026-07-02T00:00:00Z
SRC-INV-01280,INV01280,PA0168,2026-02-01,99.90,paid,2026-07-02T00:00:00Z
SRC-INV-01281,INV01281,PA0169,2026-03-01,45.90,paid,2026-07-02T00:00:00Z
SRC-INV-01282,INV01282,PA0170,2026-04-01,59.90,paid,2026-07-02T00:00:00Z
SRC-INV-01283,INV01283,PA0171,2026-05-01,79.90,paid,2026-07-02T00:00:00Z
SRC-INV-01284,INV01284,PA0172,2026-06-01,99.90,paid,2026-07-02T00:00:00Z
SRC-INV-01285,INV01285,PA0173,2026-01-01,45.90,paid,2026-07-02T00:00:00Z
SRC-INV-01286,INV01286,PA0174,2026-02-01,59.90,paid,2026-07-02T00:00:00Z
SRC-INV-01287,INV01287,PA0175,2026-03-01,79.90,paid,2026-07-02T00:00:00Z
SRC-INV-01288,INV01288,PA0176,2026-04-01,99.90,paid,2026-07-02T00:00:00Z
SRC-INV-01289,INV01289,PA0177,2026-05-01,45.90,paid,2026-07-02T00:00:00Z
SRC-INV-01290,INV01290,PA0178,2026-06-01,59.90,paid,2026-07-02T00:00:00Z
SRC-INV-01291,INV01291,PA0179,2026-01-01,79.90,paid,2026-07-02T00:00:00Z
SRC-INV-01292,INV01292,PA0180,2026-02-01,99.90,paid,2026-07-02T00:00:00Z
SRC-INV-01293,INV01293,PA0181,2026-03-01,45.90,paid,2026-07-02T00:00:00Z
SRC-INV-01294,INV01294,PA0182,2026-04-01,59.90,paid,2026-07-02T00:00:00Z
SRC-INV-01295,INV01295,PA0183,2026-05-01,79.90,paid,2026-07-02T00:00:00Z
SRC-INV-01296,INV01296,PA0184,2026-06-01,99.90,paid,2026-07-02T00:00:00Z
SRC-INV-01297,INV01297,PA0185,2026-01-01,45.90,paid,2026-07-02T00:00:00Z
SRC-INV-01298,INV01298,PA0186,2026-02-01,59.90,paid,2026-07-02T00:00:00Z
SRC-INV-01299,INV01299,PA0187,2026-03-01,79.90,paid,2026-07-02T00:00:00Z
SRC-INV-01300,INV01300,PA0188,2026-04-01,99.90,paid,2026-07-02T00:00:00Z
SRC-INV-01301,INV01301,PA0189,2026-05-01,45.90,paid,2026-07-02T00:00:00Z
SRC-INV-01302,INV01302,PA0190,2026-06-01,59.90,paid,2026-07-02T00:00:00Z
SRC-INV-01303,INV01303,PA0191,2026-01-01,79.90,paid,2026-07-02T00:00:00Z
SRC-INV-01304,INV01304,PA0192,2026-02-01,99.90,paid,2026-07-02T00:00:00Z
SRC-INV-01305,INV01305,PA0193,2026-03-01,45.90,paid,2026-07-02T00:00:00Z
SRC-INV-01306,INV01306,PA0194,2026-04-01,59.90,paid,2026-07-02T00:00:00Z
SRC-INV-01307,INV01307,PA0195,2026-05-01,79.90,paid,2026-07-02T00:00:00Z
SRC-INV-01308,INV01308,PA0196,2026-06-01,99.90,paid,2026-07-02T00:00:00Z
SRC-INV-01309,INV01309,PA0197,2026-01-01,45.90,paid,2026-07-02T00:00:00Z
SRC-INV-01310,INV01310,PA0198,2026-02-01,59.90,paid,2026-07-02T00:00:00Z
SRC-INV-01311,INV01311,PA0199,2026-03-01,79.90,paid,2026-07-02T00:00:00Z
SRC-INV-01312,INV01312,PA0200,2026-04-01,99.90,paid,2026-07-02T00:00:00Z
SRC-INV-01313,INV01313,PA0201,2026-05-01,45.90,paid,2026-07-02T00:00:00Z
SRC-INV-01314,INV01314,PA0202,2026-06-01,59.90,paid,2026-07-02T00:00:00Z
SRC-INV-01315,INV01315,PA0203,2026-01-01,79.90,paid,2026-07-02T00:00:00Z
SRC-INV-01316,INV01316,PA0204,2026-02-01,99.90,paid,2026-07-02T00:00:00Z
SRC-INV-01317,INV01317,PA0205,2026-03-01,45.90,paid,2026-07-02T00:00:00Z
SRC-INV-01318,INV01318,PA0206,2026-04-01,59.90,paid,2026-07-02T00:00:00Z
SRC-INV-01319,INV01319,PA0207,2026-05-01,79.90,paid,2026-07-02T00:00:00Z
SRC-INV-01320,INV01320,PA0208,2026-06-01,99.90,paid,2026-07-02T00:00:00Z
SRC-INV-01321,INV01321,PA0209,2026-01-01,45.90,paid,2026-07-02T00:00:00Z
SRC-INV-01322,INV01322,PA0210,2026-02-01,59.90,paid,2026-07-02T00:00:00Z
SRC-INV-01323,INV01323,PA0211,2026-03-01,79.90,paid,2026-07-02T00:00:00Z
SRC-INV-01324,INV01324,PA0212,2026-04-01,99.90,paid,2026-07-02T00:00:00Z
SRC-INV-01325,INV01325,PA0213,2026-05-01,45.90,paid,2026-07-02T00:00:00Z
SRC-INV-01326,INV01326,PA0214,2026-06-01,59.90,paid,2026-07-02T00:00:00Z
SRC-INV-01327,INV01327,PA0215,2026-01-01,79.90,paid,2026-07-02T00:00:00Z
SRC-INV-01328,INV01328,PA0216,2026-02-01,99.90,paid,2026-07-02T00:00:00Z
SRC-INV-01329,INV01329,PA0217,2026-03-01,45.90,paid,2026-07-02T00:00:00Z
SRC-INV-01330,INV01330,PA0218,2026-04-01,59.90,paid,2026-07-02T00:00:00Z
SRC-INV-01331,INV01331,PA0219,2026-05-01,79.90,paid,2026-07-02T00:00:00Z
SRC-INV-01332,INV01332,PA0220,2026-06-01,99.90,paid,2026-07-02T00:00:00Z
SRC-INV-01333,INV01333,PA0221,2026-01-01,45.90,paid,2026-07-02T00:00:00Z
SRC-INV-01334,INV01334,PA0222,2026-02-01,59.90,paid,2026-07-02T00:00:00Z
SRC-INV-01335,INV01335,PA0223,2026-03-01,79.90,paid,2026-07-02T00:00:00Z
SRC-INV-01336,INV01336,PA0224,2026-04-01,99.90,paid,2026-07-02T00:00:00Z
SRC-INV-01337,INV01337,PA0225,2026-05-01,45.90,paid,2026-07-02T00:00:00Z
SRC-INV-01338,INV01338,PA0226,2026-06-01,59.90,paid,2026-07-02T00:00:00Z
SRC-INV-01339,INV01339,PA0227,2026-01-01,79.90,paid,2026-07-02T00:00:00Z
SRC-INV-01340,INV01340,PA0228,2026-02-01,99.90,paid,2026-07-02T00:00:00Z
SRC-INV-01341,INV01341,PA0229,2026-03-01,45.90,paid,2026-07-02T00:00:00Z
SRC-INV-01342,INV01342,PA0230,2026-04-01,59.90,paid,2026-07-02T00:00:00Z
SRC-INV-01343,INV01343,PA0231,2026-05-01,79.90,paid,2026-07-02T00:00:00Z
SRC-INV-01344,INV01344,PA0232,2026-06-01,99.90,paid,2026-07-02T00:00:00Z
SRC-INV-01345,INV01345,PA0233,2026-01-01,45.90,paid,2026-07-02T00:00:00Z
SRC-INV-01346,INV01346,PA0234,2026-02-01,59.90,paid,2026-07-02T00:00:00Z
SRC-INV-01347,INV01347,PA0235,2026-03-01,79.90,paid,2026-07-02T00:00:00Z
SRC-INV-01348,INV01348,PA0236,2026-04-01,99.90,paid,2026-07-02T00:00:00Z
SRC-INV-01349,INV01349,PA0237,2026-05-01,45.90,paid,2026-07-02T00:00:00Z
SRC-INV-01350,INV01350,PA0238,2026-06-01,59.90,paid,2026-07-02T00:00:00Z
SRC-INV-01351,INV01351,PA0239,2026-01-01,79.90,paid,2026-07-02T00:00:00Z
SRC-INV-01352,INV01352,PA0240,2026-02-01,99.90,paid,2026-07-02T00:00:00Z
SRC-INV-01353,INV01353,PA0241,2026-03-01,45.90,paid,2026-07-02T00:00:00Z
SRC-INV-01354,INV01354,PA0242,2026-04-01,59.90,paid,2026-07-02T00:00:00Z
SRC-INV-01355,INV01355,PA0243,2026-05-01,79.90,paid,2026-07-02T00:00:00Z
SRC-INV-01356,INV01356,PA0244,2026-06-01,99.90,paid,2026-07-02T00:00:00Z
SRC-INV-01357,INV01357,PA0245,2026-01-01,45.90,paid,2026-07-02T00:00:00Z
SRC-INV-01358,INV01358,PA0246,2026-02-01,59.90,paid,2026-07-02T00:00:00Z
SRC-INV-01359,INV01359,PA0247,2026-03-01,79.90,paid,2026-07-02T00:00:00Z
SRC-INV-01360,INV01360,PA0248,2026-04-01,99.90,paid,2026-07-02T00:00:00Z
SRC-INV-01361,INV01361,PA0249,2026-05-01,45.90,paid,2026-07-02T00:00:00Z
SRC-INV-01362,INV01362,PA0250,2026-06-01,59.90,paid,2026-07-02T00:00:00Z
SRC-INV-01363,INV01363,PA0251,2026-01-01,79.90,paid,2026-07-02T00:00:00Z
SRC-INV-01364,INV01364,PA0252,2026-02-01,99.90,paid,2026-07-02T00:00:00Z
SRC-INV-01365,INV01365,PA0253,2026-03-01,45.90,paid,2026-07-02T00:00:00Z
SRC-INV-01366,INV01366,PA0254,2026-04-01,59.90,paid,2026-07-02T00:00:00Z
SRC-INV-01367,INV01367,PA0255,2026-05-01,79.90,paid,2026-07-02T00:00:00Z
SRC-INV-01368,INV01368,PA0256,2026-06-01,99.90,paid,2026-07-02T00:00:00Z
SRC-INV-01369,INV01369,PA0257,2026-01-01,45.90,paid,2026-07-02T00:00:00Z
SRC-INV-01370,INV01370,PA0258,2026-02-01,59.90,paid,2026-07-02T00:00:00Z
SRC-INV-01371,INV01371,PA0259,2026-03-01,79.90,paid,2026-07-02T00:00:00Z
SRC-INV-01372,INV01372,PA0260,2026-04-01,99.90,paid,2026-07-02T00:00:00Z
SRC-INV-01373,INV01373,PA0261,2026-05-01,45.90,paid,2026-07-02T00:00:00Z
SRC-INV-01374,INV01374,PA0262,2026-06-01,59.90,paid,2026-07-02T00:00:00Z
SRC-INV-01375,INV01375,PA0263,2026-01-01,79.90,paid,2026-07-02T00:00:00Z
SRC-INV-01376,INV01376,PA0264,2026-02-01,99.90,paid,2026-07-02T00:00:00Z
SRC-INV-01377,INV01377,PA0265,2026-03-01,45.90,paid,2026-07-02T00:00:00Z
SRC-INV-01378,INV01378,PA0266,2026-04-01,59.90,paid,2026-07-02T00:00:00Z
SRC-INV-01379,INV01379,PA0267,2026-05-01,79.90,paid,2026-07-02T00:00:00Z
SRC-INV-01380,INV01380,PA0268,2026-06-01,99.90,paid,2026-07-02T00:00:00Z
SRC-INV-01381,INV01381,PA0269,2026-01-01,45.90,paid,2026-07-02T00:00:00Z
SRC-INV-01382,INV01382,PA0270,2026-02-01,59.90,paid,2026-07-02T00:00:00Z
SRC-INV-01383,INV01383,PA0271,2026-03-01,79.90,paid,2026-07-02T00:00:00Z
SRC-INV-01384,INV01384,PA0272,2026-04-01,99.90,paid,2026-07-02T00:00:00Z
SRC-INV-01385,INV01385,PA0273,2026-05-01,45.90,paid,2026-07-02T00:00:00Z
SRC-INV-01386,INV01386,PA0274,2026-06-01,59.90,paid,2026-07-02T00:00:00Z
SRC-INV-01387,INV01387,PA0275,2026-01-01,79.90,paid,2026-07-02T00:00:00Z
SRC-INV-01388,INV01388,PA0276,2026-02-01,99.90,paid,2026-07-02T00:00:00Z
SRC-INV-01389,INV01389,PA0277,2026-03-01,45.90,paid,2026-07-02T00:00:00Z
SRC-INV-01390,INV01390,PA0278,2026-04-01,59.90,paid,2026-07-02T00:00:00Z
SRC-INV-01391,INV01391,PA0001,2026-05-01,79.90,paid,2026-07-02T00:00:00Z
SRC-INV-01392,INV01392,PA0002,2026-06-01,99.90,paid,2026-07-02T00:00:00Z
SRC-INV-01393,INV01393,PA0003,2026-01-01,45.90,paid,2026-07-02T00:00:00Z
SRC-INV-01394,INV01394,PA0004,2026-02-01,59.90,paid,2026-07-02T00:00:00Z
SRC-INV-01395,INV01395,PA0005,2026-03-01,79.90,paid,2026-07-02T00:00:00Z
SRC-INV-01396,INV01396,PA0006,2026-04-01,99.90,paid,2026-07-02T00:00:00Z
SRC-INV-01397,INV01397,PA0007,2026-05-01,45.90,paid,2026-07-02T00:00:00Z
SRC-INV-01398,INV01398,PA0008,2026-06-01,59.90,paid,2026-07-02T00:00:00Z
SRC-INV-01399,INV01399,PA0009,2026-01-01,79.90,paid,2026-07-02T00:00:00Z
SRC-INV-01400,INV01400,PA0010,2026-02-01,99.90,paid,2026-07-02T00:00:00Z
SRC-INV-01401,INV01401,PA0011,2026-03-01,45.90,paid,2026-07-02T00:00:00Z
SRC-INV-01402,INV01402,PA0012,2026-04-01,59.90,paid,2026-07-02T00:00:00Z
SRC-INV-01403,INV01403,PA0013,2026-05-01,79.90,paid,2026-07-02T00:00:00Z
SRC-INV-01404,INV01404,PA0014,2026-06-01,99.90,paid,2026-07-02T00:00:00Z
SRC-INV-01405,INV01405,PA0015,2026-01-01,45.90,paid,2026-07-02T00:00:00Z
SRC-INV-01406,INV01406,PA0016,2026-02-01,59.90,paid,2026-07-02T00:00:00Z
SRC-INV-01407,INV01407,PA0017,2026-03-01,79.90,paid,2026-07-02T00:00:00Z
SRC-INV-01408,INV01408,PA0018,2026-04-01,99.90,paid,2026-07-02T00:00:00Z
SRC-INV-01409,INV01409,PA0019,2026-05-01,45.90,paid,2026-07-02T00:00:00Z
SRC-INV-01410,INV01410,PA0020,2026-06-01,59.90,paid,2026-07-02T00:00:00Z
SRC-INV-01411,INV01411,PA0021,2026-01-01,79.90,paid,2026-07-02T00:00:00Z
SRC-INV-01412,INV01412,PA0022,2026-02-01,99.90,paid,2026-07-02T00:00:00Z
SRC-INV-01413,INV01413,PA0023,2026-03-01,45.90,paid,2026-07-02T00:00:00Z
SRC-INV-01414,INV01414,PA0024,2026-04-01,59.90,paid,2026-07-02T00:00:00Z
SRC-INV-01415,INV01415,PA0025,2026-05-01,79.90,paid,2026-07-02T00:00:00Z
SRC-INV-01416,INV01416,PA0026,2026-06-01,99.90,paid,2026-07-02T00:00:00Z
SRC-INV-01417,INV01417,PA0027,2026-01-01,45.90,paid,2026-07-02T00:00:00Z
SRC-INV-01418,INV01418,PA0028,2026-02-01,59.90,paid,2026-07-02T00:00:00Z
SRC-INV-01419,INV01419,PA0029,2026-03-01,79.90,paid,2026-07-02T00:00:00Z
SRC-INV-01420,INV01420,PA0030,2026-04-01,99.90,paid,2026-07-02T00:00:00Z
SRC-INV-01421,INV01421,PA0031,2026-05-01,45.90,paid,2026-07-02T00:00:00Z
SRC-INV-01422,INV01422,PA0032,2026-06-01,59.90,paid,2026-07-02T00:00:00Z
SRC-INV-01423,INV01423,PA0033,2026-01-01,79.90,paid,2026-07-02T00:00:00Z
SRC-INV-01424,INV01424,PA0034,2026-02-01,99.90,paid,2026-07-02T00:00:00Z
SRC-INV-01425,INV01425,PA0035,2026-03-01,45.90,paid,2026-07-02T00:00:00Z
SRC-INV-01426,INV01426,PA0036,2026-04-01,59.90,paid,2026-07-02T00:00:00Z
SRC-INV-01427,INV01427,PA0037,2026-05-01,79.90,paid,2026-07-02T00:00:00Z
SRC-INV-01428,INV01428,PA0038,2026-06-01,99.90,paid,2026-07-02T00:00:00Z
SRC-INV-01429,INV01429,PA0039,2026-01-01,45.90,paid,2026-07-02T00:00:00Z
SRC-INV-01430,INV01430,PA0040,2026-02-01,59.90,paid,2026-07-02T00:00:00Z
SRC-INV-01431,INV01431,PA0041,2026-03-01,79.90,paid,2026-07-02T00:00:00Z
SRC-INV-01432,INV01432,PA0042,2026-04-01,99.90,paid,2026-07-02T00:00:00Z
SRC-INV-01433,INV01433,PA0043,2026-05-01,45.90,paid,2026-07-02T00:00:00Z
SRC-INV-01434,INV01434,PA0044,2026-06-01,59.90,paid,2026-07-02T00:00:00Z
SRC-INV-01435,INV01435,PA0045,2026-01-01,79.90,paid,2026-07-02T00:00:00Z
SRC-INV-01436,INV01436,PA0046,2026-02-01,99.90,paid,2026-07-02T00:00:00Z
SRC-INV-01437,INV01437,PA0047,2026-03-01,45.90,paid,2026-07-02T00:00:00Z
SRC-INV-01438,INV01438,PA0048,2026-04-01,59.90,paid,2026-07-02T00:00:00Z
SRC-INV-01439,INV01439,PA0049,2026-05-01,79.90,paid,2026-07-02T00:00:00Z
SRC-INV-01440,INV01440,PA0050,2026-06-01,99.90,paid,2026-07-02T00:00:00Z
SRC-INV-01441,INV01441,PA0051,2026-01-01,45.90,paid,2026-07-02T00:00:00Z
SRC-INV-01442,INV01442,PA0052,2026-02-01,59.90,paid,2026-07-02T00:00:00Z
SRC-INV-01443,INV01443,PA0053,2026-03-01,79.90,paid,2026-07-02T00:00:00Z
SRC-INV-01444,INV01444,PA0054,2026-04-01,99.90,paid,2026-07-02T00:00:00Z
SRC-INV-01445,INV01445,PA0055,2026-05-01,45.90,paid,2026-07-02T00:00:00Z
SRC-INV-01446,INV01446,PA0056,2026-06-01,59.90,paid,2026-07-02T00:00:00Z
SRC-INV-01447,INV01447,PA0057,2026-01-01,79.90,paid,2026-07-02T00:00:00Z
SRC-INV-01448,INV01448,PA0058,2026-02-01,99.90,paid,2026-07-02T00:00:00Z
SRC-INV-01449,INV01449,PA0059,2026-03-01,45.90,paid,2026-07-02T00:00:00Z
SRC-INV-01450,INV01450,PA0060,2026-04-01,59.90,paid,2026-07-02T00:00:00Z
SRC-INV-01451,INV01451,PA0061,2026-05-01,79.90,paid,2026-07-02T00:00:00Z
SRC-INV-01452,INV01452,PA0062,2026-06-01,99.90,paid,2026-07-02T00:00:00Z
SRC-INV-01453,INV01453,PA0063,2026-01-01,45.90,paid,2026-07-02T00:00:00Z
SRC-INV-01454,INV01454,PA0064,2026-02-01,59.90,paid,2026-07-02T00:00:00Z
SRC-INV-01455,INV01455,PA0065,2026-03-01,79.90,paid,2026-07-02T00:00:00Z
SRC-INV-01456,INV01456,PA0066,2026-04-01,99.90,paid,2026-07-02T00:00:00Z
SRC-INV-01457,INV01457,PA0067,2026-05-01,45.90,paid,2026-07-02T00:00:00Z
SRC-INV-01458,INV01458,PA0068,2026-06-01,59.90,paid,2026-07-02T00:00:00Z
SRC-INV-01459,INV01459,PA0069,2026-01-01,79.90,paid,2026-07-02T00:00:00Z
SRC-INV-01460,INV01460,PA0070,2026-02-01,99.90,paid,2026-07-02T00:00:00Z
SRC-INV-01461,INV01461,PA0071,2026-03-01,45.90,paid,2026-07-02T00:00:00Z
SRC-INV-01462,INV01462,PA0072,2026-04-01,59.90,paid,2026-07-02T00:00:00Z
SRC-INV-01463,INV01463,PA0073,2026-05-01,79.90,paid,2026-07-02T00:00:00Z
SRC-INV-01464,INV01464,PA0074,2026-06-01,99.90,paid,2026-07-02T00:00:00Z
SRC-INV-01465,INV01465,PA0075,2026-01-01,45.90,paid,2026-07-02T00:00:00Z
SRC-INV-01466,INV01466,PA0076,2026-02-01,59.90,paid,2026-07-02T00:00:00Z
SRC-INV-01467,INV01467,PA0077,2026-03-01,79.90,paid,2026-07-02T00:00:00Z
SRC-INV-01468,INV01468,PA0078,2026-04-01,99.90,paid,2026-07-02T00:00:00Z
SRC-INV-01469,INV01469,PA0079,2026-05-01,45.90,paid,2026-07-02T00:00:00Z
SRC-INV-01470,INV01470,PA0080,2026-06-01,59.90,paid,2026-07-02T00:00:00Z
SRC-INV-01471,INV01471,PA0081,2026-01-01,79.90,paid,2026-07-02T00:00:00Z
SRC-INV-01472,INV01472,PA0082,2026-02-01,99.90,paid,2026-07-02T00:00:00Z
SRC-INV-01473,INV01473,PA0083,2026-03-01,45.90,paid,2026-07-02T00:00:00Z
SRC-INV-01474,INV01474,PA0084,2026-04-01,59.90,paid,2026-07-02T00:00:00Z
SRC-INV-01475,INV01475,PA0085,2026-05-01,79.90,paid,2026-07-02T00:00:00Z
SRC-INV-01476,INV01476,PA0086,2026-06-01,99.90,paid,2026-07-02T00:00:00Z
SRC-INV-01477,INV01477,PA0087,2026-01-01,45.90,paid,2026-07-02T00:00:00Z
SRC-INV-01478,INV01478,PA0088,2026-02-01,59.90,paid,2026-07-02T00:00:00Z
SRC-INV-01479,INV01479,PA0089,2026-03-01,79.90,paid,2026-07-02T00:00:00Z
SRC-INV-01480,INV01480,PA0090,2026-04-01,99.90,paid,2026-07-02T00:00:00Z
SRC-INV-01481,INV01481,PA0091,2026-05-01,45.90,paid,2026-07-02T00:00:00Z
SRC-INV-01482,INV01482,PA0092,2026-06-01,59.90,paid,2026-07-02T00:00:00Z
SRC-INV-01483,INV01483,PA0093,2026-01-01,79.90,paid,2026-07-02T00:00:00Z
SRC-INV-01484,INV01484,PA0094,2026-02-01,99.90,paid,2026-07-02T00:00:00Z
SRC-INV-01485,INV01485,PA0095,2026-03-01,45.90,paid,2026-07-02T00:00:00Z
SRC-INV-01486,INV01486,PA0096,2026-04-01,59.90,paid,2026-07-02T00:00:00Z
SRC-INV-01487,INV01487,PA0097,2026-05-01,79.90,paid,2026-07-02T00:00:00Z
SRC-INV-01488,INV01488,PA0098,2026-06-01,99.90,paid,2026-07-02T00:00:00Z
SRC-INV-01489,INV01489,PA0099,2026-01-01,45.90,paid,2026-07-02T00:00:00Z
SRC-INV-01490,INV01490,PA0100,2026-02-01,59.90,paid,2026-07-02T00:00:00Z
SRC-INV-01491,INV01491,PA0101,2026-03-01,79.90,paid,2026-07-02T00:00:00Z
SRC-INV-01492,INV01492,PA0102,2026-04-01,99.90,paid,2026-07-02T00:00:00Z
SRC-INV-01493,INV01493,PA0103,2026-05-01,45.90,paid,2026-07-02T00:00:00Z
SRC-INV-01494,INV01494,PA0104,2026-06-01,59.90,paid,2026-07-02T00:00:00Z
SRC-INV-01495,INV01495,PA0105,2026-01-01,79.90,paid,2026-07-02T00:00:00Z
SRC-INV-01496,INV01496,PA0106,2026-02-01,99.90,paid,2026-07-02T00:00:00Z
SRC-INV-01497,INV01497,PA0107,2026-03-01,45.90,paid,2026-07-02T00:00:00Z
SRC-INV-01498,INV01498,PA0108,2026-04-01,-20.00,paid,2026-07-02T00:00:00Z
SRC-INV-01499,INV01499,PA0109,2026-05-01,-20.00,paid,2026-07-02T00:00:00Z
SRC-INV-01500,INV01500,PA0110,2026-06-01,-20.00,paid,2026-07-02T00:00:00Z
