source_row_id,recharge_id,line_id,recharge_date,channel,amount,updated_at
SRC-PR-00001,R00001,PL0001,2026-01-01,app,5.00,2026-07-01T00:00:00Z
SRC-PR-00002,R00002,PL0002,2026-02-02,store,10.00,2026-07-01T00:00:00Z
SRC-PR-00003,R00003,PL0003,2026-03-03,bank,15.00,2026-07-01T00:00:00Z
SRC-PR-00004,R00004,PL0004,2026-04-04,app,20.00,2026-07-01T00:00:00Z
SRC-PR-00005,R00005,PL0005,2026-05-05,store,25.00,2026-07-01T00:00:00Z
SRC-PR-00006,R00006,PL0006,2026-06-06,bank,5.00,2026-07-01T00:00:00Z
SRC-PR-00007,R00007,PL0007,2026-01-07,app,10.00,2026-07-01T00:00:00Z
SRC-PR-00008,R00008,PL0008,2026-02-08,store,15.00,2026-07-01T00:00:00Z
SRC-PR-00009,R00009,PL0009,2026-03-09,bank,20.00,2026-07-01T00:00:00Z
SRC-PR-00010,R00010,PL0010,2026-04-10,app,25.00,2026-07-01T00:00:00Z
SRC-PR-00011,R00011,PL0011,2026-05-11,store,5.00,2026-07-01T00:00:00Z
SRC-PR-00012,R00012,PL0012,2026-06-12,bank,10.00,2026-07-01T00:00:00Z
SRC-PR-00013,R00013,PL0013,2026-01-13,app,15.00,2026-07-01T00:00:00Z
SRC-PR-00014,R00014,PL0014,2026-02-14,store,20.00,2026-07-01T00:00:00Z
SRC-PR-00015,R00015,PL0015,2026-03-15,bank,25.00,2026-07-01T00:00:00Z
SRC-PR-00016,R00016,PL0016,2026-04-16,app,5.00,2026-07-01T00:00:00Z
SRC-PR-00017,R00017,PL0017,2026-05-17,store,10.00,2026-07-01T00:00:00Z
SRC-PR-00018,R00018,PL0018,2026-06-18,bank,15.00,2026-07-01T00:00:00Z
SRC-PR-00019,R00019,PL0019,2026-01-19,app,20.00,2026-07-01T00:00:00Z
SRC-PR-00020,R00020,PL0020,2026-02-20,store,25.00,2026-07-01T00:00:00Z
SRC-PR-00021,R00021,PL0021,2026-03-21,bank,5.00,2026-07-01T00:00:00Z
SRC-PR-00022,R00022,PL0022,2026-04-22,app,10.00,2026-07-01T00:00:00Z
SRC-PR-00023,R00023,PL0023,2026-05-23,store,15.00,2026-07-01T00:00:00Z
SRC-PR-00024,R00024,PL0024,2026-06-24,bank,20.00,2026-07-01T00:00:00Z
SRC-PR-00025,R00025,PL0025,2026-01-25,app,25.00,2026-07-01T00:00:00Z
SRC-PR-00026,R00026,PL0026,2026-02-26,store,5.00,2026-07-01T00:00:00Z
SRC-PR-00027,R00027,PL0027,2026-03-27,bank,10.00,2026-07-01T00:00:00Z
SRC-PR-00028,R00028,PL0028,2026-04-28,app,15.00,2026-07-01T00:00:00Z
SRC-PR-00029,R00029,PL0029,2026-05-01,store,20.00,2026-07-01T00:00:00Z
SRC-PR-00030,R00030,PL0030,2026-06-02,bank,25.00,2026-07-01T00:00:00Z
SRC-PR-00031,R00031,PL0031,2026-01-03,app,5.00,2026-07-01T00:00:00Z
SRC-PR-00032,R00032,PL0032,2026-02-04,store,10.00,2026-07-01T00:00:00Z
SRC-PR-00033,R00033,PL0033,2026-03-05,bank,15.00,2026-07-01T00:00:00Z
SRC-PR-00034,R00034,PL0034,2026-04-06,app,20.00,2026-07-01T00:00:00Z
SRC-PR-00035,R00035,PL0035,2026-05-07,store,25.00,2026-07-01T00:00:00Z
SRC-PR-00036,R00036,PL0036,2026-06-08,bank,5.00,2026-07-01T00:00:00Z
SRC-PR-00037,R00037,PL0037,2026-01-09,app,10.00,2026-07-01T00:00:00Z
SRC-PR-00038,R00038,PL0038,2026-02-10,store,15.00,2026-07-01T00:00:00Z
SRC-PR-00039,R00039,PL0039,2026-03-11,bank,20.00,2026-07-01T00:00:00Z
SRC-PR-00040,R00040,PL0040,2026-04-12,app,25.00,2026-07-01T00:00:00Z
SRC-PR-00041,R00041,PL0041,2026-05-13,store,5.00,2026-07-01T00:00:00Z
SRC-PR-00042,R00042,PL0042,2026-06-14,bank,10.00,2026-07-01T00:00:00Z
SRC-PR-00043,R00043,PL0043,2026-01-15,app,15.00,2026-07-01T00:00:00Z
SRC-PR-00044,R00044,PL0044,2026-02-16,store,20.00,2026-07-01T00:00:00Z
SRC-PR-00045,R00045,PL0045,2026-03-17,bank,25.00,2026-07-01T00:00:00Z
SRC-PR-00046,R00046,PL0046,2026-04-18,app,5.00,2026-07-01T00:00:00Z
SRC-PR-00047,R00047,PL0047,2026-05-19,store,10.00,2026-07-01T00:00:00Z
SRC-PR-00048,R00048,PL0048,2026-06-20,bank,15.00,2026-07-01T00:00:00Z
SRC-PR-00049,R00049,PL0049,2026-01-21,app,20.00,2026-07-01T00:00:00Z
SRC-PR-00050,R00050,PL0050,2026-02-22,store,25.00,2026-07-01T00:00:00Z
SRC-PR-00051,R00051,PL0051,2026-03-23,bank,5.00,2026-07-01T00:00:00Z
SRC-PR-00052,R00052,PL0052,2026-04-24,app,10.00,2026-07-01T00:00:00Z
SRC-PR-00053,R00053,PL0053,2026-05-25,store,15.00,2026-07-01T00:00:00Z
SRC-PR-00054,R00054,PL0054,2026-06-26,bank,20.00,2026-07-01T00:00:00Z
SRC-PR-00055,R00055,PL0055,2026-01-27,app,25.00,2026-07-01T00:00:00Z
SRC-PR-00056,R00056,PL0056,2026-02-28,store,5.00,2026-07-01T00:00:00Z
SRC-PR-00057,R00057,PL0057,2026-03-01,bank,10.00,2026-07-01T00:00:00Z
SRC-PR-00058,R00058,PL0058,2026-04-02,app,15.00,2026-07-01T00:00:00Z
SRC-PR-00059,R00059,PL0059,2026-05-03,store,20.00,2026-07-01T00:00:00Z
SRC-PR-00060,R00060,PL0060,2026-06-04,bank,25.00,2026-07-01T00:00:00Z
SRC-PR-00061,R00061,PL0061,2026-01-05,app,5.00,2026-07-01T00:00:00Z
SRC-PR-00062,R00062,PL0062,2026-02-06,store,10.00,2026-07-01T00:00:00Z
SRC-PR-00063,R00063,PL0063,2026-03-07,bank,15.00,2026-07-01T00:00:00Z
SRC-PR-00064,R00064,PL0064,2026-04-08,app,20.00,2026-07-01T00:00:00Z
SRC-PR-00065,R00065,PL0065,2026-05-09,store,25.00,2026-07-01T00:00:00Z
SRC-PR-00066,R00066,PL0066,2026-06-10,bank,5.00,2026-07-01T00:00:00Z
SRC-PR-00067,R00067,PL0067,2026-01-11,app,10.00,2026-07-01T00:00:00Z
SRC-PR-00068,R00068,PL0068,2026-02-12,store,15.00,2026-07-01T00:00:00Z
SRC-PR-00069,R00069,PL0069,2026-03-13,bank,20.00,2026-07-01T00:00:00Z
SRC-PR-00070,R00070,PL0070,2026-04-14,app,25.00,2026-07-01T00:00:00Z
SRC-PR-00071,R00071,PL0071,2026-05-15,store,5.00,2026-07-01T00:00:00Z
SRC-PR-00072,R00072,PL0072,2026-06-16,bank,10.00,2026-07-01T00:00:00Z
SRC-PR-00073,R00073,PL0073,2026-01-17,app,15.00,2026-07-01T00:00:00Z
SRC-PR-00074,R00074,PL0074,2026-02-18,store,20.00,2026-07-01T00:00:00Z
SRC-PR-00075,R00075,PL0075,2026-03-19,bank,25.00,2026-07-01T00:00:00Z
SRC-PR-00076,R00076,PL0076,2026-04-20,app,5.00,2026-07-01T00:00:00Z
SRC-PR-00077,R00077,PL0077,2026-05-21,store,10.00,2026-07-01T00:00:00Z
SRC-PR-00078,R00078,PL0078,2026-06-22,bank,15.00,2026-07-01T00:00:00Z
SRC-PR-00079,R00079,PL0079,2026-01-23,app,20.00,2026-07-01T00:00:00Z
SRC-PR-00080,R00080,PL0080,2026-02-24,store,25.00,2026-07-01T00:00:00Z
SRC-PR-00081,R00081,PL0081,2026-03-25,bank,5.00,2026-07-01T00:00:00Z
SRC-PR-00082,R00082,PL0082,2026-04-26,app,10.00,2026-07-01T00:00:00Z
SRC-PR-00083,R00083,PL0083,2026-05-27,store,15.00,2026-07-01T00:00:00Z
SRC-PR-00084,R00084,PL0084,2026-06-28,bank,20.00,2026-07-01T00:00:00Z
SRC-PR-00085,R00085,PL0085,2026-01-01,app,25.00,2026-07-01T00:00:00Z
SRC-PR-00086,R00086,PL0086,2026-02-02,store,5.00,2026-07-01T00:00:00Z
SRC-PR-00087,R00087,PL0087,2026-03-03,bank,10.00,2026-07-01T00:00:00Z
SRC-PR-00088,R00088,PL0088,2026-04-04,app,15.00,2026-07-01T00:00:00Z
SRC-PR-00089,R00089,PL0089,2026-05-05,store,20.00,2026-07-01T00:00:00Z
SRC-PR-00090,R00090,PL0090,2026-06-06,bank,25.00,2026-07-01T00:00:00Z
SRC-PR-00091,R00091,PL0091,2026-01-07,app,5.00,2026-07-01T00:00:00Z
SRC-PR-00092,R00092,PL0092,2026-02-08,store,10.00,2026-07-01T00:00:00Z
SRC-PR-00093,R00093,PL0093,2026-03-09,bank,15.00,2026-07-01T00:00:00Z
SRC-PR-00094,R00094,PL0094,2026-04-10,app,20.00,2026-07-01T00:00:00Z
SRC-PR-00095,R00095,PL0095,2026-05-11,store,25.00,2026-07-01T00:00:00Z
SRC-PR-00096,R00096,PL0096,2026-06-12,bank,5.00,2026-07-01T00:00:00Z
SRC-PR-00097,R00097,PL0097,2026-01-13,app,10.00,2026-07-01T00:00:00Z
SRC-PR-00098,R00098,PL0098,2026-02-14,store,15.00,2026-07-01T00:00:00Z
SRC-PR-00099,R00099,PL0099,2026-03-15,bank,20.00,2026-07-01T00:00:00Z
SRC-PR-00100,R00100,PL0100,2026-04-16,app,25.00,2026-07-01T00:00:00Z
SRC-PR-00101,R00101,PL0101,2026-05-17,store,5.00,2026-07-01T00:00:00Z
SRC-PR-00102,R00102,PL0102,2026-06-18,bank,10.00,2026-07-01T00:00:00Z
SRC-PR-00103,R00103,PL0103,2026-01-19,app,15.00,2026-07-01T00:00:00Z
SRC-PR-00104,R00104,PL0104,2026-02-20,store,20.00,2026-07-01T00:00:00Z
SRC-PR-00105,R00105,PL0105,2026-03-21,bank,25.00,2026-07-01T00:00:00Z
SRC-PR-00106,R00106,PL0106,2026-04-22,app,5.00,2026-07-01T00:00:00Z
SRC-PR-00107,R00107,PL0107,2026-05-23,store,10.00,2026-07-01T00:00:00Z
SRC-PR-00108,R00108,PL0108,2026-06-24,bank,15.00,2026-07-01T00:00:00Z
SRC-PR-00109,R00109,PL0109,2026-01-25,app,20.00,2026-07-01T00:00:00Z
SRC-PR-00110,R00110,PL0110,2026-02-26,store,25.00,2026-07-01T00:00:00Z
SRC-PR-00111,R00111,PL0111,2026-03-27,bank,5.00,2026-07-01T00:00:00Z
SRC-PR-00112,R00112,PL0112,2026-04-28,app,10.00,2026-07-01T00:00:00Z
SRC-PR-00113,R00113,PL0113,2026-05-01,store,15.00,2026-07-01T00:00:00Z
SRC-PR-00114,R00114,PL0114,2026-06-02,bank,20.00,2026-07-01T00:00:00Z
SRC-PR-00115,R00115,PL0115,2026-01-03,app,25.00,2026-07-01T00:00:00Z
SRC-PR-00116,R00116,PL0116,2026-02-04,store,5.00,2026-07-01T00:00:00Z
SRC-PR-00117,R00117,PL0117,2026-03-05,bank,10.00,2026-07-01T00:00:00Z
SRC-PR-00118,R00118,PL0118,2026-04-06,app,15.00,2026-07-01T00:00:00Z
SRC-PR-00119,R00119,PL0119,2026-05-07,store,20.00,2026-07-01T00:00:00Z
SRC-PR-00120,R00120,PL0120,2026-06-08,bank,25.00,2026-07-01T00:00:00Z
SRC-PR-00121,R00121,PL0121,2026-01-09,app,5.00,2026-07-01T00:00:00Z
SRC-PR-00122,R00122,PL0122,2026-02-10,store,10.00,2026-07-01T00:00:00Z
SRC-PR-00123,R00123,PL0123,2026-03-11,bank,15.00,2026-07-01T00:00:00Z
SRC-PR-00124,R00124,PL0124,2026-04-12,app,20.00,2026-07-01T00:00:00Z
SRC-PR-00125,R00125,PL0125,2026-05-13,store,25.00,2026-07-01T00:00:00Z
SRC-PR-00126,R00126,PL0126,2026-06-14,bank,5.00,2026-07-01T00:00:00Z
SRC-PR-00127,R00127,PL0127,2026-01-15,app,10.00,2026-07-01T00:00:00Z
SRC-PR-00128,R00128,PL0128,2026-02-16,store,15.00,2026-07-01T00:00:00Z
SRC-PR-00129,R00129,PL0129,2026-03-17,bank,20.00,2026-07-01T00:00:00Z
SRC-PR-00130,R00130,PL0130,2026-04-18,app,25.00,2026-07-01T00:00:00Z
SRC-PR-00131,R00131,PL0131,2026-05-19,store,5.00,2026-07-01T00:00:00Z
SRC-PR-00132,R00132,PL0132,2026-06-20,bank,10.00,2026-07-01T00:00:00Z
SRC-PR-00133,R00133,PL0133,2026-01-21,app,15.00,2026-07-01T00:00:00Z
SRC-PR-00134,R00134,PL0134,2026-02-22,store,20.00,2026-07-01T00:00:00Z
SRC-PR-00135,R00135,PL0135,2026-03-23,bank,25.00,2026-07-01T00:00:00Z
SRC-PR-00136,R00136,PL0136,2026-04-24,app,5.00,2026-07-01T00:00:00Z
SRC-PR-00137,R00137,PL0137,2026-05-25,store,10.00,2026-07-01T00:00:00Z
SRC-PR-00138,R00138,PL0138,2026-06-26,bank,15.00,2026-07-01T00:00:00Z
SRC-PR-00139,R00139,PL0139,2026-01-27,app,20.00,2026-07-01T00:00:00Z
SRC-PR-00140,R00140,PL0140,2026-02-28,store,25.00,2026-07-01T00:00:00Z
SRC-PR-00141,R00141,PL0141,2026-03-01,bank,5.00,2026-07-01T00:00:00Z
SRC-PR-00142,R00142,PL0142,2026-04-02,app,10.00,2026-07-01T00:00:00Z
SRC-PR-00143,R00143,PL0143,2026-05-03,store,15.00,2026-07-01T00:00:00Z
SRC-PR-00144,R00144,PL0144,2026-06-04,bank,20.00,2026-07-01T00:00:00Z
SRC-PR-00145,R00145,PL0145,2026-01-05,app,25.00,2026-07-01T00:00:00Z
SRC-PR-00146,R00146,PL0146,2026-02-06,store,5.00,2026-07-01T00:00:00Z
SRC-PR-00147,R00147,PL0147,2026-03-07,bank,10.00,2026-07-01T00:00:00Z
SRC-PR-00148,R00148,PL0148,2026-04-08,app,15.00,2026-07-01T00:00:00Z
SRC-PR-00149,R00149,PL0149,2026-05-09,store,20.00,2026-07-01T00:00:00Z
SRC-PR-00150,R00150,PL0150,2026-06-10,bank,25.00,2026-07-01T00:00:00Z
SRC-PR-00151,R00151,PL0151,2026-01-11,app,5.00,2026-07-01T00:00:00Z
SRC-PR-00152,R00152,PL0152,2026-02-12,store,10.00,2026-07-01T00:00:00Z
SRC-PR-00153,R00153,PL0153,2026-03-13,bank,15.00,2026-07-01T00:00:00Z
SRC-PR-00154,R00154,PL0154,2026-04-14,app,20.00,2026-07-01T00:00:00Z
SRC-PR-00155,R00155,PL0155,2026-05-15,store,25.00,2026-07-01T00:00:00Z
SRC-PR-00156,R00156,PL0156,2026-06-16,bank,5.00,2026-07-01T00:00:00Z
SRC-PR-00157,R00157,PL0157,2026-01-17,app,10.00,2026-07-01T00:00:00Z
SRC-PR-00158,R00158,PL0158,2026-02-18,store,15.00,2026-07-01T00:00:00Z
SRC-PR-00159,R00159,PL0159,2026-03-19,bank,20.00,2026-07-01T00:00:00Z
SRC-PR-00160,R00160,PL0160,2026-04-20,app,25.00,2026-07-01T00:00:00Z
SRC-PR-00161,R00161,PL0161,2026-05-21,store,5.00,2026-07-01T00:00:00Z
SRC-PR-00162,R00162,PL0162,2026-06-22,bank,10.00,2026-07-01T00:00:00Z
SRC-PR-00163,R00163,PL0163,2026-01-23,app,15.00,2026-07-01T00:00:00Z
SRC-PR-00164,R00164,PL0164,2026-02-24,store,20.00,2026-07-01T00:00:00Z
SRC-PR-00165,R00165,PL0165,2026-03-25,bank,25.00,2026-07-01T00:00:00Z
SRC-PR-00166,R00166,PL0166,2026-04-26,app,5.00,2026-07-01T00:00:00Z
SRC-PR-00167,R00167,PL0167,2026-05-27,store,10.00,2026-07-01T00:00:00Z
SRC-PR-00168,R00168,PL0168,2026-06-28,bank,15.00,2026-07-01T00:00:00Z
SRC-PR-00169,R00169,PL0169,2026-01-01,app,20.00,2026-07-01T00:00:00Z
SRC-PR-00170,R00170,PL0170,2026-02-02,store,25.00,2026-07-01T00:00:00Z
SRC-PR-00171,R00171,PL0171,2026-03-03,bank,5.00,2026-07-01T00:00:00Z
SRC-PR-00172,R00172,PL0172,2026-04-04,app,10.00,2026-07-01T00:00:00Z
SRC-PR-00173,R00173,PL0173,2026-05-05,store,15.00,2026-07-01T00:00:00Z
SRC-PR-00174,R00174,PL0174,2026-06-06,bank,20.00,2026-07-01T00:00:00Z
SRC-PR-00175,R00175,PL0175,2026-01-07,app,25.00,2026-07-01T00:00:00Z
SRC-PR-00176,R00176,PL0176,2026-02-08,store,5.00,2026-07-01T00:00:00Z
SRC-PR-00177,R00177,PL0177,2026-03-09,bank,10.00,2026-07-01T00:00:00Z
SRC-PR-00178,R00178,PL0178,2026-04-10,app,15.00,2026-07-01T00:00:00Z
SRC-PR-00179,R00179,PL0179,2026-05-11,store,20.00,2026-07-01T00:00:00Z
SRC-PR-00180,R00180,PL0180,2026-06-12,bank,25.00,2026-07-01T00:00:00Z
SRC-PR-00181,R00181,PL0181,2026-01-13,app,5.00,2026-07-01T00:00:00Z
SRC-PR-00182,R00182,PL0182,2026-02-14,store,10.00,2026-07-01T00:00:00Z
SRC-PR-00183,R00183,PL0183,2026-03-15,bank,15.00,2026-07-01T00:00:00Z
SRC-PR-00184,R00184,PL0184,2026-04-16,app,20.00,2026-07-01T00:00:00Z
SRC-PR-00185,R00185,PL0185,2026-05-17,store,25.00,2026-07-01T00:00:00Z
SRC-PR-00186,R00186,PL0186,2026-06-18,bank,5.00,2026-07-01T00:00:00Z
SRC-PR-00187,R00187,PL0187,2026-01-19,app,10.00,2026-07-01T00:00:00Z
SRC-PR-00188,R00188,PL0188,2026-02-20,store,15.00,2026-07-01T00:00:00Z
SRC-PR-00189,R00189,PL0189,2026-03-21,bank,20.00,2026-07-01T00:00:00Z
SRC-PR-00190,R00190,PL0190,2026-04-22,app,25.00,2026-07-01T00:00:00Z
SRC-PR-00191,R00191,PL0191,2026-05-23,store,5.00,2026-07-01T00:00:00Z
SRC-PR-00192,R00192,PL0192,2026-06-24,bank,10.00,2026-07-01T00:00:00Z
SRC-PR-00193,R00193,PL0193,2026-01-25,app,15.00,2026-07-01T00:00:00Z
SRC-PR-00194,R00194,PL0194,2026-02-26,store,20.00,2026-07-01T00:00:00Z
SRC-PR-00195,R00195,PL0195,2026-03-27,bank,25.00,2026-07-01T00:00:00Z
SRC-PR-00196,R00196,PL0196,2026-04-28,app,5.00,2026-07-01T00:00:00Z
SRC-PR-00197,R00197,PL0197,2026-05-01,store,10.00,2026-07-01T00:00:00Z
SRC-PR-00198,R00198,PL0198,2026-06-02,bank,15.00,2026-07-01T00:00:00Z
SRC-PR-00199,R00199,PL0199,2026-01-03,app,20.00,2026-07-01T00:00:00Z
SRC-PR-00200,R00200,PL0200,2026-02-04,store,25.00,2026-07-01T00:00:00Z
SRC-PR-00201,R00201,PL0201,2026-03-05,bank,5.00,2026-07-01T00:00:00Z
SRC-PR-00202,R00202,PL0202,2026-04-06,app,10.00,2026-07-01T00:00:00Z
SRC-PR-00203,R00203,PL0203,2026-05-07,store,15.00,2026-07-01T00:00:00Z
SRC-PR-00204,R00204,PL0204,2026-06-08,bank,20.00,2026-07-01T00:00:00Z
SRC-PR-00205,R00205,PL0205,2026-01-09,app,25.00,2026-07-01T00:00:00Z
SRC-PR-00206,R00206,PL0206,2026-02-10,store,5.00,2026-07-01T00:00:00Z
SRC-PR-00207,R00207,PL0207,2026-03-11,bank,10.00,2026-07-01T00:00:00Z
SRC-PR-00208,R00208,PL0208,2026-04-12,app,15.00,2026-07-01T00:00:00Z
SRC-PR-00209,R00209,PL0209,2026-05-13,store,20.00,2026-07-01T00:00:00Z
SRC-PR-00210,R00210,PL0210,2026-06-14,bank,25.00,2026-07-01T00:00:00Z
SRC-PR-00211,R00211,PL0211,2026-01-15,app,5.00,2026-07-01T00:00:00Z
SRC-PR-00212,R00212,PL0212,2026-02-16,store,10.00,2026-07-01T00:00:00Z
SRC-PR-00213,R00213,PL0213,2026-03-17,bank,15.00,2026-07-01T00:00:00Z
SRC-PR-00214,R00214,PL0214,2026-04-18,app,20.00,2026-07-01T00:00:00Z
SRC-PR-00215,R00215,PL0215,2026-05-19,store,25.00,2026-07-01T00:00:00Z
SRC-PR-00216,R00216,PL0216,2026-06-20,bank,5.00,2026-07-01T00:00:00Z
SRC-PR-00217,R00217,PL0217,2026-01-21,app,10.00,2026-07-01T00:00:00Z
SRC-PR-00218,R00218,PL0218,2026-02-22,store,15.00,2026-07-01T00:00:00Z
SRC-PR-00219,R00219,PL0219,2026-03-23,bank,20.00,2026-07-01T00:00:00Z
SRC-PR-00220,R00220,PL0220,2026-04-24,app,25.00,2026-07-01T00:00:00Z
SRC-PR-00221,R00221,PL0221,2026-05-25,store,5.00,2026-07-01T00:00:00Z
SRC-PR-00222,R00222,PL0222,2026-06-26,bank,10.00,2026-07-01T00:00:00Z
SRC-PR-00223,R00223,PL0223,2026-01-27,app,15.00,2026-07-01T00:00:00Z
SRC-PR-00224,R00224,PL0224,2026-02-28,store,20.00,2026-07-01T00:00:00Z
SRC-PR-00225,R00225,PL0225,2026-03-01,bank,25.00,2026-07-01T00:00:00Z
SRC-PR-00226,R00226,PL0226,2026-04-02,app,5.00,2026-07-01T00:00:00Z
SRC-PR-00227,R00227,PL0227,2026-05-03,store,10.00,2026-07-01T00:00:00Z
SRC-PR-00228,R00228,PL0228,2026-06-04,bank,15.00,2026-07-01T00:00:00Z
SRC-PR-00229,R00229,PL0229,2026-01-05,app,20.00,2026-07-01T00:00:00Z
SRC-PR-00230,R00230,PL0230,2026-02-06,store,25.00,2026-07-01T00:00:00Z
SRC-PR-00231,R00231,PL0231,2026-03-07,bank,5.00,2026-07-01T00:00:00Z
SRC-PR-00232,R00232,PL0232,2026-04-08,app,10.00,2026-07-01T00:00:00Z
SRC-PR-00233,R00233,PL0233,2026-05-09,store,15.00,2026-07-01T00:00:00Z
SRC-PR-00234,R00234,PL0234,2026-06-10,bank,20.00,2026-07-01T00:00:00Z
SRC-PR-00235,R00235,PL0235,2026-01-11,app,25.00,2026-07-01T00:00:00Z
SRC-PR-00236,R00236,PL0236,2026-02-12,store,5.00,2026-07-01T00:00:00Z
SRC-PR-00237,R00237,PL0237,2026-03-13,bank,10.00,2026-07-01T00:00:00Z
SRC-PR-00238,R00238,PL0238,2026-04-14,app,15.00,2026-07-01T00:00:00Z
SRC-PR-00239,R00239,PL0239,2026-05-15,store,20.00,2026-07-01T00:00:00Z
SRC-PR-00240,R00240,PL0240,2026-06-16,bank,25.00,2026-07-01T00:00:00Z
SRC-PR-00241,R00241,PL0241,2026-01-17,app,5.00,2026-07-01T00:00:00Z
SRC-PR-00242,R00242,PL0242,2026-02-18,store,10.00,2026-07-01T00:00:00Z
SRC-PR-00243,R00243,PL0243,2026-03-19,bank,15.00,2026-07-01T00:00:00Z
SRC-PR-00244,R00244,PL0244,2026-04-20,app,20.00,2026-07-01T00:00:00Z
SRC-PR-00245,R00245,PL0245,2026-05-21,store,25.00,2026-07-01T00:00:00Z
SRC-PR-00246,R00246,PL0246,2026-06-22,bank,5.00,2026-07-01T00:00:00Z
SRC-PR-00247,R00247,PL0247,2026-01-23,app,10.00,2026-07-01T00:00:00Z
SRC-PR-00248,R00248,PL0248,2026-02-24,store,15.00,2026-07-01T00:00:00Z
SRC-PR-00249,R00249,PL0249,2026-03-25,bank,20.00,2026-07-01T00:00:00Z
SRC-PR-00250,R00250,PL0250,2026-04-26,app,25.00,2026-07-01T00:00:00Z
SRC-PR-00251,R00251,PL0251,2026-05-27,store,5.00,2026-07-01T00:00:00Z
SRC-PR-00252,R00252,PL0252,2026-06-28,bank,10.00,2026-07-01T00:00:00Z
SRC-PR-00253,R00253,PL0253,2026-01-01,app,15.00,2026-07-01T00:00:00Z
SRC-PR-00254,R00254,PL0254,2026-02-02,store,20.00,2026-07-01T00:00:00Z
SRC-PR-00255,R00255,PL0255,2026-03-03,bank,25.00,2026-07-01T00:00:00Z
SRC-PR-00256,R00256,PL0256,2026-04-04,app,5.00,2026-07-01T00:00:00Z
SRC-PR-00257,R00257,PL0257,2026-05-05,store,10.00,2026-07-01T00:00:00Z
SRC-PR-00258,R00258,PL0258,2026-06-06,bank,15.00,2026-07-01T00:00:00Z
SRC-PR-00259,R00259,PL0259,2026-01-07,app,20.00,2026-07-01T00:00:00Z
SRC-PR-00260,R00260,PL0260,2026-02-08,store,25.00,2026-07-01T00:00:00Z
SRC-PR-00261,R00261,PL0261,2026-03-09,bank,5.00,2026-07-01T00:00:00Z
SRC-PR-00262,R00262,PL0262,2026-04-10,app,10.00,2026-07-01T00:00:00Z
SRC-PR-00263,R00263,PL0263,2026-05-11,store,15.00,2026-07-01T00:00:00Z
SRC-PR-00264,R00264,PL0264,2026-06-12,bank,20.00,2026-07-01T00:00:00Z
SRC-PR-00265,R00265,PL0265,2026-01-13,app,25.00,2026-07-01T00:00:00Z
SRC-PR-00266,R00266,PL0266,2026-02-14,store,5.00,2026-07-01T00:00:00Z
SRC-PR-00267,R00267,PL0267,2026-03-15,bank,10.00,2026-07-01T00:00:00Z
SRC-PR-00268,R00268,PL0268,2026-04-16,app,15.00,2026-07-01T00:00:00Z
SRC-PR-00269,R00269,PL0269,2026-05-17,store,20.00,2026-07-01T00:00:00Z
SRC-PR-00270,R00270,PL0270,2026-06-18,bank,25.00,2026-07-01T00:00:00Z
SRC-PR-00271,R00271,PL0271,2026-01-19,app,5.00,2026-07-01T00:00:00Z
SRC-PR-00272,R00272,PL0272,2026-02-20,store,10.00,2026-07-01T00:00:00Z
SRC-PR-00273,R00273,PL0273,2026-03-21,bank,15.00,2026-07-01T00:00:00Z
SRC-PR-00274,R00274,PL0274,2026-04-22,app,20.00,2026-07-01T00:00:00Z
SRC-PR-00275,R00275,PL0275,2026-05-23,store,25.00,2026-07-01T00:00:00Z
SRC-PR-00276,R00276,PL0276,2026-06-24,bank,5.00,2026-07-01T00:00:00Z
SRC-PR-00277,R00277,PL0277,2026-01-25,app,10.00,2026-07-01T00:00:00Z
SRC-PR-00278,R00278,PL0278,2026-02-26,store,15.00,2026-07-01T00:00:00Z
SRC-PR-00279,R00279,PL0279,2026-03-27,bank,20.00,2026-07-01T00:00:00Z
SRC-PR-00280,R00280,PL0280,2026-04-28,app,25.00,2026-07-01T00:00:00Z
SRC-PR-00281,R00281,PL0281,2026-05-01,store,5.00,2026-07-01T00:00:00Z
SRC-PR-00282,R00282,PL0282,2026-06-02,bank,10.00,2026-07-01T00:00:00Z
SRC-PR-00283,R00283,PL0283,2026-01-03,app,15.00,2026-07-01T00:00:00Z
SRC-PR-00284,R00284,PL0284,2026-02-04,store,20.00,2026-07-01T00:00:00Z
SRC-PR-00285,R00285,PL0285,2026-03-05,bank,25.00,2026-07-01T00:00:00Z
SRC-PR-00286,R00286,PL0286,2026-04-06,app,5.00,2026-07-01T00:00:00Z
SRC-PR-00287,R00287,PL0287,2026-05-07,store,10.00,2026-07-01T00:00:00Z
SRC-PR-00288,R00288,PL0288,2026-06-08,bank,15.00,2026-07-01T00:00:00Z
SRC-PR-00289,R00289,PL0289,2026-01-09,app,20.00,2026-07-01T00:00:00Z
SRC-PR-00290,R00290,PL0290,2026-02-10,store,25.00,2026-07-01T00:00:00Z
SRC-PR-00291,R00291,PL0291,2026-03-11,bank,5.00,2026-07-01T00:00:00Z
SRC-PR-00292,R00292,PL0292,2026-04-12,app,10.00,2026-07-01T00:00:00Z
SRC-PR-00293,R00293,PL0293,2026-05-13,store,15.00,2026-07-01T00:00:00Z
SRC-PR-00294,R00294,PL0294,2026-06-14,bank,20.00,2026-07-01T00:00:00Z
SRC-PR-00295,R00295,PL0295,2026-01-15,app,25.00,2026-07-01T00:00:00Z
SRC-PR-00296,R00296,PL0296,2026-02-16,store,5.00,2026-07-01T00:00:00Z
SRC-PR-00297,R00297,PL0297,2026-03-17,bank,10.00,2026-07-01T00:00:00Z
SRC-PR-00298,R00298,PL0298,2026-04-18,app,15.00,2026-07-01T00:00:00Z
SRC-PR-00299,R00299,PL0299,2026-05-19,store,20.00,2026-07-01T00:00:00Z
SRC-PR-00300,R00300,PL0300,2026-06-20,bank,25.00,2026-07-01T00:00:00Z
SRC-PR-00301,R00301,PL0301,2026-01-21,app,5.00,2026-07-01T00:00:00Z
SRC-PR-00302,R00302,PL0302,2026-02-22,store,10.00,2026-07-01T00:00:00Z
SRC-PR-00303,R00303,PL0303,2026-03-23,bank,15.00,2026-07-01T00:00:00Z
SRC-PR-00304,R00304,PL0304,2026-04-24,app,20.00,2026-07-01T00:00:00Z
SRC-PR-00305,R00305,PL0305,2026-05-25,store,25.00,2026-07-01T00:00:00Z
SRC-PR-00306,R00306,PL0306,2026-06-26,bank,5.00,2026-07-01T00:00:00Z
SRC-PR-00307,R00307,PL0307,2026-01-27,app,10.00,2026-07-01T00:00:00Z
SRC-PR-00308,R00308,PL0308,2026-02-28,store,15.00,2026-07-01T00:00:00Z
SRC-PR-00309,R00309,PL0309,2026-03-01,bank,20.00,2026-07-01T00:00:00Z
SRC-PR-00310,R00310,PL0310,2026-04-02,app,25.00,2026-07-01T00:00:00Z
SRC-PR-00311,R00311,PL0311,2026-05-03,store,5.00,2026-07-01T00:00:00Z
SRC-PR-00312,R00312,PL0312,2026-06-04,bank,10.00,2026-07-01T00:00:00Z
SRC-PR-00313,R00313,PL0313,2026-01-05,app,15.00,2026-07-01T00:00:00Z
SRC-PR-00314,R00314,PL0314,2026-02-06,store,20.00,2026-07-01T00:00:00Z
SRC-PR-00315,R00315,PL0315,2026-03-07,bank,25.00,2026-07-01T00:00:00Z
SRC-PR-00316,R00316,PL0316,2026-04-08,app,5.00,2026-07-01T00:00:00Z
SRC-PR-00317,R00317,PL0317,2026-05-09,store,10.00,2026-07-01T00:00:00Z
SRC-PR-00318,R00318,PL0318,2026-06-10,bank,15.00,2026-07-01T00:00:00Z
SRC-PR-00319,R00319,PL0319,2026-01-11,app,20.00,2026-07-01T00:00:00Z
SRC-PR-00320,R00320,PL0320,2026-02-12,store,25.00,2026-07-01T00:00:00Z
SRC-PR-00321,R00321,PL0321,2026-03-13,bank,5.00,2026-07-01T00:00:00Z
SRC-PR-00322,R00322,PL0322,2026-04-14,app,10.00,2026-07-01T00:00:00Z
SRC-PR-00323,R00323,PL0323,2026-05-15,store,15.00,2026-07-01T00:00:00Z
SRC-PR-00324,R00324,PL0324,2026-06-16,bank,20.00,2026-07-01T00:00:00Z
SRC-PR-00325,R00325,PL0325,2026-01-17,app,25.00,2026-07-01T00:00:00Z
SRC-PR-00326,R00326,PL0326,2026-02-18,store,5.00,2026-07-01T00:00:00Z
SRC-PR-00327,R00327,PL0327,2026-03-19,bank,10.00,2026-07-01T00:00:00Z
SRC-PR-00328,R00328,PL0328,2026-04-20,app,15.00,2026-07-01T00:00:00Z
SRC-PR-00329,R00329,PL0329,2026-05-21,store,20.00,2026-07-01T00:00:00Z
SRC-PR-00330,R00330,PL0330,2026-06-22,bank,25.00,2026-07-01T00:00:00Z
SRC-PR-00331,R00331,PL0331,2026-01-23,app,5.00,2026-07-01T00:00:00Z
SRC-PR-00332,R00332,PL0332,2026-02-24,store,10.00,2026-07-01T00:00:00Z
SRC-PR-00333,R00333,PL0333,2026-03-25,bank,15.00,2026-07-01T00:00:00Z
SRC-PR-00334,R00334,PL0334,2026-04-26,app,20.00,2026-07-01T00:00:00Z
SRC-PR-00335,R00335,PL0335,2026-05-27,store,25.00,2026-07-01T00:00:00Z
SRC-PR-00336,R00336,PL0336,2026-06-28,bank,5.00,2026-07-01T00:00:00Z
SRC-PR-00337,R00337,PL0337,2026-01-01,app,10.00,2026-07-01T00:00:00Z
SRC-PR-00338,R00338,PL0338,2026-02-02,store,15.00,2026-07-01T00:00:00Z
SRC-PR-00339,R00339,PL0339,2026-03-03,bank,20.00,2026-07-01T00:00:00Z
SRC-PR-00340,R00340,PL0340,2026-04-04,app,25.00,2026-07-01T00:00:00Z
SRC-PR-00341,R00341,PL0341,2026-05-05,store,5.00,2026-07-01T00:00:00Z
SRC-PR-00342,R00342,PL0342,2026-06-06,bank,10.00,2026-07-01T00:00:00Z
SRC-PR-00343,R00343,PL0343,2026-01-07,app,15.00,2026-07-01T00:00:00Z
SRC-PR-00344,R00344,PL0344,2026-02-08,store,20.00,2026-07-01T00:00:00Z
SRC-PR-00345,R00345,PL0345,2026-03-09,bank,25.00,2026-07-01T00:00:00Z
SRC-PR-00346,R00346,PL0346,2026-04-10,app,5.00,2026-07-01T00:00:00Z
SRC-PR-00347,R00347,PL0347,2026-05-11,store,10.00,2026-07-01T00:00:00Z
SRC-PR-00348,R00348,PL0348,2026-06-12,bank,15.00,2026-07-01T00:00:00Z
SRC-PR-00349,R00349,PL0349,2026-01-13,app,20.00,2026-07-01T00:00:00Z
SRC-PR-00350,R00350,PL0350,2026-02-14,store,25.00,2026-07-01T00:00:00Z
SRC-PR-00351,R00351,PL0351,2026-03-15,bank,5.00,2026-07-01T00:00:00Z
SRC-PR-00352,R00352,PL0352,2026-04-16,app,10.00,2026-07-01T00:00:00Z
SRC-PR-00353,R00353,PL0353,2026-05-17,store,15.00,2026-07-01T00:00:00Z
SRC-PR-00354,R00354,PL0354,2026-06-18,bank,20.00,2026-07-01T00:00:00Z
SRC-PR-00355,R00355,PL0355,2026-01-19,app,25.00,2026-07-01T00:00:00Z
SRC-PR-00356,R00356,PL0356,2026-02-20,store,5.00,2026-07-01T00:00:00Z
SRC-PR-00357,R00357,PL0357,2026-03-21,bank,10.00,2026-07-01T00:00:00Z
SRC-PR-00358,R00358,PL0358,2026-04-22,app,15.00,2026-07-01T00:00:00Z
SRC-PR-00359,R00359,PL0359,2026-05-23,store,20.00,2026-07-01T00:00:00Z
SRC-PR-00360,R00360,PL0360,2026-06-24,bank,25.00,2026-07-01T00:00:00Z
SRC-PR-00361,R00361,PL0361,2026-01-25,app,5.00,2026-07-01T00:00:00Z
SRC-PR-00362,R00362,PL0362,2026-02-26,store,10.00,2026-07-01T00:00:00Z
SRC-PR-00363,R00363,PL0363,2026-03-27,bank,15.00,2026-07-01T00:00:00Z
SRC-PR-00364,R00364,PL0364,2026-04-28,app,20.00,2026-07-01T00:00:00Z
SRC-PR-00365,R00365,PL0365,2026-05-01,store,25.00,2026-07-01T00:00:00Z
SRC-PR-00366,R00366,PL0366,2026-06-02,bank,5.00,2026-07-01T00:00:00Z
SRC-PR-00367,R00367,PL0367,2026-01-03,app,10.00,2026-07-01T00:00:00Z
SRC-PR-00368,R00368,PL0368,2026-02-04,store,15.00,2026-07-01T00:00:00Z
SRC-PR-00369,R00369,PL0369,2026-03-05,bank,20.00,2026-07-01T00:00:00Z
SRC-PR-00370,R00370,PL0370,2026-04-06,app,25.00,2026-07-01T00:00:00Z
SRC-PR-00371,R00371,PL0371,2026-05-07,store,5.00,2026-07-01T00:00:00Z
SRC-PR-00372,R00372,PL0372,2026-06-08,bank,10.00,2026-07-01T00:00:00Z
SRC-PR-00373,R00373,PL0373,2026-01-09,app,15.00,2026-07-01T00:00:00Z
SRC-PR-00374,R00374,PL0374,2026-02-10,store,20.00,2026-07-01T00:00:00Z
SRC-PR-00375,R00375,PL0375,2026-03-11,bank,25.00,2026-07-01T00:00:00Z
SRC-PR-00376,R00376,PL0376,2026-04-12,app,5.00,2026-07-01T00:00:00Z
SRC-PR-00377,R00377,PL0377,2026-05-13,store,10.00,2026-07-01T00:00:00Z
SRC-PR-00378,R00378,PL0378,2026-06-14,bank,15.00,2026-07-01T00:00:00Z
SRC-PR-00379,R00379,PL0379,2026-01-15,app,20.00,2026-07-01T00:00:00Z
SRC-PR-00380,R00380,PL0380,2026-02-16,store,25.00,2026-07-01T00:00:00Z
SRC-PR-00381,R00381,PL0381,2026-03-17,bank,5.00,2026-07-01T00:00:00Z
SRC-PR-00382,R00382,PL0382,2026-04-18,app,10.00,2026-07-01T00:00:00Z
SRC-PR-00383,R00383,PL0383,2026-05-19,store,15.00,2026-07-01T00:00:00Z
SRC-PR-00384,R00384,PL0384,2026-06-20,bank,20.00,2026-07-01T00:00:00Z
SRC-PR-00385,R00385,PL0385,2026-01-21,app,25.00,2026-07-01T00:00:00Z
SRC-PR-00386,R00386,PL0386,2026-02-22,store,5.00,2026-07-01T00:00:00Z
SRC-PR-00387,R00387,PL0387,2026-03-23,bank,10.00,2026-07-01T00:00:00Z
SRC-PR-00388,R00388,PL0388,2026-04-24,app,15.00,2026-07-01T00:00:00Z
SRC-PR-00389,R00389,PL0389,2026-05-25,store,20.00,2026-07-01T00:00:00Z
SRC-PR-00390,R00390,PL0390,2026-06-26,bank,25.00,2026-07-01T00:00:00Z
SRC-PR-00391,R00391,PL0391,2026-01-27,app,5.00,2026-07-01T00:00:00Z
SRC-PR-00392,R00392,PL0392,2026-02-28,store,10.00,2026-07-01T00:00:00Z
SRC-PR-00393,R00393,PL0393,2026-03-01,bank,15.00,2026-07-01T00:00:00Z
SRC-PR-00394,R00394,PL0394,2026-04-02,app,20.00,2026-07-01T00:00:00Z
SRC-PR-00395,R00395,PL0395,2026-05-03,store,25.00,2026-07-01T00:00:00Z
SRC-PR-00396,R00396,PL0396,2026-06-04,bank,5.00,2026-07-01T00:00:00Z
SRC-PR-00397,R00397,PL0397,2026-01-05,app,10.00,2026-07-01T00:00:00Z
SRC-PR-00398,R00398,PL0398,2026-02-06,store,15.00,2026-07-01T00:00:00Z
SRC-PR-00399,R00399,PL0399,2026-03-07,bank,20.00,2026-07-01T00:00:00Z
SRC-PR-00400,R00400,PL0400,2026-04-08,app,25.00,2026-07-01T00:00:00Z
SRC-PR-00401,R00401,PL0401,2026-05-09,store,5.00,2026-07-01T00:00:00Z
SRC-PR-00402,R00402,PL0402,2026-06-10,bank,10.00,2026-07-01T00:00:00Z
SRC-PR-00403,R00403,PL0403,2026-01-11,app,15.00,2026-07-01T00:00:00Z
SRC-PR-00404,R00404,PL0404,2026-02-12,store,20.00,2026-07-01T00:00:00Z
SRC-PR-00405,R00405,PL0405,2026-03-13,bank,25.00,2026-07-01T00:00:00Z
SRC-PR-00406,R00406,PL0406,2026-04-14,app,5.00,2026-07-01T00:00:00Z
SRC-PR-00407,R00407,PL0407,2026-05-15,store,10.00,2026-07-01T00:00:00Z
SRC-PR-00408,R00408,PL0408,2026-06-16,bank,15.00,2026-07-01T00:00:00Z
SRC-PR-00409,R00409,PL0409,2026-01-17,app,20.00,2026-07-01T00:00:00Z
SRC-PR-00410,R00410,PL0410,2026-02-18,store,25.00,2026-07-01T00:00:00Z
SRC-PR-00411,R00411,PL0411,2026-03-19,bank,5.00,2026-07-01T00:00:00Z
SRC-PR-00412,R00412,PL0412,2026-04-20,app,10.00,2026-07-01T00:00:00Z
SRC-PR-00413,R00413,PL0413,2026-05-21,store,15.00,2026-07-01T00:00:00Z
SRC-PR-00414,R00414,PL0414,2026-06-22,bank,20.00,2026-07-01T00:00:00Z
SRC-PR-00415,R00415,PL0415,2026-01-23,app,25.00,2026-07-01T00:00:00Z
SRC-PR-00416,R00416,PL0416,2026-02-24,store,5.00,2026-07-01T00:00:00Z
SRC-PR-00417,R00417,PL0417,2026-03-25,bank,10.00,2026-07-01T00:00:00Z
SRC-PR-00418,R00418,PL0418,2026-04-26,app,15.00,2026-07-01T00:00:00Z
SRC-PR-00419,R00419,PL0419,2026-05-27,store,20.00,2026-07-01T00:00:00Z
SRC-PR-00420,R00420,PL0420,2026-06-28,bank,25.00,2026-07-01T00:00:00Z
SRC-PR-00421,R00421,PL0421,2026-01-01,app,5.00,2026-07-01T00:00:00Z
SRC-PR-00422,R00422,PL0422,2026-02-02,store,10.00,2026-07-01T00:00:00Z
SRC-PR-00423,R00423,PL0423,2026-03-03,bank,15.00,2026-07-01T00:00:00Z
SRC-PR-00424,R00424,PL0424,2026-04-04,app,20.00,2026-07-01T00:00:00Z
SRC-PR-00425,R00425,PL0425,2026-05-05,store,25.00,2026-07-01T00:00:00Z
SRC-PR-00426,R00426,PL0426,2026-06-06,bank,5.00,2026-07-01T00:00:00Z
SRC-PR-00427,R00427,PL0427,2026-01-07,app,10.00,2026-07-01T00:00:00Z
SRC-PR-00428,R00428,PL0428,2026-02-08,store,15.00,2026-07-01T00:00:00Z
SRC-PR-00429,R00429,PL0429,2026-03-09,bank,20.00,2026-07-01T00:00:00Z
SRC-PR-00430,R00430,PL0430,2026-04-10,app,25.00,2026-07-01T00:00:00Z
SRC-PR-00431,R00431,PL0431,2026-05-11,store,5.00,2026-07-01T00:00:00Z
SRC-PR-00432,R00432,PL0432,2026-06-12,bank,10.00,2026-07-01T00:00:00Z
SRC-PR-00433,R00433,PL0433,2026-01-13,app,15.00,2026-07-01T00:00:00Z
SRC-PR-00434,R00434,PL0434,2026-02-14,store,20.00,2026-07-01T00:00:00Z
SRC-PR-00435,R00435,PL0435,2026-03-15,bank,25.00,2026-07-01T00:00:00Z
SRC-PR-00436,R00436,PL0436,2026-04-16,app,5.00,2026-07-01T00:00:00Z
SRC-PR-00437,R00437,PL0437,2026-05-17,store,10.00,2026-07-01T00:00:00Z
SRC-PR-00438,R00438,PL0438,2026-06-18,bank,15.00,2026-07-01T00:00:00Z
SRC-PR-00439,R00439,PL0439,2026-01-19,app,20.00,2026-07-01T00:00:00Z
SRC-PR-00440,R00440,PL0440,2026-02-20,store,25.00,2026-07-01T00:00:00Z
SRC-PR-00441,R00441,PL0441,2026-03-21,bank,5.00,2026-07-01T00:00:00Z
SRC-PR-00442,R00442,PL0442,2026-04-22,app,10.00,2026-07-01T00:00:00Z
SRC-PR-00443,R00443,PL0443,2026-05-23,store,15.00,2026-07-01T00:00:00Z
SRC-PR-00444,R00444,PL0444,2026-06-24,bank,20.00,2026-07-01T00:00:00Z
SRC-PR-00445,R00445,PL0445,2026-01-25,app,25.00,2026-07-01T00:00:00Z
SRC-PR-00446,R00446,PL0446,2026-02-26,store,5.00,2026-07-01T00:00:00Z
SRC-PR-00447,R00447,PL0447,2026-03-27,bank,10.00,2026-07-01T00:00:00Z
SRC-PR-00448,R00448,PL0448,2026-04-28,app,15.00,2026-07-01T00:00:00Z
SRC-PR-00449,R00449,PL0449,2026-05-01,store,20.00,2026-07-01T00:00:00Z
SRC-PR-00450,R00450,PL0450,2026-06-02,bank,25.00,2026-07-01T00:00:00Z
SRC-PR-00451,R00451,PL0451,2026-01-03,app,5.00,2026-07-01T00:00:00Z
SRC-PR-00452,R00452,PL0452,2026-02-04,store,10.00,2026-07-01T00:00:00Z
SRC-PR-00453,R00453,PL0453,2026-03-05,bank,15.00,2026-07-01T00:00:00Z
SRC-PR-00454,R00454,PL0454,2026-04-06,app,20.00,2026-07-01T00:00:00Z
SRC-PR-00455,R00455,PL0455,2026-05-07,store,25.00,2026-07-01T00:00:00Z
SRC-PR-00456,R00456,PL0456,2026-06-08,bank,5.00,2026-07-01T00:00:00Z
SRC-PR-00457,R00457,PL0457,2026-01-09,app,10.00,2026-07-01T00:00:00Z
SRC-PR-00458,R00458,PL0458,2026-02-10,store,15.00,2026-07-01T00:00:00Z
SRC-PR-00459,R00459,PL0459,2026-03-11,bank,20.00,2026-07-01T00:00:00Z
SRC-PR-00460,R00460,PL0460,2026-04-12,app,25.00,2026-07-01T00:00:00Z
SRC-PR-00461,R00461,PL0461,2026-05-13,store,5.00,2026-07-01T00:00:00Z
SRC-PR-00462,R00462,PL0462,2026-06-14,bank,10.00,2026-07-01T00:00:00Z
SRC-PR-00463,R00463,PL0463,2026-01-15,app,15.00,2026-07-01T00:00:00Z
SRC-PR-00464,R00464,PL0464,2026-02-16,store,20.00,2026-07-01T00:00:00Z
SRC-PR-00465,R00465,PL0465,2026-03-17,bank,25.00,2026-07-01T00:00:00Z
SRC-PR-00466,R00466,PL0466,2026-04-18,app,5.00,2026-07-01T00:00:00Z
SRC-PR-00467,R00467,PL0467,2026-05-19,store,10.00,2026-07-01T00:00:00Z
SRC-PR-00468,R00468,PL0468,2026-06-20,bank,15.00,2026-07-01T00:00:00Z
SRC-PR-00469,R00469,PL0469,2026-01-21,app,20.00,2026-07-01T00:00:00Z
SRC-PR-00470,R00470,PL0470,2026-02-22,store,25.00,2026-07-01T00:00:00Z
SRC-PR-00471,R00471,PL0471,2026-03-23,bank,5.00,2026-07-01T00:00:00Z
SRC-PR-00472,R00472,PL0472,2026-04-24,app,10.00,2026-07-01T00:00:00Z
SRC-PR-00473,R00473,PL0473,2026-05-25,store,15.00,2026-07-01T00:00:00Z
SRC-PR-00474,R00474,PL0474,2026-06-26,bank,20.00,2026-07-01T00:00:00Z
SRC-PR-00475,R00475,PL0475,2026-01-27,app,25.00,2026-07-01T00:00:00Z
SRC-PR-00476,R00476,PL0476,2026-02-28,store,5.00,2026-07-01T00:00:00Z
SRC-PR-00477,R00477,PL0477,2026-03-01,bank,10.00,2026-07-01T00:00:00Z
SRC-PR-00478,R00478,PL0478,2026-04-02,app,15.00,2026-07-01T00:00:00Z
SRC-PR-00479,R00479,PL0479,2026-05-03,store,20.00,2026-07-01T00:00:00Z
SRC-PR-00480,R00480,PL0480,2026-06-04,bank,25.00,2026-07-01T00:00:00Z
SRC-PR-00481,R00481,PL0481,2026-01-05,app,5.00,2026-07-01T00:00:00Z
SRC-PR-00482,R00482,PL0482,2026-02-06,store,10.00,2026-07-01T00:00:00Z
SRC-PR-00483,R00483,PL0483,2026-03-07,bank,15.00,2026-07-01T00:00:00Z
SRC-PR-00484,R00484,PL0484,2026-04-08,app,20.00,2026-07-01T00:00:00Z
SRC-PR-00485,R00485,PL0485,2026-05-09,store,25.00,2026-07-01T00:00:00Z
SRC-PR-00486,R00486,PL0486,2026-06-10,bank,5.00,2026-07-01T00:00:00Z
SRC-PR-00487,R00487,PL0487,2026-01-11,app,10.00,2026-07-01T00:00:00Z
SRC-PR-00488,R00488,PL0488,2026-02-12,store,15.00,2026-07-01T00:00:00Z
SRC-PR-00489,R00489,PL0489,2026-03-13,bank,20.00,2026-07-01T00:00:00Z
SRC-PR-00490,R00490,PL0490,2026-04-14,app,25.00,2026-07-01T00:00:00Z
SRC-PR-00491,R00491,PL0491,2026-05-15,store,5.00,2026-07-01T00:00:00Z
SRC-PR-00492,R00492,PL0492,2026-06-16,bank,10.00,2026-07-01T00:00:00Z
SRC-PR-00493,R00493,PL0493,2026-01-17,app,15.00,2026-07-01T00:00:00Z
SRC-PR-00494,R00494,PL0494,2026-02-18,store,20.00,2026-07-01T00:00:00Z
SRC-PR-00495,R00495,PL0495,2026-03-19,bank,25.00,2026-07-01T00:00:00Z
SRC-PR-00496,R00496,PL0496,2026-04-20,app,5.00,2026-07-01T00:00:00Z
SRC-PR-00497,R00497,PL0497,2026-05-21,store,10.00,2026-07-01T00:00:00Z
SRC-PR-00498,R00498,PL0498,2026-06-22,bank,15.00,2026-07-01T00:00:00Z
SRC-PR-00499,R00499,PL0499,2026-01-23,app,20.00,2026-07-01T00:00:00Z
SRC-PR-00500,R00500,PL0500,2026-02-24,store,25.00,2026-07-01T00:00:00Z
SRC-PR-00501,R00501,PL0501,2026-03-25,bank,5.00,2026-07-01T00:00:00Z
SRC-PR-00502,R00502,PL0502,2026-04-26,app,10.00,2026-07-01T00:00:00Z
SRC-PR-00503,R00503,PL0503,2026-05-27,store,15.00,2026-07-01T00:00:00Z
SRC-PR-00504,R00504,PL0504,2026-06-28,bank,20.00,2026-07-01T00:00:00Z
SRC-PR-00505,R00505,PL0505,2026-01-01,app,25.00,2026-07-01T00:00:00Z
SRC-PR-00506,R00506,PL0506,2026-02-02,store,5.00,2026-07-01T00:00:00Z
SRC-PR-00507,R00507,PL0507,2026-03-03,bank,10.00,2026-07-01T00:00:00Z
SRC-PR-00508,R00508,PL0508,2026-04-04,app,15.00,2026-07-01T00:00:00Z
SRC-PR-00509,R00509,PL0509,2026-05-05,store,20.00,2026-07-01T00:00:00Z
SRC-PR-00510,R00510,PL0510,2026-06-06,bank,25.00,2026-07-01T00:00:00Z
SRC-PR-00511,R00511,PL0511,2026-01-07,app,5.00,2026-07-01T00:00:00Z
SRC-PR-00512,R00512,PL0512,2026-02-08,store,10.00,2026-07-01T00:00:00Z
SRC-PR-00513,R00513,PL0513,2026-03-09,bank,15.00,2026-07-01T00:00:00Z
SRC-PR-00514,R00514,PL0514,2026-04-10,app,20.00,2026-07-01T00:00:00Z
SRC-PR-00515,R00515,PL0515,2026-05-11,store,25.00,2026-07-01T00:00:00Z
SRC-PR-00516,R00516,PL0516,2026-06-12,bank,5.00,2026-07-01T00:00:00Z
SRC-PR-00517,R00517,PL0517,2026-01-13,app,10.00,2026-07-01T00:00:00Z
SRC-PR-00518,R00518,PL0518,2026-02-14,store,15.00,2026-07-01T00:00:00Z
SRC-PR-00519,R00519,PL0519,2026-03-15,bank,20.00,2026-07-01T00:00:00Z
SRC-PR-00520,R00520,PL0520,2026-04-16,app,25.00,2026-07-01T00:00:00Z
SRC-PR-00521,R00521,PL0521,2026-05-17,store,5.00,2026-07-01T00:00:00Z
SRC-PR-00522,R00522,PL0522,2026-06-18,bank,10.00,2026-07-01T00:00:00Z
SRC-PR-00523,R00523,PL0523,2026-01-19,app,15.00,2026-07-01T00:00:00Z
SRC-PR-00524,R00524,PL0524,2026-02-20,store,20.00,2026-07-01T00:00:00Z
SRC-PR-00525,R00525,PL0525,2026-03-21,bank,25.00,2026-07-01T00:00:00Z
SRC-PR-00526,R00526,PL0526,2026-04-22,app,5.00,2026-07-01T00:00:00Z
SRC-PR-00527,R00527,PL0527,2026-05-23,store,10.00,2026-07-01T00:00:00Z
SRC-PR-00528,R00528,PL0528,2026-06-24,bank,15.00,2026-07-01T00:00:00Z
SRC-PR-00529,R00529,PL0529,2026-01-25,app,20.00,2026-07-01T00:00:00Z
SRC-PR-00530,R00530,PL0530,2026-02-26,store,25.00,2026-07-01T00:00:00Z
SRC-PR-00531,R00531,PL0531,2026-03-27,bank,5.00,2026-07-01T00:00:00Z
SRC-PR-00532,R00532,PL0532,2026-04-28,app,10.00,2026-07-01T00:00:00Z
SRC-PR-00533,R00533,PL0533,2026-05-01,store,15.00,2026-07-01T00:00:00Z
SRC-PR-00534,R00534,PL0534,2026-06-02,bank,20.00,2026-07-01T00:00:00Z
SRC-PR-00535,R00535,PL0535,2026-01-03,app,25.00,2026-07-01T00:00:00Z
SRC-PR-00536,R00536,PL0536,2026-02-04,store,5.00,2026-07-01T00:00:00Z
SRC-PR-00537,R00537,PL0537,2026-03-05,bank,10.00,2026-07-01T00:00:00Z
SRC-PR-00538,R00538,PL0538,2026-04-06,app,15.00,2026-07-01T00:00:00Z
SRC-PR-00539,R00539,PL0539,2026-05-07,store,20.00,2026-07-01T00:00:00Z
SRC-PR-00540,R00540,PL0540,2026-06-08,bank,25.00,2026-07-01T00:00:00Z
SRC-PR-00541,R00541,PL0541,2026-01-09,app,5.00,2026-07-01T00:00:00Z
SRC-PR-00542,R00542,PL0542,2026-02-10,store,10.00,2026-07-01T00:00:00Z
SRC-PR-00543,R00543,PL0543,2026-03-11,bank,15.00,2026-07-01T00:00:00Z
SRC-PR-00544,R00544,PL0544,2026-04-12,app,20.00,2026-07-01T00:00:00Z
SRC-PR-00545,R00545,PL0545,2026-05-13,store,25.00,2026-07-01T00:00:00Z
SRC-PR-00546,R00546,PL0546,2026-06-14,bank,5.00,2026-07-01T00:00:00Z
SRC-PR-00547,R00547,PL0547,2026-01-15,app,10.00,2026-07-01T00:00:00Z
SRC-PR-00548,R00548,PL0548,2026-02-16,store,15.00,2026-07-01T00:00:00Z
SRC-PR-00549,R00549,PL0549,2026-03-17,bank,20.00,2026-07-01T00:00:00Z
SRC-PR-00550,R00550,PL0550,2026-04-18,app,25.00,2026-07-01T00:00:00Z
SRC-PR-00551,R00551,PL0551,2026-05-19,store,5.00,2026-07-01T00:00:00Z
SRC-PR-00552,R00552,PL0552,2026-06-20,bank,10.00,2026-07-01T00:00:00Z
SRC-PR-00553,R00553,PL0553,2026-01-21,app,15.00,2026-07-01T00:00:00Z
SRC-PR-00554,R00554,PL0554,2026-02-22,store,20.00,2026-07-01T00:00:00Z
SRC-PR-00555,R00555,PL0555,2026-03-23,bank,25.00,2026-07-01T00:00:00Z
SRC-PR-00556,R00556,PL0556,2026-04-24,app,5.00,2026-07-01T00:00:00Z
SRC-PR-00557,R00557,PL0557,2026-05-25,store,10.00,2026-07-01T00:00:00Z
SRC-PR-00558,R00558,PL0558,2026-06-26,bank,15.00,2026-07-01T00:00:00Z
SRC-PR-00559,R00559,PL0559,2026-01-27,app,20.00,2026-07-01T00:00:00Z
SRC-PR-00560,R00560,PL0560,2026-02-28,store,25.00,2026-07-01T00:00:00Z
SRC-PR-00561,R00561,PL0561,2026-03-01,bank,5.00,2026-07-01T00:00:00Z
SRC-PR-00562,R00562,PL0562,2026-04-02,app,10.00,2026-07-01T00:00:00Z
SRC-PR-00563,R00563,PL0563,2026-05-03,store,15.00,2026-07-01T00:00:00Z
SRC-PR-00564,R00564,PL0564,2026-06-04,bank,20.00,2026-07-01T00:00:00Z
SRC-PR-00565,R00565,PL0565,2026-01-05,app,25.00,2026-07-01T00:00:00Z
SRC-PR-00566,R00566,PL0566,2026-02-06,store,5.00,2026-07-01T00:00:00Z
SRC-PR-00567,R00567,PL0567,2026-03-07,bank,10.00,2026-07-01T00:00:00Z
SRC-PR-00568,R00568,PL0568,2026-04-08,app,15.00,2026-07-01T00:00:00Z
SRC-PR-00569,R00569,PL0569,2026-05-09,store,20.00,2026-07-01T00:00:00Z
SRC-PR-00570,R00570,PL0570,2026-06-10,bank,25.00,2026-07-01T00:00:00Z
SRC-PR-00571,R00571,PL0571,2026-01-11,app,5.00,2026-07-01T00:00:00Z
SRC-PR-00572,R00572,PL0572,2026-02-12,store,10.00,2026-07-01T00:00:00Z
SRC-PR-00573,R00573,PL0573,2026-03-13,bank,15.00,2026-07-01T00:00:00Z
SRC-PR-00574,R00574,PL0574,2026-04-14,app,20.00,2026-07-01T00:00:00Z
SRC-PR-00575,R00575,PL0575,2026-05-15,store,25.00,2026-07-01T00:00:00Z
SRC-PR-00576,R00576,PL0576,2026-06-16,bank,5.00,2026-07-01T00:00:00Z
SRC-PR-00577,R00577,PL0577,2026-01-17,app,10.00,2026-07-01T00:00:00Z
SRC-PR-00578,R00578,PL0578,2026-02-18,store,15.00,2026-07-01T00:00:00Z
SRC-PR-00579,R00579,PL0579,2026-03-19,bank,20.00,2026-07-01T00:00:00Z
SRC-PR-00580,R00580,PL0580,2026-04-20,app,25.00,2026-07-01T00:00:00Z
SRC-PR-00581,R00581,PL0581,2026-05-21,store,5.00,2026-07-01T00:00:00Z
SRC-PR-00582,R00582,PL0582,2026-06-22,bank,10.00,2026-07-01T00:00:00Z
SRC-PR-00583,R00583,PL0583,2026-01-23,app,15.00,2026-07-01T00:00:00Z
SRC-PR-00584,R00584,PL0584,2026-02-24,store,20.00,2026-07-01T00:00:00Z
SRC-PR-00585,R00585,PL0585,2026-03-25,bank,25.00,2026-07-01T00:00:00Z
SRC-PR-00586,R00586,PL0586,2026-04-26,app,5.00,2026-07-01T00:00:00Z
SRC-PR-00587,R00587,PL0587,2026-05-27,store,10.00,2026-07-01T00:00:00Z
SRC-PR-00588,R00588,PL0588,2026-06-28,bank,15.00,2026-07-01T00:00:00Z
SRC-PR-00589,R00589,PL0589,2026-01-01,app,20.00,2026-07-01T00:00:00Z
SRC-PR-00590,R00590,PL0590,2026-02-02,store,25.00,2026-07-01T00:00:00Z
SRC-PR-00591,R00591,PL0591,2026-03-03,bank,5.00,2026-07-01T00:00:00Z
SRC-PR-00592,R00592,PL0592,2026-04-04,app,10.00,2026-07-01T00:00:00Z
SRC-PR-00593,R00593,PL0593,2026-05-05,store,15.00,2026-07-01T00:00:00Z
SRC-PR-00594,R00594,PL0594,2026-06-06,bank,20.00,2026-07-01T00:00:00Z
SRC-PR-00595,R00595,PL0595,2026-01-07,app,25.00,2026-07-01T00:00:00Z
SRC-PR-00596,R00596,PL0596,2026-02-08,store,5.00,2026-07-01T00:00:00Z
SRC-PR-00597,R00597,PL0597,2026-03-09,bank,10.00,2026-07-01T00:00:00Z
SRC-PR-00598,R00598,PL0598,2026-04-10,app,15.00,2026-07-01T00:00:00Z
SRC-PR-00599,R00599,PL0599,2026-05-11,store,20.00,2026-07-01T00:00:00Z
SRC-PR-00600,R00600,PL0600,2026-06-12,bank,25.00,2026-07-01T00:00:00Z
SRC-PR-00601,R00601,PL0601,2026-01-13,app,5.00,2026-07-01T00:00:00Z
SRC-PR-00602,R00602,PL0602,2026-02-14,store,10.00,2026-07-01T00:00:00Z
SRC-PR-00603,R00603,PL0603,2026-03-15,bank,15.00,2026-07-01T00:00:00Z
SRC-PR-00604,R00604,PL0604,2026-04-16,app,20.00,2026-07-01T00:00:00Z
SRC-PR-00605,R00605,PL0605,2026-05-17,store,25.00,2026-07-01T00:00:00Z
SRC-PR-00606,R00606,PL0606,2026-06-18,bank,5.00,2026-07-01T00:00:00Z
SRC-PR-00607,R00607,PL0607,2026-01-19,app,10.00,2026-07-01T00:00:00Z
SRC-PR-00608,R00608,PL0608,2026-02-20,store,15.00,2026-07-01T00:00:00Z
SRC-PR-00609,R00609,PL0609,2026-03-21,bank,20.00,2026-07-01T00:00:00Z
SRC-PR-00610,R00610,PL0610,2026-04-22,app,25.00,2026-07-01T00:00:00Z
SRC-PR-00611,R00611,PL0611,2026-05-23,store,5.00,2026-07-01T00:00:00Z
SRC-PR-00612,R00612,PL0612,2026-06-24,bank,10.00,2026-07-01T00:00:00Z
SRC-PR-00613,R00613,PL0613,2026-01-25,app,15.00,2026-07-01T00:00:00Z
SRC-PR-00614,R00614,PL0614,2026-02-26,store,20.00,2026-07-01T00:00:00Z
SRC-PR-00615,R00615,PL0615,2026-03-27,bank,25.00,2026-07-01T00:00:00Z
SRC-PR-00616,R00616,PL0616,2026-04-28,app,5.00,2026-07-01T00:00:00Z
SRC-PR-00617,R00617,PL0617,2026-05-01,store,10.00,2026-07-01T00:00:00Z
SRC-PR-00618,R00618,PL0618,2026-06-02,bank,15.00,2026-07-01T00:00:00Z
SRC-PR-00619,R00619,PL0619,2026-01-03,app,20.00,2026-07-01T00:00:00Z
SRC-PR-00620,R00620,PL0620,2026-02-04,store,25.00,2026-07-01T00:00:00Z
SRC-PR-00621,R00621,PL0621,2026-03-05,bank,5.00,2026-07-01T00:00:00Z
SRC-PR-00622,R00622,PL0622,2026-04-06,app,10.00,2026-07-01T00:00:00Z
SRC-PR-00623,R00623,PL0623,2026-05-07,store,15.00,2026-07-01T00:00:00Z
SRC-PR-00624,R00624,PL0624,2026-06-08,bank,20.00,2026-07-01T00:00:00Z
SRC-PR-00625,R00625,PL0625,2026-01-09,app,25.00,2026-07-01T00:00:00Z
SRC-PR-00626,R00626,PL0626,2026-02-10,store,5.00,2026-07-01T00:00:00Z
SRC-PR-00627,R00627,PL0627,2026-03-11,bank,10.00,2026-07-01T00:00:00Z
SRC-PR-00628,R00628,PL0628,2026-04-12,app,15.00,2026-07-01T00:00:00Z
SRC-PR-00629,R00629,PL0629,2026-05-13,store,20.00,2026-07-01T00:00:00Z
SRC-PR-00630,R00630,PL0630,2026-06-14,bank,25.00,2026-07-01T00:00:00Z
SRC-PR-00631,R00631,PL0631,2026-01-15,app,5.00,2026-07-01T00:00:00Z
SRC-PR-00632,R00632,PL0632,2026-02-16,store,10.00,2026-07-01T00:00:00Z
SRC-PR-00633,R00633,PL0633,2026-03-17,bank,15.00,2026-07-01T00:00:00Z
SRC-PR-00634,R00634,PL0634,2026-04-18,app,20.00,2026-07-01T00:00:00Z
SRC-PR-00635,R00635,PL0635,2026-05-19,store,25.00,2026-07-01T00:00:00Z
SRC-PR-00636,R00636,PL0636,2026-06-20,bank,5.00,2026-07-01T00:00:00Z
SRC-PR-00637,R00637,PL0637,2026-01-21,app,10.00,2026-07-01T00:00:00Z
SRC-PR-00638,R00638,PL0638,2026-02-22,store,15.00,2026-07-01T00:00:00Z
SRC-PR-00639,R00639,PL0639,2026-03-23,bank,20.00,2026-07-01T00:00:00Z
SRC-PR-00640,R00640,PL0640,2026-04-24,app,25.00,2026-07-01T00:00:00Z
SRC-PR-00641,R00641,PL0641,2026-05-25,store,5.00,2026-07-01T00:00:00Z
SRC-PR-00642,R00642,PL0642,2026-06-26,bank,10.00,2026-07-01T00:00:00Z
SRC-PR-00643,R00643,PL0643,2026-01-27,app,15.00,2026-07-01T00:00:00Z
SRC-PR-00644,R00644,PL0644,2026-02-28,store,20.00,2026-07-01T00:00:00Z
SRC-PR-00645,R00645,PL0645,2026-03-01,bank,25.00,2026-07-01T00:00:00Z
SRC-PR-00646,R00646,PL0001,2026-04-02,app,5.00,2026-07-01T00:00:00Z
SRC-PR-00647,R00647,PL0002,2026-05-03,store,10.00,2026-07-01T00:00:00Z
SRC-PR-00648,R00648,PL0003,2026-06-04,bank,15.00,2026-07-01T00:00:00Z
SRC-PR-00649,R00649,PL0004,2026-01-05,app,20.00,2026-07-01T00:00:00Z
SRC-PR-00650,R00650,PL0005,2026-02-06,store,25.00,2026-07-01T00:00:00Z
SRC-PR-00651,R00651,PL0006,2026-03-07,bank,5.00,2026-07-01T00:00:00Z
SRC-PR-00652,R00652,PL0007,2026-04-08,app,10.00,2026-07-01T00:00:00Z
SRC-PR-00653,R00653,PL0008,2026-05-09,store,15.00,2026-07-01T00:00:00Z
SRC-PR-00654,R00654,PL0009,2026-06-10,bank,20.00,2026-07-01T00:00:00Z
SRC-PR-00655,R00655,PL0010,2026-01-11,app,25.00,2026-07-01T00:00:00Z
SRC-PR-00656,R00656,PL0011,2026-02-12,store,5.00,2026-07-01T00:00:00Z
SRC-PR-00657,R00657,PL0012,2026-03-13,bank,10.00,2026-07-01T00:00:00Z
SRC-PR-00658,R00658,PL0013,2026-04-14,app,15.00,2026-07-01T00:00:00Z
SRC-PR-00659,R00659,PL0014,2026-05-15,store,20.00,2026-07-01T00:00:00Z
SRC-PR-00660,R00660,PL0015,2026-06-16,bank,25.00,2026-07-01T00:00:00Z
SRC-PR-00661,R00661,PL0016,2026-01-17,app,5.00,2026-07-01T00:00:00Z
SRC-PR-00662,R00662,PL0017,2026-02-18,store,10.00,2026-07-01T00:00:00Z
SRC-PR-00663,R00663,PL0018,2026-03-19,bank,15.00,2026-07-01T00:00:00Z
SRC-PR-00664,R00664,PL0019,2026-04-20,app,20.00,2026-07-01T00:00:00Z
SRC-PR-00665,R00665,PL0020,2026-05-21,store,25.00,2026-07-01T00:00:00Z
SRC-PR-00666,R00666,PL0021,2026-06-22,bank,5.00,2026-07-01T00:00:00Z
SRC-PR-00667,R00667,PL0022,2026-01-23,app,10.00,2026-07-01T00:00:00Z
SRC-PR-00668,R00668,PL0023,2026-02-24,store,15.00,2026-07-01T00:00:00Z
SRC-PR-00669,R00669,PL0024,2026-03-25,bank,20.00,2026-07-01T00:00:00Z
SRC-PR-00670,R00670,PL0025,2026-04-26,app,25.00,2026-07-01T00:00:00Z
SRC-PR-00671,R00671,PL0026,2026-05-27,store,5.00,2026-07-01T00:00:00Z
SRC-PR-00672,R00672,PL0027,2026-06-28,bank,10.00,2026-07-01T00:00:00Z
SRC-PR-00673,R00673,PL0028,2026-01-01,app,15.00,2026-07-01T00:00:00Z
SRC-PR-00674,R00674,PL0029,2026-02-02,store,20.00,2026-07-01T00:00:00Z
SRC-PR-00675,R00675,PL0030,2026-03-03,bank,25.00,2026-07-01T00:00:00Z
SRC-PR-00676,R00676,PL0031,2026-04-04,app,5.00,2026-07-01T00:00:00Z
SRC-PR-00677,R00677,PL0032,2026-05-05,store,10.00,2026-07-01T00:00:00Z
SRC-PR-00678,R00678,PL0033,2026-06-06,bank,15.00,2026-07-01T00:00:00Z
SRC-PR-00679,R00679,PL0034,2026-01-07,app,20.00,2026-07-01T00:00:00Z
SRC-PR-00680,R00680,PL0035,2026-02-08,store,25.00,2026-07-01T00:00:00Z
SRC-PR-00681,R00681,PL0036,2026-03-09,bank,5.00,2026-07-01T00:00:00Z
SRC-PR-00682,R00682,PL0037,2026-04-10,app,10.00,2026-07-01T00:00:00Z
SRC-PR-00683,R00683,PL0038,2026-05-11,store,15.00,2026-07-01T00:00:00Z
SRC-PR-00684,R00684,PL0039,2026-06-12,bank,20.00,2026-07-01T00:00:00Z
SRC-PR-00685,R00685,PL0040,2026-01-13,app,25.00,2026-07-01T00:00:00Z
SRC-PR-00686,R00686,PL0041,2026-02-14,store,5.00,2026-07-01T00:00:00Z
SRC-PR-00687,R00687,PL0042,2026-03-15,bank,10.00,2026-07-01T00:00:00Z
SRC-PR-00688,R00688,PL0043,2026-04-16,app,15.00,2026-07-01T00:00:00Z
SRC-PR-00689,R00689,PL0044,2026-05-17,store,20.00,2026-07-01T00:00:00Z
SRC-PR-00690,R00690,PL0045,2026-06-18,bank,25.00,2026-07-01T00:00:00Z
SRC-PR-00691,R00691,PL0046,2026-01-19,app,5.00,2026-07-01T00:00:00Z
SRC-PR-00692,R00692,PL0047,2026-02-20,store,10.00,2026-07-01T00:00:00Z
SRC-PR-00693,R00693,PL0048,2026-03-21,bank,15.00,2026-07-01T00:00:00Z
SRC-PR-00694,R00694,PL0049,2026-04-22,app,20.00,2026-07-01T00:00:00Z
SRC-PR-00695,R00695,PL0050,2026-05-23,store,25.00,2026-07-01T00:00:00Z
SRC-PR-00696,R00696,PL0051,2026-06-24,bank,5.00,2026-07-01T00:00:00Z
SRC-PR-00697,R00697,PL0052,2026-01-25,app,10.00,2026-07-01T00:00:00Z
SRC-PR-00698,R00698,PL0053,2026-02-26,store,15.00,2026-07-01T00:00:00Z
SRC-PR-00699,R00699,PL0054,2026-03-27,bank,20.00,2026-07-01T00:00:00Z
SRC-PR-00700,R00700,PL0055,2026-04-28,app,25.00,2026-07-01T00:00:00Z
SRC-PR-00701,R00701,PL0056,2026-05-01,store,5.00,2026-07-01T00:00:00Z
SRC-PR-00702,R00702,PL0057,2026-06-02,bank,10.00,2026-07-01T00:00:00Z
SRC-PR-00703,R00703,PL0058,2026-01-03,app,15.00,2026-07-01T00:00:00Z
SRC-PR-00704,R00704,PL0059,2026-02-04,store,20.00,2026-07-01T00:00:00Z
SRC-PR-00705,R00705,PL0060,2026-03-05,bank,25.00,2026-07-01T00:00:00Z
SRC-PR-00706,R00706,PL0061,2026-04-06,app,5.00,2026-07-01T00:00:00Z
SRC-PR-00707,R00707,PL0062,2026-05-07,store,10.00,2026-07-01T00:00:00Z
SRC-PR-00708,R00708,PL0063,2026-06-08,bank,15.00,2026-07-01T00:00:00Z
SRC-PR-00709,R00709,PL0064,2026-01-09,app,20.00,2026-07-01T00:00:00Z
SRC-PR-00710,R00710,PL0065,2026-02-10,store,25.00,2026-07-01T00:00:00Z
SRC-PR-00711,R00711,PL0066,2026-03-11,bank,5.00,2026-07-01T00:00:00Z
SRC-PR-00712,R00712,PL0067,2026-04-12,app,10.00,2026-07-01T00:00:00Z
SRC-PR-00713,R00713,PL0068,2026-05-13,store,15.00,2026-07-01T00:00:00Z
SRC-PR-00714,R00714,PL0069,2026-06-14,bank,20.00,2026-07-01T00:00:00Z
SRC-PR-00715,R00715,PL0070,2026-01-15,app,25.00,2026-07-01T00:00:00Z
SRC-PR-00716,R00716,PL0071,2026-02-16,store,5.00,2026-07-01T00:00:00Z
SRC-PR-00717,R00717,PL0072,2026-03-17,bank,10.00,2026-07-01T00:00:00Z
SRC-PR-00718,R00718,PL0073,2026-04-18,app,15.00,2026-07-01T00:00:00Z
SRC-PR-00719,R00719,PL0074,2026-05-19,store,20.00,2026-07-01T00:00:00Z
SRC-PR-00720,R00720,PL0075,2026-06-20,bank,25.00,2026-07-01T00:00:00Z
SRC-PR-00721,R00721,PL0076,2026-01-21,app,5.00,2026-07-01T00:00:00Z
SRC-PR-00722,R00722,PL0077,2026-02-22,store,10.00,2026-07-01T00:00:00Z
SRC-PR-00723,R00723,PL0078,2026-03-23,bank,15.00,2026-07-01T00:00:00Z
SRC-PR-00724,R00724,PL0079,2026-04-24,app,20.00,2026-07-01T00:00:00Z
SRC-PR-00725,R00725,PL0080,2026-05-25,store,25.00,2026-07-01T00:00:00Z
SRC-PR-00726,R00726,PL0081,2026-06-26,bank,5.00,2026-07-01T00:00:00Z
SRC-PR-00727,R00727,PL0082,2026-01-27,app,10.00,2026-07-01T00:00:00Z
SRC-PR-00728,R00728,PL0083,2026-02-28,store,15.00,2026-07-01T00:00:00Z
SRC-PR-00729,R00729,PL0084,2026-03-01,bank,20.00,2026-07-01T00:00:00Z
SRC-PR-00730,R00730,PL0085,2026-04-02,app,25.00,2026-07-01T00:00:00Z
SRC-PR-00731,R00731,PL0086,2026-05-03,store,5.00,2026-07-01T00:00:00Z
SRC-PR-00732,R00732,PL0087,2026-06-04,bank,10.00,2026-07-01T00:00:00Z
SRC-PR-00733,R00733,PL0088,2026-01-05,app,15.00,2026-07-01T00:00:00Z
SRC-PR-00734,R00734,PL0089,2026-02-06,store,20.00,2026-07-01T00:00:00Z
SRC-PR-00735,R00735,PL0090,2026-03-07,bank,25.00,2026-07-01T00:00:00Z
SRC-PR-00736,R00736,PL0091,2026-04-08,app,5.00,2026-07-01T00:00:00Z
SRC-PR-00737,R00737,PL0092,2026-05-09,store,10.00,2026-07-01T00:00:00Z
SRC-PR-00738,R00738,PL0093,2026-06-10,bank,15.00,2026-07-01T00:00:00Z
SRC-PR-00739,R00739,PL0094,2026-01-11,app,20.00,2026-07-01T00:00:00Z
SRC-PR-00740,R00740,PL0095,2026-02-12,store,25.00,2026-07-01T00:00:00Z
SRC-PR-00741,R00741,PL0096,2026-03-13,bank,5.00,2026-07-01T00:00:00Z
SRC-PR-00742,R00742,PL0097,2026-04-14,app,10.00,2026-07-01T00:00:00Z
SRC-PR-00743,R00743,PL0098,2026-05-15,store,15.00,2026-07-01T00:00:00Z
SRC-PR-00744,R00744,PL0099,2026-06-16,bank,20.00,2026-07-01T00:00:00Z
SRC-PR-00745,R00745,PL0100,2026-01-17,app,25.00,2026-07-01T00:00:00Z
SRC-PR-00746,R00746,PL0101,2026-02-18,store,5.00,2026-07-01T00:00:00Z
SRC-PR-00747,R00747,PL0102,2026-03-19,bank,10.00,2026-07-01T00:00:00Z
SRC-PR-00748,R00748,PL0103,2026-04-20,app,15.00,2026-07-01T00:00:00Z
SRC-PR-00749,R00749,PL0104,2026-05-21,store,20.00,2026-07-01T00:00:00Z
SRC-PR-00750,R00750,PL0105,2026-06-22,bank,25.00,2026-07-01T00:00:00Z
SRC-PR-00751,R00751,PL0106,2026-01-23,app,5.00,2026-07-01T00:00:00Z
SRC-PR-00752,R00752,PL0107,2026-02-24,store,10.00,2026-07-01T00:00:00Z
SRC-PR-00753,R00753,PL0108,2026-03-25,bank,15.00,2026-07-01T00:00:00Z
SRC-PR-00754,R00754,PL0109,2026-04-26,app,20.00,2026-07-01T00:00:00Z
SRC-PR-00755,R00755,PL0110,2026-05-27,store,25.00,2026-07-01T00:00:00Z
SRC-PR-00756,R00756,PL0111,2026-06-28,bank,5.00,2026-07-01T00:00:00Z
SRC-PR-00757,R00757,PL0112,2026-01-01,app,10.00,2026-07-01T00:00:00Z
SRC-PR-00758,R00758,PL0113,2026-02-02,store,15.00,2026-07-01T00:00:00Z
SRC-PR-00759,R00759,PL0114,2026-03-03,bank,20.00,2026-07-01T00:00:00Z
SRC-PR-00760,R00760,PL0115,2026-04-04,app,25.00,2026-07-01T00:00:00Z
SRC-PR-00761,R00761,PL0116,2026-05-05,store,5.00,2026-07-01T00:00:00Z
SRC-PR-00762,R00762,PL0117,2026-06-06,bank,10.00,2026-07-01T00:00:00Z
SRC-PR-00763,R00763,PL0118,2026-01-07,app,15.00,2026-07-01T00:00:00Z
SRC-PR-00764,R00764,PL0119,2026-02-08,store,20.00,2026-07-01T00:00:00Z
SRC-PR-00765,R00765,PL0120,2026-03-09,bank,25.00,2026-07-01T00:00:00Z
SRC-PR-00766,R00766,PL0121,2026-04-10,app,5.00,2026-07-01T00:00:00Z
SRC-PR-00767,R00767,PL0122,2026-05-11,store,10.00,2026-07-01T00:00:00Z
SRC-PR-00768,R00768,PL0123,2026-06-12,bank,15.00,2026-07-01T00:00:00Z
SRC-PR-00769,R00769,PL0124,2026-01-13,app,20.00,2026-07-01T00:00:00Z
SRC-PR-00770,R00770,PL0125,2026-02-14,store,25.00,2026-07-01T00:00:00Z
SRC-PR-00771,R00771,PL0126,2026-03-15,bank,5.00,2026-07-01T00:00:00Z
SRC-PR-00772,R00772,PL0127,2026-04-16,app,10.00,2026-07-01T00:00:00Z
SRC-PR-00773,R00773,PL0128,2026-05-17,store,15.00,2026-07-01T00:00:00Z
SRC-PR-00774,R00774,PL0129,2026-06-18,bank,20.00,2026-07-01T00:00:00Z
SRC-PR-00775,R00775,PL0130,2026-01-19,app,25.00,2026-07-01T00:00:00Z
SRC-PR-00776,R00776,PL0131,2026-02-20,store,5.00,2026-07-01T00:00:00Z
SRC-PR-00777,R00777,PL0132,2026-03-21,bank,10.00,2026-07-01T00:00:00Z
SRC-PR-00778,R00778,PL0133,2026-04-22,app,15.00,2026-07-01T00:00:00Z
SRC-PR-00779,R00779,PL0134,2026-05-23,store,20.00,2026-07-01T00:00:00Z
SRC-PR-00780,R00780,PL0135,2026-06-24,bank,25.00,2026-07-01T00:00:00Z
SRC-PR-00781,R00781,PL0136,2026-01-25,app,5.00,2026-07-01T00:00:00Z
SRC-PR-00782,R00782,PL0137,2026-02-26,store,10.00,2026-07-01T00:00:00Z
SRC-PR-00783,R00783,PL0138,2026-03-27,bank,15.00,2026-07-01T00:00:00Z
SRC-PR-00784,R00784,PL0139,2026-04-28,app,20.00,2026-07-01T00:00:00Z
SRC-PR-00785,R00785,PL0140,2026-05-01,store,25.00,2026-07-01T00:00:00Z
SRC-PR-00786,R00786,PL0141,2026-06-02,bank,5.00,2026-07-01T00:00:00Z
SRC-PR-00787,R00787,PL0142,2026-01-03,app,10.00,2026-07-01T00:00:00Z
SRC-PR-00788,R00788,PL0143,2026-02-04,store,15.00,2026-07-01T00:00:00Z
SRC-PR-00789,R00789,PL0144,2026-03-05,bank,20.00,2026-07-01T00:00:00Z
SRC-PR-00790,R00790,PL0145,2026-04-06,app,25.00,2026-07-01T00:00:00Z
SRC-PR-00791,R00791,PL0146,2026-05-07,store,5.00,2026-07-01T00:00:00Z
SRC-PR-00792,R00792,PL0147,2026-06-08,bank,10.00,2026-07-01T00:00:00Z
SRC-PR-00793,R00793,PL0148,2026-01-09,app,15.00,2026-07-01T00:00:00Z
SRC-PR-00794,R00794,PL0149,2026-02-10,store,20.00,2026-07-01T00:00:00Z
SRC-PR-00795,R00795,PL0150,2026-03-11,bank,25.00,2026-07-01T00:00:00Z
SRC-PR-00796,R00796,PL0151,2026-04-12,app,5.00,2026-07-01T00:00:00Z
SRC-PR-00797,R00797,PL0152,2026-05-13,store,10.00,2026-07-01T00:00:00Z
SRC-PR-00798,R00798,PL0153,2026-06-14,bank,15.00,2026-07-01T00:00:00Z
SRC-PR-00799,R00799,PL0154,2026-01-15,app,20.00,2026-07-01T00:00:00Z
SRC-PR-00800,R00800,PL0155,2026-02-16,store,25.00,2026-07-01T00:00:00Z
SRC-PR-00801,R00801,PL0156,2026-03-17,bank,5.00,2026-07-01T00:00:00Z
SRC-PR-00802,R00802,PL0157,2026-04-18,app,10.00,2026-07-01T00:00:00Z
SRC-PR-00803,R00803,PL0158,2026-05-19,store,15.00,2026-07-01T00:00:00Z
SRC-PR-00804,R00804,PL0159,2026-06-20,bank,20.00,2026-07-01T00:00:00Z
SRC-PR-00805,R00805,PL0160,2026-01-21,app,25.00,2026-07-01T00:00:00Z
SRC-PR-00806,R00806,PL0161,2026-02-22,store,5.00,2026-07-01T00:00:00Z
SRC-PR-00807,R00807,PL0162,2026-03-23,bank,10.00,2026-07-01T00:00:00Z
SRC-PR-00808,R00808,PL0163,2026-04-24,app,15.00,2026-07-01T00:00:00Z
SRC-PR-00809,R00809,PL0164,2026-05-25,store,20.00,2026-07-01T00:00:00Z
SRC-PR-00810,R00810,PL0165,2026-06-26,bank,25.00,2026-07-01T00:00:00Z
SRC-PR-00811,R00811,PL0166,2026-01-27,app,5.00,2026-07-01T00:00:00Z
SRC-PR-00812,R00812,PL0167,2026-02-28,store,10.00,2026-07-01T00:00:00Z
SRC-PR-00813,R00813,PL0168,2026-03-01,bank,15.00,2026-07-01T00:00:00Z
SRC-PR-00814,R00814,PL0169,2026-04-02,app,20.00,2026-07-01T00:00:00Z
SRC-PR-00815,R00815,PL0170,2026-05-03,store,25.00,2026-07-01T00:00:00Z
SRC-PR-00816,R00816,PL0171,2026-06-04,bank,5.00,2026-07-01T00:00:00Z
SRC-PR-00817,R00817,PL0172,2026-01-05,app,10.00,2026-07-01T00:00:00Z
SRC-PR-00818,R00818,PL0173,2026-02-06,store,15.00,2026-07-01T00:00:00Z
SRC-PR-00819,R00819,PL0174,2026-03-07,bank,20.00,2026-07-01T00:00:00Z
SRC-PR-00820,R00820,PL0175,2026-04-08,app,25.00,2026-07-01T00:00:00Z
SRC-PR-00821,R00821,PL0176,2026-05-09,store,5.00,2026-07-01T00:00:00Z
SRC-PR-00822,R00822,PL0177,2026-06-10,bank,10.00,2026-07-01T00:00:00Z
SRC-PR-00823,R00823,PL0178,2026-01-11,app,15.00,2026-07-01T00:00:00Z
SRC-PR-00824,R00824,PL0179,2026-02-12,store,20.00,2026-07-01T00:00:00Z
SRC-PR-00825,R00825,PL0180,2026-03-13,bank,25.00,2026-07-01T00:00:00Z
SRC-PR-00826,R00826,PL0181,2026-04-14,app,5.00,2026-07-01T00:00:00Z
SRC-PR-00827,R00827,PL0182,2026-05-15,store,10.00,2026-07-01T00:00:00Z
SRC-PR-00828,R00828,PL0183,2026-06-16,bank,15.00,2026-07-01T00:00:00Z
SRC-PR-00829,R00829,PL0184,2026-01-17,app,20.00,2026-07-01T00:00:00Z
SRC-PR-00830,R00830,PL0185,2026-02-18,store,25.00,2026-07-01T00:00:00Z
SRC-PR-00831,R00831,PL0186,2026-03-19,bank,5.00,2026-07-01T00:00:00Z
SRC-PR-00832,R00832,PL0187,2026-04-20,app,10.00,2026-07-01T00:00:00Z
SRC-PR-00833,R00833,PL0188,2026-05-21,store,15.00,2026-07-01T00:00:00Z
SRC-PR-00834,R00834,PL0189,2026-06-22,bank,20.00,2026-07-01T00:00:00Z
SRC-PR-00835,R00835,PL0190,2026-01-23,app,25.00,2026-07-01T00:00:00Z
SRC-PR-00836,R00836,PL0191,2026-02-24,store,5.00,2026-07-01T00:00:00Z
SRC-PR-00837,R00837,PL0192,2026-03-25,bank,10.00,2026-07-01T00:00:00Z
SRC-PR-00838,R00838,PL0193,2026-04-26,app,15.00,2026-07-01T00:00:00Z
SRC-PR-00839,R00839,PL0194,2026-05-27,store,20.00,2026-07-01T00:00:00Z
SRC-PR-00840,R00840,PL0195,2026-06-28,bank,25.00,2026-07-01T00:00:00Z
SRC-PR-00841,R00841,PL0196,2026-01-01,app,5.00,2026-07-01T00:00:00Z
SRC-PR-00842,R00842,PL0197,2026-02-02,store,10.00,2026-07-01T00:00:00Z
SRC-PR-00843,R00843,PL0198,2026-03-03,bank,15.00,2026-07-01T00:00:00Z
SRC-PR-00844,R00844,PL0199,2026-04-04,app,20.00,2026-07-01T00:00:00Z
SRC-PR-00845,R00845,PL0200,2026-05-05,store,25.00,2026-07-01T00:00:00Z
SRC-PR-00846,R00846,PL0201,2026-06-06,bank,5.00,2026-07-01T00:00:00Z
SRC-PR-00847,R00847,PL0202,2026-01-07,app,10.00,2026-07-01T00:00:00Z
SRC-PR-00848,R00848,PL0203,2026-02-08,store,15.00,2026-07-01T00:00:00Z
SRC-PR-00849,R00849,PL0204,2026-03-09,bank,20.00,2026-07-01T00:00:00Z
SRC-PR-00850,R00850,PL0205,2026-04-10,app,25.00,2026-07-01T00:00:00Z
SRC-PR-00851,R00851,PL0206,2026-05-11,store,5.00,2026-07-01T00:00:00Z
SRC-PR-00852,R00852,PL0207,2026-06-12,bank,10.00,2026-07-01T00:00:00Z
SRC-PR-00853,R00853,PL0208,2026-01-13,app,15.00,2026-07-01T00:00:00Z
SRC-PR-00854,R00854,PL0209,2026-02-14,store,20.00,2026-07-01T00:00:00Z
SRC-PR-00855,R00855,PL0210,2026-03-15,bank,25.00,2026-07-01T00:00:00Z
SRC-PR-00856,R00856,PL0211,2026-04-16,app,5.00,2026-07-01T00:00:00Z
SRC-PR-00857,R00857,PL0212,2026-05-17,store,10.00,2026-07-01T00:00:00Z
SRC-PR-00858,R00858,PL0213,2026-06-18,bank,15.00,2026-07-01T00:00:00Z
SRC-PR-00859,R00859,PL0214,2026-01-19,app,20.00,2026-07-01T00:00:00Z
SRC-PR-00860,R00860,PL0215,2026-02-20,store,25.00,2026-07-01T00:00:00Z
SRC-PR-00861,R00861,PL0216,2026-03-21,bank,5.00,2026-07-01T00:00:00Z
SRC-PR-00862,R00862,PL0217,2026-04-22,app,10.00,2026-07-01T00:00:00Z
SRC-PR-00863,R00863,PL0218,2026-05-23,store,15.00,2026-07-01T00:00:00Z
SRC-PR-00864,R00864,PL0219,2026-06-24,bank,20.00,2026-07-01T00:00:00Z
SRC-PR-00865,R00865,PL0220,2026-01-25,app,25.00,2026-07-01T00:00:00Z
SRC-PR-00866,R00866,PL0221,2026-02-26,store,5.00,2026-07-01T00:00:00Z
SRC-PR-00867,R00867,PL0222,2026-03-27,bank,10.00,2026-07-01T00:00:00Z
SRC-PR-00868,R00868,PL0223,2026-04-28,app,15.00,2026-07-01T00:00:00Z
SRC-PR-00869,R00869,PL0224,2026-05-01,store,20.00,2026-07-01T00:00:00Z
SRC-PR-00870,R00870,PL0225,2026-06-02,bank,25.00,2026-07-01T00:00:00Z
SRC-PR-00871,R00871,PL0226,2026-01-03,app,5.00,2026-07-01T00:00:00Z
SRC-PR-00872,R00872,PL0227,2026-02-04,store,10.00,2026-07-01T00:00:00Z
SRC-PR-00873,R00873,PL0228,2026-03-05,bank,15.00,2026-07-01T00:00:00Z
SRC-PR-00874,R00874,PL0229,2026-04-06,app,20.00,2026-07-01T00:00:00Z
SRC-PR-00875,R00875,PL0230,2026-05-07,store,25.00,2026-07-01T00:00:00Z
SRC-PR-00876,R00876,PL0231,2026-06-08,bank,5.00,2026-07-01T00:00:00Z
SRC-PR-00877,R00877,PL0232,2026-01-09,app,10.00,2026-07-01T00:00:00Z
SRC-PR-00878,R00878,PL0233,2026-02-10,store,15.00,2026-07-01T00:00:00Z
SRC-PR-00879,R00879,PL0234,2026-03-11,bank,20.00,2026-07-01T00:00:00Z
SRC-PR-00880,R00880,PL0235,2026-04-12,app,25.00,2026-07-01T00:00:00Z
SRC-PR-00881,R00881,PL0236,2026-05-13,store,5.00,2026-07-01T00:00:00Z
SRC-PR-00882,R00882,PL0237,2026-06-14,bank,10.00,2026-07-01T00:00:00Z
SRC-PR-00883,R00883,PL0238,2026-01-15,app,15.00,2026-07-01T00:00:00Z
SRC-PR-00884,R00884,PL0239,2026-02-16,store,20.00,2026-07-01T00:00:00Z
SRC-PR-00885,R00885,PL0240,2026-03-17,bank,25.00,2026-07-01T00:00:00Z
SRC-PR-00886,R00886,PL0241,2026-04-18,app,5.00,2026-07-01T00:00:00Z
SRC-PR-00887,R00887,PL0242,2026-05-19,store,10.00,2026-07-01T00:00:00Z
SRC-PR-00888,R00888,PL0243,2026-06-20,bank,15.00,2026-07-01T00:00:00Z
SRC-PR-00889,R00889,PL0244,2026-01-21,app,20.00,2026-07-01T00:00:00Z
SRC-PR-00890,R00890,PL0245,2026-02-22,store,25.00,2026-07-01T00:00:00Z
SRC-PR-00891,R00891,PL0246,2026-03-23,bank,5.00,2026-07-01T00:00:00Z
SRC-PR-00892,R00892,PL0247,2026-04-24,app,10.00,2026-07-01T00:00:00Z
SRC-PR-00893,R00893,PL0248,2026-05-25,store,15.00,2026-07-01T00:00:00Z
SRC-PR-00894,R00894,PL0249,2026-06-26,bank,20.00,2026-07-01T00:00:00Z
SRC-PR-00895,R00895,PL0250,2026-01-27,app,25.00,2026-07-01T00:00:00Z
SRC-PR-00896,R00896,PL0251,2026-02-28,store,5.00,2026-07-01T00:00:00Z
SRC-PR-00897,R00897,PL0252,2026-03-01,bank,10.00,2026-07-01T00:00:00Z
SRC-PR-00898,R00898,PL0253,2026-04-02,app,15.00,2026-07-01T00:00:00Z
SRC-PR-00899,R00899,PL0254,2026-05-03,store,20.00,2026-07-01T00:00:00Z
SRC-PR-00900,R00900,PL0255,2026-06-04,bank,25.00,2026-07-01T00:00:00Z
SRC-PR-00901,R00901,PL0256,2026-01-05,app,5.00,2026-07-01T00:00:00Z
SRC-PR-00902,R00902,PL0257,2026-02-06,store,10.00,2026-07-01T00:00:00Z
SRC-PR-00903,R00903,PL0258,2026-03-07,bank,15.00,2026-07-01T00:00:00Z
SRC-PR-00904,R00904,PL0259,2026-04-08,app,20.00,2026-07-01T00:00:00Z
SRC-PR-00905,R00905,PL0260,2026-05-09,store,25.00,2026-07-01T00:00:00Z
SRC-PR-00906,R00906,PL0261,2026-06-10,bank,5.00,2026-07-01T00:00:00Z
SRC-PR-00907,R00907,PL0262,2026-01-11,app,10.00,2026-07-01T00:00:00Z
SRC-PR-00908,R00908,PL0263,2026-02-12,store,15.00,2026-07-01T00:00:00Z
SRC-PR-00909,R00909,PL0264,2026-03-13,bank,20.00,2026-07-01T00:00:00Z
SRC-PR-00910,R00910,PL0265,2026-04-14,app,25.00,2026-07-01T00:00:00Z
SRC-PR-00911,R00911,PL0266,2026-05-15,store,5.00,2026-07-01T00:00:00Z
SRC-PR-00912,R00912,PL0267,2026-06-16,bank,10.00,2026-07-01T00:00:00Z
SRC-PR-00913,R00913,PL0268,2026-01-17,app,15.00,2026-07-01T00:00:00Z
SRC-PR-00914,R00914,PL0269,2026-02-18,store,20.00,2026-07-01T00:00:00Z
SRC-PR-00915,R00915,PL0270,2026-03-19,bank,25.00,2026-07-01T00:00:00Z
SRC-PR-00916,R00916,PL0271,2026-04-20,app,5.00,2026-07-01T00:00:00Z
SRC-PR-00917,R00917,PL0272,2026-05-21,store,10.00,2026-07-01T00:00:00Z
SRC-PR-00918,R00918,PL0273,2026-06-22,bank,15.00,2026-07-01T00:00:00Z
SRC-PR-00919,R00919,PL0274,2026-01-23,app,20.00,2026-07-01T00:00:00Z
SRC-PR-00920,R00920,PL0275,2026-02-24,store,25.00,2026-07-01T00:00:00Z
SRC-PR-00921,R00921,PL0276,2026-03-25,bank,5.00,2026-07-01T00:00:00Z
SRC-PR-00922,R00922,PL0277,2026-04-26,app,10.00,2026-07-01T00:00:00Z
SRC-PR-00923,R00923,PL0278,2026-05-27,store,15.00,2026-07-01T00:00:00Z
SRC-PR-00924,R00924,PL0279,2026-06-28,bank,20.00,2026-07-01T00:00:00Z
SRC-PR-00925,R00925,PL0280,2026-01-01,app,25.00,2026-07-01T00:00:00Z
SRC-PR-00926,R00926,PL0281,2026-02-02,store,5.00,2026-07-01T00:00:00Z
SRC-PR-00927,R00927,PL0282,2026-03-03,bank,10.00,2026-07-01T00:00:00Z
SRC-PR-00928,R00928,PL0283,2026-04-04,app,15.00,2026-07-01T00:00:00Z
SRC-PR-00929,R00929,PL0284,2026-05-05,store,20.00,2026-07-01T00:00:00Z
SRC-PR-00930,R00930,PL0285,2026-06-06,bank,25.00,2026-07-01T00:00:00Z
SRC-PR-00931,R00931,PL0286,2026-01-07,app,5.00,2026-07-01T00:00:00Z
SRC-PR-00932,R00932,PL0287,2026-02-08,store,10.00,2026-07-01T00:00:00Z
SRC-PR-00933,R00933,PL0288,2026-03-09,bank,15.00,2026-07-01T00:00:00Z
SRC-PR-00934,R00934,PL0289,2026-04-10,app,20.00,2026-07-01T00:00:00Z
SRC-PR-00935,R00935,PL0290,2026-05-11,store,25.00,2026-07-01T00:00:00Z
SRC-PR-00936,R00936,PL0291,2026-06-12,bank,5.00,2026-07-01T00:00:00Z
SRC-PR-00937,R00937,PL0292,2026-01-13,app,10.00,2026-07-01T00:00:00Z
SRC-PR-00938,R00938,PL0293,2026-02-14,store,15.00,2026-07-01T00:00:00Z
SRC-PR-00939,R00939,PL0294,2026-03-15,bank,20.00,2026-07-01T00:00:00Z
SRC-PR-00940,R00940,PL0295,2026-04-16,app,25.00,2026-07-01T00:00:00Z
SRC-PR-00941,R00941,PL0296,2026-05-17,store,5.00,2026-07-01T00:00:00Z
SRC-PR-00942,R00942,PL0297,2026-06-18,bank,10.00,2026-07-01T00:00:00Z
SRC-PR-00943,R00943,PL0298,2026-01-19,app,15.00,2026-07-01T00:00:00Z
SRC-PR-00944,R00944,PL0299,2026-02-20,store,20.00,2026-07-01T00:00:00Z
SRC-PR-00945,R00945,PL0300,2026-03-21,bank,25.00,2026-07-01T00:00:00Z
SRC-PR-00946,R00946,PL0301,2026-04-22,app,5.00,2026-07-01T00:00:00Z
SRC-PR-00947,R00947,PL0302,2026-05-23,store,10.00,2026-07-01T00:00:00Z
SRC-PR-00948,R00948,PL0303,2026-06-24,bank,15.00,2026-07-01T00:00:00Z
SRC-PR-00949,R00949,PL0304,2026-01-25,app,20.00,2026-07-01T00:00:00Z
SRC-PR-00950,R00950,PL0305,2026-02-26,store,25.00,2026-07-01T00:00:00Z
SRC-PR-00951,R00951,PL0306,2026-03-27,bank,5.00,2026-07-01T00:00:00Z
SRC-PR-00952,R00952,PL0307,2026-04-28,app,10.00,2026-07-01T00:00:00Z
SRC-PR-00953,R00953,PL0308,2026-05-01,store,15.00,2026-07-01T00:00:00Z
SRC-PR-00954,R00954,PL0309,2026-06-02,bank,20.00,2026-07-01T00:00:00Z
SRC-PR-00955,R00955,PL0310,2026-01-03,app,25.00,2026-07-01T00:00:00Z
SRC-PR-00956,R00956,PL0311,2026-02-04,store,5.00,2026-07-01T00:00:00Z
SRC-PR-00957,R00957,PL0312,2026-03-05,bank,10.00,2026-07-01T00:00:00Z
SRC-PR-00958,R00958,PL0313,2026-04-06,app,15.00,2026-07-01T00:00:00Z
SRC-PR-00959,R00959,PL0314,2026-05-07,store,20.00,2026-07-01T00:00:00Z
SRC-PR-00960,R00960,PL0315,2026-06-08,bank,25.00,2026-07-01T00:00:00Z
SRC-PR-00961,R00961,PL0316,2026-01-09,app,5.00,2026-07-01T00:00:00Z
SRC-PR-00962,R00962,PL0317,2026-02-10,store,10.00,2026-07-01T00:00:00Z
SRC-PR-00963,R00963,PL0318,2026-03-11,bank,15.00,2026-07-01T00:00:00Z
SRC-PR-00964,R00964,PL0319,2026-04-12,app,20.00,2026-07-01T00:00:00Z
SRC-PR-00965,R00965,PL0320,2026-05-13,store,25.00,2026-07-01T00:00:00Z
SRC-PR-00966,R00966,PL0321,2026-06-14,bank,5.00,2026-07-01T00:00:00Z
SRC-PR-00967,R00967,PL0322,2026-01-15,app,10.00,2026-07-01T00:00:00Z
SRC-PR-00968,R00968,PL0323,2026-02-16,store,15.00,2026-07-01T00:00:00Z
SRC-PR-00969,R00969,PL0324,2026-03-17,bank,20.00,2026-07-01T00:00:00Z
SRC-PR-00970,R00970,PL0325,2026-04-18,app,25.00,2026-07-01T00:00:00Z
SRC-PR-00971,R00971,PL0326,2026-05-19,store,5.00,2026-07-01T00:00:00Z
SRC-PR-00972,R00972,PL0327,2026-06-20,bank,10.00,2026-07-01T00:00:00Z
SRC-PR-00973,R00973,PL0328,2026-01-21,app,15.00,2026-07-01T00:00:00Z
SRC-PR-00974,R00974,PL0329,2026-02-22,store,20.00,2026-07-01T00:00:00Z
SRC-PR-00975,R00975,PL0330,2026-03-23,bank,25.00,2026-07-01T00:00:00Z
SRC-PR-00976,R00976,PL0331,2026-04-24,app,5.00,2026-07-01T00:00:00Z
SRC-PR-00977,R00977,PL0332,2026-05-25,store,10.00,2026-07-01T00:00:00Z
SRC-PR-00978,R00978,PL0333,2026-06-26,bank,15.00,2026-07-01T00:00:00Z
SRC-PR-00979,R00979,PL0334,2026-01-27,app,20.00,2026-07-01T00:00:00Z
SRC-PR-00980,R00980,PL0335,2026-02-28,store,25.00,2026-07-01T00:00:00Z
SRC-PR-00981,R00981,PL0336,2026-03-01,bank,5.00,2026-07-01T00:00:00Z
SRC-PR-00982,R00982,PL0337,2026-04-02,app,10.00,2026-07-01T00:00:00Z
SRC-PR-00983,R00983,PL0338,2026-05-03,store,15.00,2026-07-01T00:00:00Z
SRC-PR-00984,R00984,PL0339,2026-06-04,bank,20.00,2026-07-01T00:00:00Z
SRC-PR-00985,R00985,PL0340,2026-01-05,app,25.00,2026-07-01T00:00:00Z
SRC-PR-00986,R00986,PL0341,2026-02-06,store,5.00,2026-07-01T00:00:00Z
SRC-PR-00987,R00987,PL0342,2026-03-07,bank,10.00,2026-07-01T00:00:00Z
SRC-PR-00988,R00988,PL0343,2026-04-08,app,15.00,2026-07-01T00:00:00Z
SRC-PR-00989,R00989,PL0344,2026-05-09,store,20.00,2026-07-01T00:00:00Z
SRC-PR-00990,R00990,PL0345,2026-06-10,bank,25.00,2026-07-01T00:00:00Z
SRC-PR-00991,R00991,PL0346,2026-01-11,app,5.00,2026-07-01T00:00:00Z
SRC-PR-00992,R00992,PL0347,2026-02-12,store,10.00,2026-07-01T00:00:00Z
SRC-PR-00993,R00993,PL0348,2026-03-13,bank,15.00,2026-07-01T00:00:00Z
SRC-PR-00994,R00994,PL0349,2026-04-14,app,20.00,2026-07-01T00:00:00Z
SRC-PR-00995,R00995,PL0350,2026-05-15,store,25.00,2026-07-01T00:00:00Z
SRC-PR-00996,R00996,PL0351,2026-06-16,bank,5.00,2026-07-01T00:00:00Z
SRC-PR-00997,R00997,PL0352,2026-01-17,app,10.00,2026-07-01T00:00:00Z
SRC-PR-00998,R00998,PL0353,2026-02-18,store,15.00,2026-07-01T00:00:00Z
SRC-PR-00999,R00999,PL0354,2026-03-19,bank,20.00,2026-07-01T00:00:00Z
SRC-PR-01000,R01000,PL0355,2026-04-20,app,25.00,2026-07-01T00:00:00Z
SRC-PR-01001,R01001,PL0356,2026-05-21,store,5.00,2026-07-01T00:00:00Z
SRC-PR-01002,R01002,PL0357,2026-06-22,bank,10.00,2026-07-01T00:00:00Z
SRC-PR-01003,R01003,PL0358,2026-01-23,app,15.00,2026-07-01T00:00:00Z
SRC-PR-01004,R01004,PL0359,2026-02-24,store,20.00,2026-07-01T00:00:00Z
SRC-PR-01005,R01005,PL0360,2026-03-25,bank,25.00,2026-07-01T00:00:00Z
SRC-PR-01006,R01006,PL0361,2026-04-26,app,5.00,2026-07-01T00:00:00Z
SRC-PR-01007,R01007,PL0362,2026-05-27,store,10.00,2026-07-01T00:00:00Z
SRC-PR-01008,R01008,PL0363,2026-06-28,bank,15.00,2026-07-01T00:00:00Z
SRC-PR-01009,R01009,PL0364,2026-01-01,app,20.00,2026-07-01T00:00:00Z
SRC-PR-01010,R01010,PL0365,2026-02-02,store,25.00,2026-07-01T00:00:00Z
SRC-PR-01011,R01011,PL0366,2026-03-03,bank,5.00,2026-07-01T00:00:00Z
SRC-PR-01012,R01012,PL0367,2026-04-04,app,10.00,2026-07-01T00:00:00Z
SRC-PR-01013,R01013,PL0368,2026-05-05,store,15.00,2026-07-01T00:00:00Z
SRC-PR-01014,R01014,PL0369,2026-06-06,bank,20.00,2026-07-01T00:00:00Z
SRC-PR-01015,R01015,PL0370,2026-01-07,app,25.00,2026-07-01T00:00:00Z
SRC-PR-01016,R01016,PL0371,2026-02-08,store,5.00,2026-07-01T00:00:00Z
SRC-PR-01017,R01017,PL0372,2026-03-09,bank,10.00,2026-07-01T00:00:00Z
SRC-PR-01018,R01018,PL0373,2026-04-10,app,15.00,2026-07-01T00:00:00Z
SRC-PR-01019,R01019,PL0374,2026-05-11,store,20.00,2026-07-01T00:00:00Z
SRC-PR-01020,R01020,PL0375,2026-06-12,bank,25.00,2026-07-01T00:00:00Z
SRC-PR-01021,R01021,PL0376,2026-01-13,app,5.00,2026-07-01T00:00:00Z
SRC-PR-01022,R01022,PL0377,2026-02-14,store,10.00,2026-07-01T00:00:00Z
SRC-PR-01023,R01023,PL0378,2026-03-15,bank,15.00,2026-07-01T00:00:00Z
SRC-PR-01024,R01024,PL0379,2026-04-16,app,20.00,2026-07-01T00:00:00Z
SRC-PR-01025,R01025,PL0380,2026-05-17,store,25.00,2026-07-01T00:00:00Z
SRC-PR-01026,R01026,PL0381,2026-06-18,bank,5.00,2026-07-01T00:00:00Z
SRC-PR-01027,R01027,PL0382,2026-01-19,app,10.00,2026-07-01T00:00:00Z
SRC-PR-01028,R01028,PL0383,2026-02-20,store,15.00,2026-07-01T00:00:00Z
SRC-PR-01029,R01029,PL0384,2026-03-21,bank,20.00,2026-07-01T00:00:00Z
SRC-PR-01030,R01030,PL0385,2026-04-22,app,25.00,2026-07-01T00:00:00Z
SRC-PR-01031,R01031,PL0386,2026-05-23,store,5.00,2026-07-01T00:00:00Z
SRC-PR-01032,R01032,PL0387,2026-06-24,bank,10.00,2026-07-01T00:00:00Z
SRC-PR-01033,R01033,PL0388,2026-01-25,app,15.00,2026-07-01T00:00:00Z
SRC-PR-01034,R01034,PL0389,2026-02-26,store,20.00,2026-07-01T00:00:00Z
SRC-PR-01035,R01035,PL0390,2026-03-27,bank,25.00,2026-07-01T00:00:00Z
SRC-PR-01036,R01036,PL0391,2026-04-28,app,5.00,2026-07-01T00:00:00Z
SRC-PR-01037,R01037,PL0392,2026-05-01,store,10.00,2026-07-01T00:00:00Z
SRC-PR-01038,R01038,PL0393,2026-06-02,bank,15.00,2026-07-01T00:00:00Z
SRC-PR-01039,R01039,PL0394,2026-01-03,app,20.00,2026-07-01T00:00:00Z
SRC-PR-01040,R01040,PL0395,2026-02-04,store,25.00,2026-07-01T00:00:00Z
SRC-PR-01041,R01041,PL0396,2026-03-05,bank,5.00,2026-07-01T00:00:00Z
SRC-PR-01042,R01042,PL0397,2026-04-06,app,10.00,2026-07-01T00:00:00Z
SRC-PR-01043,R01043,PL0398,2026-05-07,store,15.00,2026-07-01T00:00:00Z
SRC-PR-01044,R01044,PL0399,2026-06-08,bank,20.00,2026-07-01T00:00:00Z
SRC-PR-01045,R01045,PL0400,2026-01-09,app,25.00,2026-07-01T00:00:00Z
SRC-PR-01046,R01046,PL0401,2026-02-10,store,5.00,2026-07-01T00:00:00Z
SRC-PR-01047,R01047,PL0402,2026-03-11,bank,10.00,2026-07-01T00:00:00Z
SRC-PR-01048,R01048,PL0403,2026-04-12,app,15.00,2026-07-01T00:00:00Z
SRC-PR-01049,R01049,PL0404,2026-05-13,store,20.00,2026-07-01T00:00:00Z
SRC-PR-01050,R01050,PL0405,2026-06-14,bank,25.00,2026-07-01T00:00:00Z
SRC-PR-01051,R01051,PL0406,2026-01-15,app,5.00,2026-07-01T00:00:00Z
SRC-PR-01052,R01052,PL0407,2026-02-16,store,10.00,2026-07-01T00:00:00Z
SRC-PR-01053,R01053,PL0408,2026-03-17,bank,15.00,2026-07-01T00:00:00Z
SRC-PR-01054,R01054,PL0409,2026-04-18,app,20.00,2026-07-01T00:00:00Z
SRC-PR-01055,R01055,PL0410,2026-05-19,store,25.00,2026-07-01T00:00:00Z
SRC-PR-01056,R01056,PL0411,2026-06-20,bank,5.00,2026-07-01T00:00:00Z
SRC-PR-01057,R01057,PL0412,2026-01-21,app,10.00,2026-07-01T00:00:00Z
SRC-PR-01058,R01058,PL0413,2026-02-22,store,15.00,2026-07-01T00:00:00Z
SRC-PR-01059,R01059,PL0414,2026-03-23,bank,20.00,2026-07-01T00:00:00Z
SRC-PR-01060,R01060,PL0415,2026-04-24,app,25.00,2026-07-01T00:00:00Z
SRC-PR-01061,R01061,PL0416,2026-05-25,store,5.00,2026-07-01T00:00:00Z
SRC-PR-01062,R01062,PL0417,2026-06-26,bank,10.00,2026-07-01T00:00:00Z
SRC-PR-01063,R01063,PL0418,2026-01-27,app,15.00,2026-07-01T00:00:00Z
SRC-PR-01064,R01064,PL0419,2026-02-28,store,20.00,2026-07-01T00:00:00Z
SRC-PR-01065,R01065,PL0420,2026-03-01,bank,25.00,2026-07-01T00:00:00Z
SRC-PR-01066,R01066,PL0421,2026-04-02,app,5.00,2026-07-01T00:00:00Z
SRC-PR-01067,R01067,PL0422,2026-05-03,store,10.00,2026-07-01T00:00:00Z
SRC-PR-01068,R01068,PL0423,2026-06-04,bank,15.00,2026-07-01T00:00:00Z
SRC-PR-01069,R01069,PL0424,2026-01-05,app,20.00,2026-07-01T00:00:00Z
SRC-PR-01070,R01070,PL0425,2026-02-06,store,25.00,2026-07-01T00:00:00Z
SRC-PR-01071,R01071,PL0426,2026-03-07,bank,5.00,2026-07-01T00:00:00Z
SRC-PR-01072,R01072,PL0427,2026-04-08,app,10.00,2026-07-01T00:00:00Z
SRC-PR-01073,R01073,PL0428,2026-05-09,store,15.00,2026-07-01T00:00:00Z
SRC-PR-01074,R01074,PL0429,2026-06-10,bank,20.00,2026-07-01T00:00:00Z
SRC-PR-01075,R01075,PL0430,2026-01-11,app,25.00,2026-07-01T00:00:00Z
SRC-PR-01076,R01076,PL0431,2026-02-12,store,5.00,2026-07-01T00:00:00Z
SRC-PR-01077,R01077,PL0432,2026-03-13,bank,10.00,2026-07-01T00:00:00Z
SRC-PR-01078,R01078,PL0433,2026-04-14,app,15.00,2026-07-01T00:00:00Z
SRC-PR-01079,R01079,PL0434,2026-05-15,store,20.00,2026-07-01T00:00:00Z
SRC-PR-01080,R01080,PL0435,2026-06-16,bank,25.00,2026-07-01T00:00:00Z
SRC-PR-01081,R01081,PL0436,2026-01-17,app,5.00,2026-07-01T00:00:00Z
SRC-PR-01082,R01082,PL0437,2026-02-18,store,10.00,2026-07-01T00:00:00Z
SRC-PR-01083,R01083,PL0438,2026-03-19,bank,15.00,2026-07-01T00:00:00Z
SRC-PR-01084,R01084,PL0439,2026-04-20,app,20.00,2026-07-01T00:00:00Z
SRC-PR-01085,R01085,PL0440,2026-05-21,store,25.00,2026-07-01T00:00:00Z
SRC-PR-01086,R01086,PL0441,2026-06-22,bank,5.00,2026-07-01T00:00:00Z
SRC-PR-01087,R01087,PL0442,2026-01-23,app,10.00,2026-07-01T00:00:00Z
SRC-PR-01088,R01088,PL0443,2026-02-24,store,15.00,2026-07-01T00:00:00Z
SRC-PR-01089,R01089,PL0444,2026-03-25,bank,20.00,2026-07-01T00:00:00Z
SRC-PR-01090,R01090,PL0445,2026-04-26,app,25.00,2026-07-01T00:00:00Z
SRC-PR-01091,R01091,PL0446,2026-05-27,store,5.00,2026-07-01T00:00:00Z
SRC-PR-01092,R01092,PL0447,2026-06-28,bank,10.00,2026-07-01T00:00:00Z
SRC-PR-01093,R01093,PL0448,2026-01-01,app,15.00,2026-07-01T00:00:00Z
SRC-PR-01094,R01094,PL0449,2026-02-02,store,20.00,2026-07-01T00:00:00Z
SRC-PR-01095,R01095,PL0450,2026-03-03,bank,25.00,2026-07-01T00:00:00Z
SRC-PR-01096,R01096,PL0451,2026-04-04,app,5.00,2026-07-01T00:00:00Z
SRC-PR-01097,R01097,PL0452,2026-05-05,store,10.00,2026-07-01T00:00:00Z
SRC-PR-01098,R01098,PL0453,2026-06-06,bank,15.00,2026-07-01T00:00:00Z
SRC-PR-01099,R01099,PL0454,2026-01-07,app,20.00,2026-07-01T00:00:00Z
SRC-PR-01100,R01100,PL0455,2026-02-08,store,25.00,2026-07-01T00:00:00Z
SRC-PR-01101,R01101,PL0456,2026-03-09,bank,5.00,2026-07-01T00:00:00Z
SRC-PR-01102,R01102,PL0457,2026-04-10,app,10.00,2026-07-01T00:00:00Z
SRC-PR-01103,R01103,PL0458,2026-05-11,store,15.00,2026-07-01T00:00:00Z
SRC-PR-01104,R01104,PL0459,2026-06-12,bank,20.00,2026-07-01T00:00:00Z
SRC-PR-01105,R01105,PL0460,2026-01-13,app,25.00,2026-07-01T00:00:00Z
SRC-PR-01106,R01106,PL0461,2026-02-14,store,5.00,2026-07-01T00:00:00Z
SRC-PR-01107,R01107,PL0462,2026-03-15,bank,10.00,2026-07-01T00:00:00Z
SRC-PR-01108,R01108,PL0463,2026-04-16,app,15.00,2026-07-01T00:00:00Z
SRC-PR-01109,R01109,PL0464,2026-05-17,store,20.00,2026-07-01T00:00:00Z
SRC-PR-01110,R01110,PL0465,2026-06-18,bank,25.00,2026-07-01T00:00:00Z
SRC-PR-01111,R01111,PL0466,2026-01-19,app,5.00,2026-07-01T00:00:00Z
SRC-PR-01112,R01112,PL0467,2026-02-20,store,10.00,2026-07-01T00:00:00Z
SRC-PR-01113,R01113,PL0468,2026-03-21,bank,15.00,2026-07-01T00:00:00Z
SRC-PR-01114,R01114,PL0469,2026-04-22,app,20.00,2026-07-01T00:00:00Z
SRC-PR-01115,R01115,PL0470,2026-05-23,store,25.00,2026-07-01T00:00:00Z
SRC-PR-01116,R01116,PL0471,2026-06-24,bank,5.00,2026-07-01T00:00:00Z
SRC-PR-01117,R01117,PL0472,2026-01-25,app,10.00,2026-07-01T00:00:00Z
SRC-PR-01118,R01118,PL0473,2026-02-26,store,15.00,2026-07-01T00:00:00Z
SRC-PR-01119,R01119,PL0474,2026-03-27,bank,20.00,2026-07-01T00:00:00Z
SRC-PR-01120,R01120,PL0475,2026-04-28,app,25.00,2026-07-01T00:00:00Z
SRC-PR-01121,R01121,PL0476,2026-05-01,store,5.00,2026-07-01T00:00:00Z
SRC-PR-01122,R01122,PL0477,2026-06-02,bank,10.00,2026-07-01T00:00:00Z
SRC-PR-01123,R01123,PL0478,2026-01-03,app,15.00,2026-07-01T00:00:00Z
SRC-PR-01124,R01124,PL0479,2026-02-04,store,20.00,2026-07-01T00:00:00Z
SRC-PR-01125,R01125,PL0480,2026-03-05,bank,25.00,2026-07-01T00:00:00Z
SRC-PR-01126,R01126,PL0481,2026-04-06,app,5.00,2026-07-01T00:00:00Z
SRC-PR-01127,R01127,PL0482,2026-05-07,store,10.00,2026-07-01T00:00:00Z
SRC-PR-01128,R01128,PL0483,2026-06-08,bank,15.00,2026-07-01T00:00:00Z
SRC-PR-01129,R01129,PL0484,2026-01-09,app,20.00,2026-07-01T00:00:00Z
SRC-PR-01130,R01130,PL0485,2026-02-10,store,25.00,2026-07-01T00:00:00Z
SRC-PR-01131,R01131,PL0486,2026-03-11,bank,5.00,2026-07-01T00:00:00Z
SRC-PR-01132,R01132,PL0487,2026-04-12,app,10.00,2026-07-01T00:00:00Z
SRC-PR-01133,R01133,PL0488,2026-05-13,store,15.00,2026-07-01T00:00:00Z
SRC-PR-01134,R01134,PL0489,2026-06-14,bank,20.00,2026-07-01T00:00:00Z
SRC-PR-01135,R01135,PL0490,2026-01-15,app,25.00,2026-07-01T00:00:00Z
SRC-PR-01136,R01136,PL0491,2026-02-16,store,5.00,2026-07-01T00:00:00Z
SRC-PR-01137,R01137,PL0492,2026-03-17,bank,10.00,2026-07-01T00:00:00Z
SRC-PR-01138,R01138,PL0493,2026-04-18,app,15.00,2026-07-01T00:00:00Z
SRC-PR-01139,R01139,PL0494,2026-05-19,store,20.00,2026-07-01T00:00:00Z
SRC-PR-01140,R01140,PL0495,2026-06-20,bank,25.00,2026-07-01T00:00:00Z
SRC-PR-01141,R01141,PL0496,2026-01-21,app,5.00,2026-07-01T00:00:00Z
SRC-PR-01142,R01142,PL0497,2026-02-22,store,10.00,2026-07-01T00:00:00Z
SRC-PR-01143,R01143,PL0498,2026-03-23,bank,15.00,2026-07-01T00:00:00Z
SRC-PR-01144,R01144,PL0499,2026-04-24,app,20.00,2026-07-01T00:00:00Z
SRC-PR-01145,R01145,PL0500,2026-05-25,store,25.00,2026-07-01T00:00:00Z
SRC-PR-01146,R01146,PL0501,2026-06-26,bank,5.00,2026-07-01T00:00:00Z
SRC-PR-01147,R01147,PL0502,2026-01-27,app,10.00,2026-07-01T00:00:00Z
SRC-PR-01148,R01148,PL0503,2026-02-28,store,15.00,2026-07-01T00:00:00Z
SRC-PR-01149,R01149,PL0504,2026-03-01,bank,20.00,2026-07-01T00:00:00Z
SRC-PR-01150,R01150,PL0505,2026-04-02,app,25.00,2026-07-01T00:00:00Z
SRC-PR-01151,R01151,PL0506,2026-05-03,store,5.00,2026-07-01T00:00:00Z
SRC-PR-01152,R01152,PL0507,2026-06-04,bank,10.00,2026-07-01T00:00:00Z
SRC-PR-01153,R01153,PL0508,2026-01-05,app,15.00,2026-07-01T00:00:00Z
SRC-PR-01154,R01154,PL0509,2026-02-06,store,20.00,2026-07-01T00:00:00Z
SRC-PR-01155,R01155,PL0510,2026-03-07,bank,25.00,2026-07-01T00:00:00Z
SRC-PR-01156,R01156,PL0511,2026-04-08,app,5.00,2026-07-01T00:00:00Z
SRC-PR-01157,R01157,PL0512,2026-05-09,store,10.00,2026-07-01T00:00:00Z
SRC-PR-01158,R01158,PL0513,2026-06-10,bank,15.00,2026-07-01T00:00:00Z
SRC-PR-01159,R01159,PL0514,2026-01-11,app,20.00,2026-07-01T00:00:00Z
SRC-PR-01160,R01160,PL0515,2026-02-12,store,25.00,2026-07-01T00:00:00Z
SRC-PR-01161,R01161,PL0516,2026-03-13,bank,5.00,2026-07-01T00:00:00Z
SRC-PR-01162,R01162,PL0517,2026-04-14,app,10.00,2026-07-01T00:00:00Z
SRC-PR-01163,R01163,PL0518,2026-05-15,store,15.00,2026-07-01T00:00:00Z
SRC-PR-01164,R01164,PL0519,2026-06-16,bank,20.00,2026-07-01T00:00:00Z
SRC-PR-01165,R01165,PL0520,2026-01-17,app,25.00,2026-07-01T00:00:00Z
SRC-PR-01166,R01166,PL0521,2026-02-18,store,5.00,2026-07-01T00:00:00Z
SRC-PR-01167,R01167,PL0522,2026-03-19,bank,10.00,2026-07-01T00:00:00Z
SRC-PR-01168,R01168,PL0523,2026-04-20,app,15.00,2026-07-01T00:00:00Z
SRC-PR-01169,R01169,PL0524,2026-05-21,store,20.00,2026-07-01T00:00:00Z
SRC-PR-01170,R01170,PL0525,2026-06-22,bank,25.00,2026-07-01T00:00:00Z
SRC-PR-01171,R01171,PL0526,2026-01-23,app,5.00,2026-07-01T00:00:00Z
SRC-PR-01172,R01172,PL0527,2026-02-24,store,10.00,2026-07-01T00:00:00Z
SRC-PR-01173,R01173,PL0528,2026-03-25,bank,15.00,2026-07-01T00:00:00Z
SRC-PR-01174,R01174,PL0529,2026-04-26,app,20.00,2026-07-01T00:00:00Z
SRC-PR-01175,R01175,PL0530,2026-05-27,store,25.00,2026-07-01T00:00:00Z
SRC-PR-01176,R01176,PL0531,2026-06-28,bank,5.00,2026-07-01T00:00:00Z
SRC-PR-01177,R01177,PL0532,2026-01-01,app,10.00,2026-07-01T00:00:00Z
SRC-PR-01178,R01178,PL0533,2026-02-02,store,15.00,2026-07-01T00:00:00Z
SRC-PR-01179,R01179,PL0534,2026-03-03,bank,20.00,2026-07-01T00:00:00Z
SRC-PR-01180,R01180,PL0535,2026-04-04,app,25.00,2026-07-01T00:00:00Z
SRC-PR-01181,R01181,PL0536,2026-05-05,store,5.00,2026-07-01T00:00:00Z
SRC-PR-01182,R01182,PL0537,2026-06-06,bank,10.00,2026-07-01T00:00:00Z
SRC-PR-01183,R01183,PL0538,2026-01-07,app,15.00,2026-07-01T00:00:00Z
SRC-PR-01184,R01184,PL0539,2026-02-08,store,20.00,2026-07-01T00:00:00Z
SRC-PR-01185,R01185,PL0540,2026-03-09,bank,25.00,2026-07-01T00:00:00Z
SRC-PR-01186,R01186,PL0541,2026-04-10,app,5.00,2026-07-01T00:00:00Z
SRC-PR-01187,R01187,PL0542,2026-05-11,store,10.00,2026-07-01T00:00:00Z
SRC-PR-01188,R01188,PL0543,2026-06-12,bank,15.00,2026-07-01T00:00:00Z
SRC-PR-01189,R01189,PL0544,2026-01-13,app,20.00,2026-07-01T00:00:00Z
SRC-PR-01190,R01190,PL0545,2026-02-14,store,25.00,2026-07-01T00:00:00Z
SRC-PR-01191,R01191,PL0546,2026-03-15,bank,5.00,2026-07-01T00:00:00Z
SRC-PR-01192,R01192,PL0547,2026-04-16,app,10.00,2026-07-01T00:00:00Z
SRC-PR-01193,R01193,PL0548,2026-05-17,store,15.00,2026-07-01T00:00:00Z
SRC-PR-01194,R01194,PL0549,2026-06-18,bank,20.00,2026-07-01T00:00:00Z
SRC-PR-01195,R01195,PL0550,2026-01-19,app,25.00,2026-07-01T00:00:00Z
SRC-PR-01196,R01196,PL0551,2026-02-20,store,5.00,2026-07-01T00:00:00Z
SRC-PR-01197,R01197,PL0552,2026-03-21,bank,10.00,2026-07-01T00:00:00Z
SRC-PR-01198,R01198,PL0553,2026-04-22,app,15.00,2026-07-01T00:00:00Z
SRC-PR-01199,R01199,PL0554,2026-05-23,store,20.00,2026-07-01T00:00:00Z
SRC-PR-01200,R01200,PL0555,2026-06-24,bank,25.00,2026-07-01T00:00:00Z
SRC-PR-01201,R01201,PL0556,2026-01-25,app,5.00,2026-07-01T00:00:00Z
SRC-PR-01202,R01202,PL0557,2026-02-26,store,10.00,2026-07-01T00:00:00Z
SRC-PR-01203,R01203,PL0558,2026-03-27,bank,15.00,2026-07-01T00:00:00Z
SRC-PR-01204,R01204,PL0559,2026-04-28,app,20.00,2026-07-01T00:00:00Z
SRC-PR-01205,R01205,PL0560,2026-05-01,store,25.00,2026-07-01T00:00:00Z
SRC-PR-01206,R01206,PL0561,2026-06-02,bank,5.00,2026-07-01T00:00:00Z
SRC-PR-01207,R01207,PL0562,2026-01-03,app,10.00,2026-07-01T00:00:00Z
SRC-PR-01208,R01208,PL0563,2026-02-04,store,15.00,2026-07-01T00:00:00Z
SRC-PR-01209,R01209,PL0564,2026-03-05,bank,20.00,2026-07-01T00:00:00Z
SRC-PR-01210,R01210,PL0565,2026-04-06,app,25.00,2026-07-01T00:00:00Z
SRC-PR-01211,R01211,PL0566,2026-05-07,store,5.00,2026-07-01T00:00:00Z
SRC-PR-01212,R01212,PL0567,2026-06-08,bank,10.00,2026-07-01T00:00:00Z
SRC-PR-01213,R01213,PL0568,2026-01-09,app,15.00,2026-07-01T00:00:00Z
SRC-PR-01214,R01214,PL0569,2026-02-10,store,20.00,2026-07-01T00:00:00Z
SRC-PR-01215,R01215,PL0570,2026-03-11,bank,25.00,2026-07-01T00:00:00Z
SRC-PR-01216,R01216,PL0571,2026-04-12,app,5.00,2026-07-01T00:00:00Z
SRC-PR-01217,R01217,PL0572,2026-05-13,store,10.00,2026-07-01T00:00:00Z
SRC-PR-01218,R01218,PL0573,2026-06-14,bank,15.00,2026-07-01T00:00:00Z
SRC-PR-01219,R01219,PL0574,2026-01-15,app,20.00,2026-07-01T00:00:00Z
SRC-PR-01220,R01220,PL0575,2026-02-16,store,25.00,2026-07-01T00:00:00Z
SRC-PR-01221,R01221,PL0576,2026-03-17,bank,5.00,2026-07-01T00:00:00Z
SRC-PR-01222,R01222,PL0577,2026-04-18,app,10.00,2026-07-01T00:00:00Z
SRC-PR-01223,R01223,PL0578,2026-05-19,store,15.00,2026-07-01T00:00:00Z
SRC-PR-01224,R01224,PL0579,2026-06-20,bank,20.00,2026-07-01T00:00:00Z
SRC-PR-01225,R01225,PL0580,2026-01-21,app,25.00,2026-07-01T00:00:00Z
SRC-PR-01226,R01226,PL0581,2026-02-22,store,5.00,2026-07-01T00:00:00Z
SRC-PR-01227,R01227,PL0582,2026-03-23,bank,10.00,2026-07-01T00:00:00Z
SRC-PR-01228,R01228,PL0583,2026-04-24,app,15.00,2026-07-01T00:00:00Z
SRC-PR-01229,R01229,PL0584,2026-05-25,store,20.00,2026-07-01T00:00:00Z
SRC-PR-01230,R01230,PL0585,2026-06-26,bank,25.00,2026-07-01T00:00:00Z
SRC-PR-01231,R01231,PL0586,2026-01-27,app,5.00,2026-07-01T00:00:00Z
SRC-PR-01232,R01232,PL0587,2026-02-28,store,10.00,2026-07-01T00:00:00Z
SRC-PR-01233,R01233,PL0588,2026-03-01,bank,15.00,2026-07-01T00:00:00Z
SRC-PR-01234,R01234,PL0589,2026-04-02,app,20.00,2026-07-01T00:00:00Z
SRC-PR-01235,R01235,PL0590,2026-05-03,store,25.00,2026-07-01T00:00:00Z
SRC-PR-01236,R01236,PL0591,2026-06-04,bank,5.00,2026-07-01T00:00:00Z
SRC-PR-01237,R01237,PL0592,2026-01-05,app,10.00,2026-07-01T00:00:00Z
SRC-PR-01238,R01238,PL0593,2026-02-06,store,15.00,2026-07-01T00:00:00Z
SRC-PR-01239,R01239,PL0594,2026-03-07,bank,20.00,2026-07-01T00:00:00Z
SRC-PR-01240,R01240,PL0595,2026-04-08,app,25.00,2026-07-01T00:00:00Z
SRC-PR-01241,R01241,PL0596,2026-05-09,store,5.00,2026-07-01T00:00:00Z
SRC-PR-01242,R01242,PL0597,2026-06-10,bank,10.00,2026-07-01T00:00:00Z
SRC-PR-01243,R01243,PL0598,2026-01-11,app,15.00,2026-07-01T00:00:00Z
SRC-PR-01244,R01244,PL0599,2026-02-12,store,20.00,2026-07-01T00:00:00Z
SRC-PR-01245,R01245,PL0600,2026-03-13,bank,25.00,2026-07-01T00:00:00Z
SRC-PR-01246,R01246,PL0601,2026-04-14,app,5.00,2026-07-01T00:00:00Z
SRC-PR-01247,R01247,PL0602,2026-05-15,store,10.00,2026-07-01T00:00:00Z
SRC-PR-01248,R01248,PL0603,2026-06-16,bank,15.00,2026-07-01T00:00:00Z
SRC-PR-01249,R01249,PL0604,2026-01-17,app,20.00,2026-07-01T00:00:00Z
SRC-PR-01250,R01250,PL0605,2026-02-18,store,25.00,2026-07-01T00:00:00Z
SRC-PR-01251,R01251,PL0606,2026-03-19,bank,5.00,2026-07-01T00:00:00Z
SRC-PR-01252,R01252,PL0607,2026-04-20,app,10.00,2026-07-01T00:00:00Z
SRC-PR-01253,R01253,PL0608,2026-05-21,store,15.00,2026-07-01T00:00:00Z
SRC-PR-01254,R01254,PL0609,2026-06-22,bank,20.00,2026-07-01T00:00:00Z
SRC-PR-01255,R01255,PL0610,2026-01-23,app,25.00,2026-07-01T00:00:00Z
SRC-PR-01256,R01256,PL0611,2026-02-24,store,5.00,2026-07-01T00:00:00Z
SRC-PR-01257,R01257,PL0612,2026-03-25,bank,10.00,2026-07-01T00:00:00Z
SRC-PR-01258,R01258,PL0613,2026-04-26,app,15.00,2026-07-01T00:00:00Z
SRC-PR-01259,R01259,PL0614,2026-05-27,store,20.00,2026-07-01T00:00:00Z
SRC-PR-01260,R01260,PL0615,2026-06-28,bank,25.00,2026-07-01T00:00:00Z
SRC-PR-01261,R01261,PL0616,2026-01-01,app,5.00,2026-07-01T00:00:00Z
SRC-PR-01262,R01262,PL0617,2026-02-02,store,10.00,2026-07-01T00:00:00Z
SRC-PR-01263,R01263,PL0618,2026-03-03,bank,15.00,2026-07-01T00:00:00Z
SRC-PR-01264,R01264,PL0619,2026-04-04,app,20.00,2026-07-01T00:00:00Z
SRC-PR-01265,R01265,PL0620,2026-05-05,store,25.00,2026-07-01T00:00:00Z
SRC-PR-01266,R01266,PL0621,2026-06-06,bank,5.00,2026-07-01T00:00:00Z
SRC-PR-01267,R01267,PL0622,2026-01-07,app,10.00,2026-07-01T00:00:00Z
SRC-PR-01268,R01268,PL0623,2026-02-08,store,15.00,2026-07-01T00:00:00Z
SRC-PR-01269,R01269,PL0624,2026-03-09,bank,20.00,2026-07-01T00:00:00Z
SRC-PR-01270,R01270,PL0625,2026-04-10,app,25.00,2026-07-01T00:00:00Z
SRC-PR-01271,R01271,PL0626,2026-05-11,store,5.00,2026-07-01T00:00:00Z
SRC-PR-01272,R01272,PL0627,2026-06-12,bank,10.00,2026-07-01T00:00:00Z
SRC-PR-01273,R01273,PL0628,2026-01-13,app,15.00,2026-07-01T00:00:00Z
SRC-PR-01274,R01274,PL0629,2026-02-14,store,20.00,2026-07-01T00:00:00Z
SRC-PR-01275,R01275,PL0630,2026-03-15,bank,25.00,2026-07-01T00:00:00Z
SRC-PR-01276,R01276,PL0631,2026-04-16,app,5.00,2026-07-01T00:00:00Z
SRC-PR-01277,R01277,PL0632,2026-05-17,store,10.00,2026-07-01T00:00:00Z
SRC-PR-01278,R01278,PL0633,2026-06-18,bank,15.00,2026-07-01T00:00:00Z
SRC-PR-01279,R01279,PL0634,2026-01-19,app,20.00,2026-07-01T00:00:00Z
SRC-PR-01280,R01280,PL0635,2026-02-20,store,25.00,2026-07-01T00:00:00Z
SRC-PR-01281,R01281,PL0636,2026-03-21,bank,5.00,2026-07-01T00:00:00Z
SRC-PR-01282,R01282,PL0637,2026-04-22,app,10.00,2026-07-01T00:00:00Z
SRC-PR-01283,R01283,PL0638,2026-05-23,store,15.00,2026-07-01T00:00:00Z
SRC-PR-01284,R01284,PL0639,2026-06-24,bank,20.00,2026-07-01T00:00:00Z
SRC-PR-01285,R01285,PL0640,2026-01-25,app,25.00,2026-07-01T00:00:00Z
SRC-PR-01286,R01286,PL0641,2026-02-26,store,5.00,2026-07-01T00:00:00Z
SRC-PR-01287,R01287,PL0642,2026-03-27,bank,10.00,2026-07-01T00:00:00Z
SRC-PR-01288,R01288,PL0643,2026-04-28,app,15.00,2026-07-01T00:00:00Z
SRC-PR-01289,R01289,PL0644,2026-05-01,store,20.00,2026-07-01T00:00:00Z
SRC-PR-01290,R01290,PL0645,2026-06-02,bank,25.00,2026-07-01T00:00:00Z
SRC-PR-01291,R01291,PL0001,2026-01-03,app,5.00,2026-07-01T00:00:00Z
SRC-PR-01292,R01292,PL0002,2026-02-04,store,10.00,2026-07-01T00:00:00Z
SRC-PR-01293,R01293,PL0003,2026-03-05,bank,15.00,2026-07-01T00:00:00Z
SRC-PR-01294,R01294,PL0004,2026-04-06,app,20.00,2026-07-01T00:00:00Z
SRC-PR-01295,R01295,PL0005,2026-05-07,store,25.00,2026-07-01T00:00:00Z
SRC-PR-01296,R01296,PL0006,2026-06-08,bank,5.00,2026-07-01T00:00:00Z
SRC-PR-01297,R01297,PL0007,2026-01-09,app,10.00,2026-07-01T00:00:00Z
SRC-PR-01298,R01298,PL0008,2026-02-10,store,15.00,2026-07-01T00:00:00Z
SRC-PR-01299,R01299,PL0009,2026-03-11,bank,20.00,2026-07-01T00:00:00Z
SRC-PR-01300,R01300,PL0010,2026-04-12,app,25.00,2026-07-01T00:00:00Z
SRC-PR-01301,R01301,PL0011,2026-05-13,store,5.00,2026-07-01T00:00:00Z
SRC-PR-01302,R01302,PL0012,2026-06-14,bank,10.00,2026-07-01T00:00:00Z
SRC-PR-01303,R01303,PL0013,2026-01-15,app,15.00,2026-07-01T00:00:00Z
SRC-PR-01304,R01304,PL0014,2026-02-16,store,20.00,2026-07-01T00:00:00Z
SRC-PR-01305,R01305,PL0015,2026-03-17,bank,25.00,2026-07-01T00:00:00Z
SRC-PR-01306,R01306,PL0016,2026-04-18,app,5.00,2026-07-01T00:00:00Z
SRC-PR-01307,R01307,PL0017,2026-05-19,store,10.00,2026-07-01T00:00:00Z
SRC-PR-01308,R01308,PL0018,2026-06-20,bank,15.00,2026-07-01T00:00:00Z
SRC-PR-01309,R01309,PL0019,2026-01-21,app,20.00,2026-07-01T00:00:00Z
SRC-PR-01310,R01310,PL0020,2026-02-22,store,25.00,2026-07-01T00:00:00Z
SRC-PR-01311,R01311,PL0021,2026-03-23,bank,5.00,2026-07-01T00:00:00Z
SRC-PR-01312,R01312,PL0022,2026-04-24,app,10.00,2026-07-01T00:00:00Z
SRC-PR-01313,R01313,PL0023,2026-05-25,store,15.00,2026-07-01T00:00:00Z
SRC-PR-01314,R01314,PL0024,2026-06-26,bank,20.00,2026-07-01T00:00:00Z
SRC-PR-01315,R01315,PL0025,2026-01-27,app,25.00,2026-07-01T00:00:00Z
SRC-PR-01316,R01316,PL0026,2026-02-28,store,5.00,2026-07-01T00:00:00Z
SRC-PR-01317,R01317,PL0027,2026-03-01,bank,10.00,2026-07-01T00:00:00Z
SRC-PR-01318,R01318,PL0028,2026-04-02,app,15.00,2026-07-01T00:00:00Z
SRC-PR-01319,R01319,PL0029,2026-05-03,store,20.00,2026-07-01T00:00:00Z
SRC-PR-01320,R01320,PL0030,2026-06-04,bank,25.00,2026-07-01T00:00:00Z
SRC-PR-01321,R01321,PL0031,2026-01-05,app,5.00,2026-07-01T00:00:00Z
SRC-PR-01322,R01322,PL0032,2026-02-06,store,10.00,2026-07-01T00:00:00Z
SRC-PR-01323,R01323,PL0033,2026-03-07,bank,15.00,2026-07-01T00:00:00Z
SRC-PR-01324,R01324,PL0034,2026-04-08,app,20.00,2026-07-01T00:00:00Z
SRC-PR-01325,R01325,PL0035,2026-05-09,store,25.00,2026-07-01T00:00:00Z
SRC-PR-01326,R01326,PL0036,2026-06-10,bank,5.00,2026-07-01T00:00:00Z
SRC-PR-01327,R01327,PL0037,2026-01-11,app,10.00,2026-07-01T00:00:00Z
SRC-PR-01328,R01328,PL0038,2026-02-12,store,15.00,2026-07-01T00:00:00Z
SRC-PR-01329,R01329,PL0039,2026-03-13,bank,20.00,2026-07-01T00:00:00Z
SRC-PR-01330,R01330,PL0040,2026-04-14,app,25.00,2026-07-01T00:00:00Z
SRC-PR-01331,R01331,PL0041,2026-05-15,store,5.00,2026-07-01T00:00:00Z
SRC-PR-01332,R01332,PL0042,2026-06-16,bank,10.00,2026-07-01T00:00:00Z
SRC-PR-01333,R01333,PL0043,2026-01-17,app,15.00,2026-07-01T00:00:00Z
SRC-PR-01334,R01334,PL0044,2026-02-18,store,20.00,2026-07-01T00:00:00Z
SRC-PR-01335,R01335,PL0045,2026-03-19,bank,25.00,2026-07-01T00:00:00Z
SRC-PR-01336,R01336,PL0046,2026-04-20,app,5.00,2026-07-01T00:00:00Z
SRC-PR-01337,R01337,PL0047,2026-05-21,store,10.00,2026-07-01T00:00:00Z
SRC-PR-01338,R01338,PL0048,2026-06-22,bank,15.00,2026-07-01T00:00:00Z
SRC-PR-01339,R01339,PL0049,2026-01-23,app,20.00,2026-07-01T00:00:00Z
SRC-PR-01340,R01340,PL0050,2026-02-24,store,25.00,2026-07-01T00:00:00Z
SRC-PR-01341,R01341,PL0051,2026-03-25,bank,5.00,2026-07-01T00:00:00Z
SRC-PR-01342,R01342,PL0052,2026-04-26,app,10.00,2026-07-01T00:00:00Z
SRC-PR-01343,R01343,PL0053,2026-05-27,store,15.00,2026-07-01T00:00:00Z
SRC-PR-01344,R01344,PL0054,2026-06-28,bank,20.00,2026-07-01T00:00:00Z
SRC-PR-01345,R01345,PL0055,2026-01-01,app,25.00,2026-07-01T00:00:00Z
SRC-PR-01346,R01346,PL0056,2026-02-02,store,5.00,2026-07-01T00:00:00Z
SRC-PR-01347,R01347,PL0057,2026-03-03,bank,10.00,2026-07-01T00:00:00Z
SRC-PR-01348,R01348,PL0058,2026-04-04,app,15.00,2026-07-01T00:00:00Z
SRC-PR-01349,R01349,PL0059,2026-05-05,store,20.00,2026-07-01T00:00:00Z
SRC-PR-01350,R01350,PL0060,2026-06-06,bank,25.00,2026-07-01T00:00:00Z
SRC-PR-01351,R01351,PL0061,2026-01-07,app,5.00,2026-07-01T00:00:00Z
SRC-PR-01352,R01352,PL0062,2026-02-08,store,10.00,2026-07-01T00:00:00Z
SRC-PR-01353,R01353,PL0063,2026-03-09,bank,15.00,2026-07-01T00:00:00Z
SRC-PR-01354,R01354,PL0064,2026-04-10,app,20.00,2026-07-01T00:00:00Z
SRC-PR-01355,R01355,PL0065,2026-05-11,store,25.00,2026-07-01T00:00:00Z
SRC-PR-01356,R01356,PL0066,2026-06-12,bank,5.00,2026-07-01T00:00:00Z
SRC-PR-01357,R01357,PL0067,2026-01-13,app,10.00,2026-07-01T00:00:00Z
SRC-PR-01358,R01358,PL0068,2026-02-14,store,15.00,2026-07-01T00:00:00Z
SRC-PR-01359,R01359,PL0069,2026-03-15,bank,20.00,2026-07-01T00:00:00Z
SRC-PR-01360,R01360,PL0070,2026-04-16,app,25.00,2026-07-01T00:00:00Z
SRC-PR-01361,R01361,PL0071,2026-05-17,store,5.00,2026-07-01T00:00:00Z
SRC-PR-01362,R01362,PL0072,2026-06-18,bank,10.00,2026-07-01T00:00:00Z
SRC-PR-01363,R01363,PL0073,2026-01-19,app,15.00,2026-07-01T00:00:00Z
SRC-PR-01364,R01364,PL0074,2026-02-20,store,20.00,2026-07-01T00:00:00Z
SRC-PR-01365,R01365,PL0075,2026-03-21,bank,25.00,2026-07-01T00:00:00Z
SRC-PR-01366,R01366,PL0076,2026-04-22,app,5.00,2026-07-01T00:00:00Z
SRC-PR-01367,R01367,PL0077,2026-05-23,store,10.00,2026-07-01T00:00:00Z
SRC-PR-01368,R01368,PL0078,2026-06-24,bank,15.00,2026-07-01T00:00:00Z
SRC-PR-01369,R01369,PL0079,2026-01-25,app,20.00,2026-07-01T00:00:00Z
SRC-PR-01370,R01370,PL0080,2026-02-26,store,25.00,2026-07-01T00:00:00Z
SRC-PR-01371,R01371,PL0081,2026-03-27,bank,5.00,2026-07-01T00:00:00Z
SRC-PR-01372,R01372,PL0082,2026-04-28,app,10.00,2026-07-01T00:00:00Z
SRC-PR-01373,R01373,PL0083,2026-05-01,store,15.00,2026-07-01T00:00:00Z
SRC-PR-01374,R01374,PL0084,2026-06-02,bank,20.00,2026-07-01T00:00:00Z
SRC-PR-01375,R01375,PL0085,2026-01-03,app,25.00,2026-07-01T00:00:00Z
SRC-PR-01376,R01376,PL0086,2026-02-04,store,5.00,2026-07-01T00:00:00Z
SRC-PR-01377,R01377,PL0087,2026-03-05,bank,10.00,2026-07-01T00:00:00Z
SRC-PR-01378,R01378,PL0088,2026-04-06,app,15.00,2026-07-01T00:00:00Z
SRC-PR-01379,R01379,PL0089,2026-05-07,store,20.00,2026-07-01T00:00:00Z
SRC-PR-01380,R01380,PL0090,2026-06-08,bank,25.00,2026-07-01T00:00:00Z
SRC-PR-01381,R01381,PL0091,2026-01-09,app,5.00,2026-07-01T00:00:00Z
SRC-PR-01382,R01382,PL0092,2026-02-10,store,10.00,2026-07-01T00:00:00Z
SRC-PR-01383,R01383,PL0093,2026-03-11,bank,15.00,2026-07-01T00:00:00Z
SRC-PR-01384,R01384,PL0094,2026-04-12,app,20.00,2026-07-01T00:00:00Z
SRC-PR-01385,R01385,PL0095,2026-05-13,store,25.00,2026-07-01T00:00:00Z
SRC-PR-01386,R01386,PL0096,2026-06-14,bank,5.00,2026-07-01T00:00:00Z
SRC-PR-01387,R01387,PL0097,2026-01-15,app,10.00,2026-07-01T00:00:00Z
SRC-PR-01388,R01388,PL0098,2026-02-16,store,15.00,2026-07-01T00:00:00Z
SRC-PR-01389,R01389,PL0099,2026-03-17,bank,20.00,2026-07-01T00:00:00Z
SRC-PR-01390,R01390,PL0100,2026-04-18,app,25.00,2026-07-01T00:00:00Z
SRC-PR-01391,R01391,PL0101,2026-05-19,store,5.00,2026-07-01T00:00:00Z
SRC-PR-01392,R01392,PL0102,2026-06-20,bank,10.00,2026-07-01T00:00:00Z
SRC-PR-01393,R01393,PL0103,2026-01-21,app,15.00,2026-07-01T00:00:00Z
SRC-PR-01394,R01394,PL0104,2026-02-22,store,20.00,2026-07-01T00:00:00Z
SRC-PR-01395,R01395,PL0105,2026-03-23,bank,25.00,2026-07-01T00:00:00Z
SRC-PR-01396,R01396,PL0106,2026-04-24,app,5.00,2026-07-01T00:00:00Z
SRC-PR-01397,R01397,PL0107,2026-05-25,store,10.00,2026-07-01T00:00:00Z
SRC-PR-01398,R01398,PL0108,2026-06-26,bank,15.00,2026-07-01T00:00:00Z
SRC-PR-01399,R01399,PL0109,2026-01-27,app,20.00,2026-07-01T00:00:00Z
SRC-PR-01400,R01400,PL0110,2026-02-28,store,25.00,2026-07-01T00:00:00Z
SRC-PR-01401,R01401,PL0111,2026-03-01,bank,5.00,2026-07-01T00:00:00Z
SRC-PR-01402,R01402,PL0112,2026-04-02,app,10.00,2026-07-01T00:00:00Z
SRC-PR-01403,R01403,PL0113,2026-05-03,store,15.00,2026-07-01T00:00:00Z
SRC-PR-01404,R01404,PL0114,2026-06-04,bank,20.00,2026-07-01T00:00:00Z
SRC-PR-01405,R01405,PL0115,2026-01-05,app,25.00,2026-07-01T00:00:00Z
SRC-PR-01406,R01406,PL0116,2026-02-06,store,5.00,2026-07-01T00:00:00Z
SRC-PR-01407,R01407,PL0117,2026-03-07,bank,10.00,2026-07-01T00:00:00Z
SRC-PR-01408,R01408,PL0118,2026-04-08,app,15.00,2026-07-01T00:00:00Z
SRC-PR-01409,R01409,PL0119,2026-05-09,store,20.00,2026-07-01T00:00:00Z
SRC-PR-01410,R01410,PL0120,2026-06-10,bank,25.00,2026-07-01T00:00:00Z
SRC-PR-01411,R01411,PL0121,2026-01-11,app,5.00,2026-07-01T00:00:00Z
SRC-PR-01412,R01412,PL0122,2026-02-12,store,10.00,2026-07-01T00:00:00Z
SRC-PR-01413,R01413,PL0123,2026-03-13,bank,15.00,2026-07-01T00:00:00Z
SRC-PR-01414,R01414,PL0124,2026-04-14,app,20.00,2026-07-01T00:00:00Z
SRC-PR-01415,R01415,PL0125,2026-05-15,store,25.00,2026-07-01T00:00:00Z
SRC-PR-01416,R01416,PL0126,2026-06-16,bank,5.00,2026-07-01T00:00:00Z
SRC-PR-01417,R01417,PL0127,2026-01-17,app,10.00,2026-07-01T00:00:00Z
SRC-PR-01418,R01418,PL0128,2026-02-18,store,15.00,2026-07-01T00:00:00Z
SRC-PR-01419,R01419,PL0129,2026-03-19,bank,20.00,2026-07-01T00:00:00Z
SRC-PR-01420,R01420,PL0130,2026-04-20,app,25.00,2026-07-01T00:00:00Z
SRC-PR-01421,R01421,PL0131,2026-05-21,store,5.00,2026-07-01T00:00:00Z
SRC-PR-01422,R01422,PL0132,2026-06-22,bank,10.00,2026-07-01T00:00:00Z
SRC-PR-01423,R01423,PL0133,2026-01-23,app,15.00,2026-07-01T00:00:00Z
SRC-PR-01424,R01424,PL0134,2026-02-24,store,20.00,2026-07-01T00:00:00Z
SRC-PR-01425,R01425,PL0135,2026-03-25,bank,25.00,2026-07-01T00:00:00Z
SRC-PR-01426,R01426,PL0136,2026-04-26,app,5.00,2026-07-01T00:00:00Z
SRC-PR-01427,R01427,PL0137,2026-05-27,store,10.00,2026-07-01T00:00:00Z
SRC-PR-01428,R01428,PL0138,2026-06-28,bank,15.00,2026-07-01T00:00:00Z
SRC-PR-01429,R01429,PL0139,2026-01-01,app,20.00,2026-07-01T00:00:00Z
SRC-PR-01430,R01430,PL0140,2026-02-02,store,25.00,2026-07-01T00:00:00Z
SRC-PR-01431,R01431,PL0141,2026-03-03,bank,5.00,2026-07-01T00:00:00Z
SRC-PR-01432,R01432,PL0142,2026-04-04,app,10.00,2026-07-01T00:00:00Z
SRC-PR-01433,R01433,PL0143,2026-05-05,store,15.00,2026-07-01T00:00:00Z
SRC-PR-01434,R01434,PL0144,2026-06-06,bank,20.00,2026-07-01T00:00:00Z
SRC-PR-01435,R01435,PL0145,2026-01-07,app,25.00,2026-07-01T00:00:00Z
SRC-PR-01436,R01436,PL0146,2026-02-08,store,5.00,2026-07-01T00:00:00Z
SRC-PR-01437,R01437,PL0147,2026-03-09,bank,10.00,2026-07-01T00:00:00Z
SRC-PR-01438,R01438,PL0148,2026-04-10,app,15.00,2026-07-01T00:00:00Z
SRC-PR-01439,R01439,PL0149,2026-05-11,store,20.00,2026-07-01T00:00:00Z
SRC-PR-01440,R01440,PL0150,2026-06-12,bank,25.00,2026-07-01T00:00:00Z
SRC-PR-01441,R01441,PL0151,2026-01-13,app,5.00,2026-07-01T00:00:00Z
SRC-PR-01442,R01442,PL0152,2026-02-14,store,10.00,2026-07-01T00:00:00Z
SRC-PR-01443,R01443,PL0153,2026-03-15,bank,15.00,2026-07-01T00:00:00Z
SRC-PR-01444,R01444,PL0154,2026-04-16,app,20.00,2026-07-01T00:00:00Z
SRC-PR-01445,R01445,PL0155,2026-05-17,store,25.00,2026-07-01T00:00:00Z
SRC-PR-01446,R01446,PL0156,2026-06-18,bank,5.00,2026-07-01T00:00:00Z
SRC-PR-01447,R01447,PL0157,2026-01-19,app,10.00,2026-07-01T00:00:00Z
SRC-PR-01448,R01448,PL0158,2026-02-20,store,15.00,2026-07-01T00:00:00Z
SRC-PR-01449,R01449,PL0159,2026-03-21,bank,20.00,2026-07-01T00:00:00Z
SRC-PR-01450,R01450,PL0160,2026-04-22,app,25.00,2026-07-01T00:00:00Z
SRC-PR-01451,R01451,PL0161,2026-05-23,store,5.00,2026-07-01T00:00:00Z
SRC-PR-01452,R01452,PL0162,2026-06-24,bank,10.00,2026-07-01T00:00:00Z
SRC-PR-01453,R01453,PL0163,2026-01-25,app,15.00,2026-07-01T00:00:00Z
SRC-PR-01454,R01454,PL0164,2026-02-26,store,20.00,2026-07-01T00:00:00Z
SRC-PR-01455,R01455,PL0165,2026-03-27,bank,25.00,2026-07-01T00:00:00Z
SRC-PR-01456,R01456,PL0166,2026-04-28,app,5.00,2026-07-01T00:00:00Z
SRC-PR-01457,R01457,PL0167,2026-05-01,store,10.00,2026-07-01T00:00:00Z
SRC-PR-01458,R01458,PL0168,2026-06-02,bank,15.00,2026-07-01T00:00:00Z
SRC-PR-01459,R01459,PL0169,2026-01-03,app,20.00,2026-07-01T00:00:00Z
SRC-PR-01460,R01460,PL0170,2026-02-04,store,25.00,2026-07-01T00:00:00Z
SRC-PR-01461,R01461,PL0171,2026-03-05,bank,5.00,2026-07-01T00:00:00Z
SRC-PR-01462,R01462,PL0172,2026-04-06,app,10.00,2026-07-01T00:00:00Z
SRC-PR-01463,R01463,PL0173,2026-05-07,store,15.00,2026-07-01T00:00:00Z
SRC-PR-01464,R01464,PL0174,2026-06-08,bank,20.00,2026-07-01T00:00:00Z
SRC-PR-01465,R01465,PL0175,2026-01-09,app,25.00,2026-07-01T00:00:00Z
SRC-PR-01466,R01466,PL0176,2026-02-10,store,5.00,2026-07-01T00:00:00Z
SRC-PR-01467,R01467,PL0177,2026-03-11,bank,10.00,2026-07-01T00:00:00Z
SRC-PR-01468,R01468,PL0178,2026-04-12,app,15.00,2026-07-01T00:00:00Z
SRC-PR-01469,R01469,PL0179,2026-05-13,store,20.00,2026-07-01T00:00:00Z
SRC-PR-01470,R01470,PL0180,2026-06-14,bank,25.00,2026-07-01T00:00:00Z
SRC-PR-01471,R01471,PL0181,2026-01-15,app,5.00,2026-07-01T00:00:00Z
SRC-PR-01472,R01472,PL0182,2026-02-16,store,10.00,2026-07-01T00:00:00Z
SRC-PR-01473,R01473,PL0183,2026-03-17,bank,15.00,2026-07-01T00:00:00Z
SRC-PR-01474,R01474,PL0184,2026-04-18,app,20.00,2026-07-01T00:00:00Z
SRC-PR-01475,R01475,PL0185,2026-05-19,store,25.00,2026-07-01T00:00:00Z
SRC-PR-01476,R01476,PL0186,2026-06-20,bank,5.00,2026-07-01T00:00:00Z
SRC-PR-01477,R01477,PL0187,2026-01-21,app,10.00,2026-07-01T00:00:00Z
SRC-PR-01478,R01478,PL0188,2026-02-22,store,15.00,2026-07-01T00:00:00Z
SRC-PR-01479,R01479,PL0189,2026-03-23,bank,20.00,2026-07-01T00:00:00Z
SRC-PR-01480,R01480,PL0190,2026-04-24,app,25.00,2026-07-01T00:00:00Z
SRC-PR-01481,R01481,PL0191,2026-05-25,store,5.00,2026-07-01T00:00:00Z
SRC-PR-01482,R01482,PL0192,2026-06-26,bank,10.00,2026-07-01T00:00:00Z
SRC-PR-01483,R01483,PL0193,2026-01-27,app,15.00,2026-07-01T00:00:00Z
SRC-PR-01484,R01484,PL0194,2026-02-28,store,20.00,2026-07-01T00:00:00Z
SRC-PR-01485,R01485,PL0195,2026-03-01,bank,25.00,2026-07-01T00:00:00Z
SRC-PR-01486,R01486,PL0196,2026-04-02,app,5.00,2026-07-01T00:00:00Z
SRC-PR-01487,R01487,PL0197,2026-05-03,store,10.00,2026-07-01T00:00:00Z
SRC-PR-01488,R01488,PL0198,2026-06-04,bank,15.00,2026-07-01T00:00:00Z
SRC-PR-01489,R01489,PL0199,2026-01-05,app,20.00,2026-07-01T00:00:00Z
SRC-PR-01490,R01490,PL0200,2026-02-06,store,25.00,2026-07-01T00:00:00Z
SRC-PR-01491,R01491,PL0201,2026-03-07,bank,5.00,2026-07-01T00:00:00Z
SRC-PR-01492,R01492,PL0202,2026-04-08,app,10.00,2026-07-01T00:00:00Z
SRC-PR-01493,R01493,PL0203,2026-05-09,store,15.00,2026-07-01T00:00:00Z
SRC-PR-01494,R01494,PL0204,2026-06-10,bank,20.00,2026-07-01T00:00:00Z
SRC-PR-01495,R01495,PL0205,2026-01-11,app,25.00,2026-07-01T00:00:00Z
SRC-PR-01496,R01496,PL0206,2026-02-12,store,5.00,2026-07-01T00:00:00Z
SRC-PR-01497,R01497,PL0207,2026-03-13,bank,10.00,2026-07-01T00:00:00Z
SRC-PR-01498,R01498,PL0208,2026-04-14,app,15.00,2026-07-01T00:00:00Z
SRC-PR-01499,R01499,PL0209,2026-05-15,store,20.00,2026-07-01T00:00:00Z
SRC-PR-01500,R01500,PL0210,2026-06-16,bank,25.00,2026-07-01T00:00:00Z
SRC-PR-01501,R01501,PL0211,2026-01-17,app,5.00,2026-07-01T00:00:00Z
SRC-PR-01502,R01502,PL0212,2026-02-18,store,10.00,2026-07-01T00:00:00Z
SRC-PR-01503,R01503,PL0213,2026-03-19,bank,15.00,2026-07-01T00:00:00Z
SRC-PR-01504,R01504,PL0214,2026-04-20,app,20.00,2026-07-01T00:00:00Z
SRC-PR-01505,R01505,PL0215,2026-05-21,store,25.00,2026-07-01T00:00:00Z
SRC-PR-01506,R01506,PL0216,2026-06-22,bank,5.00,2026-07-01T00:00:00Z
SRC-PR-01507,R01507,PL0217,2026-01-23,app,10.00,2026-07-01T00:00:00Z
SRC-PR-01508,R01508,PL0218,2026-02-24,store,15.00,2026-07-01T00:00:00Z
SRC-PR-01509,R01509,PL0219,2026-03-25,bank,20.00,2026-07-01T00:00:00Z
SRC-PR-01510,R01510,PL0220,2026-04-26,app,25.00,2026-07-01T00:00:00Z
SRC-PR-01511,R01511,PL0221,2026-05-27,store,5.00,2026-07-01T00:00:00Z
SRC-PR-01512,R01512,PL0222,2026-06-28,bank,10.00,2026-07-01T00:00:00Z
SRC-PR-01513,R01513,PL0223,2026-01-01,app,15.00,2026-07-01T00:00:00Z
SRC-PR-01514,R01514,PL0224,2026-02-02,store,20.00,2026-07-01T00:00:00Z
SRC-PR-01515,R01515,PL0225,2026-03-03,bank,25.00,2026-07-01T00:00:00Z
SRC-PR-01516,R01516,PL0226,2026-04-04,app,5.00,2026-07-01T00:00:00Z
SRC-PR-01517,R01517,PL0227,2026-05-05,store,10.00,2026-07-01T00:00:00Z
SRC-PR-01518,R01518,PL0228,2026-06-06,bank,15.00,2026-07-01T00:00:00Z
SRC-PR-01519,R01519,PL0229,2026-01-07,app,20.00,2026-07-01T00:00:00Z
SRC-PR-01520,R01520,PL0230,2026-02-08,store,25.00,2026-07-01T00:00:00Z
SRC-PR-01521,R01521,PL0231,2026-03-09,bank,5.00,2026-07-01T00:00:00Z
SRC-PR-01522,R01522,PL0232,2026-04-10,app,10.00,2026-07-01T00:00:00Z
SRC-PR-01523,R01523,PL0233,2026-05-11,store,15.00,2026-07-01T00:00:00Z
SRC-PR-01524,R01524,PL0234,2026-06-12,bank,20.00,2026-07-01T00:00:00Z
SRC-PR-01525,R01525,PL0235,2026-01-13,app,25.00,2026-07-01T00:00:00Z
SRC-PR-01526,R01526,PL0236,2026-02-14,store,5.00,2026-07-01T00:00:00Z
SRC-PR-01527,R01527,PL0237,2026-03-15,bank,10.00,2026-07-01T00:00:00Z
SRC-PR-01528,R01528,PL0238,2026-04-16,app,15.00,2026-07-01T00:00:00Z
SRC-PR-01529,R01529,PL0239,2026-05-17,store,20.00,2026-07-01T00:00:00Z
SRC-PR-01530,R01530,PL0240,2026-06-18,bank,25.00,2026-07-01T00:00:00Z
SRC-PR-01531,R01531,PL0241,2026-01-19,app,5.00,2026-07-01T00:00:00Z
SRC-PR-01532,R01532,PL0242,2026-02-20,store,10.00,2026-07-01T00:00:00Z
SRC-PR-01533,R01533,PL0243,2026-03-21,bank,15.00,2026-07-01T00:00:00Z
SRC-PR-01534,R01534,PL0244,2026-04-22,app,20.00,2026-07-01T00:00:00Z
SRC-PR-01535,R01535,PL0245,2026-05-23,store,25.00,2026-07-01T00:00:00Z
SRC-PR-01536,R01536,PL0246,2026-06-24,bank,5.00,2026-07-01T00:00:00Z
SRC-PR-01537,R01537,PL0247,2026-01-25,app,10.00,2026-07-01T00:00:00Z
SRC-PR-01538,R01538,PL0248,2026-02-26,store,15.00,2026-07-01T00:00:00Z
SRC-PR-01539,R01539,PL0249,2026-03-27,bank,20.00,2026-07-01T00:00:00Z
SRC-PR-01540,R01540,PL0250,2026-04-28,app,25.00,2026-07-01T00:00:00Z
SRC-PR-01541,R01541,PL0251,2026-05-01,store,5.00,2026-07-01T00:00:00Z
SRC-PR-01542,R01542,PL0252,2026-06-02,bank,10.00,2026-07-01T00:00:00Z
SRC-PR-01543,R01543,PL0253,2026-01-03,app,15.00,2026-07-01T00:00:00Z
SRC-PR-01544,R01544,PL0254,2026-02-04,store,20.00,2026-07-01T00:00:00Z
SRC-PR-01545,R01545,PL0255,2026-03-05,bank,25.00,2026-07-01T00:00:00Z
SRC-PR-01546,R01546,PL0256,2026-04-06,app,5.00,2026-07-01T00:00:00Z
SRC-PR-01547,R01547,PL0257,2026-05-07,store,10.00,2026-07-01T00:00:00Z
SRC-PR-01548,R01548,PL0258,2026-06-08,bank,15.00,2026-07-01T00:00:00Z
SRC-PR-01549,R01549,PL0259,2026-01-09,app,20.00,2026-07-01T00:00:00Z
SRC-PR-01550,R01550,PL0260,2026-02-10,store,25.00,2026-07-01T00:00:00Z
SRC-PR-01551,R01551,PL0261,2026-03-11,bank,5.00,2026-07-01T00:00:00Z
SRC-PR-01552,R01552,PL0262,2026-04-12,app,10.00,2026-07-01T00:00:00Z
SRC-PR-01553,R01553,PL0263,2026-05-13,store,15.00,2026-07-01T00:00:00Z
SRC-PR-01554,R01554,PL0264,2026-06-14,bank,20.00,2026-07-01T00:00:00Z
SRC-PR-01555,R01555,PL0265,2026-01-15,app,25.00,2026-07-01T00:00:00Z
SRC-PR-01556,R01556,PL0266,2026-02-16,store,5.00,2026-07-01T00:00:00Z
SRC-PR-01557,R01557,PL0267,2026-03-17,bank,10.00,2026-07-01T00:00:00Z
SRC-PR-01558,R01558,PL0268,2026-04-18,app,15.00,2026-07-01T00:00:00Z
SRC-PR-01559,R01559,PL0269,2026-05-19,store,20.00,2026-07-01T00:00:00Z
SRC-PR-01560,R01560,PL0270,2026-06-20,bank,25.00,2026-07-01T00:00:00Z
SRC-PR-01561,R01561,PL0271,2026-01-21,app,5.00,2026-07-01T00:00:00Z
SRC-PR-01562,R01562,PL0272,2026-02-22,store,10.00,2026-07-01T00:00:00Z
SRC-PR-01563,R01563,PL0273,2026-03-23,bank,15.00,2026-07-01T00:00:00Z
SRC-PR-01564,R01564,PL0274,2026-04-24,app,20.00,2026-07-01T00:00:00Z
SRC-PR-01565,R01565,PL0275,2026-05-25,store,25.00,2026-07-01T00:00:00Z
SRC-PR-01566,R01566,PL0276,2026-06-26,bank,5.00,2026-07-01T00:00:00Z
SRC-PR-01567,R01567,PL0277,2026-01-27,app,10.00,2026-07-01T00:00:00Z
SRC-PR-01568,R01568,PL0278,2026-02-28,store,15.00,2026-07-01T00:00:00Z
SRC-PR-01569,R01569,PL0279,2026-03-01,bank,20.00,2026-07-01T00:00:00Z
SRC-PR-01570,R01570,PL0280,2026-04-02,app,25.00,2026-07-01T00:00:00Z
SRC-PR-01571,R01571,PL0281,2026-05-03,store,5.00,2026-07-01T00:00:00Z
SRC-PR-01572,R01572,PL0282,2026-06-04,bank,10.00,2026-07-01T00:00:00Z
SRC-PR-01573,R01573,PL0283,2026-01-05,app,15.00,2026-07-01T00:00:00Z
SRC-PR-01574,R01574,PL0284,2026-02-06,store,20.00,2026-07-01T00:00:00Z
SRC-PR-01575,R01575,PL0285,2026-03-07,bank,25.00,2026-07-01T00:00:00Z
SRC-PR-01576,R01576,PL0286,2026-04-08,app,5.00,2026-07-01T00:00:00Z
SRC-PR-01577,R01577,PL0287,2026-05-09,store,10.00,2026-07-01T00:00:00Z
SRC-PR-01578,R01578,PL0288,2026-06-10,bank,15.00,2026-07-01T00:00:00Z
SRC-PR-01579,R01579,PL0289,2026-01-11,app,20.00,2026-07-01T00:00:00Z
SRC-PR-01580,R01580,PL0290,2026-02-12,store,25.00,2026-07-01T00:00:00Z
SRC-PR-01581,R01581,PL0291,2026-03-13,bank,5.00,2026-07-01T00:00:00Z
SRC-PR-01582,R01582,PL0292,2026-04-14,app,10.00,2026-07-01T00:00:00Z
SRC-PR-01583,R01583,PL0293,2026-05-15,store,15.00,2026-07-01T00:00:00Z
SRC-PR-01584,R01584,PL0294,2026-06-16,bank,20.00,2026-07-01T00:00:00Z
SRC-PR-01585,R01585,PL0295,2026-01-17,app,25.00,2026-07-01T00:00:00Z
SRC-PR-01586,R01586,PL0296,2026-02-18,store,5.00,2026-07-01T00:00:00Z
SRC-PR-01587,R01587,PL0297,2026-03-19,bank,10.00,2026-07-01T00:00:00Z
SRC-PR-01588,R01588,PL0298,2026-04-20,app,15.00,2026-07-01T00:00:00Z
SRC-PR-01589,R01589,PL0299,2026-05-21,store,20.00,2026-07-01T00:00:00Z
SRC-PR-01590,R01590,PL0300,2026-06-22,bank,25.00,2026-07-01T00:00:00Z
SRC-PR-01591,R01591,PL0301,2026-01-23,app,5.00,2026-07-01T00:00:00Z
SRC-PR-01592,R01592,PL0302,2026-02-24,store,10.00,2026-07-01T00:00:00Z
SRC-PR-01593,R01593,PL0303,2026-03-25,bank,15.00,2026-07-01T00:00:00Z
SRC-PR-01594,R01594,PL0304,2026-04-26,app,20.00,2026-07-01T00:00:00Z
SRC-PR-01595,R01595,PL0305,2026-05-27,store,25.00,2026-07-01T00:00:00Z
SRC-PR-01596,R01596,PL0306,2026-06-28,bank,5.00,2026-07-01T00:00:00Z
SRC-PR-01597,R01597,PL0307,2026-01-01,app,10.00,2026-07-01T00:00:00Z
SRC-PR-01598,R01598,PL0308,2026-02-02,store,15.00,2026-07-01T00:00:00Z
SRC-PR-01599,R01599,PL0309,2026-03-03,bank,20.00,2026-07-01T00:00:00Z
SRC-PR-01600,R01600,PL0310,2026-04-04,app,25.00,2026-07-01T00:00:00Z
SRC-PR-01601,R01601,PL0311,2026-05-05,store,5.00,2026-07-01T00:00:00Z
SRC-PR-01602,R01602,PL0312,2026-06-06,bank,10.00,2026-07-01T00:00:00Z
SRC-PR-01603,R01603,PL0313,2026-01-07,app,15.00,2026-07-01T00:00:00Z
SRC-PR-01604,R01604,PL0314,2026-02-08,store,20.00,2026-07-01T00:00:00Z
SRC-PR-01605,R01605,PL0315,2026-03-09,bank,25.00,2026-07-01T00:00:00Z
SRC-PR-01606,R01606,PL0316,2026-04-10,app,5.00,2026-07-01T00:00:00Z
SRC-PR-01607,R01607,PL0317,2026-05-11,store,10.00,2026-07-01T00:00:00Z
SRC-PR-01608,R01608,PL0318,2026-06-12,bank,15.00,2026-07-01T00:00:00Z
SRC-PR-01609,R01609,PL0319,2026-01-13,app,20.00,2026-07-01T00:00:00Z
SRC-PR-01610,R01610,PL0320,2026-02-14,store,25.00,2026-07-01T00:00:00Z
SRC-PR-01611,R01611,PL0321,2026-03-15,bank,5.00,2026-07-01T00:00:00Z
SRC-PR-01612,R01612,PL0322,2026-04-16,app,10.00,2026-07-01T00:00:00Z
SRC-PR-01613,R01613,PL0323,2026-05-17,store,15.00,2026-07-01T00:00:00Z
SRC-PR-01614,R01614,PL0324,2026-06-18,bank,20.00,2026-07-01T00:00:00Z
SRC-PR-01615,R01615,PL0325,2026-01-19,app,25.00,2026-07-01T00:00:00Z
SRC-PR-01616,R01616,PL0326,2026-02-20,store,5.00,2026-07-01T00:00:00Z
SRC-PR-01617,R01617,PL0327,2026-03-21,bank,10.00,2026-07-01T00:00:00Z
SRC-PR-01618,R01618,PL0328,2026-04-22,app,15.00,2026-07-01T00:00:00Z
SRC-PR-01619,R01619,PL0329,2026-05-23,store,20.00,2026-07-01T00:00:00Z
SRC-PR-01620,R01620,PL0330,2026-06-24,bank,25.00,2026-07-01T00:00:00Z
SRC-PR-01621,R01621,PL0331,2026-01-25,app,5.00,2026-07-01T00:00:00Z
SRC-PR-01622,R01622,PL0332,2026-02-26,store,10.00,2026-07-01T00:00:00Z
SRC-PR-01623,R01623,PL0333,2026-03-27,bank,15.00,2026-07-01T00:00:00Z
SRC-PR-01624,R01624,PL0334,2026-04-28,app,20.00,2026-07-01T00:00:00Z
SRC-PR-01625,R01625,PL0335,2026-05-01,store,25.00,2026-07-01T00:00:00Z
SRC-PR-01626,R01626,PL0336,2026-06-02,bank,5.00,2026-07-01T00:00:00Z
SRC-PR-01627,R01627,PL0337,2026-01-03,app,10.00,2026-07-01T00:00:00Z
SRC-PR-01628,R01628,PL0338,2026-02-04,store,15.00,2026-07-01T00:00:00Z
SRC-PR-01629,R01629,PL0339,2026-03-05,bank,20.00,2026-07-01T00:00:00Z
SRC-PR-01630,R01630,PL0340,2026-04-06,app,25.00,2026-07-01T00:00:00Z
SRC-PR-01631,R01631,PL0341,2026-05-07,store,5.00,2026-07-01T00:00:00Z
SRC-PR-01632,R01632,PL0342,2026-06-08,bank,10.00,2026-07-01T00:00:00Z
SRC-PR-01633,R01633,PL0343,2026-01-09,app,15.00,2026-07-01T00:00:00Z
SRC-PR-01634,R01634,PL0344,2026-02-10,store,20.00,2026-07-01T00:00:00Z
SRC-PR-01635,R01635,PL0345,2026-03-11,bank,25.00,2026-07-01T00:00:00Z
SRC-PR-01636,R01636,PL0346,2026-04-12,app,5.00,2026-07-01T00:00:00Z
SRC-PR-01637,R01637,PL0347,2026-05-13,store,10.00,2026-07-01T00:00:00Z
SRC-PR-01638,R01638,PL0348,2026-06-14,bank,15.00,2026-07-01T00:00:00Z
SRC-PR-01639,R01639,PL0349,2026-01-15,app,20.00,2026-07-01T00:00:00Z
SRC-PR-01640,R01640,PL0350,2026-02-16,store,25.00,2026-07-01T00:00:00Z
SRC-PR-01641,R01641,PL0351,2026-03-17,bank,5.00,2026-07-01T00:00:00Z
SRC-PR-01642,R01642,PL0352,2026-04-18,app,10.00,2026-07-01T00:00:00Z
SRC-PR-01643,R01643,PL0353,2026-05-19,store,15.00,2026-07-01T00:00:00Z
SRC-PR-01644,R01644,PL0354,2026-06-20,bank,20.00,2026-07-01T00:00:00Z
SRC-PR-01645,R01645,PL0355,2026-01-21,app,25.00,2026-07-01T00:00:00Z
SRC-PR-01646,R01646,PL0356,2026-02-22,store,5.00,2026-07-01T00:00:00Z
SRC-PR-01647,R01647,PL0357,2026-03-23,bank,10.00,2026-07-01T00:00:00Z
SRC-PR-01648,R01648,PL0358,2026-04-24,app,15.00,2026-07-01T00:00:00Z
SRC-PR-01649,R01649,PL0359,2026-05-25,store,20.00,2026-07-01T00:00:00Z
SRC-PR-01650,R01650,PL0360,2026-06-26,bank,25.00,2026-07-01T00:00:00Z
SRC-PR-01651,R01651,PL0361,2026-01-27,app,5.00,2026-07-01T00:00:00Z
SRC-PR-01652,R01652,PL0362,2026-02-28,store,10.00,2026-07-01T00:00:00Z
SRC-PR-01653,R01653,PL0363,2026-03-01,bank,15.00,2026-07-01T00:00:00Z
SRC-PR-01654,R01654,PL0364,2026-04-02,app,20.00,2026-07-01T00:00:00Z
SRC-PR-01655,R01655,PL0365,2026-05-03,store,25.00,2026-07-01T00:00:00Z
SRC-PR-01656,R01656,PL0366,2026-06-04,bank,5.00,2026-07-01T00:00:00Z
SRC-PR-01657,R01657,PL0367,2026-01-05,app,10.00,2026-07-01T00:00:00Z
SRC-PR-01658,R01658,PL0368,2026-02-06,store,15.00,2026-07-01T00:00:00Z
SRC-PR-01659,R01659,PL0369,2026-03-07,bank,20.00,2026-07-01T00:00:00Z
SRC-PR-01660,R01660,PL0370,2026-04-08,app,25.00,2026-07-01T00:00:00Z
SRC-PR-01661,R01661,PL0371,2026-05-09,store,5.00,2026-07-01T00:00:00Z
SRC-PR-01662,R01662,PL0372,2026-06-10,bank,10.00,2026-07-01T00:00:00Z
SRC-PR-01663,R01663,PL0373,2026-01-11,app,15.00,2026-07-01T00:00:00Z
SRC-PR-01664,R01664,PL0374,2026-02-12,store,20.00,2026-07-01T00:00:00Z
SRC-PR-01665,R01665,PL0375,2026-03-13,bank,25.00,2026-07-01T00:00:00Z
SRC-PR-01666,R01666,PL0376,2026-04-14,app,5.00,2026-07-01T00:00:00Z
SRC-PR-01667,R01667,PL0377,2026-05-15,store,10.00,2026-07-01T00:00:00Z
SRC-PR-01668,R01668,PL0378,2026-06-16,bank,15.00,2026-07-01T00:00:00Z
SRC-PR-01669,R01669,PL0379,2026-01-17,app,20.00,2026-07-01T00:00:00Z
SRC-PR-01670,R01670,PL0380,2026-02-18,store,25.00,2026-07-01T00:00:00Z
SRC-PR-01671,R01671,PL0381,2026-03-19,bank,5.00,2026-07-01T00:00:00Z
SRC-PR-01672,R01672,PL0382,2026-04-20,app,10.00,2026-07-01T00:00:00Z
SRC-PR-01673,R01673,PL0383,2026-05-21,store,15.00,2026-07-01T00:00:00Z
SRC-PR-01674,R01674,PL0384,2026-06-22,bank,20.00,2026-07-01T00:00:00Z
SRC-PR-01675,R01675,PL0385,2026-01-23,app,25.00,2026-07-01T00:00:00Z
SRC-PR-01676,R01676,PL0386,2026-02-24,store,5.00,2026-07-01T00:00:00Z
SRC-PR-01677,R01677,PL0387,2026-03-25,bank,10.00,2026-07-01T00:00:00Z
SRC-PR-01678,R01678,PL0388,2026-04-26,app,15.00,2026-07-01T00:00:00Z
SRC-PR-01679,R01679,PL0389,2026-05-27,store,20.00,2026-07-01T00:00:00Z
SRC-PR-01680,R01680,PL0390,2026-06-28,bank,25.00,2026-07-01T00:00:00Z
SRC-PR-01681,R01681,PL0391,2026-01-01,app,5.00,2026-07-01T00:00:00Z
SRC-PR-01682,R01682,PL0392,2026-02-02,store,10.00,2026-07-01T00:00:00Z
SRC-PR-01683,R01683,PL0393,2026-03-03,bank,15.00,2026-07-01T00:00:00Z
SRC-PR-01684,R01684,PL0394,2026-04-04,app,20.00,2026-07-01T00:00:00Z
SRC-PR-01685,R01685,PL0395,2026-05-05,store,25.00,2026-07-01T00:00:00Z
SRC-PR-01686,R01686,PL0396,2026-06-06,bank,5.00,2026-07-01T00:00:00Z
SRC-PR-01687,R01687,PL0397,2026-01-07,app,10.00,2026-07-01T00:00:00Z
SRC-PR-01688,R01688,PL0398,2026-02-08,store,15.00,2026-07-01T00:00:00Z
SRC-PR-01689,R01689,PL0399,2026-03-09,bank,20.00,2026-07-01T00:00:00Z
SRC-PR-01690,R01690,PL0400,2026-04-10,app,25.00,2026-07-01T00:00:00Z
SRC-PR-01691,R01691,PL0401,2026-05-11,store,5.00,2026-07-01T00:00:00Z
SRC-PR-01692,R01692,PL0402,2026-06-12,bank,10.00,2026-07-01T00:00:00Z
SRC-PR-01693,R01693,PL0403,2026-01-13,app,15.00,2026-07-01T00:00:00Z
SRC-PR-01694,R01694,PL0404,2026-02-14,store,20.00,2026-07-01T00:00:00Z
SRC-PR-01695,R01695,PL0405,2026-03-15,bank,25.00,2026-07-01T00:00:00Z
SRC-PR-01696,R01696,PL0406,2026-04-16,app,5.00,2026-07-01T00:00:00Z
SRC-PR-01697,R01697,PL0407,2026-05-17,store,10.00,2026-07-01T00:00:00Z
SRC-PR-01698,R01698,PL0408,2026-06-18,bank,15.00,2026-07-01T00:00:00Z
SRC-PR-01699,R01699,PL0409,2026-01-19,app,20.00,2026-07-01T00:00:00Z
SRC-PR-01700,R01700,PL0410,2026-02-20,store,25.00,2026-07-01T00:00:00Z
SRC-PR-01701,R01701,PL0411,2026-03-21,bank,5.00,2026-07-01T00:00:00Z
SRC-PR-01702,R01702,PL0412,2026-04-22,app,10.00,2026-07-01T00:00:00Z
SRC-PR-01703,R01703,PL0413,2026-05-23,store,15.00,2026-07-01T00:00:00Z
SRC-PR-01704,R01704,PL0414,2026-06-24,bank,20.00,2026-07-01T00:00:00Z
SRC-PR-01705,R01705,PL0415,2026-01-25,app,25.00,2026-07-01T00:00:00Z
SRC-PR-01706,R01706,PL0416,2026-02-26,store,5.00,2026-07-01T00:00:00Z
SRC-PR-01707,R01707,PL0417,2026-03-27,bank,10.00,2026-07-01T00:00:00Z
SRC-PR-01708,R01708,PL0418,2026-04-28,app,15.00,2026-07-01T00:00:00Z
SRC-PR-01709,R01709,PL0419,2026-05-01,store,20.00,2026-07-01T00:00:00Z
SRC-PR-01710,R01710,PL0420,2026-06-02,bank,25.00,2026-07-01T00:00:00Z
SRC-PR-01711,R01711,PL0421,2026-01-03,app,5.00,2026-07-01T00:00:00Z
SRC-PR-01712,R01712,PL0422,2026-02-04,store,10.00,2026-07-01T00:00:00Z
SRC-PR-01713,R01713,PL0423,2026-03-05,bank,15.00,2026-07-01T00:00:00Z
SRC-PR-01714,R01714,PL0424,2026-04-06,app,20.00,2026-07-01T00:00:00Z
SRC-PR-01715,R01715,PL0425,2026-05-07,store,25.00,2026-07-01T00:00:00Z
SRC-PR-01716,R01716,PL0426,2026-06-08,bank,5.00,2026-07-01T00:00:00Z
SRC-PR-01717,R01717,PL0427,2026-01-09,app,10.00,2026-07-01T00:00:00Z
SRC-PR-01718,R01718,PL0428,2026-02-10,store,15.00,2026-07-01T00:00:00Z
SRC-PR-01719,R01719,PL0429,2026-03-11,bank,20.00,2026-07-01T00:00:00Z
SRC-PR-01720,R01720,PL0430,2026-04-12,app,25.00,2026-07-01T00:00:00Z
SRC-PR-01721,R01721,PL0431,2026-05-13,store,5.00,2026-07-01T00:00:00Z
SRC-PR-01722,R01722,PL0432,2026-06-14,bank,10.00,2026-07-01T00:00:00Z
SRC-PR-01723,R01723,PL0433,2026-01-15,app,15.00,2026-07-01T00:00:00Z
SRC-PR-01724,R01724,PL0434,2026-02-16,store,20.00,2026-07-01T00:00:00Z
SRC-PR-01725,R01725,PL0435,2026-03-17,bank,25.00,2026-07-01T00:00:00Z
SRC-PR-01726,R01726,PL0436,2026-04-18,app,5.00,2026-07-01T00:00:00Z
SRC-PR-01727,R01727,PL0437,2026-05-19,store,10.00,2026-07-01T00:00:00Z
SRC-PR-01728,R01728,PL0438,2026-06-20,bank,15.00,2026-07-01T00:00:00Z
SRC-PR-01729,R01729,PL0439,2026-01-21,app,20.00,2026-07-01T00:00:00Z
SRC-PR-01730,R01730,PL0440,2026-02-22,store,25.00,2026-07-01T00:00:00Z
SRC-PR-01731,R01731,PL0441,2026-03-23,bank,5.00,2026-07-01T00:00:00Z
SRC-PR-01732,R01732,PL0442,2026-04-24,app,10.00,2026-07-01T00:00:00Z
SRC-PR-01733,R01733,PL0443,2026-05-25,store,15.00,2026-07-01T00:00:00Z
SRC-PR-01734,R01734,PL0444,2026-06-26,bank,20.00,2026-07-01T00:00:00Z
SRC-PR-01735,R01735,PL0445,2026-01-27,app,25.00,2026-07-01T00:00:00Z
SRC-PR-01736,R01736,PL0446,2026-02-28,store,5.00,2026-07-01T00:00:00Z
SRC-PR-01737,R01737,PL0447,2026-03-01,bank,10.00,2026-07-01T00:00:00Z
SRC-PR-01738,R01738,PL0448,2026-04-02,app,15.00,2026-07-01T00:00:00Z
SRC-PR-01739,R01739,PL0449,2026-05-03,store,20.00,2026-07-01T00:00:00Z
SRC-PR-01740,R01740,PL0450,2026-06-04,bank,25.00,2026-07-01T00:00:00Z
SRC-PR-01741,R01741,PL0451,2026-01-05,app,5.00,2026-07-01T00:00:00Z
SRC-PR-01742,R01742,PL0452,2026-02-06,store,10.00,2026-07-01T00:00:00Z
SRC-PR-01743,R01743,PL0453,2026-03-07,bank,15.00,2026-07-01T00:00:00Z
SRC-PR-01744,R01744,PL0454,2026-04-08,app,20.00,2026-07-01T00:00:00Z
SRC-PR-01745,R01745,PL0455,2026-05-09,store,25.00,2026-07-01T00:00:00Z
SRC-PR-01746,R01746,PL0456,2026-06-10,bank,5.00,2026-07-01T00:00:00Z
SRC-PR-01747,R01747,PL0457,2026-01-11,app,10.00,2026-07-01T00:00:00Z
SRC-PR-01748,R01748,PL0458,2026-02-12,store,15.00,2026-07-01T00:00:00Z
SRC-PR-01749,R01749,PL0459,2026-03-13,bank,20.00,2026-07-01T00:00:00Z
SRC-PR-01750,R01750,PL0460,2026-04-14,app,25.00,2026-07-01T00:00:00Z
SRC-PR-01751,R01751,PL0461,2026-05-15,store,5.00,2026-07-01T00:00:00Z
SRC-PR-01752,R01752,PL0462,2026-06-16,bank,10.00,2026-07-01T00:00:00Z
SRC-PR-01753,R01753,PL0463,2026-01-17,app,15.00,2026-07-01T00:00:00Z
SRC-PR-01754,R01754,PL0464,2026-02-18,store,20.00,2026-07-01T00:00:00Z
SRC-PR-01755,R01755,PL0465,2026-03-19,bank,25.00,2026-07-01T00:00:00Z
SRC-PR-01756,R01756,PL0466,2026-04-20,app,5.00,2026-07-01T00:00:00Z
SRC-PR-01757,R01757,PL0467,2026-05-21,store,10.00,2026-07-01T00:00:00Z
SRC-PR-01758,R01758,PL0468,2026-06-22,bank,15.00,2026-07-01T00:00:00Z
SRC-PR-01759,R01759,PL0469,2026-01-23,app,20.00,2026-07-01T00:00:00Z
SRC-PR-01760,R01760,PL0470,2026-02-24,store,25.00,2026-07-01T00:00:00Z
SRC-PR-01761,R01761,PL0471,2026-03-25,bank,5.00,2026-07-01T00:00:00Z
SRC-PR-01762,R01762,PL0472,2026-04-26,app,10.00,2026-07-01T00:00:00Z
SRC-PR-01763,R01763,PL0473,2026-05-27,store,15.00,2026-07-01T00:00:00Z
SRC-PR-01764,R01764,PL0474,2026-06-28,bank,20.00,2026-07-01T00:00:00Z
SRC-PR-01765,R01765,PL0475,2026-01-01,app,25.00,2026-07-01T00:00:00Z
SRC-PR-01766,R01766,PL0476,2026-02-02,store,5.00,2026-07-01T00:00:00Z
SRC-PR-01767,R01767,PL0477,2026-03-03,bank,10.00,2026-07-01T00:00:00Z
SRC-PR-01768,R01768,PL0478,2026-04-04,app,15.00,2026-07-01T00:00:00Z
SRC-PR-01769,R01769,PL0479,2026-05-05,store,20.00,2026-07-01T00:00:00Z
SRC-PR-01770,R01770,PL0480,2026-06-06,bank,25.00,2026-07-01T00:00:00Z
SRC-PR-01771,R01771,PL0481,2026-01-07,app,5.00,2026-07-01T00:00:00Z
SRC-PR-01772,R01772,PL0482,2026-02-08,store,10.00,2026-07-01T00:00:00Z
SRC-PR-01773,R01773,PL0483,2026-03-09,bank,15.00,2026-07-01T00:00:00Z
SRC-PR-01774,R01774,PL0484,2026-04-10,app,20.00,2026-07-01T00:00:00Z
SRC-PR-01775,R01775,PL0485,2026-05-11,store,25.00,2026-07-01T00:00:00Z
SRC-PR-01776,R01776,PL0486,2026-06-12,bank,5.00,2026-07-01T00:00:00Z
SRC-PR-01777,R01777,PL0487,2026-01-13,app,10.00,2026-07-01T00:00:00Z
SRC-PR-01778,R01778,PL0488,2026-02-14,store,15.00,2026-07-01T00:00:00Z
SRC-PR-01779,R01779,PL0489,2026-03-15,bank,20.00,2026-07-01T00:00:00Z
SRC-PR-01780,R01780,PL0490,2026-04-16,app,25.00,2026-07-01T00:00:00Z
SRC-PR-01781,R01781,PL0491,2026-05-17,store,5.00,2026-07-01T00:00:00Z
SRC-PR-01782,R01782,PL0492,2026-06-18,bank,10.00,2026-07-01T00:00:00Z
SRC-PR-01783,R01783,PL0493,2026-01-19,app,15.00,2026-07-01T00:00:00Z
SRC-PR-01784,R01784,PL0494,2026-02-20,store,20.00,2026-07-01T00:00:00Z
SRC-PR-01785,R01785,PL0495,2026-03-21,bank,25.00,2026-07-01T00:00:00Z
SRC-PR-01786,R01786,PL0496,2026-04-22,app,5.00,2026-07-01T00:00:00Z
SRC-PR-01787,R01787,PL0497,2026-05-23,store,10.00,2026-07-01T00:00:00Z
SRC-PR-01788,R01788,PL0498,2026-06-24,bank,15.00,2026-07-01T00:00:00Z
SRC-PR-01789,R01789,PL0499,2026-01-25,app,20.00,2026-07-01T00:00:00Z
SRC-PR-01790,R01790,PL0500,2026-02-26,store,25.00,2026-07-01T00:00:00Z
SRC-PR-01791,R01791,PL0501,2026-03-27,bank,5.00,2026-07-01T00:00:00Z
SRC-PR-01792,R01792,PL0502,2026-04-28,app,10.00,2026-07-01T00:00:00Z
SRC-PR-01793,R01793,PL0503,2026-05-01,store,15.00,2026-07-01T00:00:00Z
SRC-PR-01794,R01794,PL0504,2026-06-02,bank,20.00,2026-07-01T00:00:00Z
SRC-PR-01795,R01795,PL0505,2026-01-03,app,25.00,2026-07-01T00:00:00Z
SRC-PR-01796,R01796,PL0506,2026-02-04,store,5.00,2026-07-01T00:00:00Z
SRC-PR-01797,R01797,PL0507,2026-03-05,bank,10.00,2026-07-01T00:00:00Z
SRC-PR-01798,R01798,PL0508,2026-04-06,app,15.00,2026-07-01T00:00:00Z
SRC-PR-01799,R01799,PL0509,2026-05-07,store,20.00,2026-07-01T00:00:00Z
SRC-PR-01800,R01800,PL0510,2026-06-08,bank,25.00,2026-07-01T00:00:00Z
SRC-PR-01801,R01801,PL0511,2026-01-09,app,5.00,2026-07-01T00:00:00Z
SRC-PR-01802,R01802,PL0512,2026-02-10,store,10.00,2026-07-01T00:00:00Z
SRC-PR-01803,R01803,PL0513,2026-03-11,bank,15.00,2026-07-01T00:00:00Z
SRC-PR-01804,R01804,PL0514,2026-04-12,app,20.00,2026-07-01T00:00:00Z
SRC-PR-01805,R01805,PL0515,2026-05-13,store,25.00,2026-07-01T00:00:00Z
SRC-PR-01806,R01806,PL0516,2026-06-14,bank,5.00,2026-07-01T00:00:00Z
SRC-PR-01807,R01807,PL0517,2026-01-15,app,10.00,2026-07-01T00:00:00Z
SRC-PR-01808,R01808,PL0518,2026-02-16,store,15.00,2026-07-01T00:00:00Z
SRC-PR-01809,R01809,PL0519,2026-03-17,bank,20.00,2026-07-01T00:00:00Z
SRC-PR-01810,R01810,PL0520,2026-04-18,app,25.00,2026-07-01T00:00:00Z
SRC-PR-01811,R01811,PL0521,2026-05-19,store,5.00,2026-07-01T00:00:00Z
SRC-PR-01812,R01812,PL0522,2026-06-20,bank,10.00,2026-07-01T00:00:00Z
SRC-PR-01813,R01813,PL0523,2026-01-21,app,15.00,2026-07-01T00:00:00Z
SRC-PR-01814,R01814,PL0524,2026-02-22,store,20.00,2026-07-01T00:00:00Z
SRC-PR-01815,R01815,PL0525,2026-03-23,bank,25.00,2026-07-01T00:00:00Z
SRC-PR-01816,R01816,PL0526,2026-04-24,app,5.00,2026-07-01T00:00:00Z
SRC-PR-01817,R01817,PL0527,2026-05-25,store,10.00,2026-07-01T00:00:00Z
SRC-PR-01818,R01818,PL0528,2026-06-26,bank,15.00,2026-07-01T00:00:00Z
SRC-PR-01819,R01819,PL0529,2026-01-27,app,20.00,2026-07-01T00:00:00Z
SRC-PR-01820,R01820,PL0530,2026-02-28,store,25.00,2026-07-01T00:00:00Z
SRC-PR-01821,R01821,PL0531,2026-03-01,bank,5.00,2026-07-01T00:00:00Z
SRC-PR-01822,R01822,PL0532,2026-04-02,app,10.00,2026-07-01T00:00:00Z
SRC-PR-01823,R01823,PL0533,2026-05-03,store,15.00,2026-07-01T00:00:00Z
SRC-PR-01824,R01824,PL0534,2026-06-04,bank,20.00,2026-07-01T00:00:00Z
SRC-PR-01825,R01825,PL0535,2026-01-05,app,25.00,2026-07-01T00:00:00Z
SRC-PR-01826,R01826,PL0536,2026-02-06,store,5.00,2026-07-01T00:00:00Z
SRC-PR-01827,R01827,PL0537,2026-03-07,bank,10.00,2026-07-01T00:00:00Z
SRC-PR-01828,R01828,PL0538,2026-04-08,app,15.00,2026-07-01T00:00:00Z
SRC-PR-01829,R01829,PL0539,2026-05-09,store,20.00,2026-07-01T00:00:00Z
SRC-PR-01830,R01830,PL0540,2026-06-10,bank,25.00,2026-07-01T00:00:00Z
SRC-PR-01831,R01831,PL0541,2026-01-11,app,5.00,2026-07-01T00:00:00Z
SRC-PR-01832,R01832,PL0542,2026-02-12,store,10.00,2026-07-01T00:00:00Z
SRC-PR-01833,R01833,PL0543,2026-03-13,bank,15.00,2026-07-01T00:00:00Z
SRC-PR-01834,R01834,PL0544,2026-04-14,app,20.00,2026-07-01T00:00:00Z
SRC-PR-01835,R01835,PL0545,2026-05-15,store,25.00,2026-07-01T00:00:00Z
SRC-PR-01836,R01836,PL0546,2026-06-16,bank,5.00,2026-07-01T00:00:00Z
SRC-PR-01837,R01837,PL0547,2026-01-17,app,10.00,2026-07-01T00:00:00Z
SRC-PR-01838,R01838,PL0548,2026-02-18,store,15.00,2026-07-01T00:00:00Z
SRC-PR-01839,R01839,PL0549,2026-03-19,bank,20.00,2026-07-01T00:00:00Z
SRC-PR-01840,R01840,PL0550,2026-04-20,app,25.00,2026-07-01T00:00:00Z
SRC-PR-01841,R01841,PL0551,2026-05-21,store,5.00,2026-07-01T00:00:00Z
SRC-PR-01842,R01842,PL0552,2026-06-22,bank,10.00,2026-07-01T00:00:00Z
SRC-PR-01843,R01843,PL0553,2026-01-23,app,15.00,2026-07-01T00:00:00Z
SRC-PR-01844,R01844,PL0554,2026-02-24,store,20.00,2026-07-01T00:00:00Z
SRC-PR-01845,R01845,PL0555,2026-03-25,bank,25.00,2026-07-01T00:00:00Z
SRC-PR-01846,R01846,PL0556,2026-04-26,app,5.00,2026-07-01T00:00:00Z
SRC-PR-01847,R01847,PL0557,2026-05-27,store,10.00,2026-07-01T00:00:00Z
SRC-PR-01848,R01848,PL0558,2026-06-28,bank,15.00,2026-07-01T00:00:00Z
SRC-PR-01849,R01849,PL0559,2026-01-01,app,20.00,2026-07-01T00:00:00Z
SRC-PR-01850,R01850,PL0560,2026-02-02,store,25.00,2026-07-01T00:00:00Z
SRC-PR-01851,R01851,PL0561,2026-03-03,bank,5.00,2026-07-01T00:00:00Z
SRC-PR-01852,R01852,PL0562,2026-04-04,app,10.00,2026-07-01T00:00:00Z
SRC-PR-01853,R01853,PL0563,2026-05-05,store,15.00,2026-07-01T00:00:00Z
SRC-PR-01854,R01854,PL0564,2026-06-06,bank,20.00,2026-07-01T00:00:00Z
SRC-PR-01855,R01855,PL0565,2026-01-07,app,25.00,2026-07-01T00:00:00Z
SRC-PR-01856,R01856,PL0566,2026-02-08,store,5.00,2026-07-01T00:00:00Z
SRC-PR-01857,R01857,PL0567,2026-03-09,bank,10.00,2026-07-01T00:00:00Z
SRC-PR-01858,R01858,PL0568,2026-04-10,app,15.00,2026-07-01T00:00:00Z
SRC-PR-01859,R01859,PL0569,2026-05-11,store,20.00,2026-07-01T00:00:00Z
SRC-PR-01860,R01860,PL0570,2026-06-12,bank,25.00,2026-07-01T00:00:00Z
SRC-PR-01861,R01861,PL0571,2026-01-13,app,5.00,2026-07-01T00:00:00Z
SRC-PR-01862,R01862,PL0572,2026-02-14,store,10.00,2026-07-01T00:00:00Z
SRC-PR-01863,R01863,PL0573,2026-03-15,bank,15.00,2026-07-01T00:00:00Z
SRC-PR-01864,R01864,PL0574,2026-04-16,app,20.00,2026-07-01T00:00:00Z
SRC-PR-01865,R01865,PL0575,2026-05-17,store,25.00,2026-07-01T00:00:00Z
SRC-PR-01866,R01866,PL0576,2026-06-18,bank,5.00,2026-07-01T00:00:00Z
SRC-PR-01867,R01867,PL0577,2026-01-19,app,10.00,2026-07-01T00:00:00Z
SRC-PR-01868,R01868,PL0578,2026-02-20,store,15.00,2026-07-01T00:00:00Z
SRC-PR-01869,R01869,PL0579,2026-03-21,bank,20.00,2026-07-01T00:00:00Z
SRC-PR-01870,R01870,PL0580,2026-04-22,app,25.00,2026-07-01T00:00:00Z
SRC-PR-01871,R01871,PL0581,2026-05-23,store,5.00,2026-07-01T00:00:00Z
SRC-PR-01872,R01872,PL0582,2026-06-24,bank,10.00,2026-07-01T00:00:00Z
SRC-PR-01873,R01873,PL0583,2026-01-25,app,15.00,2026-07-01T00:00:00Z
SRC-PR-01874,R01874,PL0584,2026-02-26,store,20.00,2026-07-01T00:00:00Z
SRC-PR-01875,R01875,PL0585,2026-03-27,bank,25.00,2026-07-01T00:00:00Z
SRC-PR-01876,R01876,PL0586,2026-04-28,app,5.00,2026-07-01T00:00:00Z
SRC-PR-01877,R01877,PL0587,2026-05-01,store,10.00,2026-07-01T00:00:00Z
SRC-PR-01878,R01878,PL0588,2026-06-02,bank,15.00,2026-07-01T00:00:00Z
SRC-PR-01879,R01879,PL0589,2026-01-03,app,20.00,2026-07-01T00:00:00Z
SRC-PR-01880,R01880,PL0590,2026-02-04,store,25.00,2026-07-01T00:00:00Z
SRC-PR-01881,R01881,PL0591,2026-03-05,bank,5.00,2026-07-01T00:00:00Z
SRC-PR-01882,R01882,PL0592,2026-04-06,app,10.00,2026-07-01T00:00:00Z
SRC-PR-01883,R01883,PL0593,2026-05-07,store,15.00,2026-07-01T00:00:00Z
SRC-PR-01884,R01884,PL0594,2026-06-08,bank,20.00,2026-07-01T00:00:00Z
SRC-PR-01885,R01885,PL0595,2026-01-09,app,25.00,2026-07-01T00:00:00Z
SRC-PR-01886,R01886,PL0596,2026-02-10,store,5.00,2026-07-01T00:00:00Z
SRC-PR-01887,R01887,PL0597,2026-03-11,bank,10.00,2026-07-01T00:00:00Z
SRC-PR-01888,R01888,PL0598,2026-04-12,app,15.00,2026-07-01T00:00:00Z
SRC-PR-01889,R01889,PL0599,2026-05-13,store,20.00,2026-07-01T00:00:00Z
SRC-PR-01890,R01890,PL0600,2026-06-14,bank,25.00,2026-07-01T00:00:00Z
SRC-PR-01891,R01891,PL0601,2026-01-15,app,5.00,2026-07-01T00:00:00Z
SRC-PR-01892,R01892,PL0602,2026-02-16,store,10.00,2026-07-01T00:00:00Z
SRC-PR-01893,R01893,PL0603,2026-03-17,bank,15.00,2026-07-01T00:00:00Z
SRC-PR-01894,R01894,PL0604,2026-04-18,app,20.00,2026-07-01T00:00:00Z
SRC-PR-01895,R01895,PL0605,2026-05-19,store,25.00,2026-07-01T00:00:00Z
SRC-PR-01896,R01896,PL0606,2026-06-20,bank,5.00,2026-07-01T00:00:00Z
SRC-PR-01897,R01897,PL0607,2026-01-21,app,10.00,2026-07-01T00:00:00Z
SRC-PR-01898,R01898,PL0608,2026-02-22,store,15.00,2026-07-01T00:00:00Z
SRC-PR-01899,R01899,PL0609,2026-03-23,bank,20.00,2026-07-01T00:00:00Z
SRC-PR-01900,R01900,PL0610,2026-04-24,app,25.00,2026-07-01T00:00:00Z
SRC-PR-01901,R01901,PL0611,2026-05-25,store,5.00,2026-07-01T00:00:00Z
SRC-PR-01902,R01902,PL0612,2026-06-26,bank,10.00,2026-07-01T00:00:00Z
SRC-PR-01903,R01903,PL0613,2026-01-27,app,15.00,2026-07-01T00:00:00Z
SRC-PR-01904,R01904,PL0614,2026-02-28,store,20.00,2026-07-01T00:00:00Z
SRC-PR-01905,R01905,PL0615,2026-03-01,bank,25.00,2026-07-01T00:00:00Z
SRC-PR-01906,R01906,PL0616,2026-04-02,app,5.00,2026-07-01T00:00:00Z
SRC-PR-01907,R01907,PL0617,2026-05-03,store,10.00,2026-07-01T00:00:00Z
SRC-PR-01908,R01908,PL0618,2026-06-04,bank,15.00,2026-07-01T00:00:00Z
SRC-PR-01909,R01909,PL0619,2026-01-05,app,20.00,2026-07-01T00:00:00Z
SRC-PR-01910,R01910,PL0620,2026-02-06,store,25.00,2026-07-01T00:00:00Z
SRC-PR-01911,R01911,PL0621,2026-03-07,bank,5.00,2026-07-01T00:00:00Z
SRC-PR-01912,R01912,PL0622,2026-04-08,app,10.00,2026-07-01T00:00:00Z
SRC-PR-01913,R01913,PL0623,2026-05-09,store,15.00,2026-07-01T00:00:00Z
SRC-PR-01914,R01914,PL0624,2026-06-10,bank,20.00,2026-07-01T00:00:00Z
SRC-PR-01915,R01915,PL0625,2026-01-11,app,25.00,2026-07-01T00:00:00Z
SRC-PR-01916,R01916,PL0626,2026-02-12,store,5.00,2026-07-01T00:00:00Z
SRC-PR-01917,R01917,PL0627,2026-03-13,bank,10.00,2026-07-01T00:00:00Z
SRC-PR-01918,R01918,PL0628,2026-04-14,app,15.00,2026-07-01T00:00:00Z
SRC-PR-01919,R01919,PL0629,2026-05-15,store,20.00,2026-07-01T00:00:00Z
SRC-PR-01920,R01920,PL0630,2026-06-16,bank,25.00,2026-07-01T00:00:00Z
SRC-PR-01921,R01921,PL0631,2026-01-17,app,5.00,2026-07-01T00:00:00Z
SRC-PR-01922,R01922,PL0632,2026-02-18,store,10.00,2026-07-01T00:00:00Z
SRC-PR-01923,R01923,PL0633,2026-03-19,bank,15.00,2026-07-01T00:00:00Z
SRC-PR-01924,R01924,PL0634,2026-04-20,app,20.00,2026-07-01T00:00:00Z
SRC-PR-01925,R01925,PL0635,2026-05-21,store,25.00,2026-07-01T00:00:00Z
SRC-PR-01926,R01926,PL0636,2026-06-22,bank,5.00,2026-07-01T00:00:00Z
SRC-PR-01927,R01927,PL0637,2026-01-23,app,10.00,2026-07-01T00:00:00Z
SRC-PR-01928,R01928,PL0638,2026-02-24,store,15.00,2026-07-01T00:00:00Z
SRC-PR-01929,R01929,PL0639,2026-03-25,bank,20.00,2026-07-01T00:00:00Z
SRC-PR-01930,R01930,PL0640,2026-04-26,app,25.00,2026-07-01T00:00:00Z
SRC-PR-01931,R01931,PL0641,2026-05-27,store,5.00,2026-07-01T00:00:00Z
SRC-PR-01932,R01932,PL0642,2026-06-28,bank,10.00,2026-07-01T00:00:00Z
SRC-PR-01933,R01933,PL0643,2026-01-01,app,15.00,2026-07-01T00:00:00Z
SRC-PR-01934,R01934,PL0644,2026-02-02,store,20.00,2026-07-01T00:00:00Z
SRC-PR-01935,R01935,PL0645,2026-03-03,bank,25.00,2026-07-01T00:00:00Z
SRC-PR-01936,R01936,PL0001,2026-04-04,app,5.00,2026-07-01T00:00:00Z
SRC-PR-01937,R01937,PL0002,2026-05-05,store,10.00,2026-07-01T00:00:00Z
SRC-PR-01938,R01938,PL0003,2026-06-06,bank,15.00,2026-07-01T00:00:00Z
SRC-PR-01939,R01939,PL0004,2026-01-07,app,20.00,2026-07-01T00:00:00Z
SRC-PR-01940,R01940,PL0005,2026-02-08,store,25.00,2026-07-01T00:00:00Z
SRC-PR-01941,R01941,PL0006,2026-03-09,bank,5.00,2026-07-01T00:00:00Z
SRC-PR-01942,R01942,PL0007,2026-04-10,app,10.00,2026-07-01T00:00:00Z
SRC-PR-01943,R01943,PL0008,2026-05-11,store,15.00,2026-07-01T00:00:00Z
SRC-PR-01944,R01944,PL0009,2026-06-12,bank,20.00,2026-07-01T00:00:00Z
SRC-PR-01945,R01945,PL0010,2026-01-13,app,25.00,2026-07-01T00:00:00Z
SRC-PR-01946,R01946,PL0011,2026-02-14,store,5.00,2026-07-01T00:00:00Z
SRC-PR-01947,R01947,PL0012,2026-03-15,bank,10.00,2026-07-01T00:00:00Z
SRC-PR-01948,R01948,PL0013,2026-04-16,app,15.00,2026-07-01T00:00:00Z
SRC-PR-01949,R01949,PL0014,2026-05-17,store,20.00,2026-07-01T00:00:00Z
SRC-PR-01950,R01950,PL0015,2026-06-18,bank,25.00,2026-07-01T00:00:00Z
SRC-PR-01951,R01951,PL0016,2026-01-19,app,5.00,2026-07-01T00:00:00Z
SRC-PR-01952,R01952,PL0017,2026-02-20,store,10.00,2026-07-01T00:00:00Z
SRC-PR-01953,R01953,PL0018,2026-03-21,bank,15.00,2026-07-01T00:00:00Z
SRC-PR-01954,R01954,PL0019,2026-04-22,app,20.00,2026-07-01T00:00:00Z
SRC-PR-01955,R01955,PL0020,2026-05-23,store,25.00,2026-07-01T00:00:00Z
SRC-PR-01956,R01956,PL0021,2026-06-24,bank,5.00,2026-07-01T00:00:00Z
SRC-PR-01957,R01957,PL0022,2026-01-25,app,10.00,2026-07-01T00:00:00Z
SRC-PR-01958,R01958,PL0023,2026-02-26,store,15.00,2026-07-01T00:00:00Z
SRC-PR-01959,R01959,PL0024,2026-03-27,bank,20.00,2026-07-01T00:00:00Z
SRC-PR-01960,R01960,PL0025,2026-04-28,app,25.00,2026-07-01T00:00:00Z
SRC-PR-01961,R01961,PL0026,2026-05-01,store,5.00,2026-07-01T00:00:00Z
SRC-PR-01962,R01962,PL0027,2026-06-02,bank,10.00,2026-07-01T00:00:00Z
SRC-PR-01963,R01963,PL0028,2026-01-03,app,15.00,2026-07-01T00:00:00Z
SRC-PR-01964,R01964,PL0029,2026-02-04,store,20.00,2026-07-01T00:00:00Z
SRC-PR-01965,R01965,PL0030,2026-03-05,bank,25.00,2026-07-01T00:00:00Z
SRC-PR-01966,R01966,PL0031,2026-04-06,app,5.00,2026-07-01T00:00:00Z
SRC-PR-01967,R01967,PL0032,2026-05-07,store,10.00,2026-07-01T00:00:00Z
SRC-PR-01968,R01968,PL0033,2026-06-08,bank,15.00,2026-07-01T00:00:00Z
SRC-PR-01969,R01969,PL0034,2026-01-09,app,20.00,2026-07-01T00:00:00Z
SRC-PR-01970,R01970,PL0035,2026-02-10,store,25.00,2026-07-01T00:00:00Z
SRC-PR-01971,R01971,PL0036,2026-03-11,bank,5.00,2026-07-01T00:00:00Z
SRC-PR-01972,R01972,PL0037,2026-04-12,app,10.00,2026-07-01T00:00:00Z
SRC-PR-01973,R01973,PL0038,2026-05-13,store,15.00,2026-07-01T00:00:00Z
SRC-PR-01974,R01974,PL0039,2026-06-14,bank,20.00,2026-07-01T00:00:00Z
SRC-PR-01975,R01975,PL0040,2026-01-15,app,25.00,2026-07-01T00:00:00Z
SRC-PR-01976,R01976,PL0041,2026-02-16,store,5.00,2026-07-01T00:00:00Z
SRC-PR-01977,R01977,PL0042,2026-03-17,bank,10.00,2026-07-01T00:00:00Z
SRC-PR-01978,R01978,PL0043,2026-04-18,app,15.00,2026-07-01T00:00:00Z
SRC-PR-01979,R01979,PL0044,2026-05-19,store,20.00,2026-07-01T00:00:00Z
SRC-PR-01980,R01980,PL0045,2026-06-20,bank,25.00,2026-07-01T00:00:00Z
SRC-PR-01981,R01981,PL0046,2026-01-21,app,5.00,2026-07-01T00:00:00Z
SRC-PR-01982,R01982,PL0047,2026-02-22,store,10.00,2026-07-01T00:00:00Z
SRC-PR-01983,R01983,PL0048,2026-03-23,bank,15.00,2026-07-01T00:00:00Z
SRC-PR-01984,R01984,PL0049,2026-04-24,app,20.00,2026-07-01T00:00:00Z
SRC-PR-01985,R01985,PL0050,2026-05-25,store,25.00,2026-07-01T00:00:00Z
SRC-PR-01986,R01986,PL0051,2026-06-26,bank,5.00,2026-07-01T00:00:00Z
SRC-PR-01987,R01987,PL0052,2026-01-27,app,10.00,2026-07-01T00:00:00Z
SRC-PR-01988,R01988,PL0053,2026-02-28,store,15.00,2026-07-01T00:00:00Z
SRC-PR-01989,R01989,PL0054,2026-03-01,bank,20.00,2026-07-01T00:00:00Z
SRC-PR-01990,R01990,PL0055,2026-04-02,app,25.00,2026-07-01T00:00:00Z
SRC-PR-01991,R01991,PL0056,2026-05-03,store,5.00,2026-07-01T00:00:00Z
SRC-PR-01992,R01992,PL0057,2026-06-04,bank,10.00,2026-07-01T00:00:00Z
SRC-PR-01993,R01993,PL0058,2026-01-05,app,15.00,2026-07-01T00:00:00Z
SRC-PR-01994,R01994,PL0059,2026-02-06,store,20.00,2026-07-01T00:00:00Z
SRC-PR-01995,R01995,PL0060,2026-03-07,bank,25.00,2026-07-01T00:00:00Z
SRC-PR-01996,R01996,PL0061,2026-04-08,app,5.00,2026-07-01T00:00:00Z
SRC-PR-01997,R01997,PL0062,2026-05-09,store,10.00,2026-07-01T00:00:00Z
SRC-PR-01998,R01998,PL0063,2026-06-10,bank,15.00,2026-07-01T00:00:00Z
SRC-PR-01999,R01999,PL0064,2026-01-11,app,20.00,2026-07-01T00:00:00Z
SRC-PR-02000,R02000,PL0065,2026-02-12,store,25.00,2026-07-01T00:00:00Z
SRC-PR-02001,R02001,PL0066,2026-03-13,bank,5.00,2026-07-01T00:00:00Z
SRC-PR-02002,R02002,PL0067,2026-04-14,app,10.00,2026-07-01T00:00:00Z
SRC-PR-02003,R02003,PL0068,2026-05-15,store,15.00,2026-07-01T00:00:00Z
SRC-PR-02004,R02004,PL0069,2026-06-16,bank,20.00,2026-07-01T00:00:00Z
SRC-PR-02005,R02005,PL0070,2026-01-17,app,25.00,2026-07-01T00:00:00Z
SRC-PR-02006,R02006,PL0071,2026-02-18,store,5.00,2026-07-01T00:00:00Z
SRC-PR-02007,R02007,PL0072,2026-03-19,bank,10.00,2026-07-01T00:00:00Z
SRC-PR-02008,R02008,PL0073,2026-04-20,app,15.00,2026-07-01T00:00:00Z
SRC-PR-02009,R02009,PL0074,2026-05-21,store,20.00,2026-07-01T00:00:00Z
SRC-PR-02010,R02010,PL0075,2026-06-22,bank,25.00,2026-07-01T00:00:00Z
SRC-PR-02011,R02011,PL0076,2026-01-23,app,5.00,2026-07-01T00:00:00Z
SRC-PR-02012,R02012,PL0077,2026-02-24,store,10.00,2026-07-01T00:00:00Z
SRC-PR-02013,R02013,PL0078,2026-03-25,bank,15.00,2026-07-01T00:00:00Z
SRC-PR-02014,R02014,PL0079,2026-04-26,app,20.00,2026-07-01T00:00:00Z
SRC-PR-02015,R02015,PL0080,2026-05-27,store,25.00,2026-07-01T00:00:00Z
SRC-PR-02016,R02016,PL0081,2026-06-28,bank,5.00,2026-07-01T00:00:00Z
SRC-PR-02017,R02017,PL0082,2026-01-01,app,10.00,2026-07-01T00:00:00Z
SRC-PR-02018,R02018,PL0083,2026-02-02,store,15.00,2026-07-01T00:00:00Z
SRC-PR-02019,R02019,PL0084,2026-03-03,bank,20.00,2026-07-01T00:00:00Z
SRC-PR-02020,R02020,PL0085,2026-04-04,app,25.00,2026-07-01T00:00:00Z
SRC-PR-02021,R02021,PL0086,2026-05-05,store,5.00,2026-07-01T00:00:00Z
SRC-PR-02022,R02022,PL0087,2026-06-06,bank,10.00,2026-07-01T00:00:00Z
SRC-PR-02023,R02023,PL0088,2026-01-07,app,15.00,2026-07-01T00:00:00Z
SRC-PR-02024,R02024,PL0089,2026-02-08,store,20.00,2026-07-01T00:00:00Z
SRC-PR-02025,R02025,PL0090,2026-03-09,bank,25.00,2026-07-01T00:00:00Z
SRC-PR-02026,R02026,PL0091,2026-04-10,app,5.00,2026-07-01T00:00:00Z
SRC-PR-02027,R02027,PL0092,2026-05-11,store,10.00,2026-07-01T00:00:00Z
SRC-PR-02028,R02028,PL0093,2026-06-12,bank,15.00,2026-07-01T00:00:00Z
SRC-PR-02029,R02029,PL0094,2026-01-13,app,20.00,2026-07-01T00:00:00Z
SRC-PR-02030,R02030,PL0095,2026-02-14,store,25.00,2026-07-01T00:00:00Z
SRC-PR-02031,R02031,PL0096,2026-03-15,bank,5.00,2026-07-01T00:00:00Z
SRC-PR-02032,R02032,PL0097,2026-04-16,app,10.00,2026-07-01T00:00:00Z
SRC-PR-02033,R02033,PL0098,2026-05-17,store,15.00,2026-07-01T00:00:00Z
SRC-PR-02034,R02034,PL0099,2026-06-18,bank,20.00,2026-07-01T00:00:00Z
SRC-PR-02035,R02035,PL0100,2026-01-19,app,25.00,2026-07-01T00:00:00Z
SRC-PR-02036,R02036,PL0101,2026-02-20,store,5.00,2026-07-01T00:00:00Z
SRC-PR-02037,R02037,PL0102,2026-03-21,bank,10.00,2026-07-01T00:00:00Z
SRC-PR-02038,R02038,PL0103,2026-04-22,app,15.00,2026-07-01T00:00:00Z
SRC-PR-02039,R02039,PL0104,2026-05-23,store,20.00,2026-07-01T00:00:00Z
SRC-PR-02040,R02040,PL0105,2026-06-24,bank,25.00,2026-07-01T00:00:00Z
SRC-PR-02041,R02041,PL0106,2026-01-25,app,5.00,2026-07-01T00:00:00Z
SRC-PR-02042,R02042,PL0107,2026-02-26,store,10.00,2026-07-01T00:00:00Z
SRC-PR-02043,R02043,PL0108,2026-03-27,bank,15.00,2026-07-01T00:00:00Z
SRC-PR-02044,R02044,PL0109,2026-04-28,app,20.00,2026-07-01T00:00:00Z
SRC-PR-02045,R02045,PL0110,2026-05-01,store,25.00,2026-07-01T00:00:00Z
SRC-PR-02046,R02046,PL0111,2026-06-02,bank,5.00,2026-07-01T00:00:00Z
SRC-PR-02047,R02047,PL0112,2026-01-03,app,10.00,2026-07-01T00:00:00Z
SRC-PR-02048,R02048,PL0113,2026-02-04,store,15.00,2026-07-01T00:00:00Z
SRC-PR-02049,R02049,PL0114,2026-03-05,bank,20.00,2026-07-01T00:00:00Z
SRC-PR-02050,R02050,PL0115,2026-04-06,app,25.00,2026-07-01T00:00:00Z
SRC-PR-02051,R02051,PL0116,2026-05-07,store,5.00,2026-07-01T00:00:00Z
SRC-PR-02052,R02052,PL0117,2026-06-08,bank,10.00,2026-07-01T00:00:00Z
SRC-PR-02053,R02053,PL0118,2026-01-09,app,15.00,2026-07-01T00:00:00Z
SRC-PR-02054,R02054,PL0119,2026-02-10,store,20.00,2026-07-01T00:00:00Z
SRC-PR-02055,R02055,PL0120,2026-03-11,bank,25.00,2026-07-01T00:00:00Z
SRC-PR-02056,R02056,PL0121,2026-04-12,app,5.00,2026-07-01T00:00:00Z
SRC-PR-02057,R02057,PL0122,2026-05-13,store,10.00,2026-07-01T00:00:00Z
SRC-PR-02058,R02058,PL0123,2026-06-14,bank,15.00,2026-07-01T00:00:00Z
SRC-PR-02059,R02059,PL0124,2026-01-15,app,20.00,2026-07-01T00:00:00Z
SRC-PR-02060,R02060,PL0125,2026-02-16,store,25.00,2026-07-01T00:00:00Z
SRC-PR-02061,R02061,PL0126,2026-03-17,bank,5.00,2026-07-01T00:00:00Z
SRC-PR-02062,R02062,PL0127,2026-04-18,app,10.00,2026-07-01T00:00:00Z
SRC-PR-02063,R02063,PL0128,2026-05-19,store,15.00,2026-07-01T00:00:00Z
SRC-PR-02064,R02064,PL0129,2026-06-20,bank,20.00,2026-07-01T00:00:00Z
SRC-PR-02065,R02065,PL0130,2026-01-21,app,25.00,2026-07-01T00:00:00Z
SRC-PR-02066,R02066,PL0131,2026-02-22,store,5.00,2026-07-01T00:00:00Z
SRC-PR-02067,R02067,PL0132,2026-03-23,bank,10.00,2026-07-01T00:00:00Z
SRC-PR-02068,R02068,PL0133,2026-04-24,app,15.00,2026-07-01T00:00:00Z
SRC-PR-02069,R02069,PL0134,2026-05-25,store,20.00,2026-07-01T00:00:00Z
SRC-PR-02070,R02070,PL0135,2026-06-26,bank,25.00,2026-07-01T00:00:00Z
SRC-PR-02071,R02071,PL0136,2026-01-27,app,5.00,2026-07-01T00:00:00Z
SRC-PR-02072,R02072,PL0137,2026-02-28,store,10.00,2026-07-01T00:00:00Z
SRC-PR-02073,R02073,PL0138,2026-03-01,bank,15.00,2026-07-01T00:00:00Z
SRC-PR-02074,R02074,PL0139,2026-04-02,app,20.00,2026-07-01T00:00:00Z
SRC-PR-02075,R02075,PL0140,2026-05-03,store,25.00,2026-07-01T00:00:00Z
SRC-PR-02076,R02076,PL0141,2026-06-04,bank,5.00,2026-07-01T00:00:00Z
SRC-PR-02077,R02077,PL0142,2026-01-05,app,10.00,2026-07-01T00:00:00Z
SRC-PR-02078,R02078,PL0143,2026-02-06,store,15.00,2026-07-01T00:00:00Z
SRC-PR-02079,R02079,PL0144,2026-03-07,bank,20.00,2026-07-01T00:00:00Z
SRC-PR-02080,R02080,PL0145,2026-04-08,app,25.00,2026-07-01T00:00:00Z
SRC-PR-02081,R02081,PL0146,2026-05-09,store,5.00,2026-07-01T00:00:00Z
SRC-PR-02082,R02082,PL0147,2026-06-10,bank,10.00,2026-07-01T00:00:00Z
SRC-PR-02083,R02083,PL0148,2026-01-11,app,15.00,2026-07-01T00:00:00Z
SRC-PR-02084,R02084,PL0149,2026-02-12,store,20.00,2026-07-01T00:00:00Z
SRC-PR-02085,R02085,PL0150,2026-03-13,bank,25.00,2026-07-01T00:00:00Z
SRC-PR-02086,R02086,PL0151,2026-04-14,app,5.00,2026-07-01T00:00:00Z
SRC-PR-02087,R02087,PL0152,2026-05-15,store,10.00,2026-07-01T00:00:00Z
SRC-PR-02088,R02088,PL0153,2026-06-16,bank,15.00,2026-07-01T00:00:00Z
SRC-PR-02089,R02089,PL0154,2026-01-17,app,20.00,2026-07-01T00:00:00Z
SRC-PR-02090,R02090,PL0155,2026-02-18,store,25.00,2026-07-01T00:00:00Z
SRC-PR-02091,R02091,PL0156,2026-03-19,bank,5.00,2026-07-01T00:00:00Z
SRC-PR-02092,R02092,PL0157,2026-04-20,app,10.00,2026-07-01T00:00:00Z
SRC-PR-02093,R02093,PL0158,2026-05-21,store,15.00,2026-07-01T00:00:00Z
SRC-PR-02094,R02094,PL0159,2026-06-22,bank,20.00,2026-07-01T00:00:00Z
SRC-PR-02095,R02095,PL0160,2026-01-23,app,25.00,2026-07-01T00:00:00Z
SRC-PR-02096,R02096,PL0161,2026-02-24,store,5.00,2026-07-01T00:00:00Z
SRC-PR-02097,R02097,PL0162,2026-03-25,bank,10.00,2026-07-01T00:00:00Z
SRC-PR-02098,R02098,PL0163,2026-04-26,app,15.00,2026-07-01T00:00:00Z
SRC-PR-02099,R02099,PL0164,2026-05-27,store,20.00,2026-07-01T00:00:00Z
SRC-PR-02100,R02100,PL0165,2026-06-28,bank,25.00,2026-07-01T00:00:00Z
SRC-PR-02101,R02101,PL0166,2026-01-01,app,5.00,2026-07-01T00:00:00Z
SRC-PR-02102,R02102,PL0167,2026-02-02,store,10.00,2026-07-01T00:00:00Z
SRC-PR-02103,R02103,PL0168,2026-03-03,bank,15.00,2026-07-01T00:00:00Z
SRC-PR-02104,R02104,PL0169,2026-04-04,app,20.00,2026-07-01T00:00:00Z
SRC-PR-02105,R02105,PL0170,2026-05-05,store,25.00,2026-07-01T00:00:00Z
SRC-PR-02106,R02106,PL0171,2026-06-06,bank,5.00,2026-07-01T00:00:00Z
SRC-PR-02107,R02107,PL0172,2026-01-07,app,10.00,2026-07-01T00:00:00Z
SRC-PR-02108,R02108,PL0173,2026-02-08,store,15.00,2026-07-01T00:00:00Z
SRC-PR-02109,R02109,PL0174,2026-03-09,bank,20.00,2026-07-01T00:00:00Z
SRC-PR-02110,R02110,PL0175,2026-04-10,app,25.00,2026-07-01T00:00:00Z
SRC-PR-02111,R02111,PL0176,2026-05-11,store,5.00,2026-07-01T00:00:00Z
SRC-PR-02112,R02112,PL0177,2026-06-12,bank,10.00,2026-07-01T00:00:00Z
SRC-PR-02113,R02113,PL0178,2026-01-13,app,15.00,2026-07-01T00:00:00Z
SRC-PR-02114,R02114,PL0179,2026-02-14,store,20.00,2026-07-01T00:00:00Z
SRC-PR-02115,R02115,PL0180,2026-03-15,bank,25.00,2026-07-01T00:00:00Z
SRC-PR-02116,R02116,PL0181,2026-04-16,app,5.00,2026-07-01T00:00:00Z
SRC-PR-02117,R02117,PL0182,2026-05-17,store,10.00,2026-07-01T00:00:00Z
SRC-PR-02118,R02118,PL0183,2026-06-18,bank,15.00,2026-07-01T00:00:00Z
SRC-PR-02119,R02119,PL0184,2026-01-19,app,20.00,2026-07-01T00:00:00Z
SRC-PR-02120,R02120,PL0185,2026-02-20,store,25.00,2026-07-01T00:00:00Z
SRC-PR-02121,R02121,PL0186,2026-03-21,bank,5.00,2026-07-01T00:00:00Z
SRC-PR-02122,R02122,PL0187,2026-04-22,app,10.00,2026-07-01T00:00:00Z
SRC-PR-02123,R02123,PL0188,2026-05-23,store,15.00,2026-07-01T00:00:00Z
SRC-PR-02124,R02124,PL0189,2026-06-24,bank,20.00,2026-07-01T00:00:00Z
SRC-PR-02125,R02125,PL0190,2026-01-25,app,25.00,2026-07-01T00:00:00Z
SRC-PR-02126,R02126,PL0191,2026-02-26,store,5.00,2026-07-01T00:00:00Z
SRC-PR-02127,R02127,PL0192,2026-03-27,bank,10.00,2026-07-01T00:00:00Z
SRC-PR-02128,R02128,PL0193,2026-04-28,app,15.00,2026-07-01T00:00:00Z
SRC-PR-02129,R02129,PL0194,2026-05-01,store,20.00,2026-07-01T00:00:00Z
SRC-PR-02130,R02130,PL0195,2026-06-02,bank,25.00,2026-07-01T00:00:00Z
SRC-PR-02131,R02131,PL0196,2026-01-03,app,5.00,2026-07-01T00:00:00Z
SRC-PR-02132,R02132,PL0197,2026-02-04,store,10.00,2026-07-01T00:00:00Z
SRC-PR-02133,R02133,PL0198,2026-03-05,bank,15.00,2026-07-01T00:00:00Z
SRC-PR-02134,R02134,PL0199,2026-04-06,app,20.00,2026-07-01T00:00:00Z
SRC-PR-02135,R02135,PL0200,2026-05-07,store,25.00,2026-07-01T00:00:00Z
SRC-PR-02136,R02136,PL0201,2026-06-08,bank,5.00,2026-07-01T00:00:00Z
SRC-PR-02137,R02137,PL0202,2026-01-09,app,10.00,2026-07-01T00:00:00Z
SRC-PR-02138,R02138,PL0203,2026-02-10,store,15.00,2026-07-01T00:00:00Z
SRC-PR-02139,R02139,PL0204,2026-03-11,bank,20.00,2026-07-01T00:00:00Z
SRC-PR-02140,R02140,PL0205,2026-04-12,app,25.00,2026-07-01T00:00:00Z
SRC-PR-02141,R02141,PL0206,2026-05-13,store,5.00,2026-07-01T00:00:00Z
SRC-PR-02142,R02142,PL0207,2026-06-14,bank,10.00,2026-07-01T00:00:00Z
SRC-PR-02143,R02143,PL0208,2026-01-15,app,15.00,2026-07-01T00:00:00Z
SRC-PR-02144,R02144,PL0209,2026-02-16,store,20.00,2026-07-01T00:00:00Z
SRC-PR-02145,R02145,PL0210,2026-03-17,bank,25.00,2026-07-01T00:00:00Z
SRC-PR-02146,R02146,PL0211,2026-04-18,app,5.00,2026-07-01T00:00:00Z
SRC-PR-02147,R02147,PL0212,2026-05-19,store,10.00,2026-07-01T00:00:00Z
SRC-PR-02148,R02148,PL0213,2026-06-20,bank,15.00,2026-07-01T00:00:00Z
SRC-PR-02149,R02149,PL0214,2026-01-21,app,20.00,2026-07-01T00:00:00Z
SRC-PR-02150,R02150,PL0215,2026-02-22,store,25.00,2026-07-01T00:00:00Z
SRC-PR-02151,R02151,PL0216,2026-03-23,bank,5.00,2026-07-01T00:00:00Z
SRC-PR-02152,R02152,PL0217,2026-04-24,app,10.00,2026-07-01T00:00:00Z
SRC-PR-02153,R02153,PL0218,2026-05-25,store,15.00,2026-07-01T00:00:00Z
SRC-PR-02154,R02154,PL0219,2026-06-26,bank,20.00,2026-07-01T00:00:00Z
SRC-PR-02155,R02155,PL0220,2026-01-27,app,25.00,2026-07-01T00:00:00Z
SRC-PR-02156,R02156,PL0221,2026-02-28,store,5.00,2026-07-01T00:00:00Z
SRC-PR-02157,R02157,PL0222,2026-03-01,bank,10.00,2026-07-01T00:00:00Z
SRC-PR-02158,R02158,PL0223,2026-04-02,app,15.00,2026-07-01T00:00:00Z
SRC-PR-02159,R02159,PL0224,2026-05-03,store,20.00,2026-07-01T00:00:00Z
SRC-PR-02160,R02160,PL0225,2026-06-04,bank,25.00,2026-07-01T00:00:00Z
SRC-PR-02161,R02161,PL0226,2026-01-05,app,5.00,2026-07-01T00:00:00Z
SRC-PR-02162,R02162,PL0227,2026-02-06,store,10.00,2026-07-01T00:00:00Z
SRC-PR-02163,R02163,PL0228,2026-03-07,bank,15.00,2026-07-01T00:00:00Z
SRC-PR-02164,R02164,PL0229,2026-04-08,app,20.00,2026-07-01T00:00:00Z
SRC-PR-02165,R02165,PL0230,2026-05-09,store,25.00,2026-07-01T00:00:00Z
SRC-PR-02166,R02166,PL0231,2026-06-10,bank,5.00,2026-07-01T00:00:00Z
SRC-PR-02167,R02167,PL0232,2026-01-11,app,10.00,2026-07-01T00:00:00Z
SRC-PR-02168,R02168,PL0233,2026-02-12,store,15.00,2026-07-01T00:00:00Z
SRC-PR-02169,R02169,PL0234,2026-03-13,bank,20.00,2026-07-01T00:00:00Z
SRC-PR-02170,R02170,PL0235,2026-04-14,app,25.00,2026-07-01T00:00:00Z
SRC-PR-02171,R02171,PL0236,2026-05-15,store,5.00,2026-07-01T00:00:00Z
SRC-PR-02172,R02172,PL0237,2026-06-16,bank,10.00,2026-07-01T00:00:00Z
SRC-PR-02173,R02173,PL0238,2026-01-17,app,15.00,2026-07-01T00:00:00Z
SRC-PR-02174,R02174,PL0239,2026-02-18,store,20.00,2026-07-01T00:00:00Z
SRC-PR-02175,R02175,PL0240,2026-03-19,bank,25.00,2026-07-01T00:00:00Z
SRC-PR-02176,R02176,PL0241,2026-04-20,app,5.00,2026-07-01T00:00:00Z
SRC-PR-02177,R02177,PL0242,2026-05-21,store,10.00,2026-07-01T00:00:00Z
SRC-PR-02178,R02178,PL0243,2026-06-22,bank,15.00,2026-07-01T00:00:00Z
SRC-PR-02179,R02179,PL0244,2026-01-23,app,20.00,2026-07-01T00:00:00Z
SRC-PR-02180,R02180,PL0245,2026-02-24,store,25.00,2026-07-01T00:00:00Z
SRC-PR-02181,R02181,PL0246,2026-03-25,bank,5.00,2026-07-01T00:00:00Z
SRC-PR-02182,R02182,PL0247,2026-04-26,app,10.00,2026-07-01T00:00:00Z
SRC-PR-02183,R02183,PL0248,2026-05-27,store,15.00,2026-07-01T00:00:00Z
SRC-PR-02184,R02184,PL0249,2026-06-28,bank,20.00,2026-07-01T00:00:00Z
SRC-PR-02185,R02185,PL0250,2026-01-01,app,25.00,2026-07-01T00:00:00Z
SRC-PR-02186,R02186,PL0251,2026-02-02,store,5.00,2026-07-01T00:00:00Z
SRC-PR-02187,R02187,PL0252,2026-03-03,bank,10.00,2026-07-01T00:00:00Z
SRC-PR-02188,R02188,PL0253,2026-04-04,app,15.00,2026-07-01T00:00:00Z
SRC-PR-02189,R02189,PL0254,2026-05-05,store,20.00,2026-07-01T00:00:00Z
SRC-PR-02190,R02190,PL0255,2026-06-06,bank,25.00,2026-07-01T00:00:00Z
SRC-PR-02191,R02191,PL0256,2026-01-07,app,5.00,2026-07-01T00:00:00Z
SRC-PR-02192,R02192,PL0257,2026-02-08,store,10.00,2026-07-01T00:00:00Z
SRC-PR-02193,R02193,PL0258,2026-03-09,bank,15.00,2026-07-01T00:00:00Z
SRC-PR-02194,R02194,PL0259,2026-04-10,app,20.00,2026-07-01T00:00:00Z
SRC-PR-02195,R02195,PL0260,2026-05-11,store,25.00,2026-07-01T00:00:00Z
SRC-PR-02196,R02196,PL0261,2026-06-12,bank,5.00,2026-07-01T00:00:00Z
SRC-PR-02197,R02197,PL0262,2026-01-13,app,10.00,2026-07-01T00:00:00Z
SRC-PR-02198,R02198,PL0263,2026-02-14,store,15.00,2026-07-01T00:00:00Z
SRC-PR-02199,R02199,PL0264,2026-03-15,bank,20.00,2026-07-01T00:00:00Z
SRC-PR-02200,R02200,PL0265,2026-04-16,app,25.00,2026-07-01T00:00:00Z
SRC-PR-02201,R02201,PL0266,2026-05-17,store,5.00,2026-07-01T00:00:00Z
SRC-PR-02202,R02202,PL0267,2026-06-18,bank,10.00,2026-07-01T00:00:00Z
SRC-PR-02203,R02203,PL0268,2026-01-19,app,15.00,2026-07-01T00:00:00Z
SRC-PR-02204,R02204,PL0269,2026-02-20,store,20.00,2026-07-01T00:00:00Z
SRC-PR-02205,R02205,PL0270,2026-03-21,bank,25.00,2026-07-01T00:00:00Z
SRC-PR-02206,R02206,PL0271,2026-04-22,app,5.00,2026-07-01T00:00:00Z
SRC-PR-02207,R02207,PL0272,2026-05-23,store,10.00,2026-07-01T00:00:00Z
SRC-PR-02208,R02208,PL0273,2026-06-24,bank,15.00,2026-07-01T00:00:00Z
SRC-PR-02209,R02209,PL0274,2026-01-25,app,20.00,2026-07-01T00:00:00Z
SRC-PR-02210,R02210,PL0275,2026-02-26,store,25.00,2026-07-01T00:00:00Z
SRC-PR-02211,R02211,PL0276,2026-03-27,bank,5.00,2026-07-01T00:00:00Z
SRC-PR-02212,R02212,PL0277,2026-04-28,app,10.00,2026-07-01T00:00:00Z
SRC-PR-02213,R02213,PL0278,2026-05-01,store,15.00,2026-07-01T00:00:00Z
SRC-PR-02214,R02214,PL0279,2026-06-02,bank,20.00,2026-07-01T00:00:00Z
SRC-PR-02215,R02215,PL0280,2026-01-03,app,25.00,2026-07-01T00:00:00Z
SRC-PR-02216,R02216,PL0281,2026-02-04,store,5.00,2026-07-01T00:00:00Z
SRC-PR-02217,R02217,PL0282,2026-03-05,bank,10.00,2026-07-01T00:00:00Z
SRC-PR-02218,R02218,PL0283,2026-04-06,app,15.00,2026-07-01T00:00:00Z
SRC-PR-02219,R02219,PL0284,2026-05-07,store,20.00,2026-07-01T00:00:00Z
SRC-PR-02220,R02220,PL0285,2026-06-08,bank,25.00,2026-07-01T00:00:00Z
SRC-PR-02221,R02221,PL0286,2026-01-09,app,5.00,2026-07-01T00:00:00Z
SRC-PR-02222,R02222,PL0287,2026-02-10,store,10.00,2026-07-01T00:00:00Z
SRC-PR-02223,R02223,PL0288,2026-03-11,bank,15.00,2026-07-01T00:00:00Z
SRC-PR-02224,R02224,PL0289,2026-04-12,app,20.00,2026-07-01T00:00:00Z
SRC-PR-02225,R02225,PL0290,2026-05-13,store,25.00,2026-07-01T00:00:00Z
SRC-PR-02226,R02226,PL0291,2026-06-14,bank,5.00,2026-07-01T00:00:00Z
SRC-PR-02227,R02227,PL0292,2026-01-15,app,10.00,2026-07-01T00:00:00Z
SRC-PR-02228,R02228,PL0293,2026-02-16,store,15.00,2026-07-01T00:00:00Z
SRC-PR-02229,R02229,PL0294,2026-03-17,bank,20.00,2026-07-01T00:00:00Z
SRC-PR-02230,R02230,PL0295,2026-04-18,app,25.00,2026-07-01T00:00:00Z
SRC-PR-02231,R02231,PL0296,2026-05-19,store,5.00,2026-07-01T00:00:00Z
SRC-PR-02232,R02232,PL0297,2026-06-20,bank,10.00,2026-07-01T00:00:00Z
SRC-PR-02233,R02233,PL0298,2026-01-21,app,15.00,2026-07-01T00:00:00Z
SRC-PR-02234,R02234,PL0299,2026-02-22,store,20.00,2026-07-01T00:00:00Z
SRC-PR-02235,R02235,PL0300,2026-03-23,bank,25.00,2026-07-01T00:00:00Z
SRC-PR-02236,R02236,PL0301,2026-04-24,app,5.00,2026-07-01T00:00:00Z
SRC-PR-02237,R02237,PL0302,2026-05-25,store,10.00,2026-07-01T00:00:00Z
SRC-PR-02238,R02238,PL0303,2026-06-26,bank,15.00,2026-07-01T00:00:00Z
SRC-PR-02239,R02239,PL0304,2026-01-27,app,20.00,2026-07-01T00:00:00Z
SRC-PR-02240,R02240,PL0305,2026-02-28,store,25.00,2026-07-01T00:00:00Z
SRC-PR-02241,R02241,PL0306,2026-03-01,bank,5.00,2026-07-01T00:00:00Z
SRC-PR-02242,R02242,PL0307,2026-04-02,app,10.00,2026-07-01T00:00:00Z
SRC-PR-02243,R02243,PL0308,2026-05-03,store,15.00,2026-07-01T00:00:00Z
SRC-PR-02244,R02244,PL0309,2026-06-04,bank,20.00,2026-07-01T00:00:00Z
SRC-PR-02245,R02245,PL0310,2026-01-05,app,25.00,2026-07-01T00:00:00Z
SRC-PR-02246,R02246,PL0311,2026-02-06,store,5.00,2026-07-01T00:00:00Z
SRC-PR-02247,R02247,PL0312,2026-03-07,bank,10.00,2026-07-01T00:00:00Z
SRC-PR-02248,R02248,PL0313,2026-04-08,app,15.00,2026-07-01T00:00:00Z
SRC-PR-02249,R02249,PL0314,2026-05-09,store,20.00,2026-07-01T00:00:00Z
SRC-PR-02250,R02250,PL0315,2026-06-10,bank,25.00,2026-07-01T00:00:00Z
SRC-PR-02251,R02251,PL0316,2026-01-11,app,5.00,2026-07-01T00:00:00Z
SRC-PR-02252,R02252,PL0317,2026-02-12,store,10.00,2026-07-01T00:00:00Z
SRC-PR-02253,R02253,PL0318,2026-03-13,bank,15.00,2026-07-01T00:00:00Z
SRC-PR-02254,R02254,PL0319,2026-04-14,app,20.00,2026-07-01T00:00:00Z
SRC-PR-02255,R02255,PL0320,2026-05-15,store,25.00,2026-07-01T00:00:00Z
SRC-PR-02256,R02256,PL0321,2026-06-16,bank,5.00,2026-07-01T00:00:00Z
SRC-PR-02257,R02257,PL0322,2026-01-17,app,10.00,2026-07-01T00:00:00Z
SRC-PR-02258,R02258,PL0323,2026-02-18,store,15.00,2026-07-01T00:00:00Z
SRC-PR-02259,R02259,PL0324,2026-03-19,bank,20.00,2026-07-01T00:00:00Z
SRC-PR-02260,R02260,PL0325,2026-04-20,app,25.00,2026-07-01T00:00:00Z
SRC-PR-02261,R02261,PL0326,2026-05-21,store,5.00,2026-07-01T00:00:00Z
SRC-PR-02262,R02262,PL0327,2026-06-22,bank,10.00,2026-07-01T00:00:00Z
SRC-PR-02263,R02263,PL0328,2026-01-23,app,15.00,2026-07-01T00:00:00Z
SRC-PR-02264,R02264,PL0329,2026-02-24,store,20.00,2026-07-01T00:00:00Z
SRC-PR-02265,R02265,PL0330,2026-03-25,bank,25.00,2026-07-01T00:00:00Z
SRC-PR-02266,R02266,PL0331,2026-04-26,app,5.00,2026-07-01T00:00:00Z
SRC-PR-02267,R02267,PL0332,2026-05-27,store,10.00,2026-07-01T00:00:00Z
SRC-PR-02268,R02268,PL0333,2026-06-28,bank,15.00,2026-07-01T00:00:00Z
SRC-PR-02269,R02269,PL0334,2026-01-01,app,20.00,2026-07-01T00:00:00Z
SRC-PR-02270,R02270,PL0335,2026-02-02,store,25.00,2026-07-01T00:00:00Z
SRC-PR-02271,R02271,PL0336,2026-03-03,bank,5.00,2026-07-01T00:00:00Z
SRC-PR-02272,R02272,PL0337,2026-04-04,app,10.00,2026-07-01T00:00:00Z
SRC-PR-02273,R02273,PL0338,2026-05-05,store,15.00,2026-07-01T00:00:00Z
SRC-PR-02274,R02274,PL0339,2026-06-06,bank,20.00,2026-07-01T00:00:00Z
SRC-PR-02275,R02275,PL0340,2026-01-07,app,25.00,2026-07-01T00:00:00Z
SRC-PR-02276,R02276,PL0341,2026-02-08,store,5.00,2026-07-01T00:00:00Z
SRC-PR-02277,R02277,PL0342,2026-03-09,bank,10.00,2026-07-01T00:00:00Z
SRC-PR-02278,R02278,PL0343,2026-04-10,app,15.00,2026-07-01T00:00:00Z
SRC-PR-02279,R02279,PL0344,2026-05-11,store,20.00,2026-07-01T00:00:00Z
SRC-PR-02280,R02280,PL0345,2026-06-12,bank,25.00,2026-07-01T00:00:00Z
SRC-PR-02281,R02281,PL0346,2026-01-13,app,5.00,2026-07-01T00:00:00Z
SRC-PR-02282,R02282,PL0347,2026-02-14,store,10.00,2026-07-01T00:00:00Z
SRC-PR-02283,R02283,PL0348,2026-03-15,bank,15.00,2026-07-01T00:00:00Z
SRC-PR-02284,R02284,PL0349,2026-04-16,app,20.00,2026-07-01T00:00:00Z
SRC-PR-02285,R02285,PL0350,2026-05-17,store,25.00,2026-07-01T00:00:00Z
SRC-PR-02286,R02286,PL0351,2026-06-18,bank,5.00,2026-07-01T00:00:00Z
SRC-PR-02287,R02287,PL0352,2026-01-19,app,10.00,2026-07-01T00:00:00Z
SRC-PR-02288,R02288,PL0353,2026-02-20,store,15.00,2026-07-01T00:00:00Z
SRC-PR-02289,R02289,PL0354,2026-03-21,bank,20.00,2026-07-01T00:00:00Z
SRC-PR-02290,R02290,PL0355,2026-04-22,app,25.00,2026-07-01T00:00:00Z
SRC-PR-02291,R02291,PL0356,2026-05-23,store,5.00,2026-07-01T00:00:00Z
SRC-PR-02292,R02292,PL0357,2026-06-24,bank,10.00,2026-07-01T00:00:00Z
SRC-PR-02293,R02293,PL0358,2026-01-25,app,15.00,2026-07-01T00:00:00Z
SRC-PR-02294,R02294,PL0359,2026-02-26,store,20.00,2026-07-01T00:00:00Z
SRC-PR-02295,R02295,PL0360,2026-03-27,bank,25.00,2026-07-01T00:00:00Z
SRC-PR-02296,R02296,PL0361,2026-04-28,app,5.00,2026-07-01T00:00:00Z
SRC-PR-02297,R02297,PL0362,2026-05-01,store,10.00,2026-07-01T00:00:00Z
SRC-PR-02298,R02298,PL0363,2026-06-02,bank,15.00,2026-07-01T00:00:00Z
SRC-PR-02299,R02299,PL0364,2026-01-03,app,20.00,2026-07-01T00:00:00Z
SRC-PR-02300,R02300,PL0365,2026-02-04,store,25.00,2026-07-01T00:00:00Z
SRC-PR-02301,R02301,PL0366,2026-03-05,bank,5.00,2026-07-01T00:00:00Z
SRC-PR-02302,R02302,PL0367,2026-04-06,app,10.00,2026-07-01T00:00:00Z
SRC-PR-02303,R02303,PL0368,2026-05-07,store,15.00,2026-07-01T00:00:00Z
SRC-PR-02304,R02304,PL0369,2026-06-08,bank,20.00,2026-07-01T00:00:00Z
SRC-PR-02305,R02305,PL0370,2026-01-09,app,25.00,2026-07-01T00:00:00Z
SRC-PR-02306,R02306,PL0371,2026-02-10,store,5.00,2026-07-01T00:00:00Z
SRC-PR-02307,R02307,PL0372,2026-03-11,bank,10.00,2026-07-01T00:00:00Z
SRC-PR-02308,R02308,PL0373,2026-04-12,app,15.00,2026-07-01T00:00:00Z
SRC-PR-02309,R02309,PL0374,2026-05-13,store,20.00,2026-07-01T00:00:00Z
SRC-PR-02310,R02310,PL0375,2026-06-14,bank,25.00,2026-07-01T00:00:00Z
SRC-PR-02311,R02311,PL0376,2026-01-15,app,5.00,2026-07-01T00:00:00Z
SRC-PR-02312,R02312,PL0377,2026-02-16,store,10.00,2026-07-01T00:00:00Z
SRC-PR-02313,R02313,PL0378,2026-03-17,bank,15.00,2026-07-01T00:00:00Z
SRC-PR-02314,R02314,PL0379,2026-04-18,app,20.00,2026-07-01T00:00:00Z
SRC-PR-02315,R02315,PL0380,2026-05-19,store,25.00,2026-07-01T00:00:00Z
SRC-PR-02316,R02316,PL0381,2026-06-20,bank,5.00,2026-07-01T00:00:00Z
SRC-PR-02317,R02317,PL0382,2026-01-21,app,10.00,2026-07-01T00:00:00Z
SRC-PR-02318,R02318,PL0383,2026-02-22,store,15.00,2026-07-01T00:00:00Z
SRC-PR-02319,R02319,PL0384,2026-03-23,bank,20.00,2026-07-01T00:00:00Z
SRC-PR-02320,R02320,PL0385,2026-04-24,app,25.00,2026-07-01T00:00:00Z
SRC-PR-02321,R02321,PL0386,2026-05-25,store,5.00,2026-07-01T00:00:00Z
SRC-PR-02322,R02322,PL0387,2026-06-26,bank,10.00,2026-07-01T00:00:00Z
SRC-PR-02323,R02323,PL0388,2026-01-27,app,15.00,2026-07-01T00:00:00Z
SRC-PR-02324,R02324,PL0389,2026-02-28,store,20.00,2026-07-01T00:00:00Z
SRC-PR-02325,R02325,PL0390,2026-03-01,bank,25.00,2026-07-01T00:00:00Z
SRC-PR-02326,R02326,PL0391,2026-04-02,app,5.00,2026-07-01T00:00:00Z
SRC-PR-02327,R02327,PL0392,2026-05-03,store,10.00,2026-07-01T00:00:00Z
SRC-PR-02328,R02328,PL0393,2026-06-04,bank,15.00,2026-07-01T00:00:00Z
SRC-PR-02329,R02329,PL0394,2026-01-05,app,20.00,2026-07-01T00:00:00Z
SRC-PR-02330,R02330,PL0395,2026-02-06,store,25.00,2026-07-01T00:00:00Z
SRC-PR-02331,R02331,PL0396,2026-03-07,bank,5.00,2026-07-01T00:00:00Z
SRC-PR-02332,R02332,PL0397,2026-04-08,app,10.00,2026-07-01T00:00:00Z
SRC-PR-02333,R02333,PL0398,2026-05-09,store,15.00,2026-07-01T00:00:00Z
SRC-PR-02334,R02334,PL0399,2026-06-10,bank,20.00,2026-07-01T00:00:00Z
SRC-PR-02335,R02335,PL0400,2026-01-11,app,25.00,2026-07-01T00:00:00Z
SRC-PR-02336,R02336,PL0401,2026-02-12,store,5.00,2026-07-01T00:00:00Z
SRC-PR-02337,R02337,PL0402,2026-03-13,bank,10.00,2026-07-01T00:00:00Z
SRC-PR-02338,R02338,PL0403,2026-04-14,app,15.00,2026-07-01T00:00:00Z
SRC-PR-02339,R02339,PL0404,2026-05-15,store,20.00,2026-07-01T00:00:00Z
SRC-PR-02340,R02340,PL0405,2026-06-16,bank,25.00,2026-07-01T00:00:00Z
SRC-PR-02341,R02341,PL0406,2026-01-17,app,5.00,2026-07-01T00:00:00Z
SRC-PR-02342,R02342,PL0407,2026-02-18,store,10.00,2026-07-01T00:00:00Z
SRC-PR-02343,R02343,PL0408,2026-03-19,bank,15.00,2026-07-01T00:00:00Z
SRC-PR-02344,R02344,PL0409,2026-04-20,app,20.00,2026-07-01T00:00:00Z
SRC-PR-02345,R02345,PL0410,2026-05-21,store,25.00,2026-07-01T00:00:00Z
SRC-PR-02346,R02346,PL0411,2026-06-22,bank,5.00,2026-07-01T00:00:00Z
SRC-PR-02347,R02347,PL0412,2026-01-23,app,10.00,2026-07-01T00:00:00Z
SRC-PR-02348,R02348,PL0413,2026-02-24,store,15.00,2026-07-01T00:00:00Z
SRC-PR-02349,R02349,PL0414,2026-03-25,bank,20.00,2026-07-01T00:00:00Z
SRC-PR-02350,R02350,PL0415,2026-04-26,app,25.00,2026-07-01T00:00:00Z
SRC-PR-02351,R02351,PL0416,2026-05-27,store,5.00,2026-07-01T00:00:00Z
SRC-PR-02352,R02352,PL0417,2026-06-28,bank,10.00,2026-07-01T00:00:00Z
SRC-PR-02353,R02353,PL0418,2026-01-01,app,15.00,2026-07-01T00:00:00Z
SRC-PR-02354,R02354,PL0419,2026-02-02,store,20.00,2026-07-01T00:00:00Z
SRC-PR-02355,R02355,PL0420,2026-03-03,bank,25.00,2026-07-01T00:00:00Z
SRC-PR-02356,R02356,PL0421,2026-04-04,app,5.00,2026-07-01T00:00:00Z
SRC-PR-02357,R02357,PL0422,2026-05-05,store,10.00,2026-07-01T00:00:00Z
SRC-PR-02358,R02358,PL0423,2026-06-06,bank,15.00,2026-07-01T00:00:00Z
SRC-PR-02359,R02359,PL0424,2026-01-07,app,20.00,2026-07-01T00:00:00Z
SRC-PR-02360,R02360,PL0425,2026-02-08,store,25.00,2026-07-01T00:00:00Z
SRC-PR-02361,R02361,PL0426,2026-03-09,bank,5.00,2026-07-01T00:00:00Z
SRC-PR-02362,R02362,PL0427,2026-04-10,app,10.00,2026-07-01T00:00:00Z
SRC-PR-02363,R02363,PL0428,2026-05-11,store,15.00,2026-07-01T00:00:00Z
SRC-PR-02364,R02364,PL0429,2026-06-12,bank,20.00,2026-07-01T00:00:00Z
SRC-PR-02365,R02365,PL0430,2026-01-13,app,25.00,2026-07-01T00:00:00Z
SRC-PR-02366,R02366,PL0431,2026-02-14,store,5.00,2026-07-01T00:00:00Z
SRC-PR-02367,R02367,PL0432,2026-03-15,bank,10.00,2026-07-01T00:00:00Z
SRC-PR-02368,R02368,PL0433,2026-04-16,app,15.00,2026-07-01T00:00:00Z
SRC-PR-02369,R02369,PL0434,2026-05-17,store,20.00,2026-07-01T00:00:00Z
SRC-PR-02370,R02370,PL0435,2026-06-18,bank,25.00,2026-07-01T00:00:00Z
SRC-PR-02371,R02371,PL0436,2026-01-19,app,5.00,2026-07-01T00:00:00Z
SRC-PR-02372,R02372,PL0437,2026-02-20,store,10.00,2026-07-01T00:00:00Z
SRC-PR-02373,R02373,PL0438,2026-03-21,bank,15.00,2026-07-01T00:00:00Z
SRC-PR-02374,R02374,PL0439,2026-04-22,app,20.00,2026-07-01T00:00:00Z
SRC-PR-02375,R02375,PL0440,2026-05-23,store,25.00,2026-07-01T00:00:00Z
SRC-PR-02376,R02376,PL0441,2026-06-24,bank,5.00,2026-07-01T00:00:00Z
SRC-PR-02377,R02377,PL0442,2026-01-25,app,10.00,2026-07-01T00:00:00Z
SRC-PR-02378,R02378,PL0443,2026-02-26,store,15.00,2026-07-01T00:00:00Z
SRC-PR-02379,R02379,PL0444,2026-03-27,bank,20.00,2026-07-01T00:00:00Z
SRC-PR-02380,R02380,PL0445,2026-04-28,app,25.00,2026-07-01T00:00:00Z
SRC-PR-02381,R02381,PL0446,2026-05-01,store,5.00,2026-07-01T00:00:00Z
SRC-PR-02382,R02382,PL0447,2026-06-02,bank,10.00,2026-07-01T00:00:00Z
SRC-PR-02383,R02383,PL0448,2026-01-03,app,15.00,2026-07-01T00:00:00Z
SRC-PR-02384,R02384,PL0449,2026-02-04,store,20.00,2026-07-01T00:00:00Z
SRC-PR-02385,R02385,PL0450,2026-03-05,bank,25.00,2026-07-01T00:00:00Z
SRC-PR-02386,R02386,PL0451,2026-04-06,app,5.00,2026-07-01T00:00:00Z
SRC-PR-02387,R02387,PL0452,2026-05-07,store,10.00,2026-07-01T00:00:00Z
SRC-PR-02388,R02388,PL0453,2026-06-08,bank,15.00,2026-07-01T00:00:00Z
SRC-PR-02389,R02389,PL0454,2026-01-09,app,20.00,2026-07-01T00:00:00Z
SRC-PR-02390,R02390,PL0455,2026-02-10,store,25.00,2026-07-01T00:00:00Z
SRC-PR-02391,R02391,PL0456,2026-03-11,bank,5.00,2026-07-01T00:00:00Z
SRC-PR-02392,R02392,PL0457,2026-04-12,app,10.00,2026-07-01T00:00:00Z
SRC-PR-02393,R02393,PL0458,2026-05-13,store,15.00,2026-07-01T00:00:00Z
SRC-PR-02394,R02394,PL0459,2026-06-14,bank,20.00,2026-07-01T00:00:00Z
SRC-PR-02395,R02395,PL0460,2026-01-15,app,25.00,2026-07-01T00:00:00Z
SRC-PR-02396,R02396,PL0461,2026-02-16,store,5.00,2026-07-01T00:00:00Z
SRC-PR-02397,R02397,PL0462,2026-03-17,bank,10.00,2026-07-01T00:00:00Z
SRC-PR-02398,R02398,PL0463,2026-04-18,app,15.00,2026-07-01T00:00:00Z
SRC-PR-02399,R02399,PL0464,2026-05-19,store,20.00,2026-07-01T00:00:00Z
SRC-PR-02400,R02400,PL0465,2026-06-20,bank,25.00,2026-07-01T00:00:00Z
SRC-PR-02401,R02401,PL0466,2026-01-21,app,5.00,2026-07-01T00:00:00Z
SRC-PR-02402,R02402,PL0467,2026-02-22,store,10.00,2026-07-01T00:00:00Z
SRC-PR-02403,R02403,PL0468,2026-03-23,bank,15.00,2026-07-01T00:00:00Z
SRC-PR-02404,R02404,PL0469,2026-04-24,app,20.00,2026-07-01T00:00:00Z
SRC-PR-02405,R02405,PL0470,2026-05-25,store,25.00,2026-07-01T00:00:00Z
SRC-PR-02406,R02406,PL0471,2026-06-26,bank,5.00,2026-07-01T00:00:00Z
SRC-PR-02407,R02407,PL0472,2026-01-27,app,10.00,2026-07-01T00:00:00Z
SRC-PR-02408,R02408,PL0473,2026-02-28,store,15.00,2026-07-01T00:00:00Z
SRC-PR-02409,R02409,PL0474,2026-03-01,bank,20.00,2026-07-01T00:00:00Z
SRC-PR-02410,R02410,PL0475,2026-04-02,app,25.00,2026-07-01T00:00:00Z
SRC-PR-02411,R02411,PL0476,2026-05-03,store,5.00,2026-07-01T00:00:00Z
SRC-PR-02412,R02412,PL0477,2026-06-04,bank,10.00,2026-07-01T00:00:00Z
SRC-PR-02413,R02413,PL0478,2026-01-05,app,15.00,2026-07-01T00:00:00Z
SRC-PR-02414,R02414,PL0479,2026-02-06,store,20.00,2026-07-01T00:00:00Z
SRC-PR-02415,R02415,PL0480,2026-03-07,bank,25.00,2026-07-01T00:00:00Z
SRC-PR-02416,R02416,PL0481,2026-04-08,app,5.00,2026-07-01T00:00:00Z
SRC-PR-02417,R02417,PL0482,2026-05-09,store,10.00,2026-07-01T00:00:00Z
SRC-PR-02418,R02418,PL0483,2026-06-10,bank,15.00,2026-07-01T00:00:00Z
SRC-PR-02419,R02419,PL0484,2026-01-11,app,20.00,2026-07-01T00:00:00Z
SRC-PR-02420,R02420,PL0485,2026-02-12,store,25.00,2026-07-01T00:00:00Z
SRC-PR-02421,R02421,PL0486,2026-03-13,bank,5.00,2026-07-01T00:00:00Z
SRC-PR-02422,R02422,PL0487,2026-04-14,app,10.00,2026-07-01T00:00:00Z
SRC-PR-02423,R02423,PL0488,2026-05-15,store,15.00,2026-07-01T00:00:00Z
SRC-PR-02424,R02424,PL0489,2026-06-16,bank,20.00,2026-07-01T00:00:00Z
SRC-PR-02425,R02425,PL0490,2026-01-17,app,25.00,2026-07-01T00:00:00Z
SRC-PR-02426,R02426,PL0491,2026-02-18,store,5.00,2026-07-01T00:00:00Z
SRC-PR-02427,R02427,PL0492,2026-03-19,bank,10.00,2026-07-01T00:00:00Z
SRC-PR-02428,R02428,PL0493,2026-04-20,app,15.00,2026-07-01T00:00:00Z
SRC-PR-02429,R02429,PL0494,2026-05-21,store,20.00,2026-07-01T00:00:00Z
SRC-PR-02430,R02430,PL0495,2026-06-22,bank,25.00,2026-07-01T00:00:00Z
SRC-PR-02431,R02431,PL0496,2026-01-23,app,5.00,2026-07-01T00:00:00Z
SRC-PR-02432,R02432,PL0497,2026-02-24,store,10.00,2026-07-01T00:00:00Z
SRC-PR-02433,R02433,PL0498,2026-03-25,bank,15.00,2026-07-01T00:00:00Z
SRC-PR-02434,R02434,PL0499,2026-04-26,app,20.00,2026-07-01T00:00:00Z
SRC-PR-02435,R02435,PL0500,2026-05-27,store,25.00,2026-07-01T00:00:00Z
SRC-PR-02436,R02436,PL0501,2026-06-28,bank,5.00,2026-07-01T00:00:00Z
SRC-PR-02437,R02437,PL0502,2026-01-01,app,10.00,2026-07-01T00:00:00Z
SRC-PR-02438,R02438,PL0503,2026-02-02,store,15.00,2026-07-01T00:00:00Z
SRC-PR-02439,R02439,PL0504,2026-03-03,bank,20.00,2026-07-01T00:00:00Z
SRC-PR-02440,R02440,PL0505,2026-04-04,app,25.00,2026-07-01T00:00:00Z
SRC-PR-02441,R02441,PL0506,2026-05-05,store,5.00,2026-07-01T00:00:00Z
SRC-PR-02442,R02442,PL0507,2026-06-06,bank,10.00,2026-07-01T00:00:00Z
SRC-PR-02443,R02443,PL0508,2026-01-07,app,15.00,2026-07-01T00:00:00Z
SRC-PR-02444,R02444,PL0509,2026-02-08,store,20.00,2026-07-01T00:00:00Z
SRC-PR-02445,R02445,PL0510,2026-03-09,bank,25.00,2026-07-01T00:00:00Z
SRC-PR-02446,R02446,PL0511,2026-04-10,app,5.00,2026-07-01T00:00:00Z
SRC-PR-02447,R02447,PL0512,2026-05-11,store,10.00,2026-07-01T00:00:00Z
SRC-PR-02448,R02448,PL0513,2026-06-12,bank,15.00,2026-07-01T00:00:00Z
SRC-PR-02449,R02449,PL0514,2026-01-13,app,20.00,2026-07-01T00:00:00Z
SRC-PR-02450,R02450,PL0515,2026-02-14,store,25.00,2026-07-01T00:00:00Z
SRC-PR-02451,R02451,PL0516,2026-03-15,bank,5.00,2026-07-01T00:00:00Z
SRC-PR-02452,R02452,PL0517,2026-04-16,app,10.00,2026-07-01T00:00:00Z
SRC-PR-02453,R02453,PL0518,2026-05-17,store,15.00,2026-07-01T00:00:00Z
SRC-PR-02454,R02454,PL0519,2026-06-18,bank,20.00,2026-07-01T00:00:00Z
SRC-PR-02455,R02455,PL0520,2026-01-19,app,25.00,2026-07-01T00:00:00Z
SRC-PR-02456,R02456,PL0521,2026-02-20,store,5.00,2026-07-01T00:00:00Z
SRC-PR-02457,R02457,PL0522,2026-03-21,bank,10.00,2026-07-01T00:00:00Z
SRC-PR-02458,R02458,PL0523,2026-04-22,app,15.00,2026-07-01T00:00:00Z
SRC-PR-02459,R02459,PL0524,2026-05-23,store,20.00,2026-07-01T00:00:00Z
SRC-PR-02460,R02460,PL0525,2026-06-24,bank,25.00,2026-07-01T00:00:00Z
SRC-PR-02461,R02461,PL0526,2026-01-25,app,5.00,2026-07-01T00:00:00Z
SRC-PR-02462,R02462,PL0527,2026-02-26,store,10.00,2026-07-01T00:00:00Z
SRC-PR-02463,R02463,PL0528,2026-03-27,bank,15.00,2026-07-01T00:00:00Z
SRC-PR-02464,R02464,PL0529,2026-04-28,app,20.00,2026-07-01T00:00:00Z
SRC-PR-02465,R02465,PL0530,2026-05-01,store,25.00,2026-07-01T00:00:00Z
SRC-PR-02466,R02466,PL0531,2026-06-02,bank,5.00,2026-07-01T00:00:00Z
SRC-PR-02467,R02467,PL0532,2026-01-03,app,10.00,2026-07-01T00:00:00Z
SRC-PR-02468,R02468,PL0533,2026-02-04,store,15.00,2026-07-01T00:00:00Z
SRC-PR-02469,R02469,PL0534,2026-03-05,bank,20.00,2026-07-01T00:00:00Z
SRC-PR-02470,R02470,PL0535,2026-04-06,app,25.00,2026-07-01T00:00:00Z
SRC-PR-02471,R02471,PL0536,2026-05-07,store,5.00,2026-07-01T00:00:00Z
SRC-PR-02472,R02472,PL0537,2026-06-08,bank,10.00,2026-07-01T00:00:00Z
SRC-PR-02473,R02473,PL0538,2026-01-09,app,15.00,2026-07-01T00:00:00Z
SRC-PR-02474,R02474,PL0539,2026-02-10,store,20.00,2026-07-01T00:00:00Z
SRC-PR-02475,R02475,PL0540,2026-03-11,bank,25.00,2026-07-01T00:00:00Z
SRC-PR-02476,R02476,PL0541,2026-04-12,app,5.00,2026-07-01T00:00:00Z
SRC-PR-02477,R02477,PL0542,2026-05-13,store,10.00,2026-07-01T00:00:00Z
SRC-PR-02478,R02478,PL0543,2026-06-14,bank,15.00,2026-07-01T00:00:00Z
SRC-PR-02479,R02479,PL0544,2026-01-15,app,20.00,2026-07-01T00:00:00Z
SRC-PR-02480,R02480,PL0545,2026-02-16,store,25.00,2026-07-01T00:00:00Z
SRC-PR-02481,R02481,PL0546,2026-03-17,bank,5.00,2026-07-01T00:00:00Z
SRC-PR-02482,R02482,PL0547,2026-04-18,app,10.00,2026-07-01T00:00:00Z
SRC-PR-02483,R02483,PL0548,2026-05-19,store,15.00,2026-07-01T00:00:00Z
SRC-PR-02484,R02484,PL0549,2026-06-20,bank,20.00,2026-07-01T00:00:00Z
SRC-PR-02485,R02485,PL0550,2026-01-21,app,25.00,2026-07-01T00:00:00Z
SRC-PR-02486,R02486,PL0551,2026-02-22,store,5.00,2026-07-01T00:00:00Z
SRC-PR-02487,R02487,PL0552,2026-03-23,bank,10.00,2026-07-01T00:00:00Z
SRC-PR-02488,R02488,PL0553,2026-04-24,app,15.00,2026-07-01T00:00:00Z
SRC-PR-02489,R02489,PL0554,2026-05-25,store,20.00,2026-07-01T00:00:00Z
SRC-PR-02490,R02490,PL0555,2026-06-26,bank,25.00,2026-07-01T00:00:00Z
SRC-PR-02491,R02491,PL0556,2026-01-27,app,5.00,2026-07-01T00:00:00Z
SRC-PR-02492,R02492,PL0557,2026-02-28,store,10.00,2026-07-01T00:00:00Z
SRC-PR-02493,R02493,PL0558,2026-03-01,bank,15.00,2026-07-01T00:00:00Z
SRC-PR-02494,R02494,PL0559,2026-04-02,app,20.00,2026-07-01T00:00:00Z
SRC-PR-02495,R02495,PL0560,2026-05-03,store,25.00,2026-07-01T00:00:00Z
SRC-PR-02496,R02496,PL0561,2026-06-04,bank,5.00,2026-07-01T00:00:00Z
SRC-PR-02497,R02497,PL0562,2026-01-05,app,10.00,2026-07-01T00:00:00Z
SRC-PR-02498,R02498,PL0563,2026-02-06,store,15.00,2026-07-01T00:00:00Z
SRC-PR-02499,R02499,PL0564,2026-03-07,bank,20.00,2026-07-01T00:00:00Z
SRC-PR-02500,R02500,PL0565,2026-04-08,app,25.00,2026-07-01T00:00:00Z
SRC-PR-02501,R02501,PL0566,2026-05-09,store,5.00,2026-07-01T00:00:00Z
SRC-PR-02502,R02502,PL0567,2026-06-10,bank,10.00,2026-07-01T00:00:00Z
SRC-PR-02503,R02503,PL0568,2026-01-11,app,15.00,2026-07-01T00:00:00Z
SRC-PR-02504,R02504,PL0569,2026-02-12,store,20.00,2026-07-01T00:00:00Z
SRC-PR-02505,R02505,PL0570,2026-03-13,bank,25.00,2026-07-01T00:00:00Z
SRC-PR-02506,R02506,PL0571,2026-04-14,app,5.00,2026-07-01T00:00:00Z
SRC-PR-02507,R02507,PL0572,2026-05-15,store,10.00,2026-07-01T00:00:00Z
SRC-PR-02508,R02508,PL0573,2026-06-16,bank,15.00,2026-07-01T00:00:00Z
SRC-PR-02509,R02509,PL0574,2026-01-17,app,20.00,2026-07-01T00:00:00Z
SRC-PR-02510,R02510,PL0575,2026-02-18,store,25.00,2026-07-01T00:00:00Z
SRC-PR-02511,R02511,PL0576,2026-03-19,bank,5.00,2026-07-01T00:00:00Z
SRC-PR-02512,R02512,PL0577,2026-04-20,app,10.00,2026-07-01T00:00:00Z
SRC-PR-02513,R02513,PL0578,2026-05-21,store,15.00,2026-07-01T00:00:00Z
SRC-PR-02514,R02514,PL0579,2026-06-22,bank,20.00,2026-07-01T00:00:00Z
SRC-PR-02515,R02515,PL0580,2026-01-23,app,25.00,2026-07-01T00:00:00Z
SRC-PR-02516,R02516,PL0581,2026-02-24,store,5.00,2026-07-01T00:00:00Z
SRC-PR-02517,R02517,PL0582,2026-03-25,bank,10.00,2026-07-01T00:00:00Z
SRC-PR-02518,R02518,PL0583,2026-04-26,app,15.00,2026-07-01T00:00:00Z
SRC-PR-02519,R02519,PL0584,2026-05-27,store,20.00,2026-07-01T00:00:00Z
SRC-PR-02520,R02520,PL0585,2026-06-28,bank,25.00,2026-07-01T00:00:00Z
SRC-PR-02521,R02521,PL0586,2026-01-01,app,5.00,2026-07-01T00:00:00Z
SRC-PR-02522,R02522,PL0587,2026-02-02,store,10.00,2026-07-01T00:00:00Z
SRC-PR-02523,R02523,PL0588,2026-03-03,bank,15.00,2026-07-01T00:00:00Z
SRC-PR-02524,R02524,PL0589,2026-04-04,app,20.00,2026-07-01T00:00:00Z
SRC-PR-02525,R02525,PL0590,2026-05-05,store,25.00,2026-07-01T00:00:00Z
SRC-PR-02526,R02526,PL0591,2026-06-06,bank,5.00,2026-07-01T00:00:00Z
SRC-PR-02527,R02527,PL0592,2026-01-07,app,10.00,2026-07-01T00:00:00Z
SRC-PR-02528,R02528,PL0593,2026-02-08,store,15.00,2026-07-01T00:00:00Z
SRC-PR-02529,R02529,PL0594,2026-03-09,bank,20.00,2026-07-01T00:00:00Z
SRC-PR-02530,R02530,PL0595,2026-04-10,app,25.00,2026-07-01T00:00:00Z
SRC-PR-02531,R02531,PL0596,2026-05-11,store,5.00,2026-07-01T00:00:00Z
SRC-PR-02532,R02532,PL0597,2026-06-12,bank,10.00,2026-07-01T00:00:00Z
SRC-PR-02533,R02533,PL0598,2026-01-13,app,15.00,2026-07-01T00:00:00Z
SRC-PR-02534,R02534,PL0599,2026-02-14,store,20.00,2026-07-01T00:00:00Z
SRC-PR-02535,R02535,PL0600,2026-03-15,bank,25.00,2026-07-01T00:00:00Z
SRC-PR-02536,R02536,PL0601,2026-04-16,app,5.00,2026-07-01T00:00:00Z
SRC-PR-02537,R02537,PL0602,2026-05-17,store,10.00,2026-07-01T00:00:00Z
SRC-PR-02538,R02538,PL0603,2026-06-18,bank,15.00,2026-07-01T00:00:00Z
SRC-PR-02539,R02539,PL0604,2026-01-19,app,20.00,2026-07-01T00:00:00Z
SRC-PR-02540,R02540,PL0605,2026-02-20,store,25.00,2026-07-01T00:00:00Z
SRC-PR-02541,R02541,PL0606,2026-03-21,bank,5.00,2026-07-01T00:00:00Z
SRC-PR-02542,R02542,PL0607,2026-04-22,app,10.00,2026-07-01T00:00:00Z
SRC-PR-02543,R02543,PL0608,2026-05-23,store,15.00,2026-07-01T00:00:00Z
SRC-PR-02544,R02544,PL0609,2026-06-24,bank,20.00,2026-07-01T00:00:00Z
SRC-PR-02545,R02545,PL0610,2026-01-25,app,25.00,2026-07-01T00:00:00Z
SRC-PR-02546,R02546,PL0611,2026-02-26,store,5.00,2026-07-01T00:00:00Z
SRC-PR-02547,R02547,PL0612,2026-03-27,bank,10.00,2026-07-01T00:00:00Z
SRC-PR-02548,R02548,PL0613,2026-04-28,app,15.00,2026-07-01T00:00:00Z
SRC-PR-02549,R02549,PL0614,2026-05-01,store,20.00,2026-07-01T00:00:00Z
SRC-PR-02550,R02550,PL0615,2026-06-02,bank,25.00,2026-07-01T00:00:00Z
SRC-PR-02551,R02551,PL0616,2026-01-03,app,5.00,2026-07-01T00:00:00Z
SRC-PR-02552,R02552,PL0617,2026-02-04,store,10.00,2026-07-01T00:00:00Z
SRC-PR-02553,R02553,PL0618,2026-03-05,bank,15.00,2026-07-01T00:00:00Z
SRC-PR-02554,R02554,PL0619,2026-04-06,app,20.00,2026-07-01T00:00:00Z
SRC-PR-02555,R02555,PL0620,2026-05-07,store,25.00,2026-07-01T00:00:00Z
SRC-PR-02556,R02556,PL0621,2026-06-08,bank,5.00,2026-07-01T00:00:00Z
SRC-PR-02557,R02557,PL0622,2026-01-09,app,10.00,2026-07-01T00:00:00Z
SRC-PR-02558,R02558,PL0623,2026-02-10,store,15.00,2026-07-01T00:00:00Z
SRC-PR-02559,R02559,PL0624,2026-03-11,bank,20.00,2026-07-01T00:00:00Z
SRC-PR-02560,R02560,PL0625,2026-04-12,app,25.00,2026-07-01T00:00:00Z
SRC-PR-02561,R02561,PL0626,2026-05-13,store,5.00,2026-07-01T00:00:00Z
SRC-PR-02562,R02562,PL0627,2026-06-14,bank,10.00,2026-07-01T00:00:00Z
SRC-PR-02563,R02563,PL0628,2026-01-15,app,15.00,2026-07-01T00:00:00Z
SRC-PR-02564,R02564,PL0629,2026-02-16,store,20.00,2026-07-01T00:00:00Z
SRC-PR-02565,R02565,PL0630,2026-03-17,bank,25.00,2026-07-01T00:00:00Z
SRC-PR-02566,R02566,PL0631,2026-04-18,app,5.00,2026-07-01T00:00:00Z
SRC-PR-02567,R02567,PL0632,2026-05-19,store,10.00,2026-07-01T00:00:00Z
SRC-PR-02568,R02568,PL0633,2026-06-20,bank,15.00,2026-07-01T00:00:00Z
SRC-PR-02569,R02569,PL0634,2026-01-21,app,20.00,2026-07-01T00:00:00Z
SRC-PR-02570,R02570,PL0635,2026-02-22,store,25.00,2026-07-01T00:00:00Z
SRC-PR-02571,R02571,PL0636,2026-03-23,bank,5.00,2026-07-01T00:00:00Z
SRC-PR-02572,R02572,PL0637,2026-04-24,app,10.00,2026-07-01T00:00:00Z
SRC-PR-02573,R02573,PL0638,2026-05-25,store,15.00,2026-07-01T00:00:00Z
SRC-PR-02574,R02574,PL0639,2026-06-26,bank,20.00,2026-07-01T00:00:00Z
SRC-PR-02575,R02575,PL0640,2026-01-27,app,25.00,2026-07-01T00:00:00Z
SRC-PR-02576,R02576,PL0641,2026-02-28,store,5.00,2026-07-01T00:00:00Z
SRC-PR-02577,R02577,PL0642,2026-03-01,bank,10.00,2026-07-01T00:00:00Z
SRC-PR-02578,R02578,PL0643,2026-04-02,app,15.00,2026-07-01T00:00:00Z
SRC-PR-02579,R02579,PL0644,2026-05-03,store,20.00,2026-07-01T00:00:00Z
SRC-PR-02580,R02580,PL0645,2026-06-04,bank,25.00,2026-07-01T00:00:00Z
SRC-PR-02581,R02581,PL0001,2026-01-05,app,5.00,2026-07-01T00:00:00Z
SRC-PR-02582,R02582,PL0002,2026-02-06,store,10.00,2026-07-01T00:00:00Z
SRC-PR-02583,R02583,PL0003,2026-03-07,bank,15.00,2026-07-01T00:00:00Z
SRC-PR-02584,R02584,PL0004,2026-04-08,app,20.00,2026-07-01T00:00:00Z
SRC-PR-02585,R02585,PL0005,2026-05-09,store,25.00,2026-07-01T00:00:00Z
SRC-PR-02586,R02586,PL0006,2026-06-10,bank,5.00,2026-07-01T00:00:00Z
SRC-PR-02587,R02587,PL0007,2026-01-11,app,10.00,2026-07-01T00:00:00Z
SRC-PR-02588,R02588,PL0008,2026-02-12,store,15.00,2026-07-01T00:00:00Z
SRC-PR-02589,R02589,PL0009,2026-03-13,bank,20.00,2026-07-01T00:00:00Z
SRC-PR-02590,R02590,PL0010,2026-04-14,app,25.00,2026-07-01T00:00:00Z
SRC-PR-02591,R02591,PL0011,2026-05-15,store,5.00,2026-07-01T00:00:00Z
SRC-PR-02592,R02592,PL0012,2026-06-16,bank,10.00,2026-07-01T00:00:00Z
SRC-PR-02593,R02593,PL0013,2026-01-17,app,15.00,2026-07-01T00:00:00Z
SRC-PR-02594,R02594,PL0014,2026-02-18,store,20.00,2026-07-01T00:00:00Z
SRC-PR-02595,R02595,PL0015,2026-03-19,bank,25.00,2026-07-01T00:00:00Z
SRC-PR-02596,R02596,PL0016,2026-04-20,app,5.00,2026-07-01T00:00:00Z
SRC-PR-02597,R02597,PL0017,2026-05-21,store,10.00,2026-07-01T00:00:00Z
SRC-PR-02598,R02598,PL0018,2026-06-22,bank,15.00,2026-07-01T00:00:00Z
SRC-PR-02599,R02599,PL0019,2026-01-23,app,20.00,2026-07-01T00:00:00Z
SRC-PR-02600,R02600,PL0020,2026-02-24,store,25.00,2026-07-01T00:00:00Z
SRC-PR-02601,R02601,PL0021,2026-03-25,bank,5.00,2026-07-01T00:00:00Z
SRC-PR-02602,R02602,PL0022,2026-04-26,app,10.00,2026-07-01T00:00:00Z
SRC-PR-02603,R02603,PL0023,2026-05-27,store,15.00,2026-07-01T00:00:00Z
SRC-PR-02604,R02604,PL0024,2026-06-28,bank,20.00,2026-07-01T00:00:00Z
SRC-PR-02605,R02605,PL0025,2026-01-01,app,25.00,2026-07-01T00:00:00Z
SRC-PR-02606,R02606,PL0026,2026-02-02,store,5.00,2026-07-01T00:00:00Z
SRC-PR-02607,R02607,PL0027,2026-03-03,bank,10.00,2026-07-01T00:00:00Z
SRC-PR-02608,R02608,PL0028,2026-04-04,app,15.00,2026-07-01T00:00:00Z
SRC-PR-02609,R02609,PL0029,2026-05-05,store,20.00,2026-07-01T00:00:00Z
SRC-PR-02610,R02610,PL0030,2026-06-06,bank,25.00,2026-07-01T00:00:00Z
SRC-PR-02611,R02611,PL0031,2026-01-07,app,5.00,2026-07-01T00:00:00Z
SRC-PR-02612,R02612,PL0032,2026-02-08,store,10.00,2026-07-01T00:00:00Z
SRC-PR-02613,R02613,PL0033,2026-03-09,bank,15.00,2026-07-01T00:00:00Z
SRC-PR-02614,R02614,PL0034,2026-04-10,app,20.00,2026-07-01T00:00:00Z
SRC-PR-02615,R02615,PL0035,2026-05-11,store,25.00,2026-07-01T00:00:00Z
SRC-PR-02616,R02616,PL0036,2026-06-12,bank,5.00,2026-07-01T00:00:00Z
SRC-PR-02617,R02617,PL0037,2026-01-13,app,10.00,2026-07-01T00:00:00Z
SRC-PR-02618,R02618,PL0038,2026-02-14,store,15.00,2026-07-01T00:00:00Z
SRC-PR-02619,R02619,PL0039,2026-03-15,bank,20.00,2026-07-01T00:00:00Z
SRC-PR-02620,R02620,PL0040,2026-04-16,app,25.00,2026-07-01T00:00:00Z
SRC-PR-02621,R02621,PL0041,2026-05-17,store,5.00,2026-07-01T00:00:00Z
SRC-PR-02622,R02622,PL0042,2026-06-18,bank,10.00,2026-07-01T00:00:00Z
SRC-PR-02623,R02623,PL0043,2026-01-19,app,15.00,2026-07-01T00:00:00Z
SRC-PR-02624,R02624,PL0044,2026-02-20,store,20.00,2026-07-01T00:00:00Z
SRC-PR-02625,R02625,PL0045,2026-03-21,bank,25.00,2026-07-01T00:00:00Z
SRC-PR-02626,R02626,PL0046,2026-04-22,app,5.00,2026-07-01T00:00:00Z
SRC-PR-02627,R02627,PL0047,2026-05-23,store,10.00,2026-07-01T00:00:00Z
SRC-PR-02628,R02628,PL0048,2026-06-24,bank,15.00,2026-07-01T00:00:00Z
SRC-PR-02629,R02629,PL0049,2026-01-25,app,20.00,2026-07-01T00:00:00Z
SRC-PR-02630,R02630,PL0050,2026-02-26,store,25.00,2026-07-01T00:00:00Z
SRC-PR-02631,R02631,PL0051,2026-03-27,bank,5.00,2026-07-01T00:00:00Z
SRC-PR-02632,R02632,PL0052,2026-04-28,app,10.00,2026-07-01T00:00:00Z
SRC-PR-02633,R02633,PL0053,2026-05-01,store,15.00,2026-07-01T00:00:00Z
SRC-PR-02634,R02634,PL0054,2026-06-02,bank,20.00,2026-07-01T00:00:00Z
SRC-PR-02635,R02635,PL0055,2026-01-03,app,25.00,2026-07-01T00:00:00Z
SRC-PR-02636,R02636,PL0056,2026-02-04,store,5.00,2026-07-01T00:00:00Z
SRC-PR-02637,R02637,PL0057,2026-03-05,bank,10.00,2026-07-01T00:00:00Z
SRC-PR-02638,R02638,PL0058,2026-04-06,app,15.00,2026-07-01T00:00:00Z
SRC-PR-02639,R02639,PL0059,2026-05-07,store,20.00,2026-07-01T00:00:00Z
SRC-PR-02640,R02640,PL0060,2026-06-08,bank,25.00,2026-07-01T00:00:00Z
SRC-PR-02641,R02641,PL0061,2026-01-09,app,5.00,2026-07-01T00:00:00Z
SRC-PR-02642,R02642,PL0062,2026-02-10,store,10.00,2026-07-01T00:00:00Z
SRC-PR-02643,R02643,PL0063,2026-03-11,bank,15.00,2026-07-01T00:00:00Z
SRC-PR-02644,R02644,PL0064,2026-04-12,app,20.00,2026-07-01T00:00:00Z
SRC-PR-02645,R02645,PL0065,2026-05-13,store,25.00,2026-07-01T00:00:00Z
SRC-PR-02646,R02646,PL0066,2026-06-14,bank,5.00,2026-07-01T00:00:00Z
SRC-PR-02647,R02647,PL0067,2026-01-15,app,10.00,2026-07-01T00:00:00Z
SRC-PR-02648,R02648,PL0068,2026-02-16,store,15.00,2026-07-01T00:00:00Z
SRC-PR-02649,R02649,PL0069,2026-03-17,bank,20.00,2026-07-01T00:00:00Z
SRC-PR-02650,R02650,PL0070,2026-04-18,app,25.00,2026-07-01T00:00:00Z
SRC-PR-02651,R02651,PL0071,2026-05-19,store,5.00,2026-07-01T00:00:00Z
SRC-PR-02652,R02652,PL0072,2026-06-20,bank,10.00,2026-07-01T00:00:00Z
SRC-PR-02653,R02653,PL0073,2026-01-21,app,15.00,2026-07-01T00:00:00Z
SRC-PR-02654,R02654,PL0074,2026-02-22,store,20.00,2026-07-01T00:00:00Z
SRC-PR-02655,R02655,PL0075,2026-03-23,bank,25.00,2026-07-01T00:00:00Z
SRC-PR-02656,R02656,PL0076,2026-04-24,app,5.00,2026-07-01T00:00:00Z
SRC-PR-02657,R02657,PL0077,2026-05-25,store,10.00,2026-07-01T00:00:00Z
SRC-PR-02658,R02658,PL0078,2026-06-26,bank,15.00,2026-07-01T00:00:00Z
SRC-PR-02659,R02659,PL0079,2026-01-27,app,20.00,2026-07-01T00:00:00Z
SRC-PR-02660,R02660,PL0080,2026-02-28,store,25.00,2026-07-01T00:00:00Z
SRC-PR-02661,R02661,PL0081,2026-03-01,bank,5.00,2026-07-01T00:00:00Z
SRC-PR-02662,R02662,PL0082,2026-04-02,app,10.00,2026-07-01T00:00:00Z
SRC-PR-02663,R02663,PL0083,2026-05-03,store,15.00,2026-07-01T00:00:00Z
SRC-PR-02664,R02664,PL0084,2026-06-04,bank,20.00,2026-07-01T00:00:00Z
SRC-PR-02665,R02665,PL0085,2026-01-05,app,25.00,2026-07-01T00:00:00Z
SRC-PR-02666,R02666,PL0086,2026-02-06,store,5.00,2026-07-01T00:00:00Z
SRC-PR-02667,R02667,PL0087,2026-03-07,bank,10.00,2026-07-01T00:00:00Z
SRC-PR-02668,R02668,PL0088,2026-04-08,app,15.00,2026-07-01T00:00:00Z
SRC-PR-02669,R02669,PL0089,2026-05-09,store,20.00,2026-07-01T00:00:00Z
SRC-PR-02670,R02670,PL0090,2026-06-10,bank,25.00,2026-07-01T00:00:00Z
SRC-PR-02671,R02671,PL0091,2026-01-11,app,5.00,2026-07-01T00:00:00Z
SRC-PR-02672,R02672,PL0092,2026-02-12,store,10.00,2026-07-01T00:00:00Z
SRC-PR-02673,R02673,PL0093,2026-03-13,bank,15.00,2026-07-01T00:00:00Z
SRC-PR-02674,R02674,PL0094,2026-04-14,app,20.00,2026-07-01T00:00:00Z
SRC-PR-02675,R02675,PL0095,2026-05-15,store,25.00,2026-07-01T00:00:00Z
SRC-PR-02676,R02676,PL0096,2026-06-16,bank,5.00,2026-07-01T00:00:00Z
SRC-PR-02677,R02677,PL0097,2026-01-17,app,10.00,2026-07-01T00:00:00Z
SRC-PR-02678,R02678,PL0098,2026-02-18,store,15.00,2026-07-01T00:00:00Z
SRC-PR-02679,R02679,PL0099,2026-03-19,bank,20.00,2026-07-01T00:00:00Z
SRC-PR-02680,R02680,PL0100,2026-04-20,app,25.00,2026-07-01T00:00:00Z
SRC-PR-02681,R02681,PL0101,2026-05-21,store,5.00,2026-07-01T00:00:00Z
SRC-PR-02682,R02682,PL0102,2026-06-22,bank,10.00,2026-07-01T00:00:00Z
SRC-PR-02683,R02683,PL0103,2026-01-23,app,15.00,2026-07-01T00:00:00Z
SRC-PR-02684,R02684,PL0104,2026-02-24,store,20.00,2026-07-01T00:00:00Z
SRC-PR-02685,R02685,PL0105,2026-03-25,bank,25.00,2026-07-01T00:00:00Z
SRC-PR-02686,R02686,PL0106,2026-04-26,app,5.00,2026-07-01T00:00:00Z
SRC-PR-02687,R02687,PL0107,2026-05-27,store,10.00,2026-07-01T00:00:00Z
SRC-PR-02688,R02688,PL0108,2026-06-28,bank,15.00,2026-07-01T00:00:00Z
SRC-PR-02689,R02689,PL0109,2026-01-01,app,20.00,2026-07-01T00:00:00Z
SRC-PR-02690,R02690,PL0110,2026-02-02,store,25.00,2026-07-01T00:00:00Z
SRC-PR-02691,R02691,PL0111,2026-03-03,bank,5.00,2026-07-01T00:00:00Z
SRC-PR-02692,R02692,PL0112,2026-04-04,app,10.00,2026-07-01T00:00:00Z
SRC-PR-02693,R02693,PL0113,2026-05-05,store,15.00,2026-07-01T00:00:00Z
SRC-PR-02694,R02694,PL0114,2026-06-06,bank,20.00,2026-07-01T00:00:00Z
SRC-PR-02695,R02695,PL0115,2026-01-07,app,25.00,2026-07-01T00:00:00Z
SRC-PR-02696,R02696,PL0116,2026-02-08,store,5.00,2026-07-01T00:00:00Z
SRC-PR-02697,R02697,PL0117,2026-03-09,bank,10.00,2026-07-01T00:00:00Z
SRC-PR-02698,R02698,PL0118,2026-04-10,app,15.00,2026-07-01T00:00:00Z
SRC-PR-02699,R02699,PL0119,2026-05-11,store,20.00,2026-07-01T00:00:00Z
SRC-PR-02700,R02700,PL0120,2026-06-12,bank,25.00,2026-07-01T00:00:00Z
SRC-PR-02701,R02701,PL0121,2026-01-13,app,5.00,2026-07-01T00:00:00Z
SRC-PR-02702,R02702,PL0122,2026-02-14,store,10.00,2026-07-01T00:00:00Z
SRC-PR-02703,R02703,PL0123,2026-03-15,bank,15.00,2026-07-01T00:00:00Z
SRC-PR-02704,R02704,PL0124,2026-04-16,app,20.00,2026-07-01T00:00:00Z
SRC-PR-02705,R02705,PL0125,2026-05-17,store,25.00,2026-07-01T00:00:00Z
SRC-PR-02706,R02706,PL0126,2026-06-18,bank,5.00,2026-07-01T00:00:00Z
SRC-PR-02707,R02707,PL0127,2026-01-19,app,10.00,2026-07-01T00:00:00Z
SRC-PR-02708,R02708,PL0128,2026-02-20,store,15.00,2026-07-01T00:00:00Z
SRC-PR-02709,R02709,PL0129,2026-03-21,bank,20.00,2026-07-01T00:00:00Z
SRC-PR-02710,R02710,PL0130,2026-04-22,app,25.00,2026-07-01T00:00:00Z
SRC-PR-02711,R02711,PL0131,2026-05-23,store,5.00,2026-07-01T00:00:00Z
SRC-PR-02712,R02712,PL0132,2026-06-24,bank,10.00,2026-07-01T00:00:00Z
SRC-PR-02713,R02713,PL0133,2026-01-25,app,15.00,2026-07-01T00:00:00Z
SRC-PR-02714,R02714,PL0134,2026-02-26,store,20.00,2026-07-01T00:00:00Z
SRC-PR-02715,R02715,PL0135,2026-03-27,bank,25.00,2026-07-01T00:00:00Z
SRC-PR-02716,R02716,PL0136,2026-04-28,app,5.00,2026-07-01T00:00:00Z
SRC-PR-02717,R02717,PL0137,2026-05-01,store,10.00,2026-07-01T00:00:00Z
SRC-PR-02718,R02718,PL0138,2026-06-02,bank,15.00,2026-07-01T00:00:00Z
SRC-PR-02719,R02719,PL0139,2026-01-03,app,20.00,2026-07-01T00:00:00Z
SRC-PR-02720,R02720,PL0140,2026-02-04,store,25.00,2026-07-01T00:00:00Z
SRC-PR-02721,R02721,PL0141,2026-03-05,bank,5.00,2026-07-01T00:00:00Z
SRC-PR-02722,R02722,PL0142,2026-04-06,app,10.00,2026-07-01T00:00:00Z
SRC-PR-02723,R02723,PL0143,2026-05-07,store,15.00,2026-07-01T00:00:00Z
SRC-PR-02724,R02724,PL0144,2026-06-08,bank,20.00,2026-07-01T00:00:00Z
SRC-PR-02725,R02725,PL0145,2026-01-09,app,25.00,2026-07-01T00:00:00Z
SRC-PR-02726,R02726,PL0146,2026-02-10,store,5.00,2026-07-01T00:00:00Z
SRC-PR-02727,R02727,PL0147,2026-03-11,bank,10.00,2026-07-01T00:00:00Z
SRC-PR-02728,R02728,PL0148,2026-04-12,app,15.00,2026-07-01T00:00:00Z
SRC-PR-02729,R02729,PL0149,2026-05-13,store,20.00,2026-07-01T00:00:00Z
SRC-PR-02730,R02730,PL0150,2026-06-14,bank,25.00,2026-07-01T00:00:00Z
SRC-PR-02731,R02731,PL0151,2026-01-15,app,5.00,2026-07-01T00:00:00Z
SRC-PR-02732,R02732,PL0152,2026-02-16,store,10.00,2026-07-01T00:00:00Z
SRC-PR-02733,R02733,PL0153,2026-03-17,bank,15.00,2026-07-01T00:00:00Z
SRC-PR-02734,R02734,PL0154,2026-04-18,app,20.00,2026-07-01T00:00:00Z
SRC-PR-02735,R02735,PL0155,2026-05-19,store,25.00,2026-07-01T00:00:00Z
SRC-PR-02736,R02736,PL0156,2026-06-20,bank,5.00,2026-07-01T00:00:00Z
SRC-PR-02737,R02737,PL0157,2026-01-21,app,10.00,2026-07-01T00:00:00Z
SRC-PR-02738,R02738,PL0158,2026-02-22,store,15.00,2026-07-01T00:00:00Z
SRC-PR-02739,R02739,PL0159,2026-03-23,bank,20.00,2026-07-01T00:00:00Z
SRC-PR-02740,R02740,PL0160,2026-04-24,app,25.00,2026-07-01T00:00:00Z
SRC-PR-02741,R02741,PL0161,2026-05-25,store,5.00,2026-07-01T00:00:00Z
SRC-PR-02742,R02742,PL0162,2026-06-26,bank,10.00,2026-07-01T00:00:00Z
SRC-PR-02743,R02743,PL0163,2026-01-27,app,15.00,2026-07-01T00:00:00Z
SRC-PR-02744,R02744,PL0164,2026-02-28,store,20.00,2026-07-01T00:00:00Z
SRC-PR-02745,R02745,PL0165,2026-03-01,bank,25.00,2026-07-01T00:00:00Z
SRC-PR-02746,R02746,PL0166,2026-04-02,app,5.00,2026-07-01T00:00:00Z
SRC-PR-02747,R02747,PL0167,2026-05-03,store,10.00,2026-07-01T00:00:00Z
SRC-PR-02748,R02748,PL0168,2026-06-04,bank,15.00,2026-07-01T00:00:00Z
SRC-PR-02749,R02749,PL0169,2026-01-05,app,20.00,2026-07-01T00:00:00Z
SRC-PR-02750,R02750,PL0170,2026-02-06,store,25.00,2026-07-01T00:00:00Z
SRC-PR-02751,R02751,PL0171,2026-03-07,bank,5.00,2026-07-01T00:00:00Z
SRC-PR-02752,R02752,PL0172,2026-04-08,app,10.00,2026-07-01T00:00:00Z
SRC-PR-02753,R02753,PL0173,2026-05-09,store,15.00,2026-07-01T00:00:00Z
SRC-PR-02754,R02754,PL0174,2026-06-10,bank,20.00,2026-07-01T00:00:00Z
SRC-PR-02755,R02755,PL0175,2026-01-11,app,25.00,2026-07-01T00:00:00Z
SRC-PR-02756,R02756,PL0176,2026-02-12,store,5.00,2026-07-01T00:00:00Z
SRC-PR-02757,R02757,PL0177,2026-03-13,bank,10.00,2026-07-01T00:00:00Z
SRC-PR-02758,R02758,PL0178,2026-04-14,app,15.00,2026-07-01T00:00:00Z
SRC-PR-02759,R02759,PL0179,2026-05-15,store,20.00,2026-07-01T00:00:00Z
SRC-PR-02760,R02760,PL0180,2026-06-16,bank,25.00,2026-07-01T00:00:00Z
SRC-PR-02761,R02761,PL0181,2026-01-17,app,5.00,2026-07-01T00:00:00Z
SRC-PR-02762,R02762,PL0182,2026-02-18,store,10.00,2026-07-01T00:00:00Z
SRC-PR-02763,R02763,PL0183,2026-03-19,bank,15.00,2026-07-01T00:00:00Z
SRC-PR-02764,R02764,PL0184,2026-04-20,app,20.00,2026-07-01T00:00:00Z
SRC-PR-02765,R02765,PL0185,2026-05-21,store,25.00,2026-07-01T00:00:00Z
SRC-PR-02766,R02766,PL0186,2026-06-22,bank,5.00,2026-07-01T00:00:00Z
SRC-PR-02767,R02767,PL0187,2026-01-23,app,10.00,2026-07-01T00:00:00Z
SRC-PR-02768,R02768,PL0188,2026-02-24,store,15.00,2026-07-01T00:00:00Z
SRC-PR-02769,R02769,PL0189,2026-03-25,bank,20.00,2026-07-01T00:00:00Z
SRC-PR-02770,R02770,PL0190,2026-04-26,app,25.00,2026-07-01T00:00:00Z
SRC-PR-02771,R02771,PL0191,2026-05-27,store,5.00,2026-07-01T00:00:00Z
SRC-PR-02772,R02772,PL0192,2026-06-28,bank,10.00,2026-07-01T00:00:00Z
SRC-PR-02773,R02773,PL0193,2026-01-01,app,15.00,2026-07-01T00:00:00Z
SRC-PR-02774,R02774,PL0194,2026-02-02,store,20.00,2026-07-01T00:00:00Z
SRC-PR-02775,R02775,PL0195,2026-03-03,bank,25.00,2026-07-01T00:00:00Z
SRC-PR-02776,R02776,PL0196,2026-04-04,app,5.00,2026-07-01T00:00:00Z
SRC-PR-02777,R02777,PL0197,2026-05-05,store,10.00,2026-07-01T00:00:00Z
SRC-PR-02778,R02778,PL0198,2026-06-06,bank,15.00,2026-07-01T00:00:00Z
SRC-PR-02779,R02779,PL0199,2026-01-07,app,20.00,2026-07-01T00:00:00Z
SRC-PR-02780,R02780,PL0200,2026-02-08,store,25.00,2026-07-01T00:00:00Z
SRC-PR-02781,R02781,PL0201,2026-03-09,bank,5.00,2026-07-01T00:00:00Z
SRC-PR-02782,R02782,PL0202,2026-04-10,app,10.00,2026-07-01T00:00:00Z
SRC-PR-02783,R02783,PL0203,2026-05-11,store,15.00,2026-07-01T00:00:00Z
SRC-PR-02784,R02784,PL0204,2026-06-12,bank,20.00,2026-07-01T00:00:00Z
SRC-PR-02785,R02785,PL0205,2026-01-13,app,25.00,2026-07-01T00:00:00Z
SRC-PR-02786,R02786,PL0206,2026-02-14,store,5.00,2026-07-01T00:00:00Z
SRC-PR-02787,R02787,PL0207,2026-03-15,bank,10.00,2026-07-01T00:00:00Z
SRC-PR-02788,R02788,PL0208,2026-04-16,app,15.00,2026-07-01T00:00:00Z
SRC-PR-02789,R02789,PL0209,2026-05-17,store,20.00,2026-07-01T00:00:00Z
SRC-PR-02790,R02790,PL0210,2026-06-18,bank,25.00,2026-07-01T00:00:00Z
SRC-PR-02791,R02791,PL0211,2026-01-19,app,5.00,2026-07-01T00:00:00Z
SRC-PR-02792,R02792,PL0212,2026-02-20,store,10.00,2026-07-01T00:00:00Z
SRC-PR-02793,R02793,PL0213,2026-03-21,bank,15.00,2026-07-01T00:00:00Z
SRC-PR-02794,R02794,PL0214,2026-04-22,app,20.00,2026-07-01T00:00:00Z
SRC-PR-02795,R02795,PL0215,2026-05-23,store,25.00,2026-07-01T00:00:00Z
SRC-PR-02796,R02796,PL0216,2026-06-24,bank,5.00,2026-07-01T00:00:00Z
SRC-PR-02797,R02797,PL0217,2026-01-25,app,10.00,2026-07-01T00:00:00Z
SRC-PR-02798,R02798,PL0218,2026-02-26,store,15.00,2026-07-01T00:00:00Z
SRC-PR-02799,R02799,PL0219,2026-03-27,bank,20.00,2026-07-01T00:00:00Z
SRC-PR-02800,R02800,PL0220,2026-04-28,app,25.00,2026-07-01T00:00:00Z
SRC-PR-02801,R02801,PL0221,2026-05-01,store,5.00,2026-07-01T00:00:00Z
SRC-PR-02802,R02802,PL0222,2026-06-02,bank,10.00,2026-07-01T00:00:00Z
SRC-PR-02803,R02803,PL0223,2026-01-03,app,15.00,2026-07-01T00:00:00Z
SRC-PR-02804,R02804,PL0224,2026-02-04,store,20.00,2026-07-01T00:00:00Z
SRC-PR-02805,R02805,PL0225,2026-03-05,bank,25.00,2026-07-01T00:00:00Z
SRC-PR-02806,R02806,PL0226,2026-04-06,app,5.00,2026-07-01T00:00:00Z
SRC-PR-02807,R02807,PL0227,2026-05-07,store,10.00,2026-07-01T00:00:00Z
SRC-PR-02808,R02808,PL0228,2026-06-08,bank,15.00,2026-07-01T00:00:00Z
SRC-PR-02809,R02809,PL0229,2026-01-09,app,20.00,2026-07-01T00:00:00Z
SRC-PR-02810,R02810,PL0230,2026-02-10,store,25.00,2026-07-01T00:00:00Z
SRC-PR-02811,R02811,PL0231,2026-03-11,bank,5.00,2026-07-01T00:00:00Z
SRC-PR-02812,R02812,PL0232,2026-04-12,app,10.00,2026-07-01T00:00:00Z
SRC-PR-02813,R02813,PL0233,2026-05-13,store,15.00,2026-07-01T00:00:00Z
SRC-PR-02814,R02814,PL0234,2026-06-14,bank,20.00,2026-07-01T00:00:00Z
SRC-PR-02815,R02815,PL0235,2026-01-15,app,25.00,2026-07-01T00:00:00Z
SRC-PR-02816,R02816,PL0236,2026-02-16,store,5.00,2026-07-01T00:00:00Z
SRC-PR-02817,R02817,PL0237,2026-03-17,bank,10.00,2026-07-01T00:00:00Z
SRC-PR-02818,R02818,PL0238,2026-04-18,app,15.00,2026-07-01T00:00:00Z
SRC-PR-02819,R02819,PL0239,2026-05-19,store,20.00,2026-07-01T00:00:00Z
SRC-PR-02820,R02820,PL0240,2026-06-20,bank,25.00,2026-07-01T00:00:00Z
SRC-PR-02821,R02821,PL0241,2026-01-21,app,5.00,2026-07-01T00:00:00Z
SRC-PR-02822,R02822,PL0242,2026-02-22,store,10.00,2026-07-01T00:00:00Z
SRC-PR-02823,R02823,PL0243,2026-03-23,bank,15.00,2026-07-01T00:00:00Z
SRC-PR-02824,R02824,PL0244,2026-04-24,app,20.00,2026-07-01T00:00:00Z
SRC-PR-02825,R02825,PL0245,2026-05-25,store,25.00,2026-07-01T00:00:00Z
SRC-PR-02826,R02826,PL0246,2026-06-26,bank,5.00,2026-07-01T00:00:00Z
SRC-PR-02827,R02827,PL0247,2026-01-27,app,10.00,2026-07-01T00:00:00Z
SRC-PR-02828,R02828,PL0248,2026-02-28,store,15.00,2026-07-01T00:00:00Z
SRC-PR-02829,R02829,PL0249,2026-03-01,bank,20.00,2026-07-01T00:00:00Z
SRC-PR-02830,R02830,PL0250,2026-04-02,app,25.00,2026-07-01T00:00:00Z
SRC-PR-02831,R02831,PL0251,2026-05-03,store,5.00,2026-07-01T00:00:00Z
SRC-PR-02832,R02832,PL0252,2026-06-04,bank,10.00,2026-07-01T00:00:00Z
SRC-PR-02833,R02833,PL0253,2026-01-05,app,15.00,2026-07-01T00:00:00Z
SRC-PR-02834,R02834,PL0254,2026-02-06,store,20.00,2026-07-01T00:00:00Z
SRC-PR-02835,R02835,PL0255,2026-03-07,bank,25.00,2026-07-01T00:00:00Z
SRC-PR-02836,R02836,PL0256,2026-04-08,app,5.00,2026-07-01T00:00:00Z
SRC-PR-02837,R02837,PL0257,2026-05-09,store,10.00,2026-07-01T00:00:00Z
SRC-PR-02838,R02838,PL0258,2026-06-10,bank,15.00,2026-07-01T00:00:00Z
SRC-PR-02839,R02839,PL0259,2026-01-11,app,20.00,2026-07-01T00:00:00Z
SRC-PR-02840,R02840,PL0260,2026-02-12,store,25.00,2026-07-01T00:00:00Z
SRC-PR-02841,R02841,PL0261,2026-03-13,bank,5.00,2026-07-01T00:00:00Z
SRC-PR-02842,R02842,PL0262,2026-04-14,app,10.00,2026-07-01T00:00:00Z
SRC-PR-02843,R02843,PL0263,2026-05-15,store,15.00,2026-07-01T00:00:00Z
SRC-PR-02844,R02844,PL0264,2026-06-16,bank,20.00,2026-07-01T00:00:00Z
SRC-PR-02845,R02845,PL0265,2026-01-17,app,25.00,2026-07-01T00:00:00Z
SRC-PR-02846,R02846,PL0266,2026-02-18,store,5.00,2026-07-01T00:00:00Z
SRC-PR-02847,R02847,PL0267,2026-03-19,bank,10.00,2026-07-01T00:00:00Z
SRC-PR-02848,R02848,PL0268,2026-04-20,app,15.00,2026-07-01T00:00:00Z
SRC-PR-02849,R02849,PL0269,2026-05-21,store,20.00,2026-07-01T00:00:00Z
SRC-PR-02850,R02850,PL0270,2026-06-22,bank,25.00,2026-07-01T00:00:00Z
SRC-PR-02851,R02851,PL0271,2026-01-23,app,5.00,2026-07-01T00:00:00Z
SRC-PR-02852,R02852,PL0272,2026-02-24,store,10.00,2026-07-01T00:00:00Z
SRC-PR-02853,R02853,PL0273,2026-03-25,bank,15.00,2026-07-01T00:00:00Z
SRC-PR-02854,R02854,PL0274,2026-04-26,app,20.00,2026-07-01T00:00:00Z
SRC-PR-02855,R02855,PL0275,2026-05-27,store,25.00,2026-07-01T00:00:00Z
SRC-PR-02856,R02856,PL0276,2026-06-28,bank,5.00,2026-07-01T00:00:00Z
SRC-PR-02857,R02857,PL0277,2026-01-01,app,10.00,2026-07-01T00:00:00Z
SRC-PR-02858,R02858,PL0278,2026-02-02,store,15.00,2026-07-01T00:00:00Z
SRC-PR-02859,R02859,PL0279,2026-03-03,bank,20.00,2026-07-01T00:00:00Z
SRC-PR-02860,R02860,PL0280,2026-04-04,app,25.00,2026-07-01T00:00:00Z
SRC-PR-02861,R02861,PL0281,2026-05-05,store,5.00,2026-07-01T00:00:00Z
SRC-PR-02862,R02862,PL0282,2026-06-06,bank,10.00,2026-07-01T00:00:00Z
SRC-PR-02863,R02863,PL0283,2026-01-07,app,15.00,2026-07-01T00:00:00Z
SRC-PR-02864,R02864,PL0284,2026-02-08,store,20.00,2026-07-01T00:00:00Z
SRC-PR-02865,R02865,PL0285,2026-03-09,bank,25.00,2026-07-01T00:00:00Z
SRC-PR-02866,R02866,PL0286,2026-04-10,app,5.00,2026-07-01T00:00:00Z
SRC-PR-02867,R02867,PL0287,2026-05-11,store,10.00,2026-07-01T00:00:00Z
SRC-PR-02868,R02868,PL0288,2026-06-12,bank,15.00,2026-07-01T00:00:00Z
SRC-PR-02869,R02869,PL0289,2026-01-13,app,20.00,2026-07-01T00:00:00Z
SRC-PR-02870,R02870,PL0290,2026-02-14,store,25.00,2026-07-01T00:00:00Z
SRC-PR-02871,R02871,PL0291,2026-03-15,bank,5.00,2026-07-01T00:00:00Z
SRC-PR-02872,R02872,PL0292,2026-04-16,app,10.00,2026-07-01T00:00:00Z
SRC-PR-02873,R02873,PL0293,2026-05-17,store,15.00,2026-07-01T00:00:00Z
SRC-PR-02874,R02874,PL0294,2026-06-18,bank,20.00,2026-07-01T00:00:00Z
SRC-PR-02875,R02875,PL0295,2026-01-19,app,25.00,2026-07-01T00:00:00Z
SRC-PR-02876,R02876,PL0296,2026-02-20,store,5.00,2026-07-01T00:00:00Z
SRC-PR-02877,R02877,PL0297,2026-03-21,bank,10.00,2026-07-01T00:00:00Z
SRC-PR-02878,R02878,PL0298,2026-04-22,app,15.00,2026-07-01T00:00:00Z
SRC-PR-02879,R02879,PL0299,2026-05-23,store,20.00,2026-07-01T00:00:00Z
SRC-PR-02880,R02880,PL0300,2026-06-24,bank,25.00,2026-07-01T00:00:00Z
SRC-PR-02881,R02881,PL0301,2026-01-25,app,5.00,2026-07-01T00:00:00Z
SRC-PR-02882,R02882,PL0302,2026-02-26,store,10.00,2026-07-01T00:00:00Z
SRC-PR-02883,R02883,PL0303,2026-03-27,bank,15.00,2026-07-01T00:00:00Z
SRC-PR-02884,R02884,PL0304,2026-04-28,app,20.00,2026-07-01T00:00:00Z
SRC-PR-02885,R02885,PL0305,2026-05-01,store,25.00,2026-07-01T00:00:00Z
SRC-PR-02886,R02886,PL0306,2026-06-02,bank,5.00,2026-07-01T00:00:00Z
SRC-PR-02887,R02887,PL0307,2026-01-03,app,10.00,2026-07-01T00:00:00Z
SRC-PR-02888,R02888,PL0308,2026-02-04,store,15.00,2026-07-01T00:00:00Z
SRC-PR-02889,R02889,PL0309,2026-03-05,bank,20.00,2026-07-01T00:00:00Z
SRC-PR-02890,R02890,PL0310,2026-04-06,app,25.00,2026-07-01T00:00:00Z
SRC-PR-02891,R02891,PL0311,2026-05-07,store,5.00,2026-07-01T00:00:00Z
SRC-PR-02892,R02892,PL0312,2026-06-08,bank,10.00,2026-07-01T00:00:00Z
SRC-PR-02893,R02893,PL0313,2026-01-09,app,15.00,2026-07-01T00:00:00Z
SRC-PR-02894,R02894,PL0314,2026-02-10,store,20.00,2026-07-01T00:00:00Z
SRC-PR-02895,R02895,PL0315,2026-03-11,bank,25.00,2026-07-01T00:00:00Z
SRC-PR-02896,R02896,PL0316,2026-04-12,app,5.00,2026-07-01T00:00:00Z
SRC-PR-02897,R02897,PL0317,2026-05-13,store,10.00,2026-07-01T00:00:00Z
SRC-PR-02898,R02898,PL0318,2026-06-14,bank,15.00,2026-07-01T00:00:00Z
SRC-PR-02899,R02899,PL0319,2026-01-15,app,20.00,2026-07-01T00:00:00Z
SRC-PR-02900,R02900,PL0320,2026-02-16,store,25.00,2026-07-01T00:00:00Z
SRC-PR-02901,R02901,PL0321,2026-03-17,bank,5.00,2026-07-01T00:00:00Z
SRC-PR-02902,R02902,PL0322,2026-04-18,app,10.00,2026-07-01T00:00:00Z
SRC-PR-02903,R02903,PL0323,2026-05-19,store,15.00,2026-07-01T00:00:00Z
SRC-PR-02904,R02904,PL0324,2026-06-20,bank,20.00,2026-07-01T00:00:00Z
SRC-PR-02905,R02905,PL0325,2026-01-21,app,25.00,2026-07-01T00:00:00Z
SRC-PR-02906,R02906,PL0326,2026-02-22,store,5.00,2026-07-01T00:00:00Z
SRC-PR-02907,R02907,PL0327,2026-03-23,bank,10.00,2026-07-01T00:00:00Z
SRC-PR-02908,R02908,PL0328,2026-04-24,app,15.00,2026-07-01T00:00:00Z
SRC-PR-02909,R02909,PL0329,2026-05-25,store,20.00,2026-07-01T00:00:00Z
SRC-PR-02910,R02910,PL0330,2026-06-26,bank,25.00,2026-07-01T00:00:00Z
SRC-PR-02911,R02911,PL0331,2026-01-27,app,5.00,2026-07-01T00:00:00Z
SRC-PR-02912,R02912,PL0332,2026-02-28,store,10.00,2026-07-01T00:00:00Z
SRC-PR-02913,R02913,PL0333,2026-03-01,bank,15.00,2026-07-01T00:00:00Z
SRC-PR-02914,R02914,PL0334,2026-04-02,app,20.00,2026-07-01T00:00:00Z
SRC-PR-02915,R02915,PL0335,2026-05-03,store,25.00,2026-07-01T00:00:00Z
SRC-PR-02916,R02916,PL0336,2026-06-04,bank,5.00,2026-07-01T00:00:00Z
SRC-PR-02917,R02917,PL0337,2026-01-05,app,10.00,2026-07-01T00:00:00Z
SRC-PR-02918,R02918,PL0338,2026-02-06,store,15.00,2026-07-01T00:00:00Z
SRC-PR-02919,R02919,PL0339,2026-03-07,bank,20.00,2026-07-01T00:00:00Z
SRC-PR-02920,R02920,PL0340,2026-04-08,app,25.00,2026-07-01T00:00:00Z
SRC-PR-02921,R02921,PL0341,2026-05-09,store,5.00,2026-07-01T00:00:00Z
SRC-PR-02922,R02922,PL0342,2026-06-10,bank,10.00,2026-07-01T00:00:00Z
SRC-PR-02923,R02923,PL0343,2026-01-11,app,15.00,2026-07-01T00:00:00Z
SRC-PR-02924,R02924,PL0344,2026-02-12,store,20.00,2026-07-01T00:00:00Z
SRC-PR-02925,R02925,PL0345,2026-03-13,bank,25.00,2026-07-01T00:00:00Z
SRC-PR-02926,R02926,PL0346,2026-04-14,app,5.00,2026-07-01T00:00:00Z
SRC-PR-02927,R02927,PL0347,2026-05-15,store,10.00,2026-07-01T00:00:00Z
SRC-PR-02928,R02928,PL0348,2026-06-16,bank,15.00,2026-07-01T00:00:00Z
SRC-PR-02929,R02929,PL0349,2026-01-17,app,20.00,2026-07-01T00:00:00Z
SRC-PR-02930,R02930,PL0350,2026-02-18,store,25.00,2026-07-01T00:00:00Z
SRC-PR-02931,R02931,PL0351,2026-03-19,bank,5.00,2026-07-01T00:00:00Z
SRC-PR-02932,R02932,PL0352,2026-04-20,app,10.00,2026-07-01T00:00:00Z
SRC-PR-02933,R02933,PL0353,2026-05-21,store,15.00,2026-07-01T00:00:00Z
SRC-PR-02934,R02934,PL0354,2026-06-22,bank,20.00,2026-07-01T00:00:00Z
SRC-PR-02935,R02935,PL0355,2026-01-23,app,25.00,2026-07-01T00:00:00Z
SRC-PR-02936,R02936,PL0356,2026-02-24,store,5.00,2026-07-01T00:00:00Z
SRC-PR-02937,R02937,PL0357,2026-03-25,bank,10.00,2026-07-01T00:00:00Z
SRC-PR-02938,R02938,PL0358,2026-04-26,app,15.00,2026-07-01T00:00:00Z
SRC-PR-02939,R02939,PL0359,2026-05-27,store,20.00,2026-07-01T00:00:00Z
SRC-PR-02940,R02940,PL0360,2026-06-28,bank,25.00,2026-07-01T00:00:00Z
SRC-PR-02941,R02941,PL0361,2026-01-01,app,5.00,2026-07-01T00:00:00Z
SRC-PR-02942,R02942,PL0362,2026-02-02,store,10.00,2026-07-01T00:00:00Z
SRC-PR-02943,R02943,PL0363,2026-03-03,bank,15.00,2026-07-01T00:00:00Z
SRC-PR-02944,R02944,PL0364,2026-04-04,app,20.00,2026-07-01T00:00:00Z
SRC-PR-02945,R02945,PL0365,2026-05-05,store,25.00,2026-07-01T00:00:00Z
SRC-PR-02946,R02946,PL0366,2026-06-06,bank,5.00,2026-07-01T00:00:00Z
SRC-PR-02947,R02947,PL0367,2026-01-07,app,10.00,2026-07-01T00:00:00Z
SRC-PR-02948,R02948,PL0368,2026-02-08,store,15.00,2026-07-01T00:00:00Z
SRC-PR-02949,R02949,PL0369,2026-03-09,bank,20.00,2026-07-01T00:00:00Z
SRC-PR-02950,R02950,PL0370,2026-04-10,app,25.00,2026-07-01T00:00:00Z
SRC-PR-02951,R02951,PL0371,2026-05-11,store,5.00,2026-07-01T00:00:00Z
SRC-PR-02952,R02952,PL0372,2026-06-12,bank,10.00,2026-07-01T00:00:00Z
SRC-PR-02953,R02953,PL0373,2026-01-13,app,15.00,2026-07-01T00:00:00Z
SRC-PR-02954,R02954,PL0374,2026-02-14,store,20.00,2026-07-01T00:00:00Z
SRC-PR-02955,R02955,PL0375,2026-03-15,bank,25.00,2026-07-01T00:00:00Z
SRC-PR-02956,R02956,PL0376,2026-04-16,app,5.00,2026-07-01T00:00:00Z
SRC-PR-02957,R02957,PL0377,2026-05-17,store,10.00,2026-07-01T00:00:00Z
SRC-PR-02958,R02958,PL0378,2026-06-18,bank,15.00,2026-07-01T00:00:00Z
SRC-PR-02959,R02959,PL0379,2026-01-19,app,20.00,2026-07-01T00:00:00Z
SRC-PR-02960,R02960,PL0380,2026-02-20,store,25.00,2026-07-01T00:00:00Z
SRC-PR-02961,R02961,PL0381,2026-03-21,bank,5.00,2026-07-01T00:00:00Z
SRC-PR-02962,R02962,PL0382,2026-04-22,app,10.00,2026-07-01T00:00:00Z
SRC-PR-02963,R02963,PL0383,2026-05-23,store,15.00,2026-07-01T00:00:00Z
SRC-PR-02964,R02964,PL0384,2026-06-24,bank,20.00,2026-07-01T00:00:00Z
SRC-PR-02965,R02965,PL0385,2026-01-25,app,25.00,2026-07-01T00:00:00Z
SRC-PR-02966,R02966,PL0386,2026-02-26,store,5.00,2026-07-01T00:00:00Z
SRC-PR-02967,R02967,PL0387,2026-03-27,bank,10.00,2026-07-01T00:00:00Z
SRC-PR-02968,R02968,PL0388,2026-04-28,app,15.00,2026-07-01T00:00:00Z
SRC-PR-02969,R02969,PL0389,2026-05-01,store,20.00,2026-07-01T00:00:00Z
SRC-PR-02970,R02970,PL0390,2026-06-02,bank,25.00,2026-07-01T00:00:00Z
SRC-PR-02971,R02971,PL0391,2026-01-03,app,5.00,2026-07-01T00:00:00Z
SRC-PR-02972,R02972,PL0392,2026-02-04,store,10.00,2026-07-01T00:00:00Z
SRC-PR-02973,R02973,PL0393,2026-03-05,bank,15.00,2026-07-01T00:00:00Z
SRC-PR-02974,R02974,PL0394,2026-04-06,app,20.00,2026-07-01T00:00:00Z
SRC-PR-02975,R02975,PL0395,2026-05-07,store,25.00,2026-07-01T00:00:00Z
SRC-PR-02976,R02976,PL0396,2026-06-08,bank,5.00,2026-07-01T00:00:00Z
SRC-PR-02977,R02977,PL0397,2026-01-09,app,10.00,2026-07-01T00:00:00Z
SRC-PR-02978,R02978,PL0398,2026-02-10,store,15.00,2026-07-01T00:00:00Z
SRC-PR-02979,R02979,PL0399,2026-03-11,bank,20.00,2026-07-01T00:00:00Z
SRC-PR-02980,R02980,PL0400,2026-04-12,app,25.00,2026-07-01T00:00:00Z
SRC-PR-02981,R02981,PL0401,2026-05-13,store,5.00,2026-07-01T00:00:00Z
SRC-PR-02982,R02982,PL0402,2026-06-14,bank,10.00,2026-07-01T00:00:00Z
SRC-PR-02983,R02983,PL0403,2026-01-15,app,15.00,2026-07-01T00:00:00Z
SRC-PR-02984,R02984,PL0404,2026-02-16,store,20.00,2026-07-01T00:00:00Z
SRC-PR-02985,R02985,PL0405,2026-03-17,bank,25.00,2026-07-01T00:00:00Z
SRC-PR-02986,R02986,PL0406,2026-04-18,app,5.00,2026-07-01T00:00:00Z
SRC-PR-02987,R02987,PL0407,2026-05-19,store,10.00,2026-07-01T00:00:00Z
SRC-PR-02988,R02988,PL0408,2026-06-20,bank,15.00,2026-07-01T00:00:00Z
SRC-PR-02989,R02989,PL0409,2026-01-21,app,20.00,2026-07-01T00:00:00Z
SRC-PR-02990,R02990,PL0410,2026-02-22,store,25.00,2026-07-01T00:00:00Z
SRC-PR-02991,R02991,PL0411,2026-03-23,bank,5.00,2026-07-01T00:00:00Z
SRC-PR-02992,R02992,PL0412,2026-04-24,app,10.00,2026-07-01T00:00:00Z
SRC-PR-02993,R02993,PL0413,2026-05-25,store,15.00,2026-07-01T00:00:00Z
SRC-PR-02994,R02994,PL0414,2026-06-26,bank,20.00,2026-07-01T00:00:00Z
SRC-PR-02995,R02995,PL0415,2026-01-27,app,25.00,2026-07-01T00:00:00Z
SRC-PR-02996,R02996,PL0416,2026-02-28,store,5.00,2026-07-01T00:00:00Z
SRC-PR-02997,R02997,PL0417,2026-03-01,bank,10.00,2026-07-01T00:00:00Z
SRC-PR-02998,R02998,PL0418,2026-04-02,app,-10.00,2026-07-01T00:00:00Z
SRC-PR-02999,R02999,PL0419,2026-05-03,store,-10.00,2026-07-01T00:00:00Z
SRC-PR-03000,R03000,PL0420,2026-06-04,bank,-10.00,2026-07-01T00:00:00Z
