source_row_id,order_id,line_number,product_id,quantity,unit_price,discount_amount,updated_at
order_items-000001,OR-000001,1,PR-00001,1,80.00,4.00,2026-01-01T00:00:00Z
order_items-000002,OR-000002,1,PR-00002,2,258.00,9.00,2026-01-01T00:13:00Z
order_items-000003,OR-000003,1,PR-00003,1,152.00,6.00,2026-01-01T00:26:00Z
order_items-000004,OR-000004,1,PR-00004,3,78.00,10.00,2026-01-01T00:39:00Z
order_items-000005,OR-000005,1,PR-00005,4,20.00,4.00,2026-01-01T00:52:00Z
order_items-000006,OR-000006,1,PR-00006,2,217.00,1.00,2026-01-01T01:05:00Z
order_items-000007,OR-000007,1,PR-00007,2,252.00,6.00,2026-01-01T01:18:00Z
order_items-000008,OR-000008,1,PR-00008,2,220.00,3.00,2026-01-01T01:31:00Z
order_items-000009,OR-000009,1,PR-00009,2,194.00,2.00,2026-01-01T01:44:00Z
order_items-000010,OR-000010,1,PR-00010,2,95.00,4.00,2026-01-01T01:57:00Z
order_items-000011,OR-000011,1,PR-00011,4,273.00,8.00,2026-01-01T02:10:00Z
order_items-000012,OR-000012,1,PR-00012,1,77.00,10.00,2026-01-01T02:23:00Z
order_items-000013,OR-000013,1,PR-00013,3,224.00,3.00,2026-01-01T02:36:00Z
order_items-000014,OR-000014,1,PR-00014,2,15.00,10.00,2026-01-01T02:49:00Z
order_items-000015,OR-000015,1,PR-00015,2,57.00,9.00,2026-01-01T03:02:00Z
order_items-000016,OR-000016,1,PR-00016,1,254.00,8.00,2026-01-01T03:15:00Z
order_items-000017,OR-000017,1,PR-00017,1,78.00,1.00,2026-01-01T03:28:00Z
order_items-000018,OR-000018,1,PR-00018,4,156.00,10.00,2026-01-01T03:41:00Z
order_items-000019,OR-000019,1,PR-00019,1,64.00,10.00,2026-01-01T03:54:00Z
order_items-000020,OR-000020,1,PR-00020,1,157.00,2.00,2026-01-01T04:07:00Z
order_items-000021,OR-000021,1,PR-00021,1,95.00,9.00,2026-01-01T04:20:00Z
order_items-000022,OR-000022,1,PR-00022,2,132.00,7.00,2026-01-01T04:33:00Z
order_items-000023,OR-000023,1,PR-00023,1,66.00,6.00,2026-01-01T04:46:00Z
order_items-000024,OR-000024,1,PR-00024,4,36.00,0.00,2026-01-01T04:59:00Z
order_items-000025,OR-000025,1,PR-00025,2,245.00,4.00,2026-01-01T05:12:00Z
order_items-000026,OR-000026,1,PR-00026,3,117.00,0.00,2026-01-01T05:25:00Z
order_items-000027,OR-000027,1,PR-00027,3,94.00,10.00,2026-01-01T05:38:00Z
order_items-000028,OR-000028,1,PR-00028,1,231.00,10.00,2026-01-01T05:51:00Z
order_items-000029,OR-000029,1,PR-00029,4,75.00,4.00,2026-01-01T06:04:00Z
order_items-000030,OR-000030,1,PR-00030,2,238.00,10.00,2026-01-01T06:17:00Z
order_items-000031,OR-000031,1,PR-00031,2,297.00,10.00,2026-01-01T06:30:00Z
order_items-000032,OR-000032,1,PR-00032,2,199.00,9.00,2026-01-01T06:43:00Z
order_items-000033,OR-000033,1,PR-00033,3,46.00,5.00,2026-01-01T06:56:00Z
order_items-000034,OR-000034,1,PR-00034,4,232.00,1.00,2026-01-01T07:09:00Z
order_items-000035,OR-000035,1,PR-00035,3,125.00,9.00,2026-01-01T07:22:00Z
order_items-000036,OR-000036,1,PR-00036,3,99.00,4.00,2026-01-01T07:35:00Z
order_items-000037,OR-000037,1,PR-00037,2,181.00,8.00,2026-01-01T07:48:00Z
order_items-000038,OR-000038,1,PR-00038,2,20.00,10.00,2026-01-01T08:01:00Z
order_items-000039,OR-000039,1,PR-00039,2,269.00,3.00,2026-01-01T08:14:00Z
order_items-000040,OR-000040,1,PR-00040,2,292.00,9.00,2026-01-01T08:27:00Z
order_items-000041,OR-000041,1,PR-00041,1,164.00,2.00,2026-01-01T08:40:00Z
order_items-000042,OR-000042,1,PR-00042,1,233.00,6.00,2026-01-01T08:53:00Z
order_items-000043,OR-000043,1,PR-00043,1,68.00,2.00,2026-01-01T09:06:00Z
order_items-000044,OR-000044,1,PR-00044,2,87.00,2.00,2026-01-01T09:19:00Z
order_items-000045,OR-000045,1,PR-00045,1,126.00,4.00,2026-01-01T09:32:00Z
order_items-000046,OR-000046,1,PR-00046,1,155.00,4.00,2026-01-01T09:45:00Z
order_items-000047,OR-000047,1,PR-00047,2,70.00,1.00,2026-01-01T09:58:00Z
order_items-000048,OR-000048,1,PR-00048,1,111.00,9.00,2026-01-01T10:11:00Z
order_items-000049,OR-000049,1,PR-00049,2,60.00,3.00,2026-01-01T10:24:00Z
order_items-000050,OR-000050,1,PR-00050,4,97.00,3.00,2026-01-01T10:37:00Z
order_items-000051,OR-000051,1,PR-00051,2,114.00,6.00,2026-01-01T10:50:00Z
order_items-000052,OR-000052,1,PR-00052,2,134.00,8.00,2026-01-01T11:03:00Z
order_items-000053,OR-000053,1,PR-00053,1,294.00,6.00,2026-01-01T11:16:00Z
order_items-000054,OR-000054,1,PR-00054,3,179.00,1.00,2026-01-01T11:29:00Z
order_items-000055,OR-000055,1,PR-00055,1,81.00,9.00,2026-01-01T11:42:00Z
order_items-000056,OR-000056,1,PR-00056,2,291.00,6.00,2026-01-01T11:55:00Z
order_items-000057,OR-000057,1,PR-00057,4,236.00,9.00,2026-01-01T12:08:00Z
order_items-000058,OR-000058,1,PR-00058,3,34.00,2.00,2026-01-01T12:21:00Z
order_items-000059,OR-000059,1,PR-00059,4,223.00,0.00,2026-01-01T12:34:00Z
order_items-000060,OR-000060,1,PR-00060,2,97.00,2.00,2026-01-01T12:47:00Z
order_items-000061,OR-000061,1,PR-00061,4,69.00,10.00,2026-01-01T13:00:00Z
order_items-000062,OR-000062,1,PR-00062,4,291.00,2.00,2026-01-01T13:13:00Z
order_items-000063,OR-000063,1,PR-00063,1,212.00,7.00,2026-01-01T13:26:00Z
order_items-000064,OR-000064,1,PR-00064,3,89.00,10.00,2026-01-01T13:39:00Z
order_items-000065,OR-000065,1,PR-00065,4,225.00,3.00,2026-01-01T13:52:00Z
order_items-000066,OR-000066,1,PR-00066,1,159.00,5.00,2026-01-01T14:05:00Z
order_items-000067,OR-000067,1,PR-00067,3,61.00,4.00,2026-01-01T14:18:00Z
order_items-000068,OR-000068,1,PR-00068,3,272.00,2.00,2026-01-01T14:31:00Z
order_items-000069,OR-000069,1,PR-00069,3,207.00,7.00,2026-01-01T14:44:00Z
order_items-000070,OR-000070,1,PR-00070,2,137.00,5.00,2026-01-01T14:57:00Z
order_items-000071,OR-000071,1,PR-00071,1,132.00,2.00,2026-01-01T15:10:00Z
order_items-000072,OR-000072,1,PR-00072,2,233.00,10.00,2026-01-01T15:23:00Z
order_items-000073,OR-000073,1,PR-00073,3,139.00,2.00,2026-01-01T15:36:00Z
order_items-000074,OR-000074,1,PR-00074,2,230.00,0.00,2026-01-01T15:49:00Z
order_items-000075,OR-000075,1,PR-00075,1,236.00,5.00,2026-01-01T16:02:00Z
order_items-000076,OR-000076,1,PR-00076,2,202.00,5.00,2026-01-01T16:15:00Z
order_items-000077,OR-000077,1,PR-00077,4,99.00,1.00,2026-01-01T16:28:00Z
order_items-000078,OR-000078,1,PR-00078,4,91.00,2.00,2026-01-01T16:41:00Z
order_items-000079,OR-000079,1,PR-00079,2,67.00,3.00,2026-01-01T16:54:00Z
order_items-000080,OR-000080,1,PR-00080,4,198.00,7.00,2026-01-01T17:07:00Z
order_items-000081,OR-000081,1,PR-00081,3,113.00,6.00,2026-01-01T17:20:00Z
order_items-000082,OR-000082,1,PR-00082,2,198.00,3.00,2026-01-01T17:33:00Z
order_items-000083,OR-000083,1,PR-00083,4,148.00,7.00,2026-01-01T17:46:00Z
order_items-000084,OR-000084,1,PR-00084,4,285.00,7.00,2026-01-01T17:59:00Z
order_items-000085,OR-000085,1,PR-00085,1,51.00,7.00,2026-01-01T18:12:00Z
order_items-000086,OR-000086,1,PR-00086,3,84.00,7.00,2026-01-01T18:25:00Z
order_items-000087,OR-000087,1,PR-00087,2,204.00,0.00,2026-01-01T18:38:00Z
order_items-000088,OR-000088,1,PR-00088,3,127.00,7.00,2026-01-01T18:51:00Z
order_items-000089,OR-000089,1,PR-00089,1,41.00,8.00,2026-01-01T19:04:00Z
order_items-000090,OR-000090,1,PR-00090,3,137.00,7.00,2026-01-01T19:17:00Z
order_items-000091,OR-000091,1,PR-00091,2,80.00,1.00,2026-01-01T19:30:00Z
order_items-000092,OR-000092,1,PR-00092,3,150.00,0.00,2026-01-01T19:43:00Z
order_items-000093,OR-000093,1,PR-00093,4,86.00,1.00,2026-01-01T19:56:00Z
order_items-000094,OR-000094,1,PR-00094,2,17.00,0.00,2026-01-01T20:09:00Z
order_items-000095,OR-000095,1,PR-00095,2,212.00,5.00,2026-01-01T20:22:00Z
order_items-000096,OR-000096,1,PR-00096,3,72.00,6.00,2026-01-01T20:35:00Z
order_items-000097,OR-000097,1,PR-00097,1,13.00,7.00,2026-01-01T20:48:00Z
order_items-000098,OR-000098,1,PR-00098,1,245.00,0.00,2026-01-01T21:01:00Z
order_items-000099,OR-000099,1,PR-00099,3,155.00,4.00,2026-01-01T21:14:00Z
order_items-000100,OR-000100,1,PR-00100,3,23.00,4.00,2026-01-01T21:27:00Z
order_items-000101,OR-000101,1,PR-00101,1,194.00,7.00,2026-01-01T21:40:00Z
order_items-000102,OR-000102,1,PR-00102,4,199.00,10.00,2026-01-01T21:53:00Z
order_items-000103,OR-000103,1,PR-00103,4,126.00,8.00,2026-01-01T22:06:00Z
order_items-000104,OR-000104,1,PR-00104,1,223.00,7.00,2026-01-01T22:19:00Z
order_items-000105,OR-000105,1,PR-00105,1,191.00,0.00,2026-01-01T22:32:00Z
order_items-000106,OR-000106,1,PR-00106,4,96.00,5.00,2026-01-01T22:45:00Z
order_items-000107,OR-000107,1,PR-00107,4,114.00,7.00,2026-01-01T22:58:00Z
order_items-000108,OR-000108,1,PR-00108,2,254.00,7.00,2026-01-01T23:11:00Z
order_items-000109,OR-000109,1,PR-00109,3,44.00,2.00,2026-01-01T23:24:00Z
order_items-000110,OR-000110,1,PR-00110,2,221.00,4.00,2026-01-01T23:37:00Z
order_items-000111,OR-000111,1,PR-00111,3,6.00,5.00,2026-01-01T23:50:00Z
order_items-000112,OR-000112,1,PR-00112,2,271.00,3.00,2026-01-02T00:03:00Z
order_items-000113,OR-000113,1,PR-00113,3,52.00,4.00,2026-01-02T00:16:00Z
order_items-000114,OR-000114,1,PR-00114,3,94.00,8.00,2026-01-02T00:29:00Z
order_items-000115,OR-000115,1,PR-00115,2,45.00,6.00,2026-01-02T00:42:00Z
order_items-000116,OR-000116,1,PR-00116,4,155.00,1.00,2026-01-02T00:55:00Z
order_items-000117,OR-000117,1,PR-00117,3,256.00,5.00,2026-01-02T01:08:00Z
order_items-000118,OR-000118,1,PR-00118,2,242.00,4.00,2026-01-02T01:21:00Z
order_items-000119,OR-000119,1,PR-00119,1,193.00,1.00,2026-01-02T01:34:00Z
order_items-000120,OR-000120,1,PR-00120,1,17.00,10.00,2026-01-02T01:47:00Z
order_items-000121,OR-000121,1,PR-00121,3,53.00,9.00,2026-01-02T02:00:00Z
order_items-000122,OR-000122,1,PR-00122,3,197.00,2.00,2026-01-02T02:13:00Z
order_items-000123,OR-000123,1,PR-00123,3,274.00,0.00,2026-01-02T02:26:00Z
order_items-000124,OR-000124,1,PR-00124,2,69.00,8.00,2026-01-02T02:39:00Z
order_items-000125,OR-000125,1,PR-00125,4,151.00,7.00,2026-01-02T02:52:00Z
order_items-000126,OR-000126,1,PR-00126,3,156.00,8.00,2026-01-02T03:05:00Z
order_items-000127,OR-000127,1,PR-00127,2,63.00,2.00,2026-01-02T03:18:00Z
order_items-000128,OR-000128,1,PR-00128,1,162.00,2.00,2026-01-02T03:31:00Z
order_items-000129,OR-000129,1,PR-00129,3,257.00,7.00,2026-01-02T03:44:00Z
order_items-000130,OR-000130,1,PR-00130,2,138.00,2.00,2026-01-02T03:57:00Z
order_items-000131,OR-000131,1,PR-00131,1,211.00,9.00,2026-01-02T04:10:00Z
order_items-000132,OR-000132,1,PR-00132,1,138.00,3.00,2026-01-02T04:23:00Z
order_items-000133,OR-000133,1,PR-00133,1,220.00,3.00,2026-01-02T04:36:00Z
order_items-000134,OR-000134,1,PR-00134,2,236.00,1.00,2026-01-02T04:49:00Z
order_items-000135,OR-000135,1,PR-00135,3,5.00,5.00,2026-01-02T05:02:00Z
order_items-000136,OR-000136,1,PR-00136,1,138.00,0.00,2026-01-02T05:15:00Z
order_items-000137,OR-000137,1,PR-00137,2,176.00,9.00,2026-01-02T05:28:00Z
order_items-000138,OR-000138,1,PR-00138,1,204.00,4.00,2026-01-02T05:41:00Z
order_items-000139,OR-000139,1,PR-00139,3,35.00,5.00,2026-01-02T05:54:00Z
order_items-000140,OR-000140,1,PR-00140,3,64.00,7.00,2026-01-02T06:07:00Z
order_items-000141,OR-000141,1,PR-00141,1,99.00,9.00,2026-01-02T06:20:00Z
order_items-000142,OR-000142,1,PR-00142,1,145.00,5.00,2026-01-02T06:33:00Z
order_items-000143,OR-000143,1,PR-00143,3,177.00,2.00,2026-01-02T06:46:00Z
order_items-000144,OR-000144,1,PR-00144,3,236.00,8.00,2026-01-02T06:59:00Z
order_items-000145,OR-000145,1,PR-00145,2,25.00,5.00,2026-01-02T07:12:00Z
order_items-000146,OR-000146,1,PR-00146,4,10.00,9.00,2026-01-02T07:25:00Z
order_items-000147,OR-000147,1,PR-00147,3,134.00,10.00,2026-01-02T07:38:00Z
order_items-000148,OR-000148,1,PR-00148,4,251.00,10.00,2026-01-02T07:51:00Z
order_items-000149,OR-000149,1,PR-00149,1,119.00,7.00,2026-01-02T08:04:00Z
order_items-000150,OR-000150,1,PR-00150,1,206.00,9.00,2026-01-02T08:17:00Z
order_items-000151,OR-000151,1,PR-00001,3,283.00,2.00,2026-01-02T08:30:00Z
order_items-000152,OR-000152,1,PR-00002,3,66.00,4.00,2026-01-02T08:43:00Z
order_items-000153,OR-000153,1,PR-00003,3,40.00,1.00,2026-01-02T08:56:00Z
order_items-000154,OR-000154,1,PR-00004,2,176.00,7.00,2026-01-02T09:09:00Z
order_items-000155,OR-000155,1,PR-00005,4,29.00,4.00,2026-01-02T09:22:00Z
order_items-000156,OR-000156,1,PR-00006,2,141.00,9.00,2026-01-02T09:35:00Z
order_items-000157,OR-000157,1,PR-00007,2,215.00,9.00,2026-01-02T09:48:00Z
order_items-000158,OR-000158,1,PR-00008,1,74.00,8.00,2026-01-02T10:01:00Z
order_items-000159,OR-000159,1,PR-00009,3,37.00,8.00,2026-01-02T10:14:00Z
order_items-000160,OR-000160,1,PR-00010,2,87.00,2.00,2026-01-02T10:27:00Z
order_items-000161,OR-000161,1,PR-00011,3,164.00,7.00,2026-01-02T10:40:00Z
order_items-000162,OR-000162,1,PR-00012,1,248.00,9.00,2026-01-02T10:53:00Z
order_items-000163,OR-000163,1,PR-00013,1,234.00,3.00,2026-01-02T11:06:00Z
order_items-000164,OR-000164,1,PR-00014,2,202.00,1.00,2026-01-02T11:19:00Z
order_items-000165,OR-000165,1,PR-00015,2,238.00,3.00,2026-01-02T11:32:00Z
order_items-000166,OR-000166,1,PR-00016,1,194.00,4.00,2026-01-02T11:45:00Z
order_items-000167,OR-000167,1,PR-00017,3,89.00,5.00,2026-01-02T11:58:00Z
order_items-000168,OR-000168,1,PR-00018,1,71.00,3.00,2026-01-02T12:11:00Z
order_items-000169,OR-000169,1,PR-00019,2,144.00,2.00,2026-01-02T12:24:00Z
order_items-000170,OR-000170,1,PR-00020,3,132.00,4.00,2026-01-02T12:37:00Z
order_items-000171,OR-000171,1,PR-00021,1,211.00,10.00,2026-01-02T12:50:00Z
order_items-000172,OR-000172,1,PR-00022,3,229.00,9.00,2026-01-02T13:03:00Z
order_items-000173,OR-000173,1,PR-00023,2,73.00,2.00,2026-01-02T13:16:00Z
order_items-000174,OR-000174,1,PR-00024,2,285.00,7.00,2026-01-02T13:29:00Z
order_items-000175,OR-000175,1,PR-00025,2,63.00,4.00,2026-01-02T13:42:00Z
order_items-000176,OR-000176,1,PR-00026,3,213.00,2.00,2026-01-02T13:55:00Z
order_items-000177,OR-000177,1,PR-00027,4,23.00,7.00,2026-01-02T14:08:00Z
order_items-000178,OR-000178,1,PR-00028,4,232.00,5.00,2026-01-02T14:21:00Z
order_items-000179,OR-000179,1,PR-00029,3,38.00,1.00,2026-01-02T14:34:00Z
order_items-000180,OR-000180,1,PR-00030,2,228.00,4.00,2026-01-02T14:47:00Z
order_items-000181,OR-000181,1,PR-00031,4,76.00,10.00,2026-01-02T15:00:00Z
order_items-000182,OR-000182,1,PR-00032,3,207.00,7.00,2026-01-02T15:13:00Z
order_items-000183,OR-000183,1,PR-00033,3,211.00,9.00,2026-01-02T15:26:00Z
order_items-000184,OR-000184,1,PR-00034,4,168.00,3.00,2026-01-02T15:39:00Z
order_items-000185,OR-000185,1,PR-00035,3,10.00,6.00,2026-01-02T15:52:00Z
order_items-000186,OR-000186,1,PR-00036,4,254.00,10.00,2026-01-02T16:05:00Z
order_items-000187,OR-000187,1,PR-00037,1,18.00,6.00,2026-01-02T16:18:00Z
order_items-000188,OR-000188,1,PR-00038,4,257.00,4.00,2026-01-02T16:31:00Z
order_items-000189,OR-000189,1,PR-00039,2,289.00,9.00,2026-01-02T16:44:00Z
order_items-000190,OR-000190,1,PR-00040,2,261.00,9.00,2026-01-02T16:57:00Z
order_items-000191,OR-000191,1,PR-00041,3,204.00,10.00,2026-01-02T17:10:00Z
order_items-000192,OR-000192,1,PR-00042,2,25.00,10.00,2026-01-02T17:23:00Z
order_items-000193,OR-000193,1,PR-00043,3,110.00,2.00,2026-01-02T17:36:00Z
order_items-000194,OR-000194,1,PR-00044,2,147.00,0.00,2026-01-02T17:49:00Z
order_items-000195,OR-000195,1,PR-00045,1,106.00,5.00,2026-01-02T18:02:00Z
order_items-000196,OR-000196,1,PR-00046,3,176.00,10.00,2026-01-02T18:15:00Z
order_items-000197,OR-000197,1,PR-00047,2,237.00,2.00,2026-01-02T18:28:00Z
order_items-000198,OR-000198,1,PR-00048,1,45.00,6.00,2026-01-02T18:41:00Z
order_items-000199,OR-000199,1,PR-00049,1,83.00,8.00,2026-01-02T18:54:00Z
order_items-000200,OR-000200,1,PR-00050,4,194.00,10.00,2026-01-02T19:07:00Z
order_items-000201,OR-000201,1,PR-00051,2,252.00,5.00,2026-01-02T19:20:00Z
order_items-000202,OR-000202,1,PR-00052,4,245.00,4.00,2026-01-02T19:33:00Z
order_items-000203,OR-000203,1,PR-00053,2,22.00,5.00,2026-01-02T19:46:00Z
order_items-000204,OR-000204,1,PR-00054,4,124.00,2.00,2026-01-02T19:59:00Z
order_items-000205,OR-000205,1,PR-00055,4,59.00,2.00,2026-01-02T20:12:00Z
order_items-000206,OR-000206,1,PR-00056,1,66.00,0.00,2026-01-02T20:25:00Z
order_items-000207,OR-000207,1,PR-00057,4,184.00,6.00,2026-01-02T20:38:00Z
order_items-000208,OR-000208,1,PR-00058,4,5.00,0.00,2026-01-02T20:51:00Z
order_items-000209,OR-000209,1,PR-00059,2,19.00,10.00,2026-01-02T21:04:00Z
order_items-000210,OR-000210,1,PR-00060,4,54.00,9.00,2026-01-02T21:17:00Z
order_items-000211,OR-000211,1,PR-00061,2,58.00,10.00,2026-01-02T21:30:00Z
order_items-000212,OR-000212,1,PR-00062,2,32.00,7.00,2026-01-02T21:43:00Z
order_items-000213,OR-000213,1,PR-00063,3,67.00,7.00,2026-01-02T21:56:00Z
order_items-000214,OR-000214,1,PR-00064,3,114.00,1.00,2026-01-02T22:09:00Z
order_items-000215,OR-000215,1,PR-00065,4,119.00,1.00,2026-01-02T22:22:00Z
order_items-000216,OR-000216,1,PR-00066,1,95.00,3.00,2026-01-02T22:35:00Z
order_items-000217,OR-000217,1,PR-00067,1,196.00,7.00,2026-01-02T22:48:00Z
order_items-000218,OR-000218,1,PR-00068,4,137.00,4.00,2026-01-02T23:01:00Z
order_items-000219,OR-000219,1,PR-00069,2,71.00,1.00,2026-01-02T23:14:00Z
order_items-000220,OR-000220,1,PR-00070,1,116.00,8.00,2026-01-02T23:27:00Z
order_items-000221,OR-000221,1,PR-00071,2,14.00,2.00,2026-01-02T23:40:00Z
order_items-000222,OR-000222,1,PR-00072,3,49.00,2.00,2026-01-02T23:53:00Z
order_items-000223,OR-000223,1,PR-00073,1,205.00,7.00,2026-01-03T00:06:00Z
order_items-000224,OR-000224,1,PR-00074,3,87.00,8.00,2026-01-03T00:19:00Z
order_items-000225,OR-000225,1,PR-00075,3,66.00,7.00,2026-01-03T00:32:00Z
order_items-000226,OR-000226,1,PR-00076,3,263.00,8.00,2026-01-03T00:45:00Z
order_items-000227,OR-000227,1,PR-00077,2,270.00,5.00,2026-01-03T00:58:00Z
order_items-000228,OR-000228,1,PR-00078,1,153.00,8.00,2026-01-03T01:11:00Z
order_items-000229,OR-000229,1,PR-00079,4,58.00,4.00,2026-01-03T01:24:00Z
order_items-000230,OR-000230,1,PR-00080,3,175.00,6.00,2026-01-03T01:37:00Z
order_items-000231,OR-000231,1,PR-00081,3,213.00,4.00,2026-01-03T01:50:00Z
order_items-000232,OR-000232,1,PR-00082,1,248.00,1.00,2026-01-03T02:03:00Z
order_items-000233,OR-000233,1,PR-00083,2,253.00,7.00,2026-01-03T02:16:00Z
order_items-000234,OR-000234,1,PR-00084,4,23.00,10.00,2026-01-03T02:29:00Z
order_items-000235,OR-000235,1,PR-00085,2,46.00,3.00,2026-01-03T02:42:00Z
order_items-000236,OR-000236,1,PR-00086,1,217.00,1.00,2026-01-03T02:55:00Z
order_items-000237,OR-000237,1,PR-00087,2,183.00,6.00,2026-01-03T03:08:00Z
order_items-000238,OR-000238,1,PR-00088,3,242.00,4.00,2026-01-03T03:21:00Z
order_items-000239,OR-000239,1,PR-00089,2,235.00,1.00,2026-01-03T03:34:00Z
order_items-000240,OR-000240,1,PR-00090,1,107.00,3.00,2026-01-03T03:47:00Z
order_items-000241,OR-000241,1,PR-00091,3,149.00,6.00,2026-01-03T04:00:00Z
order_items-000242,OR-000242,1,PR-00092,3,294.00,0.00,2026-01-03T04:13:00Z
order_items-000243,OR-000243,1,PR-00093,2,270.00,4.00,2026-01-03T04:26:00Z
order_items-000244,OR-000244,1,PR-00094,1,184.00,6.00,2026-01-03T04:39:00Z
order_items-000245,OR-000245,1,PR-00095,2,139.00,0.00,2026-01-03T04:52:00Z
order_items-000246,OR-000246,1,PR-00096,1,49.00,6.00,2026-01-03T05:05:00Z
order_items-000247,OR-000247,1,PR-00097,3,43.00,4.00,2026-01-03T05:18:00Z
order_items-000248,OR-000248,1,PR-00098,4,211.00,1.00,2026-01-03T05:31:00Z
order_items-000249,OR-000249,1,PR-00099,2,19.00,9.00,2026-01-03T05:44:00Z
order_items-000250,OR-000250,1,PR-00100,1,185.00,9.00,2026-01-03T05:57:00Z
order_items-000251,OR-000251,1,PR-00101,4,100.00,6.00,2026-01-03T06:10:00Z
order_items-000252,OR-000252,1,PR-00102,3,226.00,6.00,2026-01-03T06:23:00Z
order_items-000253,OR-000253,1,PR-00103,2,119.00,2.00,2026-01-03T06:36:00Z
order_items-000254,OR-000254,1,PR-00104,4,146.00,6.00,2026-01-03T06:49:00Z
order_items-000255,OR-000255,1,PR-00105,2,276.00,2.00,2026-01-03T07:02:00Z
order_items-000256,OR-000256,1,PR-00106,2,187.00,2.00,2026-01-03T07:15:00Z
order_items-000257,OR-000257,1,PR-00107,3,43.00,9.00,2026-01-03T07:28:00Z
order_items-000258,OR-000258,1,PR-00108,1,215.00,9.00,2026-01-03T07:41:00Z
order_items-000259,OR-000259,1,PR-00109,1,281.00,2.00,2026-01-03T07:54:00Z
order_items-000260,OR-000260,1,PR-00110,4,254.00,4.00,2026-01-03T08:07:00Z
order_items-000261,OR-000261,1,PR-00111,1,300.00,0.00,2026-01-03T08:20:00Z
order_items-000262,OR-000262,1,PR-00112,4,137.00,5.00,2026-01-03T08:33:00Z
order_items-000263,OR-000263,1,PR-00113,2,195.00,4.00,2026-01-03T08:46:00Z
order_items-000264,OR-000264,1,PR-00114,1,189.00,6.00,2026-01-03T08:59:00Z
order_items-000265,OR-000265,1,PR-00115,1,201.00,4.00,2026-01-03T09:12:00Z
order_items-000266,OR-000266,1,PR-00116,4,250.00,4.00,2026-01-03T09:25:00Z
order_items-000267,OR-000267,1,PR-00117,4,219.00,0.00,2026-01-03T09:38:00Z
order_items-000268,OR-000268,1,PR-00118,2,135.00,3.00,2026-01-03T09:51:00Z
order_items-000269,OR-000269,1,PR-00119,3,235.00,2.00,2026-01-03T10:04:00Z
order_items-000270,OR-000270,1,PR-00120,3,56.00,0.00,2026-01-03T10:17:00Z
order_items-000271,OR-000271,1,PR-00121,2,131.00,3.00,2026-01-03T10:30:00Z
order_items-000272,OR-000272,1,PR-00122,4,281.00,4.00,2026-01-03T10:43:00Z
order_items-000273,OR-000273,1,PR-00123,3,145.00,9.00,2026-01-03T10:56:00Z
order_items-000274,OR-000274,1,PR-00124,1,82.00,7.00,2026-01-03T11:09:00Z
order_items-000275,OR-000275,1,PR-00125,2,263.00,9.00,2026-01-03T11:22:00Z
order_items-000276,OR-000276,1,PR-00126,1,17.00,7.00,2026-01-03T11:35:00Z
order_items-000277,OR-000277,1,PR-00127,3,297.00,10.00,2026-01-03T11:48:00Z
order_items-000278,OR-000278,1,PR-00128,4,102.00,8.00,2026-01-03T12:01:00Z
order_items-000279,OR-000279,1,PR-00129,1,198.00,10.00,2026-01-03T12:14:00Z
order_items-000280,OR-000280,1,PR-00130,3,136.00,5.00,2026-01-03T12:27:00Z
order_items-000281,OR-000281,1,PR-00131,2,32.00,5.00,2026-01-03T12:40:00Z
order_items-000282,OR-000282,1,PR-00132,3,54.00,4.00,2026-01-03T12:53:00Z
order_items-000283,OR-000283,1,PR-00133,1,130.00,10.00,2026-01-03T13:06:00Z
order_items-000284,OR-000284,1,PR-00134,1,86.00,9.00,2026-01-03T13:19:00Z
order_items-000285,OR-000285,1,PR-00135,4,128.00,9.00,2026-01-03T13:32:00Z
order_items-000286,OR-000286,1,PR-00136,4,253.00,3.00,2026-01-03T13:45:00Z
order_items-000287,OR-000287,1,PR-00137,1,18.00,0.00,2026-01-03T13:58:00Z
order_items-000288,OR-000288,1,PR-00138,1,274.00,5.00,2026-01-03T14:11:00Z
order_items-000289,OR-000289,1,PR-00139,2,81.00,5.00,2026-01-03T14:24:00Z
order_items-000290,OR-000290,1,PR-00140,4,43.00,1.00,2026-01-03T14:37:00Z
order_items-000291,OR-000291,1,PR-00141,1,225.00,5.00,2026-01-03T14:50:00Z
order_items-000292,OR-000292,1,PR-00142,3,14.00,5.00,2026-01-03T15:03:00Z
order_items-000293,OR-000293,1,PR-00143,2,142.00,1.00,2026-01-03T15:16:00Z
order_items-000294,OR-000294,1,PR-00144,4,187.00,6.00,2026-01-03T15:29:00Z
order_items-000295,OR-000295,1,PR-00145,4,64.00,3.00,2026-01-03T15:42:00Z
order_items-000296,OR-000296,1,PR-00146,4,265.00,8.00,2026-01-03T15:55:00Z
order_items-000297,OR-000297,1,PR-00147,2,67.00,7.00,2026-01-03T16:08:00Z
order_items-000298,OR-000298,1,PR-00148,1,238.00,2.00,2026-01-03T16:21:00Z
order_items-000299,OR-000299,1,PR-00149,1,218.00,9.00,2026-01-03T16:34:00Z
order_items-000300,OR-000300,1,PR-00150,4,69.00,8.00,2026-01-03T16:47:00Z
order_items-000301,OR-000301,1,PR-00001,2,9.00,5.00,2026-01-03T17:00:00Z
order_items-000302,OR-000302,1,PR-00002,3,280.00,10.00,2026-01-03T17:13:00Z
order_items-000303,OR-000303,1,PR-00003,1,248.00,4.00,2026-01-03T17:26:00Z
order_items-000304,OR-000304,1,PR-00004,3,196.00,9.00,2026-01-03T17:39:00Z
order_items-000305,OR-000305,1,PR-00005,1,254.00,1.00,2026-01-03T17:52:00Z
order_items-000306,OR-000306,1,PR-00006,2,120.00,8.00,2026-01-03T18:05:00Z
order_items-000307,OR-000307,1,PR-00007,4,132.00,5.00,2026-01-03T18:18:00Z
order_items-000308,OR-000308,1,PR-00008,4,284.00,2.00,2026-01-03T18:31:00Z
order_items-000309,OR-000309,1,PR-00009,2,171.00,9.00,2026-01-03T18:44:00Z
order_items-000310,OR-000310,1,PR-00010,3,27.00,7.00,2026-01-03T18:57:00Z
order_items-000311,OR-000311,1,PR-00011,2,219.00,2.00,2026-01-03T19:10:00Z
order_items-000312,OR-000312,1,PR-00012,2,284.00,7.00,2026-01-03T19:23:00Z
order_items-000313,OR-000313,1,PR-00013,3,115.00,6.00,2026-01-03T19:36:00Z
order_items-000314,OR-000314,1,PR-00014,1,247.00,1.00,2026-01-03T19:49:00Z
order_items-000315,OR-000315,1,PR-00015,4,77.00,5.00,2026-01-03T20:02:00Z
order_items-000316,OR-000316,1,PR-00016,1,174.00,8.00,2026-01-03T20:15:00Z
order_items-000317,OR-000317,1,PR-00017,1,147.00,8.00,2026-01-03T20:28:00Z
order_items-000318,OR-000318,1,PR-00018,4,144.00,0.00,2026-01-03T20:41:00Z
order_items-000319,OR-000319,1,PR-00019,4,95.00,6.00,2026-01-03T20:54:00Z
order_items-000320,OR-000320,1,PR-00020,3,186.00,8.00,2026-01-03T21:07:00Z
order_items-000321,OR-000321,1,PR-00021,3,36.00,2.00,2026-01-03T21:20:00Z
order_items-000322,OR-000322,1,PR-00022,4,161.00,3.00,2026-01-03T21:33:00Z
order_items-000323,OR-000323,1,PR-00023,1,160.00,5.00,2026-01-03T21:46:00Z
order_items-000324,OR-000324,1,PR-00024,3,208.00,4.00,2026-01-03T21:59:00Z
order_items-000325,OR-000325,1,PR-00025,3,253.00,9.00,2026-01-03T22:12:00Z
order_items-000326,OR-000326,1,PR-00026,1,262.00,9.00,2026-01-03T22:25:00Z
order_items-000327,OR-000327,1,PR-00027,2,63.00,8.00,2026-01-03T22:38:00Z
order_items-000328,OR-000328,1,PR-00028,1,178.00,7.00,2026-01-03T22:51:00Z
order_items-000329,OR-000329,1,PR-00029,3,6.00,3.00,2026-01-03T23:04:00Z
order_items-000330,OR-000330,1,PR-00030,2,49.00,5.00,2026-01-03T23:17:00Z
order_items-000331,OR-000331,1,PR-00031,4,101.00,10.00,2026-01-03T23:30:00Z
order_items-000332,OR-000332,1,PR-00032,2,185.00,6.00,2026-01-03T23:43:00Z
order_items-000333,OR-000333,1,PR-00033,4,59.00,0.00,2026-01-03T23:56:00Z
order_items-000334,OR-000334,1,PR-00034,2,150.00,5.00,2026-01-04T00:09:00Z
order_items-000335,OR-000335,1,PR-00035,3,56.00,6.00,2026-01-04T00:22:00Z
order_items-000336,OR-000336,1,PR-00036,3,112.00,7.00,2026-01-04T00:35:00Z
order_items-000337,OR-000337,1,PR-00037,4,259.00,8.00,2026-01-04T00:48:00Z
order_items-000338,OR-000338,1,PR-00038,3,257.00,5.00,2026-01-04T01:01:00Z
order_items-000339,OR-000339,1,PR-00039,2,276.00,6.00,2026-01-04T01:14:00Z
order_items-000340,OR-000340,1,PR-00040,2,292.00,2.00,2026-01-04T01:27:00Z
order_items-000341,OR-000341,1,PR-00041,1,84.00,8.00,2026-01-04T01:40:00Z
order_items-000342,OR-000342,1,PR-00042,3,72.00,3.00,2026-01-04T01:53:00Z
order_items-000343,OR-000343,1,PR-00043,1,84.00,5.00,2026-01-04T02:06:00Z
order_items-000344,OR-000344,1,PR-00044,3,264.00,6.00,2026-01-04T02:19:00Z
order_items-000345,OR-000345,1,PR-00045,2,176.00,10.00,2026-01-04T02:32:00Z
order_items-000346,OR-000346,1,PR-00046,1,63.00,5.00,2026-01-04T02:45:00Z
order_items-000347,OR-000347,1,PR-00047,1,198.00,0.00,2026-01-04T02:58:00Z
order_items-000348,OR-000348,1,PR-00048,2,105.00,7.00,2026-01-04T03:11:00Z
order_items-000349,OR-000349,1,PR-00049,3,265.00,10.00,2026-01-04T03:24:00Z
order_items-000350,OR-000350,1,PR-00050,2,179.00,7.00,2026-01-04T03:37:00Z
order_items-000351,OR-000351,1,PR-00051,1,99.00,5.00,2026-01-04T03:50:00Z
order_items-000352,OR-000352,1,PR-00052,3,114.00,0.00,2026-01-04T04:03:00Z
order_items-000353,OR-000353,1,PR-00053,4,194.00,5.00,2026-01-04T04:16:00Z
order_items-000354,OR-000354,1,PR-00054,4,41.00,3.00,2026-01-04T04:29:00Z
order_items-000355,OR-000355,1,PR-00055,1,46.00,2.00,2026-01-04T04:42:00Z
order_items-000356,OR-000356,1,PR-00056,3,85.00,2.00,2026-01-04T04:55:00Z
order_items-000357,OR-000357,1,PR-00057,3,241.00,10.00,2026-01-04T05:08:00Z
order_items-000358,OR-000358,1,PR-00058,4,284.00,6.00,2026-01-04T05:21:00Z
order_items-000359,OR-000359,1,PR-00059,1,107.00,2.00,2026-01-04T05:34:00Z
order_items-000360,OR-000360,1,PR-00060,3,71.00,0.00,2026-01-04T05:47:00Z
order_items-000361,OR-000361,1,PR-00061,3,141.00,1.00,2026-01-04T06:00:00Z
order_items-000362,OR-000362,1,PR-00062,2,226.00,9.00,2026-01-04T06:13:00Z
order_items-000363,OR-000363,1,PR-00063,3,137.00,1.00,2026-01-04T06:26:00Z
order_items-000364,OR-000364,1,PR-00064,3,222.00,9.00,2026-01-04T06:39:00Z
order_items-000365,OR-000365,1,PR-00065,1,71.00,3.00,2026-01-04T06:52:00Z
order_items-000366,OR-000366,1,PR-00066,3,24.00,0.00,2026-01-04T07:05:00Z
order_items-000367,OR-000367,1,PR-00067,1,243.00,7.00,2026-01-04T07:18:00Z
order_items-000368,OR-000368,1,PR-00068,3,92.00,7.00,2026-01-04T07:31:00Z
order_items-000369,OR-000369,1,PR-00069,2,38.00,7.00,2026-01-04T07:44:00Z
order_items-000370,OR-000370,1,PR-00070,4,148.00,2.00,2026-01-04T07:57:00Z
order_items-000371,OR-000371,1,PR-00071,1,165.00,2.00,2026-01-04T08:10:00Z
order_items-000372,OR-000372,1,PR-00072,1,288.00,5.00,2026-01-04T08:23:00Z
order_items-000373,OR-000373,1,PR-00073,4,244.00,3.00,2026-01-04T08:36:00Z
order_items-000374,OR-000374,1,PR-00074,1,30.00,0.00,2026-01-04T08:49:00Z
order_items-000375,OR-000375,1,PR-00075,2,103.00,5.00,2026-01-04T09:02:00Z
order_items-000376,OR-000376,1,PR-00076,2,189.00,8.00,2026-01-04T09:15:00Z
order_items-000377,OR-000377,1,PR-00077,1,232.00,8.00,2026-01-04T09:28:00Z
order_items-000378,OR-000378,1,PR-00078,4,237.00,10.00,2026-01-04T09:41:00Z
order_items-000379,OR-000379,1,PR-00079,3,70.00,10.00,2026-01-04T09:54:00Z
order_items-000380,OR-000380,1,PR-00080,4,296.00,4.00,2026-01-04T10:07:00Z
order_items-000381,OR-000381,1,PR-00081,4,231.00,8.00,2026-01-04T10:20:00Z
order_items-000382,OR-000382,1,PR-00082,2,228.00,5.00,2026-01-04T10:33:00Z
order_items-000383,OR-000383,1,PR-00083,1,171.00,9.00,2026-01-04T10:46:00Z
order_items-000384,OR-000384,1,PR-00084,1,202.00,7.00,2026-01-04T10:59:00Z
order_items-000385,OR-000385,1,PR-00085,1,107.00,0.00,2026-01-04T11:12:00Z
order_items-000386,OR-000386,1,PR-00086,1,164.00,1.00,2026-01-04T11:25:00Z
order_items-000387,OR-000387,1,PR-00087,1,256.00,0.00,2026-01-04T11:38:00Z
order_items-000388,OR-000388,1,PR-00088,2,114.00,10.00,2026-01-04T11:51:00Z
order_items-000389,OR-000389,1,PR-00089,1,281.00,7.00,2026-01-04T12:04:00Z
order_items-000390,OR-000390,1,PR-00090,3,37.00,2.00,2026-01-04T12:17:00Z
order_items-000391,OR-000391,1,PR-00091,3,254.00,7.00,2026-01-04T12:30:00Z
order_items-000392,OR-000392,1,PR-00092,3,72.00,7.00,2026-01-04T12:43:00Z
order_items-000393,OR-000393,1,PR-00093,1,270.00,10.00,2026-01-04T12:56:00Z
order_items-000394,OR-000394,1,PR-00094,4,39.00,6.00,2026-01-04T13:09:00Z
order_items-000395,OR-000395,1,PR-00095,2,87.00,4.00,2026-01-04T13:22:00Z
order_items-000396,OR-000396,1,PR-00096,2,95.00,1.00,2026-01-04T13:35:00Z
order_items-000397,OR-000397,1,PR-00097,3,79.00,5.00,2026-01-04T13:48:00Z
order_items-000398,OR-000398,1,PR-00098,2,123.00,8.00,2026-01-04T14:01:00Z
order_items-000399,OR-000399,1,PR-00099,1,206.00,8.00,2026-01-04T14:14:00Z
order_items-000400,OR-000400,1,PR-00100,2,67.00,0.00,2026-01-04T14:27:00Z
order_items-000401,OR-000401,1,PR-00101,2,139.00,0.00,2026-01-04T14:40:00Z
order_items-000402,OR-000402,1,PR-00102,4,87.00,0.00,2026-01-04T14:53:00Z
order_items-000403,OR-000403,1,PR-00103,3,94.00,3.00,2026-01-04T15:06:00Z
order_items-000404,OR-000404,1,PR-00104,3,46.00,8.00,2026-01-04T15:19:00Z
order_items-000405,OR-000405,1,PR-00105,2,84.00,10.00,2026-01-04T15:32:00Z
order_items-000406,OR-000406,1,PR-00106,4,190.00,6.00,2026-01-04T15:45:00Z
order_items-000407,OR-000407,1,PR-00107,3,108.00,10.00,2026-01-04T15:58:00Z
order_items-000408,OR-000408,1,PR-00108,4,68.00,8.00,2026-01-04T16:11:00Z
order_items-000409,OR-000409,1,PR-00109,3,158.00,2.00,2026-01-04T16:24:00Z
order_items-000410,OR-000410,1,PR-00110,4,118.00,4.00,2026-01-04T16:37:00Z
order_items-000411,OR-000411,1,PR-00111,3,79.00,2.00,2026-01-04T16:50:00Z
order_items-000412,OR-000412,1,PR-00112,3,108.00,5.00,2026-01-04T17:03:00Z
order_items-000413,OR-000413,1,PR-00113,2,36.00,9.00,2026-01-04T17:16:00Z
order_items-000414,OR-000414,1,PR-00114,2,32.00,9.00,2026-01-04T17:29:00Z
order_items-000415,OR-000415,1,PR-00115,4,257.00,2.00,2026-01-04T17:42:00Z
order_items-000416,OR-000416,1,PR-00116,2,24.00,3.00,2026-01-04T17:55:00Z
order_items-000417,OR-000417,1,PR-00117,2,152.00,7.00,2026-01-04T18:08:00Z
order_items-000418,OR-000418,1,PR-00118,2,133.00,5.00,2026-01-04T18:21:00Z
order_items-000419,OR-000419,1,PR-00119,3,71.00,8.00,2026-01-04T18:34:00Z
order_items-000420,OR-000420,1,PR-00120,2,195.00,10.00,2026-01-04T18:47:00Z
order_items-000421,OR-000421,1,PR-00121,1,61.00,6.00,2026-01-04T19:00:00Z
order_items-000422,OR-000422,1,PR-00122,4,42.00,6.00,2026-01-04T19:13:00Z
order_items-000423,OR-000423,1,PR-00123,4,149.00,3.00,2026-01-04T19:26:00Z
order_items-000424,OR-000424,1,PR-00124,1,16.00,6.00,2026-01-04T19:39:00Z
order_items-000425,OR-000425,1,PR-00125,1,116.00,5.00,2026-01-04T19:52:00Z
order_items-000426,OR-000426,1,PR-00126,1,252.00,0.00,2026-01-04T20:05:00Z
order_items-000427,OR-000427,1,PR-00127,3,222.00,1.00,2026-01-04T20:18:00Z
order_items-000428,OR-000428,1,PR-00128,2,23.00,1.00,2026-01-04T20:31:00Z
order_items-000429,OR-000429,1,PR-00129,1,54.00,1.00,2026-01-04T20:44:00Z
order_items-000430,OR-000430,1,PR-00130,2,49.00,10.00,2026-01-04T20:57:00Z
order_items-000431,OR-000431,1,PR-00131,2,95.00,3.00,2026-01-04T21:10:00Z
order_items-000432,OR-000432,1,PR-00132,2,289.00,9.00,2026-01-04T21:23:00Z
order_items-000433,OR-000433,1,PR-00133,4,188.00,6.00,2026-01-04T21:36:00Z
order_items-000434,OR-000434,1,PR-00134,3,53.00,7.00,2026-01-04T21:49:00Z
order_items-000435,OR-000435,1,PR-00135,2,281.00,10.00,2026-01-04T22:02:00Z
order_items-000436,OR-000436,1,PR-00136,4,30.00,0.00,2026-01-04T22:15:00Z
order_items-000437,OR-000437,1,PR-00137,4,169.00,3.00,2026-01-04T22:28:00Z
order_items-000438,OR-000438,1,PR-00138,1,258.00,0.00,2026-01-04T22:41:00Z
order_items-000439,OR-000439,1,PR-00139,3,267.00,5.00,2026-01-04T22:54:00Z
order_items-000440,OR-000440,1,PR-00140,4,261.00,1.00,2026-01-04T23:07:00Z
order_items-000441,OR-000441,1,PR-00141,4,95.00,7.00,2026-01-04T23:20:00Z
order_items-000442,OR-000442,1,PR-00142,4,157.00,2.00,2026-01-04T23:33:00Z
order_items-000443,OR-000443,1,PR-00143,3,21.00,1.00,2026-01-04T23:46:00Z
order_items-000444,OR-000444,1,PR-00144,2,26.00,6.00,2026-01-04T23:59:00Z
order_items-000445,OR-000445,1,PR-00145,4,100.00,0.00,2026-01-05T00:12:00Z
order_items-000446,OR-000446,1,PR-00146,2,267.00,10.00,2026-01-05T00:25:00Z
order_items-000447,OR-000447,1,PR-00147,1,104.00,3.00,2026-01-05T00:38:00Z
order_items-000448,OR-000448,1,PR-00148,4,214.00,2.00,2026-01-05T00:51:00Z
order_items-000449,OR-000449,1,PR-00149,4,76.00,3.00,2026-01-05T01:04:00Z
order_items-000450,OR-000450,1,PR-00150,2,82.00,7.00,2026-01-05T01:17:00Z
order_items-000451,OR-000451,1,PR-00001,2,204.00,8.00,2026-01-05T01:30:00Z
order_items-000452,OR-000452,1,PR-00002,1,241.00,3.00,2026-01-05T01:43:00Z
order_items-000453,OR-000453,1,PR-00003,3,30.00,3.00,2026-01-05T01:56:00Z
order_items-000454,OR-000454,1,PR-00004,2,227.00,5.00,2026-01-05T02:09:00Z
order_items-000455,OR-000455,1,PR-00005,2,225.00,8.00,2026-01-05T02:22:00Z
order_items-000456,OR-000456,1,PR-00006,4,226.00,2.00,2026-01-05T02:35:00Z
order_items-000457,OR-000457,1,PR-00007,2,64.00,0.00,2026-01-05T02:48:00Z
order_items-000458,OR-000458,1,PR-00008,4,71.00,3.00,2026-01-05T03:01:00Z
order_items-000459,OR-000459,1,PR-00009,2,90.00,0.00,2026-01-05T03:14:00Z
order_items-000460,OR-000460,1,PR-00010,2,221.00,4.00,2026-01-05T03:27:00Z
order_items-000461,OR-000461,1,PR-00011,4,245.00,2.00,2026-01-05T03:40:00Z
order_items-000462,OR-000462,1,PR-00012,2,296.00,0.00,2026-01-05T03:53:00Z
order_items-000463,OR-000463,1,PR-00013,4,81.00,2.00,2026-01-05T04:06:00Z
order_items-000464,OR-000464,1,PR-00014,1,78.00,5.00,2026-01-05T04:19:00Z
order_items-000465,OR-000465,1,PR-00015,3,268.00,3.00,2026-01-05T04:32:00Z
order_items-000466,OR-000466,1,PR-00016,1,186.00,9.00,2026-01-05T04:45:00Z
order_items-000467,OR-000467,1,PR-00017,4,272.00,6.00,2026-01-05T04:58:00Z
order_items-000468,OR-000468,1,PR-00018,4,79.00,6.00,2026-01-05T05:11:00Z
order_items-000469,OR-000469,1,PR-00019,4,52.00,4.00,2026-01-05T05:24:00Z
order_items-000470,OR-000470,1,PR-00020,1,164.00,4.00,2026-01-05T05:37:00Z
order_items-000471,OR-000471,1,PR-00021,3,113.00,4.00,2026-01-05T05:50:00Z
order_items-000472,OR-000472,1,PR-00022,4,251.00,7.00,2026-01-05T06:03:00Z
order_items-000473,OR-000473,1,PR-00023,1,108.00,7.00,2026-01-05T06:16:00Z
order_items-000474,OR-000474,1,PR-00024,2,221.00,4.00,2026-01-05T06:29:00Z
order_items-000475,OR-000475,1,PR-00025,3,179.00,5.00,2026-01-05T06:42:00Z
order_items-000476,OR-000476,1,PR-00026,1,116.00,0.00,2026-01-05T06:55:00Z
order_items-000477,OR-000477,1,PR-00027,3,17.00,8.00,2026-01-05T07:08:00Z
order_items-000478,OR-000478,1,PR-00028,2,116.00,3.00,2026-01-05T07:21:00Z
order_items-000479,OR-000479,1,PR-00029,2,84.00,4.00,2026-01-05T07:34:00Z
order_items-000480,OR-000480,1,PR-00030,4,187.00,2.00,2026-01-05T07:47:00Z
order_items-000481,OR-000481,1,PR-00031,3,287.00,2.00,2026-01-05T08:00:00Z
order_items-000482,OR-000482,1,PR-00032,4,70.00,6.00,2026-01-05T08:13:00Z
order_items-000483,OR-000483,1,PR-00033,2,175.00,10.00,2026-01-05T08:26:00Z
order_items-000484,OR-000484,1,PR-00034,1,165.00,0.00,2026-01-05T08:39:00Z
order_items-000485,OR-000485,1,PR-00035,4,142.00,9.00,2026-01-05T08:52:00Z
order_items-000486,OR-000486,1,PR-00036,2,220.00,0.00,2026-01-05T09:05:00Z
order_items-000487,OR-000487,1,PR-00037,3,226.00,2.00,2026-01-05T09:18:00Z
order_items-000488,OR-000488,1,PR-00038,3,133.00,4.00,2026-01-05T09:31:00Z
order_items-000489,OR-000489,1,PR-00039,2,111.00,6.00,2026-01-05T09:44:00Z
order_items-000490,OR-000490,1,PR-00040,4,184.00,7.00,2026-01-05T09:57:00Z
order_items-000491,OR-000491,1,PR-00041,3,20.00,0.00,2026-01-05T10:10:00Z
order_items-000492,OR-000492,1,PR-00042,1,23.00,7.00,2026-01-05T10:23:00Z
order_items-000493,OR-000493,1,PR-00043,2,29.00,2.00,2026-01-05T10:36:00Z
order_items-000494,OR-000494,1,PR-00044,4,196.00,9.00,2026-01-05T10:49:00Z
order_items-000495,OR-000495,1,PR-00045,1,56.00,6.00,2026-01-05T11:02:00Z
order_items-000496,OR-000496,1,PR-00046,4,54.00,6.00,2026-01-05T11:15:00Z
order_items-000497,OR-000497,1,PR-00047,2,26.00,8.00,2026-01-05T11:28:00Z
order_items-000498,OR-000498,1,PR-00048,3,137.00,7.00,2026-01-05T11:41:00Z
order_items-000499,OR-000499,1,PR-00049,2,272.00,6.00,2026-01-05T11:54:00Z
order_items-000500,OR-000500,1,PR-00050,4,236.00,1.00,2026-01-05T12:07:00Z
order_items-000501,OR-000501,1,PR-00051,4,279.00,10.00,2026-01-05T12:20:00Z
order_items-000502,OR-000502,1,PR-00052,4,138.00,9.00,2026-01-05T12:33:00Z
order_items-000503,OR-000503,1,PR-00053,1,224.00,4.00,2026-01-05T12:46:00Z
order_items-000504,OR-000504,1,PR-00054,2,105.00,5.00,2026-01-05T12:59:00Z
order_items-000505,OR-000505,1,PR-00055,3,265.00,2.00,2026-01-05T13:12:00Z
order_items-000506,OR-000506,1,PR-00056,2,64.00,1.00,2026-01-05T13:25:00Z
order_items-000507,OR-000507,1,PR-00057,2,72.00,10.00,2026-01-05T13:38:00Z
order_items-000508,OR-000508,1,PR-00058,1,213.00,5.00,2026-01-05T13:51:00Z
order_items-000509,OR-000509,1,PR-00059,2,221.00,8.00,2026-01-05T14:04:00Z
order_items-000510,OR-000510,1,PR-00060,3,123.00,5.00,2026-01-05T14:17:00Z
order_items-000511,OR-000511,1,PR-00061,3,133.00,1.00,2026-01-05T14:30:00Z
order_items-000512,OR-000512,1,PR-00062,3,267.00,8.00,2026-01-05T14:43:00Z
order_items-000513,OR-000513,1,PR-00063,4,113.00,9.00,2026-01-05T14:56:00Z
order_items-000514,OR-000514,1,PR-00064,4,244.00,9.00,2026-01-05T15:09:00Z
order_items-000515,OR-000515,1,PR-00065,1,296.00,7.00,2026-01-05T15:22:00Z
order_items-000516,OR-000516,1,PR-00066,2,116.00,7.00,2026-01-05T15:35:00Z
order_items-000517,OR-000517,1,PR-00067,3,110.00,0.00,2026-01-05T15:48:00Z
order_items-000518,OR-000518,1,PR-00068,4,280.00,8.00,2026-01-05T16:01:00Z
order_items-000519,OR-000519,1,PR-00069,3,51.00,8.00,2026-01-05T16:14:00Z
order_items-000520,OR-000520,1,PR-00070,2,52.00,7.00,2026-01-05T16:27:00Z
order_items-000521,OR-000521,1,PR-00071,1,73.00,9.00,2026-01-05T16:40:00Z
order_items-000522,OR-000522,1,PR-00072,3,56.00,6.00,2026-01-05T16:53:00Z
order_items-000523,OR-000523,1,PR-00073,3,261.00,10.00,2026-01-05T17:06:00Z
order_items-000524,OR-000524,1,PR-00074,1,157.00,2.00,2026-01-05T17:19:00Z
order_items-000525,OR-000525,1,PR-00075,1,112.00,1.00,2026-01-05T17:32:00Z
order_items-000526,OR-000526,1,PR-00076,4,164.00,7.00,2026-01-05T17:45:00Z
order_items-000527,OR-000527,1,PR-00077,2,133.00,10.00,2026-01-05T17:58:00Z
order_items-000528,OR-000528,1,PR-00078,4,7.00,1.00,2026-01-05T18:11:00Z
order_items-000529,OR-000529,1,PR-00079,1,177.00,6.00,2026-01-05T18:24:00Z
order_items-000530,OR-000530,1,PR-00080,1,52.00,10.00,2026-01-05T18:37:00Z
order_items-000531,OR-000531,1,PR-00081,3,151.00,1.00,2026-01-05T18:50:00Z
order_items-000532,OR-000532,1,PR-00082,4,168.00,8.00,2026-01-05T19:03:00Z
order_items-000533,OR-000533,1,PR-00083,1,39.00,4.00,2026-01-05T19:16:00Z
order_items-000534,OR-000534,1,PR-00084,1,127.00,9.00,2026-01-05T19:29:00Z
order_items-000535,OR-000535,1,PR-00085,3,9.00,5.00,2026-01-05T19:42:00Z
order_items-000536,OR-000536,1,PR-00086,4,12.00,6.00,2026-01-05T19:55:00Z
order_items-000537,OR-000537,1,PR-00087,4,48.00,6.00,2026-01-05T20:08:00Z
order_items-000538,OR-000538,1,PR-00088,3,170.00,7.00,2026-01-05T20:21:00Z
order_items-000539,OR-000539,1,PR-00089,3,286.00,2.00,2026-01-05T20:34:00Z
order_items-000540,OR-000540,1,PR-00090,4,282.00,9.00,2026-01-05T20:47:00Z
order_items-000541,OR-000541,1,PR-00091,4,214.00,9.00,2026-01-05T21:00:00Z
order_items-000542,OR-000542,1,PR-00092,4,124.00,7.00,2026-01-05T21:13:00Z
order_items-000543,OR-000543,1,PR-00093,4,83.00,10.00,2026-01-05T21:26:00Z
order_items-000544,OR-000544,1,PR-00094,1,74.00,7.00,2026-01-05T21:39:00Z
order_items-000545,OR-000545,1,PR-00095,1,82.00,1.00,2026-01-05T21:52:00Z
order_items-000546,OR-000546,1,PR-00096,1,142.00,10.00,2026-01-05T22:05:00Z
order_items-000547,OR-000547,1,PR-00097,3,122.00,0.00,2026-01-05T22:18:00Z
order_items-000548,OR-000548,1,PR-00098,1,206.00,3.00,2026-01-05T22:31:00Z
order_items-000549,OR-000549,1,PR-00099,2,86.00,6.00,2026-01-05T22:44:00Z
order_items-000550,OR-000550,1,PR-00100,2,273.00,7.00,2026-01-05T22:57:00Z
order_items-000551,OR-000551,1,PR-00101,3,262.00,5.00,2026-01-05T23:10:00Z
order_items-000552,OR-000552,1,PR-00102,1,278.00,4.00,2026-01-05T23:23:00Z
order_items-000553,OR-000553,1,PR-00103,2,133.00,7.00,2026-01-05T23:36:00Z
order_items-000554,OR-000554,1,PR-00104,4,73.00,2.00,2026-01-05T23:49:00Z
order_items-000555,OR-000555,1,PR-00105,2,139.00,0.00,2026-01-06T00:02:00Z
order_items-000556,OR-000556,1,PR-00106,1,77.00,8.00,2026-01-06T00:15:00Z
order_items-000557,OR-000557,1,PR-00107,2,184.00,2.00,2026-01-06T00:28:00Z
order_items-000558,OR-000558,1,PR-00108,2,122.00,8.00,2026-01-06T00:41:00Z
order_items-000559,OR-000559,1,PR-00109,2,213.00,10.00,2026-01-06T00:54:00Z
order_items-000560,OR-000560,1,PR-00110,4,72.00,6.00,2026-01-06T01:07:00Z
order_items-000561,OR-000561,1,PR-00111,4,296.00,1.00,2026-01-06T01:20:00Z
order_items-000562,OR-000562,1,PR-00112,3,204.00,1.00,2026-01-06T01:33:00Z
order_items-000563,OR-000563,1,PR-00113,1,154.00,1.00,2026-01-06T01:46:00Z
order_items-000564,OR-000564,1,PR-00114,2,31.00,8.00,2026-01-06T01:59:00Z
order_items-000565,OR-000565,1,PR-00115,4,18.00,1.00,2026-01-06T02:12:00Z
order_items-000566,OR-000566,1,PR-00116,3,238.00,2.00,2026-01-06T02:25:00Z
order_items-000567,OR-000567,1,PR-00117,3,221.00,5.00,2026-01-06T02:38:00Z
order_items-000568,OR-000568,1,PR-00118,1,35.00,1.00,2026-01-06T02:51:00Z
order_items-000569,OR-000569,1,PR-00119,3,27.00,8.00,2026-01-06T03:04:00Z
order_items-000570,OR-000570,1,PR-00120,4,193.00,2.00,2026-01-06T03:17:00Z
order_items-000571,OR-000571,1,PR-00121,2,118.00,3.00,2026-01-06T03:30:00Z
order_items-000572,OR-000572,1,PR-00122,3,203.00,3.00,2026-01-06T03:43:00Z
order_items-000573,OR-000573,1,PR-00123,4,33.00,2.00,2026-01-06T03:56:00Z
order_items-000574,OR-000574,1,PR-00124,3,170.00,4.00,2026-01-06T04:09:00Z
order_items-000575,OR-000575,1,PR-00125,1,112.00,5.00,2026-01-06T04:22:00Z
order_items-000576,OR-000576,1,PR-00126,3,113.00,7.00,2026-01-06T04:35:00Z
order_items-000577,OR-000577,1,PR-00127,4,235.00,7.00,2026-01-06T04:48:00Z
order_items-000578,OR-000578,1,PR-00128,1,66.00,4.00,2026-01-06T05:01:00Z
order_items-000579,OR-000579,1,PR-00129,1,46.00,3.00,2026-01-06T05:14:00Z
order_items-000580,OR-000580,1,PR-00130,1,9.00,6.00,2026-01-06T05:27:00Z
order_items-000581,OR-000581,1,PR-00131,1,142.00,1.00,2026-01-06T05:40:00Z
order_items-000582,OR-000582,1,PR-00132,2,232.00,9.00,2026-01-06T05:53:00Z
order_items-000583,OR-000583,1,PR-00133,4,68.00,5.00,2026-01-06T06:06:00Z
order_items-000584,OR-000584,1,PR-00134,4,98.00,8.00,2026-01-06T06:19:00Z
order_items-000585,OR-000585,1,PR-00135,2,107.00,3.00,2026-01-06T06:32:00Z
order_items-000586,OR-000586,1,PR-00136,3,187.00,8.00,2026-01-06T06:45:00Z
order_items-000587,OR-000587,1,PR-00137,3,117.00,0.00,2026-01-06T06:58:00Z
order_items-000588,OR-000588,1,PR-00138,3,123.00,4.00,2026-01-06T07:11:00Z
order_items-000589,OR-000589,1,PR-00139,2,182.00,5.00,2026-01-06T07:24:00Z
order_items-000590,OR-000590,1,PR-00140,1,138.00,0.00,2026-01-06T07:37:00Z
order_items-000591,OR-000591,1,PR-00141,1,199.00,5.00,2026-01-06T07:50:00Z
order_items-000592,OR-000592,1,PR-00142,4,136.00,6.00,2026-01-06T08:03:00Z
order_items-000593,OR-000593,1,PR-00143,4,162.00,9.00,2026-01-06T08:16:00Z
order_items-000594,OR-000594,1,PR-00144,4,43.00,0.00,2026-01-06T08:29:00Z
order_items-000595,OR-000595,1,PR-00145,3,121.00,1.00,2026-01-06T08:42:00Z
order_items-000596,OR-000596,1,PR-00146,3,173.00,10.00,2026-01-06T08:55:00Z
order_items-000597,OR-000597,1,PR-00147,4,169.00,0.00,2026-01-06T09:08:00Z
order_items-000598,OR-000598,1,PR-00148,2,228.00,9.00,2026-01-06T09:21:00Z
order_items-000599,OR-000599,1,PR-00149,3,203.00,10.00,2026-01-06T09:34:00Z
order_items-000600,OR-000600,1,PR-00150,3,251.00,7.00,2026-01-06T09:47:00Z
order_items-000601,OR-000601,1,PR-00001,3,246.00,2.00,2026-01-06T10:00:00Z
order_items-000602,OR-000602,1,PR-00002,4,144.00,10.00,2026-01-06T10:13:00Z
order_items-000603,OR-000603,1,PR-00003,3,57.00,7.00,2026-01-06T10:26:00Z
order_items-000604,OR-000604,1,PR-00004,4,190.00,2.00,2026-01-06T10:39:00Z
order_items-000605,OR-000605,1,PR-00005,3,19.00,2.00,2026-01-06T10:52:00Z
order_items-000606,OR-000606,1,PR-00006,3,166.00,0.00,2026-01-06T11:05:00Z
order_items-000607,OR-000607,1,PR-00007,4,164.00,4.00,2026-01-06T11:18:00Z
order_items-000608,OR-000608,1,PR-00008,2,122.00,0.00,2026-01-06T11:31:00Z
order_items-000609,OR-000609,1,PR-00009,3,173.00,4.00,2026-01-06T11:44:00Z
order_items-000610,OR-000610,1,PR-00010,4,206.00,8.00,2026-01-06T11:57:00Z
order_items-000611,OR-000611,1,PR-00011,2,172.00,8.00,2026-01-06T12:10:00Z
order_items-000612,OR-000612,1,PR-00012,2,114.00,3.00,2026-01-06T12:23:00Z
order_items-000613,OR-000613,1,PR-00013,4,11.00,1.00,2026-01-06T12:36:00Z
order_items-000614,OR-000614,1,PR-00014,1,193.00,10.00,2026-01-06T12:49:00Z
order_items-000615,OR-000615,1,PR-00015,3,275.00,5.00,2026-01-06T13:02:00Z
order_items-000616,OR-000616,1,PR-00016,2,6.00,9.00,2026-01-06T13:15:00Z
order_items-000617,OR-000617,1,PR-00017,4,116.00,4.00,2026-01-06T13:28:00Z
order_items-000618,OR-000618,1,PR-00018,2,202.00,2.00,2026-01-06T13:41:00Z
order_items-000619,OR-000619,1,PR-00019,3,126.00,5.00,2026-01-06T13:54:00Z
order_items-000620,OR-000620,1,PR-00020,1,70.00,2.00,2026-01-06T14:07:00Z
order_items-000621,OR-000621,1,PR-00021,2,10.00,0.00,2026-01-06T14:20:00Z
order_items-000622,OR-000622,1,PR-00022,2,51.00,6.00,2026-01-06T14:33:00Z
order_items-000623,OR-000623,1,PR-00023,4,262.00,10.00,2026-01-06T14:46:00Z
order_items-000624,OR-000624,1,PR-00024,2,272.00,4.00,2026-01-06T14:59:00Z
order_items-000625,OR-000625,1,PR-00025,1,54.00,7.00,2026-01-06T15:12:00Z
order_items-000626,OR-000626,1,PR-00026,4,122.00,9.00,2026-01-06T15:25:00Z
order_items-000627,OR-000627,1,PR-00027,2,26.00,0.00,2026-01-06T15:38:00Z
order_items-000628,OR-000628,1,PR-00028,4,117.00,5.00,2026-01-06T15:51:00Z
order_items-000629,OR-000629,1,PR-00029,2,127.00,1.00,2026-01-06T16:04:00Z
order_items-000630,OR-000630,1,PR-00030,1,209.00,9.00,2026-01-06T16:17:00Z
order_items-000631,OR-000631,1,PR-00031,4,216.00,6.00,2026-01-06T16:30:00Z
order_items-000632,OR-000632,1,PR-00032,4,94.00,3.00,2026-01-06T16:43:00Z
order_items-000633,OR-000633,1,PR-00033,1,31.00,7.00,2026-01-06T16:56:00Z
order_items-000634,OR-000634,1,PR-00034,4,88.00,6.00,2026-01-06T17:09:00Z
order_items-000635,OR-000635,1,PR-00035,1,165.00,3.00,2026-01-06T17:22:00Z
order_items-000636,OR-000636,1,PR-00036,3,38.00,3.00,2026-01-06T17:35:00Z
order_items-000637,OR-000637,1,PR-00037,2,89.00,5.00,2026-01-06T17:48:00Z
order_items-000638,OR-000638,1,PR-00038,1,255.00,6.00,2026-01-06T18:01:00Z
order_items-000639,OR-000639,1,PR-00039,4,221.00,9.00,2026-01-06T18:14:00Z
order_items-000640,OR-000640,1,PR-00040,4,78.00,9.00,2026-01-06T18:27:00Z
order_items-000641,OR-000641,1,PR-00041,3,16.00,1.00,2026-01-06T18:40:00Z
order_items-000642,OR-000642,1,PR-00042,1,41.00,8.00,2026-01-06T18:53:00Z
order_items-000643,OR-000643,1,PR-00043,4,53.00,7.00,2026-01-06T19:06:00Z
order_items-000644,OR-000644,1,PR-00044,1,36.00,7.00,2026-01-06T19:19:00Z
order_items-000645,OR-000645,1,PR-00045,3,240.00,2.00,2026-01-06T19:32:00Z
order_items-000646,OR-000646,1,PR-00046,1,292.00,9.00,2026-01-06T19:45:00Z
order_items-000647,OR-000647,1,PR-00047,4,127.00,4.00,2026-01-06T19:58:00Z
order_items-000648,OR-000648,1,PR-00048,4,168.00,6.00,2026-01-06T20:11:00Z
order_items-000649,OR-000649,1,PR-00049,4,161.00,6.00,2026-01-06T20:24:00Z
order_items-000650,OR-000650,1,PR-00050,2,243.00,10.00,2026-01-06T20:37:00Z
order_items-000651,OR-000651,1,PR-00051,2,102.00,2.00,2026-01-06T20:50:00Z
order_items-000652,OR-000652,1,PR-00052,1,54.00,4.00,2026-01-06T21:03:00Z
order_items-000653,OR-000653,1,PR-00053,2,74.00,5.00,2026-01-06T21:16:00Z
order_items-000654,OR-000654,1,PR-00054,4,216.00,4.00,2026-01-06T21:29:00Z
order_items-000655,OR-000655,1,PR-00055,4,160.00,0.00,2026-01-06T21:42:00Z
order_items-000656,OR-000656,1,PR-00056,4,139.00,8.00,2026-01-06T21:55:00Z
order_items-000657,OR-000657,1,PR-00057,3,40.00,0.00,2026-01-06T22:08:00Z
order_items-000658,OR-000658,1,PR-00058,1,243.00,9.00,2026-01-06T22:21:00Z
order_items-000659,OR-000659,1,PR-00059,3,193.00,2.00,2026-01-06T22:34:00Z
order_items-000660,OR-000660,1,PR-00060,3,281.00,4.00,2026-01-06T22:47:00Z
order_items-000661,OR-000661,1,PR-00061,1,83.00,5.00,2026-01-06T23:00:00Z
order_items-000662,OR-000662,1,PR-00062,2,295.00,0.00,2026-01-06T23:13:00Z
order_items-000663,OR-000663,1,PR-00063,3,293.00,5.00,2026-01-06T23:26:00Z
order_items-000664,OR-000664,1,PR-00064,1,163.00,9.00,2026-01-06T23:39:00Z
order_items-000665,OR-000665,1,PR-00065,4,113.00,9.00,2026-01-06T23:52:00Z
order_items-000666,OR-000666,1,PR-00066,2,77.00,7.00,2026-01-07T00:05:00Z
order_items-000667,OR-000667,1,PR-00067,1,114.00,0.00,2026-01-07T00:18:00Z
order_items-000668,OR-000668,1,PR-00068,2,57.00,3.00,2026-01-07T00:31:00Z
order_items-000669,OR-000669,1,PR-00069,3,70.00,5.00,2026-01-07T00:44:00Z
order_items-000670,OR-000670,1,PR-00070,3,5.00,0.00,2026-01-07T00:57:00Z
order_items-000671,OR-000671,1,PR-00071,2,221.00,6.00,2026-01-07T01:10:00Z
order_items-000672,OR-000672,1,PR-00072,3,6.00,6.00,2026-01-07T01:23:00Z
order_items-000673,OR-000673,1,PR-00073,3,20.00,0.00,2026-01-07T01:36:00Z
order_items-000674,OR-000674,1,PR-00074,2,290.00,2.00,2026-01-07T01:49:00Z
order_items-000675,OR-000675,1,PR-00075,1,193.00,8.00,2026-01-07T02:02:00Z
order_items-000676,OR-000676,1,PR-00076,1,182.00,1.00,2026-01-07T02:15:00Z
order_items-000677,OR-000677,1,PR-00077,3,187.00,0.00,2026-01-07T02:28:00Z
order_items-000678,OR-000678,1,PR-00078,2,174.00,4.00,2026-01-07T02:41:00Z
order_items-000679,OR-000679,1,PR-00079,1,221.00,2.00,2026-01-07T02:54:00Z
order_items-000680,OR-000680,1,PR-00080,1,97.00,8.00,2026-01-07T03:07:00Z
order_items-000681,OR-000681,1,PR-00081,4,230.00,10.00,2026-01-07T03:20:00Z
order_items-000682,OR-000682,1,PR-00082,1,39.00,6.00,2026-01-07T03:33:00Z
order_items-000683,OR-000683,1,PR-00083,1,180.00,2.00,2026-01-07T03:46:00Z
order_items-000684,OR-000684,1,PR-00084,2,78.00,10.00,2026-01-07T03:59:00Z
order_items-000685,OR-000685,1,PR-00085,2,294.00,6.00,2026-01-07T04:12:00Z
order_items-000686,OR-000686,1,PR-00086,1,240.00,1.00,2026-01-07T04:25:00Z
order_items-000687,OR-000687,1,PR-00087,1,108.00,8.00,2026-01-07T04:38:00Z
order_items-000688,OR-000688,1,PR-00088,4,9.00,2.00,2026-01-07T04:51:00Z
order_items-000689,OR-000689,1,PR-00089,3,44.00,8.00,2026-01-07T05:04:00Z
order_items-000690,OR-000690,1,PR-00090,2,138.00,3.00,2026-01-07T05:17:00Z
order_items-000691,OR-000691,1,PR-00091,4,258.00,0.00,2026-01-07T05:30:00Z
order_items-000692,OR-000692,1,PR-00092,2,269.00,4.00,2026-01-07T05:43:00Z
order_items-000693,OR-000693,1,PR-00093,2,77.00,4.00,2026-01-07T05:56:00Z
order_items-000694,OR-000694,1,PR-00094,1,59.00,1.00,2026-01-07T06:09:00Z
order_items-000695,OR-000695,1,PR-00095,2,226.00,2.00,2026-01-07T06:22:00Z
order_items-000696,OR-000696,1,PR-00096,4,108.00,4.00,2026-01-07T06:35:00Z
order_items-000697,OR-000697,1,PR-00097,3,207.00,2.00,2026-01-07T06:48:00Z
order_items-000698,OR-000698,1,PR-00098,2,287.00,6.00,2026-01-07T07:01:00Z
order_items-000699,OR-000699,1,PR-00099,1,215.00,7.00,2026-01-07T07:14:00Z
order_items-000700,OR-000700,1,PR-00100,4,272.00,5.00,2026-01-07T07:27:00Z
order_items-000701,OR-000701,1,PR-00101,2,235.00,1.00,2026-01-07T07:40:00Z
order_items-000702,OR-000702,1,PR-00102,1,17.00,10.00,2026-01-07T07:53:00Z
order_items-000703,OR-000703,1,PR-00103,3,80.00,0.00,2026-01-07T08:06:00Z
order_items-000704,OR-000704,1,PR-00104,4,274.00,6.00,2026-01-07T08:19:00Z
order_items-000705,OR-000705,1,PR-00105,1,186.00,5.00,2026-01-07T08:32:00Z
order_items-000706,OR-000706,1,PR-00106,2,293.00,0.00,2026-01-07T08:45:00Z
order_items-000707,OR-000707,1,PR-00107,2,6.00,9.00,2026-01-07T08:58:00Z
order_items-000708,OR-000708,1,PR-00108,3,270.00,3.00,2026-01-07T09:11:00Z
order_items-000709,OR-000709,1,PR-00109,1,224.00,6.00,2026-01-07T09:24:00Z
order_items-000710,OR-000710,1,PR-00110,1,180.00,4.00,2026-01-07T09:37:00Z
order_items-000711,OR-000711,1,PR-00111,3,133.00,1.00,2026-01-07T09:50:00Z
order_items-000712,OR-000712,1,PR-00112,1,45.00,8.00,2026-01-07T10:03:00Z
order_items-000713,OR-000713,1,PR-00113,2,77.00,1.00,2026-01-07T10:16:00Z
order_items-000714,OR-000714,1,PR-00114,1,104.00,1.00,2026-01-07T10:29:00Z
order_items-000715,OR-000715,1,PR-00115,1,170.00,9.00,2026-01-07T10:42:00Z
order_items-000716,OR-000716,1,PR-00116,3,105.00,5.00,2026-01-07T10:55:00Z
order_items-000717,OR-000717,1,PR-00117,2,28.00,8.00,2026-01-07T11:08:00Z
order_items-000718,OR-000718,1,PR-00118,1,202.00,8.00,2026-01-07T11:21:00Z
order_items-000719,OR-000719,1,PR-00119,4,275.00,1.00,2026-01-07T11:34:00Z
order_items-000720,OR-000720,1,PR-00120,3,168.00,6.00,2026-01-07T11:47:00Z
order_items-000721,OR-000721,1,PR-00121,1,142.00,2.00,2026-01-07T12:00:00Z
order_items-000722,OR-000722,1,PR-00122,4,151.00,9.00,2026-01-07T12:13:00Z
order_items-000723,OR-000723,1,PR-00123,1,186.00,9.00,2026-01-07T12:26:00Z
order_items-000724,OR-000724,1,PR-00124,4,185.00,2.00,2026-01-07T12:39:00Z
order_items-000725,OR-000725,1,PR-00125,2,128.00,0.00,2026-01-07T12:52:00Z
order_items-000726,OR-000726,1,PR-00126,3,235.00,0.00,2026-01-07T13:05:00Z
order_items-000727,OR-000727,1,PR-00127,3,200.00,8.00,2026-01-07T13:18:00Z
order_items-000728,OR-000728,1,PR-00128,1,229.00,9.00,2026-01-07T13:31:00Z
order_items-000729,OR-000729,1,PR-00129,4,174.00,9.00,2026-01-07T13:44:00Z
order_items-000730,OR-000730,1,PR-00130,2,263.00,7.00,2026-01-07T13:57:00Z
order_items-000731,OR-000731,1,PR-00131,4,57.00,8.00,2026-01-07T14:10:00Z
order_items-000732,OR-000732,1,PR-00132,4,109.00,7.00,2026-01-07T14:23:00Z
order_items-000733,OR-000733,1,PR-00133,3,278.00,1.00,2026-01-07T14:36:00Z
order_items-000734,OR-000734,1,PR-00134,2,155.00,9.00,2026-01-07T14:49:00Z
order_items-000735,OR-000735,1,PR-00135,1,80.00,8.00,2026-01-07T15:02:00Z
order_items-000736,OR-000736,1,PR-00136,2,275.00,0.00,2026-01-07T15:15:00Z
order_items-000737,OR-000737,1,PR-00137,4,39.00,7.00,2026-01-07T15:28:00Z
order_items-000738,OR-000738,1,PR-00138,3,78.00,4.00,2026-01-07T15:41:00Z
order_items-000739,OR-000739,1,PR-00139,1,133.00,10.00,2026-01-07T15:54:00Z
order_items-000740,OR-000740,1,PR-00140,2,40.00,1.00,2026-01-07T16:07:00Z
order_items-000741,OR-000741,1,PR-00141,2,118.00,7.00,2026-01-07T16:20:00Z
order_items-000742,OR-000742,1,PR-00142,2,46.00,3.00,2026-01-07T16:33:00Z
order_items-000743,OR-000743,1,PR-00143,1,266.00,4.00,2026-01-07T16:46:00Z
order_items-000744,OR-000744,1,PR-00144,4,141.00,8.00,2026-01-07T16:59:00Z
order_items-000745,OR-000745,1,PR-00145,1,239.00,7.00,2026-01-07T17:12:00Z
order_items-000746,OR-000746,1,PR-00146,1,191.00,9.00,2026-01-07T17:25:00Z
order_items-000747,OR-000747,1,PR-00147,2,129.00,8.00,2026-01-07T17:38:00Z
order_items-000748,OR-000748,1,PR-00148,1,106.00,3.00,2026-01-07T17:51:00Z
order_items-000749,OR-000749,1,PR-00149,3,226.00,8.00,2026-01-07T18:04:00Z
order_items-000750,OR-000750,1,PR-00150,3,39.00,5.00,2026-01-07T18:17:00Z
order_items-000751,OR-000751,1,PR-00001,4,150.00,9.00,2026-01-07T18:30:00Z
order_items-000752,OR-000752,1,PR-00002,4,149.00,9.00,2026-01-07T18:43:00Z
order_items-000753,OR-000753,1,PR-00003,1,227.00,10.00,2026-01-07T18:56:00Z
order_items-000754,OR-000754,1,PR-00004,3,112.00,5.00,2026-01-07T19:09:00Z
order_items-000755,OR-000755,1,PR-00005,2,176.00,0.00,2026-01-07T19:22:00Z
order_items-000756,OR-000756,1,PR-00006,4,14.00,1.00,2026-01-07T19:35:00Z
order_items-000757,OR-000757,1,PR-00007,4,93.00,5.00,2026-01-07T19:48:00Z
order_items-000758,OR-000758,1,PR-00008,3,26.00,9.00,2026-01-07T20:01:00Z
order_items-000759,OR-000759,1,PR-00009,4,219.00,2.00,2026-01-07T20:14:00Z
order_items-000760,OR-000760,1,PR-00010,2,208.00,6.00,2026-01-07T20:27:00Z
order_items-000761,OR-000761,1,PR-00011,4,272.00,1.00,2026-01-07T20:40:00Z
order_items-000762,OR-000762,1,PR-00012,3,172.00,2.00,2026-01-07T20:53:00Z
order_items-000763,OR-000763,1,PR-00013,4,118.00,3.00,2026-01-07T21:06:00Z
order_items-000764,OR-000764,1,PR-00014,1,130.00,0.00,2026-01-07T21:19:00Z
order_items-000765,OR-000765,1,PR-00015,1,251.00,7.00,2026-01-07T21:32:00Z
order_items-000766,OR-000766,1,PR-00016,4,47.00,3.00,2026-01-07T21:45:00Z
order_items-000767,OR-000767,1,PR-00017,1,247.00,0.00,2026-01-07T21:58:00Z
order_items-000768,OR-000768,1,PR-00018,4,129.00,5.00,2026-01-07T22:11:00Z
order_items-000769,OR-000769,1,PR-00019,2,233.00,4.00,2026-01-07T22:24:00Z
order_items-000770,OR-000770,1,PR-00020,3,152.00,3.00,2026-01-07T22:37:00Z
order_items-000771,OR-000771,1,PR-00021,1,168.00,3.00,2026-01-07T22:50:00Z
order_items-000772,OR-000772,1,PR-00022,4,151.00,9.00,2026-01-07T23:03:00Z
order_items-000773,OR-000773,1,PR-00023,2,259.00,1.00,2026-01-07T23:16:00Z
order_items-000774,OR-000774,1,PR-00024,1,265.00,2.00,2026-01-07T23:29:00Z
order_items-000775,OR-000775,1,PR-00025,4,126.00,8.00,2026-01-07T23:42:00Z
order_items-000776,OR-000776,1,PR-00026,1,217.00,2.00,2026-01-07T23:55:00Z
order_items-000777,OR-000777,1,PR-00027,3,65.00,3.00,2026-01-08T00:08:00Z
order_items-000778,OR-000778,1,PR-00028,2,248.00,4.00,2026-01-08T00:21:00Z
order_items-000779,OR-000779,1,PR-00029,3,60.00,2.00,2026-01-08T00:34:00Z
order_items-000780,OR-000780,1,PR-00030,2,154.00,6.00,2026-01-08T00:47:00Z
order_items-000781,OR-000781,1,PR-00031,3,153.00,2.00,2026-01-08T01:00:00Z
order_items-000782,OR-000782,1,PR-00032,4,209.00,6.00,2026-01-08T01:13:00Z
order_items-000783,OR-000783,1,PR-00033,1,215.00,9.00,2026-01-08T01:26:00Z
order_items-000784,OR-000784,1,PR-00034,2,89.00,2.00,2026-01-08T01:39:00Z
order_items-000785,OR-000785,1,PR-00035,2,23.00,7.00,2026-01-08T01:52:00Z
order_items-000786,OR-000786,1,PR-00036,2,65.00,2.00,2026-01-08T02:05:00Z
order_items-000787,OR-000787,1,PR-00037,2,117.00,7.00,2026-01-08T02:18:00Z
order_items-000788,OR-000788,1,PR-00038,1,286.00,4.00,2026-01-08T02:31:00Z
order_items-000789,OR-000789,1,PR-00039,4,27.00,3.00,2026-01-08T02:44:00Z
order_items-000790,OR-000790,1,PR-00040,4,47.00,7.00,2026-01-08T02:57:00Z
order_items-000791,OR-000791,1,PR-00041,4,296.00,9.00,2026-01-08T03:10:00Z
order_items-000792,OR-000792,1,PR-00042,2,225.00,7.00,2026-01-08T03:23:00Z
order_items-000793,OR-000793,1,PR-00043,1,35.00,0.00,2026-01-08T03:36:00Z
order_items-000794,OR-000794,1,PR-00044,1,252.00,5.00,2026-01-08T03:49:00Z
order_items-000795,OR-000795,1,PR-00045,1,82.00,9.00,2026-01-08T04:02:00Z
order_items-000796,OR-000796,1,PR-00046,1,246.00,4.00,2026-01-08T04:15:00Z
order_items-000797,OR-000797,1,PR-00047,3,281.00,8.00,2026-01-08T04:28:00Z
order_items-000798,OR-000798,1,PR-00048,3,124.00,6.00,2026-01-08T04:41:00Z
order_items-000799,OR-000799,1,PR-00049,2,227.00,5.00,2026-01-08T04:54:00Z
order_items-000800,OR-000800,1,PR-00050,1,55.00,5.00,2026-01-08T05:07:00Z
order_items-000801,OR-000801,1,PR-00051,2,228.00,8.00,2026-01-08T05:20:00Z
order_items-000802,OR-000802,1,PR-00052,2,222.00,1.00,2026-01-08T05:33:00Z
order_items-000803,OR-000803,1,PR-00053,2,10.00,5.00,2026-01-08T05:46:00Z
order_items-000804,OR-000804,1,PR-00054,4,55.00,0.00,2026-01-08T05:59:00Z
order_items-000805,OR-000805,1,PR-00055,3,248.00,3.00,2026-01-08T06:12:00Z
order_items-000806,OR-000806,1,PR-00056,4,141.00,6.00,2026-01-08T06:25:00Z
order_items-000807,OR-000807,1,PR-00057,2,278.00,1.00,2026-01-08T06:38:00Z
order_items-000808,OR-000808,1,PR-00058,4,95.00,0.00,2026-01-08T06:51:00Z
order_items-000809,OR-000809,1,PR-00059,1,115.00,8.00,2026-01-08T07:04:00Z
order_items-000810,OR-000810,1,PR-00060,2,124.00,3.00,2026-01-08T07:17:00Z
order_items-000811,OR-000811,1,PR-00061,3,182.00,10.00,2026-01-08T07:30:00Z
order_items-000812,OR-000812,1,PR-00062,3,51.00,1.00,2026-01-08T07:43:00Z
order_items-000813,OR-000813,1,PR-00063,2,124.00,7.00,2026-01-08T07:56:00Z
order_items-000814,OR-000814,1,PR-00064,1,61.00,5.00,2026-01-08T08:09:00Z
order_items-000815,OR-000815,1,PR-00065,2,267.00,6.00,2026-01-08T08:22:00Z
order_items-000816,OR-000816,1,PR-00066,2,136.00,7.00,2026-01-08T08:35:00Z
order_items-000817,OR-000817,1,PR-00067,1,68.00,5.00,2026-01-08T08:48:00Z
order_items-000818,OR-000818,1,PR-00068,3,34.00,3.00,2026-01-08T09:01:00Z
order_items-000819,OR-000819,1,PR-00069,2,277.00,0.00,2026-01-08T09:14:00Z
order_items-000820,OR-000820,1,PR-00070,1,29.00,2.00,2026-01-08T09:27:00Z
order_items-000821,OR-000821,1,PR-00071,3,93.00,8.00,2026-01-08T09:40:00Z
order_items-000822,OR-000822,1,PR-00072,3,10.00,3.00,2026-01-08T09:53:00Z
order_items-000823,OR-000823,1,PR-00073,2,173.00,3.00,2026-01-08T10:06:00Z
order_items-000824,OR-000824,1,PR-00074,3,289.00,5.00,2026-01-08T10:19:00Z
order_items-000825,OR-000825,1,PR-00075,1,189.00,4.00,2026-01-08T10:32:00Z
order_items-000826,OR-000826,1,PR-00076,1,40.00,7.00,2026-01-08T10:45:00Z
order_items-000827,OR-000827,1,PR-00077,2,282.00,7.00,2026-01-08T10:58:00Z
order_items-000828,OR-000828,1,PR-00078,2,114.00,5.00,2026-01-08T11:11:00Z
order_items-000829,OR-000829,1,PR-00079,1,67.00,3.00,2026-01-08T11:24:00Z
order_items-000830,OR-000830,1,PR-00080,4,157.00,8.00,2026-01-08T11:37:00Z
order_items-000831,OR-000831,1,PR-00081,1,17.00,7.00,2026-01-08T11:50:00Z
order_items-000832,OR-000832,1,PR-00082,2,186.00,5.00,2026-01-08T12:03:00Z
order_items-000833,OR-000833,1,PR-00083,3,39.00,10.00,2026-01-08T12:16:00Z
order_items-000834,OR-000834,1,PR-00084,1,280.00,10.00,2026-01-08T12:29:00Z
order_items-000835,OR-000835,1,PR-00085,4,20.00,4.00,2026-01-08T12:42:00Z
order_items-000836,OR-000836,1,PR-00086,3,251.00,2.00,2026-01-08T12:55:00Z
order_items-000837,OR-000837,1,PR-00087,1,300.00,0.00,2026-01-08T13:08:00Z
order_items-000838,OR-000838,1,PR-00088,3,5.00,5.00,2026-01-08T13:21:00Z
order_items-000839,OR-000839,1,PR-00089,1,63.00,2.00,2026-01-08T13:34:00Z
order_items-000840,OR-000840,1,PR-00090,2,38.00,9.00,2026-01-08T13:47:00Z
order_items-000841,OR-000841,1,PR-00091,4,262.00,2.00,2026-01-08T14:00:00Z
order_items-000842,OR-000842,1,PR-00092,1,282.00,7.00,2026-01-08T14:13:00Z
order_items-000843,OR-000843,1,PR-00093,4,103.00,1.00,2026-01-08T14:26:00Z
order_items-000844,OR-000844,1,PR-00094,1,273.00,1.00,2026-01-08T14:39:00Z
order_items-000845,OR-000845,1,PR-00095,1,105.00,9.00,2026-01-08T14:52:00Z
order_items-000846,OR-000846,1,PR-00096,3,204.00,6.00,2026-01-08T15:05:00Z
order_items-000847,OR-000847,1,PR-00097,2,191.00,10.00,2026-01-08T15:18:00Z
order_items-000848,OR-000848,1,PR-00098,1,93.00,2.00,2026-01-08T15:31:00Z
order_items-000849,OR-000849,1,PR-00099,3,196.00,0.00,2026-01-08T15:44:00Z
order_items-000850,OR-000850,1,PR-00100,2,21.00,3.00,2026-01-08T15:57:00Z
order_items-000851,OR-000851,1,PR-00101,3,183.00,8.00,2026-01-08T16:10:00Z
order_items-000852,OR-000852,1,PR-00102,4,196.00,0.00,2026-01-08T16:23:00Z
order_items-000853,OR-000853,1,PR-00103,3,98.00,3.00,2026-01-08T16:36:00Z
order_items-000854,OR-000854,1,PR-00104,3,171.00,4.00,2026-01-08T16:49:00Z
order_items-000855,OR-000855,1,PR-00105,4,108.00,6.00,2026-01-08T17:02:00Z
order_items-000856,OR-000856,1,PR-00106,1,40.00,3.00,2026-01-08T17:15:00Z
order_items-000857,OR-000857,1,PR-00107,3,220.00,8.00,2026-01-08T17:28:00Z
order_items-000858,OR-000858,1,PR-00108,3,291.00,10.00,2026-01-08T17:41:00Z
order_items-000859,OR-000859,1,PR-00109,3,244.00,0.00,2026-01-08T17:54:00Z
order_items-000860,OR-000860,1,PR-00110,2,47.00,2.00,2026-01-08T18:07:00Z
order_items-000861,OR-000861,1,PR-00111,1,122.00,1.00,2026-01-08T18:20:00Z
order_items-000862,OR-000862,1,PR-00112,2,293.00,1.00,2026-01-08T18:33:00Z
order_items-000863,OR-000863,1,PR-00113,2,233.00,8.00,2026-01-08T18:46:00Z
order_items-000864,OR-000864,1,PR-00114,4,234.00,9.00,2026-01-08T18:59:00Z
order_items-000865,OR-000865,1,PR-00115,3,221.00,8.00,2026-01-08T19:12:00Z
order_items-000866,OR-000866,1,PR-00116,4,157.00,5.00,2026-01-08T19:25:00Z
order_items-000867,OR-000867,1,PR-00117,2,189.00,7.00,2026-01-08T19:38:00Z
order_items-000868,OR-000868,1,PR-00118,3,160.00,5.00,2026-01-08T19:51:00Z
order_items-000869,OR-000869,1,PR-00119,3,179.00,9.00,2026-01-08T20:04:00Z
order_items-000870,OR-000870,1,PR-00120,1,66.00,1.00,2026-01-08T20:17:00Z
order_items-000871,OR-000871,1,PR-00121,4,35.00,4.00,2026-01-08T20:30:00Z
order_items-000872,OR-000872,1,PR-00122,2,298.00,1.00,2026-01-08T20:43:00Z
order_items-000873,OR-000873,1,PR-00123,4,298.00,7.00,2026-01-08T20:56:00Z
order_items-000874,OR-000874,1,PR-00124,3,180.00,6.00,2026-01-08T21:09:00Z
order_items-000875,OR-000875,1,PR-00125,4,133.00,10.00,2026-01-08T21:22:00Z
order_items-000876,OR-000876,1,PR-00126,1,261.00,6.00,2026-01-08T21:35:00Z
order_items-000877,OR-000877,1,PR-00127,4,208.00,5.00,2026-01-08T21:48:00Z
order_items-000878,OR-000878,1,PR-00128,1,259.00,9.00,2026-01-08T22:01:00Z
order_items-000879,OR-000879,1,PR-00129,2,201.00,5.00,2026-01-08T22:14:00Z
order_items-000880,OR-000880,1,PR-00130,2,219.00,7.00,2026-01-08T22:27:00Z
order_items-000881,OR-000881,1,PR-00131,4,18.00,9.00,2026-01-08T22:40:00Z
order_items-000882,OR-000882,1,PR-00132,1,175.00,8.00,2026-01-08T22:53:00Z
order_items-000883,OR-000883,1,PR-00133,1,262.00,9.00,2026-01-08T23:06:00Z
order_items-000884,OR-000884,1,PR-00134,4,183.00,1.00,2026-01-08T23:19:00Z
order_items-000885,OR-000885,1,PR-00135,4,64.00,2.00,2026-01-08T23:32:00Z
order_items-000886,OR-000886,1,PR-00136,3,207.00,2.00,2026-01-08T23:45:00Z
order_items-000887,OR-000887,1,PR-00137,4,229.00,7.00,2026-01-08T23:58:00Z
order_items-000888,OR-000888,1,PR-00138,2,63.00,0.00,2026-01-09T00:11:00Z
order_items-000889,OR-000889,1,PR-00139,2,93.00,7.00,2026-01-09T00:24:00Z
order_items-000890,OR-000890,1,PR-00140,1,129.00,1.00,2026-01-09T00:37:00Z
order_items-000891,OR-000891,1,PR-00141,3,214.00,5.00,2026-01-09T00:50:00Z
order_items-000892,OR-000892,1,PR-00142,2,76.00,3.00,2026-01-09T01:03:00Z
order_items-000893,OR-000893,1,PR-00143,3,247.00,5.00,2026-01-09T01:16:00Z
order_items-000894,OR-000894,1,PR-00144,2,268.00,7.00,2026-01-09T01:29:00Z
order_items-000895,OR-000895,1,PR-00145,2,81.00,6.00,2026-01-09T01:42:00Z
order_items-000896,OR-000896,1,PR-00146,2,275.00,4.00,2026-01-09T01:55:00Z
order_items-000897,OR-000897,1,PR-00147,1,158.00,9.00,2026-01-09T02:08:00Z
order_items-000898,OR-000898,1,PR-00148,3,20.00,0.00,2026-01-09T02:21:00Z
order_items-000899,OR-000899,1,PR-00149,4,95.00,9.00,2026-01-09T02:34:00Z
order_items-000900,OR-000900,1,PR-00150,1,282.00,0.00,2026-01-09T02:47:00Z
order_items-000901,OR-000901,1,PR-00001,4,126.00,2.00,2026-01-09T03:00:00Z
order_items-000902,OR-000902,1,PR-00002,3,172.00,0.00,2026-01-09T03:13:00Z
order_items-000903,OR-000903,1,PR-00003,2,40.00,7.00,2026-01-09T03:26:00Z
order_items-000904,OR-000904,1,PR-00004,2,109.00,7.00,2026-01-09T03:39:00Z
order_items-000905,OR-000905,1,PR-00005,2,226.00,0.00,2026-01-09T03:52:00Z
order_items-000906,OR-000906,1,PR-00006,4,66.00,3.00,2026-01-09T04:05:00Z
order_items-000907,OR-000907,1,PR-00007,1,212.00,5.00,2026-01-09T04:18:00Z
order_items-000908,OR-000908,1,PR-00008,3,45.00,6.00,2026-01-09T04:31:00Z
order_items-000909,OR-000909,1,PR-00009,2,178.00,1.00,2026-01-09T04:44:00Z
order_items-000910,OR-000910,1,PR-00010,2,120.00,4.00,2026-01-09T04:57:00Z
order_items-000911,OR-000911,1,PR-00011,2,54.00,5.00,2026-01-09T05:10:00Z
order_items-000912,OR-000912,1,PR-00012,4,150.00,8.00,2026-01-09T05:23:00Z
order_items-000913,OR-000913,1,PR-00013,3,202.00,2.00,2026-01-09T05:36:00Z
order_items-000914,OR-000914,1,PR-00014,2,271.00,6.00,2026-01-09T05:49:00Z
order_items-000915,OR-000915,1,PR-00015,4,247.00,3.00,2026-01-09T06:02:00Z
order_items-000916,OR-000916,1,PR-00016,1,49.00,9.00,2026-01-09T06:15:00Z
order_items-000917,OR-000917,1,PR-00017,3,56.00,2.00,2026-01-09T06:28:00Z
order_items-000918,OR-000918,1,PR-00018,2,168.00,6.00,2026-01-09T06:41:00Z
order_items-000919,OR-000919,1,PR-00019,3,161.00,5.00,2026-01-09T06:54:00Z
order_items-000920,OR-000920,1,PR-00020,4,186.00,5.00,2026-01-09T07:07:00Z
order_items-000921,OR-000921,1,PR-00021,1,113.00,3.00,2026-01-09T07:20:00Z
order_items-000922,OR-000922,1,PR-00022,3,5.00,9.00,2026-01-09T07:33:00Z
order_items-000923,OR-000923,1,PR-00023,2,24.00,5.00,2026-01-09T07:46:00Z
order_items-000924,OR-000924,1,PR-00024,4,128.00,5.00,2026-01-09T07:59:00Z
order_items-000925,OR-000925,1,PR-00025,2,138.00,6.00,2026-01-09T08:12:00Z
order_items-000926,OR-000926,1,PR-00026,3,126.00,2.00,2026-01-09T08:25:00Z
order_items-000927,OR-000927,1,PR-00027,1,174.00,8.00,2026-01-09T08:38:00Z
order_items-000928,OR-000928,1,PR-00028,3,249.00,9.00,2026-01-09T08:51:00Z
order_items-000929,OR-000929,1,PR-00029,2,169.00,9.00,2026-01-09T09:04:00Z
order_items-000930,OR-000930,1,PR-00030,4,240.00,4.00,2026-01-09T09:17:00Z
order_items-000931,OR-000931,1,PR-00031,4,37.00,2.00,2026-01-09T09:30:00Z
order_items-000932,OR-000932,1,PR-00032,1,177.00,9.00,2026-01-09T09:43:00Z
order_items-000933,OR-000933,1,PR-00033,1,46.00,9.00,2026-01-09T09:56:00Z
order_items-000934,OR-000934,1,PR-00034,3,59.00,0.00,2026-01-09T10:09:00Z
order_items-000935,OR-000935,1,PR-00035,2,215.00,2.00,2026-01-09T10:22:00Z
order_items-000936,OR-000936,1,PR-00036,2,195.00,3.00,2026-01-09T10:35:00Z
order_items-000937,OR-000937,1,PR-00037,4,151.00,8.00,2026-01-09T10:48:00Z
order_items-000938,OR-000938,1,PR-00038,3,22.00,2.00,2026-01-09T11:01:00Z
order_items-000939,OR-000939,1,PR-00039,3,272.00,5.00,2026-01-09T11:14:00Z
order_items-000940,OR-000940,1,PR-00040,1,104.00,8.00,2026-01-09T11:27:00Z
order_items-000941,OR-000941,1,PR-00041,1,278.00,2.00,2026-01-09T11:40:00Z
order_items-000942,OR-000942,1,PR-00042,3,100.00,3.00,2026-01-09T11:53:00Z
order_items-000943,OR-000943,1,PR-00043,4,250.00,10.00,2026-01-09T12:06:00Z
order_items-000944,OR-000944,1,PR-00044,1,14.00,3.00,2026-01-09T12:19:00Z
order_items-000945,OR-000945,1,PR-00045,2,112.00,4.00,2026-01-09T12:32:00Z
order_items-000946,OR-000946,1,PR-00046,1,263.00,4.00,2026-01-09T12:45:00Z
order_items-000947,OR-000947,1,PR-00047,4,297.00,4.00,2026-01-09T12:58:00Z
order_items-000948,OR-000948,1,PR-00048,4,140.00,1.00,2026-01-09T13:11:00Z
order_items-000949,OR-000949,1,PR-00049,2,141.00,9.00,2026-01-09T13:24:00Z
order_items-000950,OR-000950,1,PR-00050,2,96.00,2.00,2026-01-09T13:37:00Z
order_items-000951,OR-000951,1,PR-00051,4,239.00,8.00,2026-01-09T13:50:00Z
order_items-000952,OR-000952,1,PR-00052,3,240.00,6.00,2026-01-09T14:03:00Z
order_items-000953,OR-000953,1,PR-00053,1,58.00,4.00,2026-01-09T14:16:00Z
order_items-000954,OR-000954,1,PR-00054,3,272.00,7.00,2026-01-09T14:29:00Z
order_items-000955,OR-000955,1,PR-00055,3,134.00,10.00,2026-01-09T14:42:00Z
order_items-000956,OR-000956,1,PR-00056,3,242.00,10.00,2026-01-09T14:55:00Z
order_items-000957,OR-000957,1,PR-00057,3,213.00,2.00,2026-01-09T15:08:00Z
order_items-000958,OR-000958,1,PR-00058,1,131.00,8.00,2026-01-09T15:21:00Z
order_items-000959,OR-000959,1,PR-00059,3,118.00,7.00,2026-01-09T15:34:00Z
order_items-000960,OR-000960,1,PR-00060,1,271.00,2.00,2026-01-09T15:47:00Z
order_items-000961,OR-000961,1,PR-00061,2,63.00,2.00,2026-01-09T16:00:00Z
order_items-000962,OR-000962,1,PR-00062,1,197.00,4.00,2026-01-09T16:13:00Z
order_items-000963,OR-000963,1,PR-00063,4,181.00,3.00,2026-01-09T16:26:00Z
order_items-000964,OR-000964,1,PR-00064,4,264.00,5.00,2026-01-09T16:39:00Z
order_items-000965,OR-000965,1,PR-00065,4,116.00,7.00,2026-01-09T16:52:00Z
order_items-000966,OR-000966,1,PR-00066,4,39.00,1.00,2026-01-09T17:05:00Z
order_items-000967,OR-000967,1,PR-00067,4,124.00,1.00,2026-01-09T17:18:00Z
order_items-000968,OR-000968,1,PR-00068,4,277.00,10.00,2026-01-09T17:31:00Z
order_items-000969,OR-000969,1,PR-00069,1,262.00,8.00,2026-01-09T17:44:00Z
order_items-000970,OR-000970,1,PR-00070,2,288.00,2.00,2026-01-09T17:57:00Z
order_items-000971,OR-000971,1,PR-00071,4,272.00,8.00,2026-01-09T18:10:00Z
order_items-000972,OR-000972,1,PR-00072,4,268.00,9.00,2026-01-09T18:23:00Z
order_items-000973,OR-000973,1,PR-00073,4,74.00,7.00,2026-01-09T18:36:00Z
order_items-000974,OR-000974,1,PR-00074,1,169.00,3.00,2026-01-09T18:49:00Z
order_items-000975,OR-000975,1,PR-00075,4,22.00,5.00,2026-01-09T19:02:00Z
order_items-000976,OR-000976,1,PR-00076,2,76.00,4.00,2026-01-09T19:15:00Z
order_items-000977,OR-000977,1,PR-00077,1,252.00,7.00,2026-01-09T19:28:00Z
order_items-000978,OR-000978,1,PR-00078,4,42.00,5.00,2026-01-09T19:41:00Z
order_items-000979,OR-000979,1,PR-00079,2,147.00,4.00,2026-01-09T19:54:00Z
order_items-000980,OR-000980,1,PR-00080,1,179.00,9.00,2026-01-09T20:07:00Z
order_items-000981,OR-000981,1,PR-00081,2,296.00,3.00,2026-01-09T20:20:00Z
order_items-000982,OR-000982,1,PR-00082,4,191.00,8.00,2026-01-09T20:33:00Z
order_items-000983,OR-000983,1,PR-00083,2,291.00,4.00,2026-01-09T20:46:00Z
order_items-000984,OR-000984,1,PR-00084,2,231.00,4.00,2026-01-09T20:59:00Z
order_items-000985,OR-000985,1,PR-00085,1,243.00,5.00,2026-01-09T21:12:00Z
order_items-000986,OR-000986,1,PR-00086,2,244.00,1.00,2026-01-09T21:25:00Z
order_items-000987,OR-000987,1,PR-00087,1,207.00,4.00,2026-01-09T21:38:00Z
order_items-000988,OR-000988,1,PR-00088,3,164.00,2.00,2026-01-09T21:51:00Z
order_items-000989,OR-000989,1,PR-00089,1,168.00,5.00,2026-01-09T22:04:00Z
order_items-000990,OR-000990,1,PR-00090,2,232.00,1.00,2026-01-09T22:17:00Z
order_items-000991,OR-000991,1,PR-00091,1,51.00,1.00,2026-01-09T22:30:00Z
order_items-000992,OR-000992,1,PR-00092,3,78.00,9.00,2026-01-09T22:43:00Z
order_items-000993,OR-000993,1,PR-00093,2,20.00,10.00,2026-01-09T22:56:00Z
order_items-000994,OR-000994,1,PR-00094,1,149.00,2.00,2026-01-09T23:09:00Z
order_items-000995,OR-000995,1,PR-00095,3,32.00,0.00,2026-01-09T23:22:00Z
order_items-000996,OR-000996,1,PR-00096,1,167.00,2.00,2026-01-09T23:35:00Z
order_items-000997,OR-000997,1,PR-00097,2,9.00,6.00,2026-01-09T23:48:00Z
order_items-000998,OR-000998,1,PR-00098,3,243.00,3.00,2026-01-10T00:01:00Z
order_items-000999,OR-000999,1,PR-00099,4,164.00,1.00,2026-01-10T00:14:00Z
order_items-001000,OR-001000,1,PR-00100,2,27.00,8.00,2026-01-10T00:27:00Z
order_items-001001,OR-001001,1,PR-00101,2,241.00,3.00,2026-01-10T00:40:00Z
order_items-001002,OR-001002,1,PR-00102,2,95.00,0.00,2026-01-10T00:53:00Z
order_items-001003,OR-001003,1,PR-00103,1,278.00,4.00,2026-01-10T01:06:00Z
order_items-001004,OR-001004,1,PR-00104,4,144.00,5.00,2026-01-10T01:19:00Z
order_items-001005,OR-001005,1,PR-00105,3,77.00,7.00,2026-01-10T01:32:00Z
order_items-001006,OR-001006,1,PR-00106,3,171.00,10.00,2026-01-10T01:45:00Z
order_items-001007,OR-001007,1,PR-00107,4,211.00,2.00,2026-01-10T01:58:00Z
order_items-001008,OR-001008,1,PR-00108,3,233.00,8.00,2026-01-10T02:11:00Z
order_items-001009,OR-001009,1,PR-00109,2,178.00,2.00,2026-01-10T02:24:00Z
order_items-001010,OR-001010,1,PR-00110,4,55.00,2.00,2026-01-10T02:37:00Z
order_items-001011,OR-001011,1,PR-00111,4,233.00,5.00,2026-01-10T02:50:00Z
order_items-001012,OR-001012,1,PR-00112,4,246.00,9.00,2026-01-10T03:03:00Z
order_items-001013,OR-001013,1,PR-00113,3,61.00,3.00,2026-01-10T03:16:00Z
order_items-001014,OR-001014,1,PR-00114,3,44.00,1.00,2026-01-10T03:29:00Z
order_items-001015,OR-001015,1,PR-00115,3,129.00,6.00,2026-01-10T03:42:00Z
order_items-001016,OR-001016,1,PR-00116,2,18.00,9.00,2026-01-10T03:55:00Z
order_items-001017,OR-001017,1,PR-00117,1,277.00,6.00,2026-01-10T04:08:00Z
order_items-001018,OR-001018,1,PR-00118,2,222.00,3.00,2026-01-10T04:21:00Z
order_items-001019,OR-001019,1,PR-00119,2,228.00,1.00,2026-01-10T04:34:00Z
order_items-001020,OR-001020,1,PR-00120,1,144.00,5.00,2026-01-10T04:47:00Z
order_items-001021,OR-001021,1,PR-00121,3,170.00,9.00,2026-01-10T05:00:00Z
order_items-001022,OR-001022,1,PR-00122,1,221.00,2.00,2026-01-10T05:13:00Z
order_items-001023,OR-001023,1,PR-00123,1,158.00,8.00,2026-01-10T05:26:00Z
order_items-001024,OR-001024,1,PR-00124,4,261.00,4.00,2026-01-10T05:39:00Z
order_items-001025,OR-001025,1,PR-00125,3,105.00,6.00,2026-01-10T05:52:00Z
order_items-001026,OR-001026,1,PR-00126,4,103.00,1.00,2026-01-10T06:05:00Z
order_items-001027,OR-001027,1,PR-00127,3,140.00,9.00,2026-01-10T06:18:00Z
order_items-001028,OR-001028,1,PR-00128,4,27.00,8.00,2026-01-10T06:31:00Z
order_items-001029,OR-001029,1,PR-00129,2,185.00,0.00,2026-01-10T06:44:00Z
order_items-001030,OR-001030,1,PR-00130,2,107.00,6.00,2026-01-10T06:57:00Z
order_items-001031,OR-001031,1,PR-00131,2,163.00,8.00,2026-01-10T07:10:00Z
order_items-001032,OR-001032,1,PR-00132,3,70.00,3.00,2026-01-10T07:23:00Z
order_items-001033,OR-001033,1,PR-00133,3,88.00,0.00,2026-01-10T07:36:00Z
order_items-001034,OR-001034,1,PR-00134,1,268.00,3.00,2026-01-10T07:49:00Z
order_items-001035,OR-001035,1,PR-00135,2,216.00,9.00,2026-01-10T08:02:00Z
order_items-001036,OR-001036,1,PR-00136,2,106.00,4.00,2026-01-10T08:15:00Z
order_items-001037,OR-001037,1,PR-00137,1,36.00,6.00,2026-01-10T08:28:00Z
order_items-001038,OR-001038,1,PR-00138,4,92.00,7.00,2026-01-10T08:41:00Z
order_items-001039,OR-001039,1,PR-00139,1,45.00,6.00,2026-01-10T08:54:00Z
order_items-001040,OR-001040,1,PR-00140,1,29.00,0.00,2026-01-10T09:07:00Z
order_items-001041,OR-001041,1,PR-00141,2,51.00,3.00,2026-01-10T09:20:00Z
order_items-001042,OR-001042,1,PR-00142,4,37.00,2.00,2026-01-10T09:33:00Z
order_items-001043,OR-001043,1,PR-00143,2,179.00,3.00,2026-01-10T09:46:00Z
order_items-001044,OR-001044,1,PR-00144,4,162.00,5.00,2026-01-10T09:59:00Z
order_items-001045,OR-001045,1,PR-00145,1,230.00,7.00,2026-01-10T10:12:00Z
order_items-001046,OR-001046,1,PR-00146,3,19.00,5.00,2026-01-10T10:25:00Z
order_items-001047,OR-001047,1,PR-00147,1,17.00,7.00,2026-01-10T10:38:00Z
order_items-001048,OR-001048,1,PR-00148,4,87.00,3.00,2026-01-10T10:51:00Z
order_items-001049,OR-001049,1,PR-00149,4,282.00,4.00,2026-01-10T11:04:00Z
order_items-001050,OR-001050,1,PR-00150,4,252.00,8.00,2026-01-10T11:17:00Z
order_items-001051,OR-001051,1,PR-00001,1,48.00,9.00,2026-01-10T11:30:00Z
order_items-001052,OR-001052,1,PR-00002,4,167.00,7.00,2026-01-10T11:43:00Z
order_items-001053,OR-001053,1,PR-00003,4,291.00,2.00,2026-01-10T11:56:00Z
order_items-001054,OR-001054,1,PR-00004,3,161.00,4.00,2026-01-10T12:09:00Z
order_items-001055,OR-001055,1,PR-00005,3,277.00,4.00,2026-01-10T12:22:00Z
order_items-001056,OR-001056,1,PR-00006,3,197.00,5.00,2026-01-10T12:35:00Z
order_items-001057,OR-001057,1,PR-00007,1,194.00,0.00,2026-01-10T12:48:00Z
order_items-001058,OR-001058,1,PR-00008,3,34.00,1.00,2026-01-10T13:01:00Z
order_items-001059,OR-001059,1,PR-00009,2,165.00,8.00,2026-01-10T13:14:00Z
order_items-001060,OR-001060,1,PR-00010,3,59.00,7.00,2026-01-10T13:27:00Z
order_items-001061,OR-001061,1,PR-00011,1,57.00,9.00,2026-01-10T13:40:00Z
order_items-001062,OR-001062,1,PR-00012,1,94.00,4.00,2026-01-10T13:53:00Z
order_items-001063,OR-001063,1,PR-00013,1,129.00,5.00,2026-01-10T14:06:00Z
order_items-001064,OR-001064,1,PR-00014,4,232.00,8.00,2026-01-10T14:19:00Z
order_items-001065,OR-001065,1,PR-00015,3,296.00,2.00,2026-01-10T14:32:00Z
order_items-001066,OR-001066,1,PR-00016,2,116.00,7.00,2026-01-10T14:45:00Z
order_items-001067,OR-001067,1,PR-00017,4,100.00,7.00,2026-01-10T14:58:00Z
order_items-001068,OR-001068,1,PR-00018,3,5.00,0.00,2026-01-10T15:11:00Z
order_items-001069,OR-001069,1,PR-00019,1,24.00,8.00,2026-01-10T15:24:00Z
order_items-001070,OR-001070,1,PR-00020,3,155.00,6.00,2026-01-10T15:37:00Z
order_items-001071,OR-001071,1,PR-00021,2,169.00,10.00,2026-01-10T15:50:00Z
order_items-001072,OR-001072,1,PR-00022,1,279.00,10.00,2026-01-10T16:03:00Z
order_items-001073,OR-001073,1,PR-00023,2,13.00,1.00,2026-01-10T16:16:00Z
order_items-001074,OR-001074,1,PR-00024,4,295.00,8.00,2026-01-10T16:29:00Z
order_items-001075,OR-001075,1,PR-00025,2,16.00,8.00,2026-01-10T16:42:00Z
order_items-001076,OR-001076,1,PR-00026,3,14.00,0.00,2026-01-10T16:55:00Z
order_items-001077,OR-001077,1,PR-00027,2,133.00,1.00,2026-01-10T17:08:00Z
order_items-001078,OR-001078,1,PR-00028,1,127.00,9.00,2026-01-10T17:21:00Z
order_items-001079,OR-001079,1,PR-00029,1,118.00,8.00,2026-01-10T17:34:00Z
order_items-001080,OR-001080,1,PR-00030,4,122.00,6.00,2026-01-10T17:47:00Z
order_items-001081,OR-001081,1,PR-00031,4,163.00,3.00,2026-01-10T18:00:00Z
order_items-001082,OR-001082,1,PR-00032,4,182.00,7.00,2026-01-10T18:13:00Z
order_items-001083,OR-001083,1,PR-00033,4,258.00,7.00,2026-01-10T18:26:00Z
order_items-001084,OR-001084,1,PR-00034,1,86.00,6.00,2026-01-10T18:39:00Z
order_items-001085,OR-001085,1,PR-00035,2,73.00,3.00,2026-01-10T18:52:00Z
order_items-001086,OR-001086,1,PR-00036,1,78.00,9.00,2026-01-10T19:05:00Z
order_items-001087,OR-001087,1,PR-00037,3,92.00,5.00,2026-01-10T19:18:00Z
order_items-001088,OR-001088,1,PR-00038,2,165.00,9.00,2026-01-10T19:31:00Z
order_items-001089,OR-001089,1,PR-00039,4,59.00,10.00,2026-01-10T19:44:00Z
order_items-001090,OR-001090,1,PR-00040,2,233.00,8.00,2026-01-10T19:57:00Z
order_items-001091,OR-001091,1,PR-00041,2,269.00,3.00,2026-01-10T20:10:00Z
order_items-001092,OR-001092,1,PR-00042,2,44.00,5.00,2026-01-10T20:23:00Z
order_items-001093,OR-001093,1,PR-00043,4,34.00,10.00,2026-01-10T20:36:00Z
order_items-001094,OR-001094,1,PR-00044,4,267.00,8.00,2026-01-10T20:49:00Z
order_items-001095,OR-001095,1,PR-00045,2,203.00,4.00,2026-01-10T21:02:00Z
order_items-001096,OR-001096,1,PR-00046,4,181.00,1.00,2026-01-10T21:15:00Z
order_items-001097,OR-001097,1,PR-00047,2,23.00,8.00,2026-01-10T21:28:00Z
order_items-001098,OR-001098,1,PR-00048,2,106.00,7.00,2026-01-10T21:41:00Z
order_items-001099,OR-001099,1,PR-00049,2,138.00,1.00,2026-01-10T21:54:00Z
order_items-001100,OR-001100,1,PR-00050,3,242.00,10.00,2026-01-10T22:07:00Z
order_items-001101,OR-001101,1,PR-00051,4,264.00,3.00,2026-01-10T22:20:00Z
order_items-001102,OR-001102,1,PR-00052,2,16.00,7.00,2026-01-10T22:33:00Z
order_items-001103,OR-001103,1,PR-00053,2,173.00,8.00,2026-01-10T22:46:00Z
order_items-001104,OR-001104,1,PR-00054,2,156.00,5.00,2026-01-10T22:59:00Z
order_items-001105,OR-001105,1,PR-00055,4,221.00,0.00,2026-01-10T23:12:00Z
order_items-001106,OR-001106,1,PR-00056,2,261.00,10.00,2026-01-10T23:25:00Z
order_items-001107,OR-001107,1,PR-00057,1,240.00,10.00,2026-01-10T23:38:00Z
order_items-001108,OR-001108,1,PR-00058,3,206.00,6.00,2026-01-10T23:51:00Z
order_items-001109,OR-001109,1,PR-00059,4,155.00,10.00,2026-01-11T00:04:00Z
order_items-001110,OR-001110,1,PR-00060,3,63.00,7.00,2026-01-11T00:17:00Z
order_items-001111,OR-001111,1,PR-00061,4,241.00,0.00,2026-01-11T00:30:00Z
order_items-001112,OR-001112,1,PR-00062,4,181.00,9.00,2026-01-11T00:43:00Z
order_items-001113,OR-001113,1,PR-00063,1,25.00,7.00,2026-01-11T00:56:00Z
order_items-001114,OR-001114,1,PR-00064,3,6.00,2.00,2026-01-11T01:09:00Z
order_items-001115,OR-001115,1,PR-00065,3,185.00,8.00,2026-01-11T01:22:00Z
order_items-001116,OR-001116,1,PR-00066,3,28.00,6.00,2026-01-11T01:35:00Z
order_items-001117,OR-001117,1,PR-00067,2,273.00,4.00,2026-01-11T01:48:00Z
order_items-001118,OR-001118,1,PR-00068,2,240.00,10.00,2026-01-11T02:01:00Z
order_items-001119,OR-001119,1,PR-00069,3,216.00,5.00,2026-01-11T02:14:00Z
order_items-001120,OR-001120,1,PR-00070,4,11.00,2.00,2026-01-11T02:27:00Z
order_items-001121,OR-001121,1,PR-00071,1,15.00,8.00,2026-01-11T02:40:00Z
order_items-001122,OR-001122,1,PR-00072,4,152.00,6.00,2026-01-11T02:53:00Z
order_items-001123,OR-001123,1,PR-00073,4,153.00,0.00,2026-01-11T03:06:00Z
order_items-001124,OR-001124,1,PR-00074,2,117.00,6.00,2026-01-11T03:19:00Z
order_items-001125,OR-001125,1,PR-00075,1,39.00,7.00,2026-01-11T03:32:00Z
order_items-001126,OR-001126,1,PR-00076,4,238.00,4.00,2026-01-11T03:45:00Z
order_items-001127,OR-001127,1,PR-00077,1,90.00,3.00,2026-01-11T03:58:00Z
order_items-001128,OR-001128,1,PR-00078,2,98.00,5.00,2026-01-11T04:11:00Z
order_items-001129,OR-001129,1,PR-00079,4,172.00,8.00,2026-01-11T04:24:00Z
order_items-001130,OR-001130,1,PR-00080,2,222.00,5.00,2026-01-11T04:37:00Z
order_items-001131,OR-001131,1,PR-00081,2,50.00,6.00,2026-01-11T04:50:00Z
order_items-001132,OR-001132,1,PR-00082,2,263.00,4.00,2026-01-11T05:03:00Z
order_items-001133,OR-001133,1,PR-00083,3,37.00,9.00,2026-01-11T05:16:00Z
order_items-001134,OR-001134,1,PR-00084,2,66.00,3.00,2026-01-11T05:29:00Z
order_items-001135,OR-001135,1,PR-00085,4,243.00,10.00,2026-01-11T05:42:00Z
order_items-001136,OR-001136,1,PR-00086,2,34.00,10.00,2026-01-11T05:55:00Z
order_items-001137,OR-001137,1,PR-00087,2,297.00,5.00,2026-01-11T06:08:00Z
order_items-001138,OR-001138,1,PR-00088,3,251.00,7.00,2026-01-11T06:21:00Z
order_items-001139,OR-001139,1,PR-00089,4,34.00,5.00,2026-01-11T06:34:00Z
order_items-001140,OR-001140,1,PR-00090,4,263.00,2.00,2026-01-11T06:47:00Z
order_items-001141,OR-001141,1,PR-00091,1,220.00,0.00,2026-01-11T07:00:00Z
order_items-001142,OR-001142,1,PR-00092,2,143.00,9.00,2026-01-11T07:13:00Z
order_items-001143,OR-001143,1,PR-00093,4,119.00,2.00,2026-01-11T07:26:00Z
order_items-001144,OR-001144,1,PR-00094,2,172.00,2.00,2026-01-11T07:39:00Z
order_items-001145,OR-001145,1,PR-00095,3,62.00,0.00,2026-01-11T07:52:00Z
order_items-001146,OR-001146,1,PR-00096,4,33.00,10.00,2026-01-11T08:05:00Z
order_items-001147,OR-001147,1,PR-00097,3,101.00,5.00,2026-01-11T08:18:00Z
order_items-001148,OR-001148,1,PR-00098,1,43.00,10.00,2026-01-11T08:31:00Z
order_items-001149,OR-001149,1,PR-00099,2,132.00,2.00,2026-01-11T08:44:00Z
order_items-001150,OR-001150,1,PR-00100,4,86.00,0.00,2026-01-11T08:57:00Z
order_items-001151,OR-001151,1,PR-00101,2,186.00,1.00,2026-01-11T09:10:00Z
order_items-001152,OR-001152,1,PR-00102,1,258.00,5.00,2026-01-11T09:23:00Z
order_items-001153,OR-001153,1,PR-00103,1,86.00,0.00,2026-01-11T09:36:00Z
order_items-001154,OR-001154,1,PR-00104,3,46.00,0.00,2026-01-11T09:49:00Z
order_items-001155,OR-001155,1,PR-00105,2,39.00,7.00,2026-01-11T10:02:00Z
order_items-001156,OR-001156,1,PR-00106,3,150.00,6.00,2026-01-11T10:15:00Z
order_items-001157,OR-001157,1,PR-00107,4,253.00,5.00,2026-01-11T10:28:00Z
order_items-001158,OR-001158,1,PR-00108,2,138.00,7.00,2026-01-11T10:41:00Z
order_items-001159,OR-001159,1,PR-00109,4,264.00,6.00,2026-01-11T10:54:00Z
order_items-001160,OR-001160,1,PR-00110,1,261.00,9.00,2026-01-11T11:07:00Z
order_items-001161,OR-001161,1,PR-00111,1,192.00,1.00,2026-01-11T11:20:00Z
order_items-001162,OR-001162,1,PR-00112,3,101.00,7.00,2026-01-11T11:33:00Z
order_items-001163,OR-001163,1,PR-00113,3,121.00,9.00,2026-01-11T11:46:00Z
order_items-001164,OR-001164,1,PR-00114,4,38.00,0.00,2026-01-11T11:59:00Z
order_items-001165,OR-001165,1,PR-00115,4,221.00,3.00,2026-01-11T12:12:00Z
order_items-001166,OR-001166,1,PR-00116,1,252.00,10.00,2026-01-11T12:25:00Z
order_items-001167,OR-001167,1,PR-00117,1,57.00,1.00,2026-01-11T12:38:00Z
order_items-001168,OR-001168,1,PR-00118,4,265.00,1.00,2026-01-11T12:51:00Z
order_items-001169,OR-001169,1,PR-00119,1,141.00,10.00,2026-01-11T13:04:00Z
order_items-001170,OR-001170,1,PR-00120,3,274.00,6.00,2026-01-11T13:17:00Z
order_items-001171,OR-001171,1,PR-00121,2,36.00,5.00,2026-01-11T13:30:00Z
order_items-001172,OR-001172,1,PR-00122,3,197.00,1.00,2026-01-11T13:43:00Z
order_items-001173,OR-001173,1,PR-00123,1,94.00,0.00,2026-01-11T13:56:00Z
order_items-001174,OR-001174,1,PR-00124,4,66.00,4.00,2026-01-11T14:09:00Z
order_items-001175,OR-001175,1,PR-00125,1,34.00,4.00,2026-01-11T14:22:00Z
order_items-001176,OR-001176,1,PR-00126,2,63.00,1.00,2026-01-11T14:35:00Z
order_items-001177,OR-001177,1,PR-00127,3,114.00,6.00,2026-01-11T14:48:00Z
order_items-001178,OR-001178,1,PR-00128,3,186.00,5.00,2026-01-11T15:01:00Z
order_items-001179,OR-001179,1,PR-00129,3,93.00,2.00,2026-01-11T15:14:00Z
order_items-001180,OR-001180,1,PR-00130,4,171.00,2.00,2026-01-11T15:27:00Z
order_items-001181,OR-001181,1,PR-00131,4,69.00,5.00,2026-01-11T15:40:00Z
order_items-001182,OR-001182,1,PR-00132,4,171.00,5.00,2026-01-11T15:53:00Z
order_items-001183,OR-001183,1,PR-00133,2,98.00,5.00,2026-01-11T16:06:00Z
order_items-001184,OR-001184,1,PR-00134,3,215.00,1.00,2026-01-11T16:19:00Z
order_items-001185,OR-001185,1,PR-00135,1,116.00,10.00,2026-01-11T16:32:00Z
order_items-001186,OR-001186,1,PR-00136,4,214.00,2.00,2026-01-11T16:45:00Z
order_items-001187,OR-001187,1,PR-00137,1,55.00,5.00,2026-01-11T16:58:00Z
order_items-001188,OR-001188,1,PR-00138,3,172.00,6.00,2026-01-11T17:11:00Z
order_items-001189,OR-001189,1,PR-00139,3,122.00,2.00,2026-01-11T17:24:00Z
order_items-001190,OR-001190,1,PR-00140,3,64.00,6.00,2026-01-11T17:37:00Z
order_items-001191,OR-001191,1,PR-00141,1,173.00,1.00,2026-01-11T17:50:00Z
order_items-001192,OR-001192,1,PR-00142,2,45.00,1.00,2026-01-11T18:03:00Z
order_items-001193,OR-001193,1,PR-00143,4,70.00,4.00,2026-01-11T18:16:00Z
order_items-001194,OR-001194,1,PR-00144,1,108.00,6.00,2026-01-11T18:29:00Z
order_items-001195,OR-001195,1,PR-00145,4,212.00,4.00,2026-01-11T18:42:00Z
order_items-001196,OR-001196,1,PR-00146,2,130.00,10.00,2026-01-11T18:55:00Z
order_items-001197,OR-001197,1,PR-00147,4,32.00,6.00,2026-01-11T19:08:00Z
order_items-001198,OR-001198,1,PR-00148,1,204.00,5.00,2026-01-11T19:21:00Z
order_items-001199,OR-001199,1,PR-00149,4,253.00,2.00,2026-01-11T19:34:00Z
order_items-001200,OR-001200,1,PR-00150,4,63.00,10.00,2026-01-11T19:47:00Z
order_items-001201,OR-000001,2,PR-00001,2,283.00,6.00,2026-01-11T20:00:00Z
order_items-001202,OR-000002,2,PR-00002,3,206.00,3.00,2026-01-11T20:13:00Z
order_items-001203,OR-000003,2,PR-00003,1,170.00,6.00,2026-01-11T20:26:00Z
order_items-001204,OR-000004,2,PR-00004,1,251.00,5.00,2026-01-11T20:39:00Z
order_items-001205,OR-000005,2,PR-00005,4,98.00,4.00,2026-01-11T20:52:00Z
order_items-001206,OR-000006,2,PR-00006,1,149.00,1.00,2026-01-11T21:05:00Z
order_items-001207,OR-000007,2,PR-00007,4,41.00,3.00,2026-01-11T21:18:00Z
order_items-001208,OR-000008,2,PR-00008,3,184.00,3.00,2026-01-11T21:31:00Z
order_items-001209,OR-000009,2,PR-00009,3,111.00,10.00,2026-01-11T21:44:00Z
order_items-001210,OR-000010,2,PR-00010,1,209.00,9.00,2026-01-11T21:57:00Z
order_items-001211,OR-000011,2,PR-00011,2,97.00,10.00,2026-01-11T22:10:00Z
order_items-001212,OR-000012,2,PR-00012,3,156.00,9.00,2026-01-11T22:23:00Z
order_items-001213,OR-000013,2,PR-00013,4,26.00,3.00,2026-01-11T22:36:00Z
order_items-001214,OR-000014,2,PR-00014,1,17.00,10.00,2026-01-11T22:49:00Z
order_items-001215,OR-000015,2,PR-00015,1,101.00,0.00,2026-01-11T23:02:00Z
order_items-001216,OR-000016,2,PR-00016,3,161.00,8.00,2026-01-11T23:15:00Z
order_items-001217,OR-000017,2,PR-00017,4,181.00,7.00,2026-01-11T23:28:00Z
order_items-001218,OR-000018,2,PR-00018,4,48.00,1.00,2026-01-11T23:41:00Z
order_items-001219,OR-000019,2,PR-00019,1,18.00,1.00,2026-01-11T23:54:00Z
order_items-001220,OR-000020,2,PR-00020,3,295.00,2.00,2026-01-12T00:07:00Z
order_items-001221,OR-000021,2,PR-00021,1,195.00,9.00,2026-01-12T00:20:00Z
order_items-001222,OR-000022,2,PR-00022,2,12.00,9.00,2026-01-12T00:33:00Z
order_items-001223,OR-000023,2,PR-00023,2,189.00,7.00,2026-01-12T00:46:00Z
order_items-001224,OR-000024,2,PR-00024,4,39.00,1.00,2026-01-12T00:59:00Z
order_items-001225,OR-000025,2,PR-00025,3,266.00,0.00,2026-01-12T01:12:00Z
order_items-001226,OR-000026,2,PR-00026,4,258.00,9.00,2026-01-12T01:25:00Z
order_items-001227,OR-000027,2,PR-00027,2,74.00,3.00,2026-01-12T01:38:00Z
order_items-001228,OR-000028,2,PR-00028,4,203.00,4.00,2026-01-12T01:51:00Z
order_items-001229,OR-000029,2,PR-00029,4,293.00,6.00,2026-01-12T02:04:00Z
order_items-001230,OR-000030,2,PR-00030,3,51.00,0.00,2026-01-12T02:17:00Z
order_items-001231,OR-000031,2,PR-00031,1,84.00,6.00,2026-01-12T02:30:00Z
order_items-001232,OR-000032,2,PR-00032,2,126.00,0.00,2026-01-12T02:43:00Z
order_items-001233,OR-000033,2,PR-00033,1,192.00,2.00,2026-01-12T02:56:00Z
order_items-001234,OR-000034,2,PR-00034,2,169.00,6.00,2026-01-12T03:09:00Z
order_items-001235,OR-000035,2,PR-00035,1,27.00,5.00,2026-01-12T03:22:00Z
order_items-001236,OR-000036,2,PR-00036,3,44.00,4.00,2026-01-12T03:35:00Z
order_items-001237,OR-000037,2,PR-00037,3,17.00,6.00,2026-01-12T03:48:00Z
order_items-001238,OR-000038,2,PR-00038,4,211.00,8.00,2026-01-12T04:01:00Z
order_items-001239,OR-000039,2,PR-00039,4,191.00,4.00,2026-01-12T04:14:00Z
order_items-001240,OR-000040,2,PR-00040,4,162.00,4.00,2026-01-12T04:27:00Z
order_items-001241,OR-000041,2,PR-00041,2,151.00,5.00,2026-01-12T04:40:00Z
order_items-001242,OR-000042,2,PR-00042,1,229.00,3.00,2026-01-12T04:53:00Z
order_items-001243,OR-000043,2,PR-00043,1,18.00,9.00,2026-01-12T05:06:00Z
order_items-001244,OR-000044,2,PR-00044,4,126.00,3.00,2026-01-12T05:19:00Z
order_items-001245,OR-000045,2,PR-00045,2,137.00,1.00,2026-01-12T05:32:00Z
order_items-001246,OR-000046,2,PR-00046,2,120.00,1.00,2026-01-12T05:45:00Z
order_items-001247,OR-000047,2,PR-00047,3,218.00,10.00,2026-01-12T05:58:00Z
order_items-001248,OR-000048,2,PR-00048,1,149.00,3.00,2026-01-12T06:11:00Z
order_items-001249,OR-000049,2,PR-00049,1,264.00,7.00,2026-01-12T06:24:00Z
order_items-001250,OR-000050,2,PR-00050,4,50.00,0.00,2026-01-12T06:37:00Z
order_items-001251,OR-000051,2,PR-00051,1,105.00,1.00,2026-01-12T06:50:00Z
order_items-001252,OR-000052,2,PR-00052,1,157.00,0.00,2026-01-12T07:03:00Z
order_items-001253,OR-000053,2,PR-00053,1,244.00,5.00,2026-01-12T07:16:00Z
order_items-001254,OR-000054,2,PR-00054,1,117.00,0.00,2026-01-12T07:29:00Z
order_items-001255,OR-000055,2,PR-00055,2,110.00,0.00,2026-01-12T07:42:00Z
order_items-001256,OR-000056,2,PR-00056,3,93.00,3.00,2026-01-12T07:55:00Z
order_items-001257,OR-000057,2,PR-00057,4,201.00,2.00,2026-01-12T08:08:00Z
order_items-001258,OR-000058,2,PR-00058,3,60.00,6.00,2026-01-12T08:21:00Z
order_items-001259,OR-000059,2,PR-00059,3,255.00,10.00,2026-01-12T08:34:00Z
order_items-001260,OR-000060,2,PR-00060,2,103.00,0.00,2026-01-12T08:47:00Z
order_items-001261,OR-000061,2,PR-00061,2,230.00,1.00,2026-01-12T09:00:00Z
order_items-001262,OR-000062,2,PR-00062,4,62.00,9.00,2026-01-12T09:13:00Z
order_items-001263,OR-000063,2,PR-00063,1,189.00,9.00,2026-01-12T09:26:00Z
order_items-001264,OR-000064,2,PR-00064,1,190.00,7.00,2026-01-12T09:39:00Z
order_items-001265,OR-000065,2,PR-00065,2,111.00,6.00,2026-01-12T09:52:00Z
order_items-001266,OR-000066,2,PR-00066,2,184.00,4.00,2026-01-12T10:05:00Z
order_items-001267,OR-000067,2,PR-00067,3,231.00,9.00,2026-01-12T10:18:00Z
order_items-001268,OR-000068,2,PR-00068,1,204.00,3.00,2026-01-12T10:31:00Z
order_items-001269,OR-000069,2,PR-00069,3,181.00,2.00,2026-01-12T10:44:00Z
order_items-001270,OR-000070,2,PR-00070,3,138.00,10.00,2026-01-12T10:57:00Z
order_items-001271,OR-000071,2,PR-00071,1,22.00,6.00,2026-01-12T11:10:00Z
order_items-001272,OR-000072,2,PR-00072,2,233.00,9.00,2026-01-12T11:23:00Z
order_items-001273,OR-000073,2,PR-00073,4,5.00,10.00,2026-01-12T11:36:00Z
order_items-001274,OR-000074,2,PR-00074,2,65.00,8.00,2026-01-12T11:49:00Z
order_items-001275,OR-000075,2,PR-00075,3,221.00,8.00,2026-01-12T12:02:00Z
order_items-001276,OR-000076,2,PR-00076,4,67.00,0.00,2026-01-12T12:15:00Z
order_items-001277,OR-000077,2,PR-00077,2,139.00,7.00,2026-01-12T12:28:00Z
order_items-001278,OR-000078,2,PR-00078,3,35.00,1.00,2026-01-12T12:41:00Z
order_items-001279,OR-000079,2,PR-00079,3,21.00,9.00,2026-01-12T12:54:00Z
order_items-001280,OR-000080,2,PR-00080,3,272.00,4.00,2026-01-12T13:07:00Z
order_items-001281,OR-000081,2,PR-00081,3,141.00,9.00,2026-01-12T13:20:00Z
order_items-001282,OR-000082,2,PR-00082,1,111.00,3.00,2026-01-12T13:33:00Z
order_items-001283,OR-000083,2,PR-00083,3,229.00,10.00,2026-01-12T13:46:00Z
order_items-001284,OR-000084,2,PR-00084,1,260.00,10.00,2026-01-12T13:59:00Z
order_items-001285,OR-000085,2,PR-00085,4,263.00,0.00,2026-01-12T14:12:00Z
order_items-001286,OR-000086,2,PR-00086,1,94.00,2.00,2026-01-12T14:25:00Z
order_items-001287,OR-000087,2,PR-00087,4,45.00,5.00,2026-01-12T14:38:00Z
order_items-001288,OR-000088,2,PR-00088,2,96.00,9.00,2026-01-12T14:51:00Z
order_items-001289,OR-000089,2,PR-00089,1,9.00,5.00,2026-01-12T15:04:00Z
order_items-001290,OR-000090,2,PR-00090,1,235.00,5.00,2026-01-12T15:17:00Z
order_items-001291,OR-000091,2,PR-00091,4,147.00,10.00,2026-01-12T15:30:00Z
order_items-001292,OR-000092,2,PR-00092,3,23.00,9.00,2026-01-12T15:43:00Z
order_items-001293,OR-000093,2,PR-00093,4,58.00,6.00,2026-01-12T15:56:00Z
order_items-001294,OR-000094,2,PR-00094,2,9.00,5.00,2026-01-12T16:09:00Z
order_items-001295,OR-000095,2,PR-00095,1,50.00,1.00,2026-01-12T16:22:00Z
order_items-001296,OR-000096,2,PR-00096,2,25.00,3.00,2026-01-12T16:35:00Z
order_items-001297,OR-000097,2,PR-00097,2,180.00,8.00,2026-01-12T16:48:00Z
order_items-001298,OR-000098,2,PR-00098,2,221.00,0.00,2026-01-12T17:01:00Z
order_items-001299,OR-000099,2,PR-00099,2,231.00,5.00,2026-01-12T17:14:00Z
order_items-001300,OR-000100,2,PR-00100,4,289.00,7.00,2026-01-12T17:27:00Z
order_items-001301,OR-000101,2,PR-00101,4,171.00,2.00,2026-01-12T17:40:00Z
order_items-001302,OR-000102,2,PR-00102,2,221.00,2.00,2026-01-12T17:53:00Z
order_items-001303,OR-000103,2,PR-00103,4,24.00,3.00,2026-01-12T18:06:00Z
order_items-001304,OR-000104,2,PR-00104,3,19.00,7.00,2026-01-12T18:19:00Z
order_items-001305,OR-000105,2,PR-00105,4,162.00,0.00,2026-01-12T18:32:00Z
order_items-001306,OR-000106,2,PR-00106,4,86.00,3.00,2026-01-12T18:45:00Z
order_items-001307,OR-000107,2,PR-00107,3,133.00,9.00,2026-01-12T18:58:00Z
order_items-001308,OR-000108,2,PR-00108,3,19.00,2.00,2026-01-12T19:11:00Z
order_items-001309,OR-000109,2,PR-00109,2,38.00,9.00,2026-01-12T19:24:00Z
order_items-001310,OR-000110,2,PR-00110,2,99.00,1.00,2026-01-12T19:37:00Z
order_items-001311,OR-000111,2,PR-00111,2,96.00,1.00,2026-01-12T19:50:00Z
order_items-001312,OR-000112,2,PR-00112,2,129.00,2.00,2026-01-12T20:03:00Z
order_items-001313,OR-000113,2,PR-00113,1,164.00,6.00,2026-01-12T20:16:00Z
order_items-001314,OR-000114,2,PR-00114,2,150.00,10.00,2026-01-12T20:29:00Z
order_items-001315,OR-000115,2,PR-00115,4,200.00,0.00,2026-01-12T20:42:00Z
order_items-001316,OR-000116,2,PR-00116,1,274.00,9.00,2026-01-12T20:55:00Z
order_items-001317,OR-000117,2,PR-00117,4,274.00,7.00,2026-01-12T21:08:00Z
order_items-001318,OR-000118,2,PR-00118,4,36.00,10.00,2026-01-12T21:21:00Z
order_items-001319,OR-000119,2,PR-00119,3,241.00,10.00,2026-01-12T21:34:00Z
order_items-001320,OR-000120,2,PR-00120,1,168.00,2.00,2026-01-12T21:47:00Z
order_items-001321,OR-000121,2,PR-00121,4,20.00,3.00,2026-01-12T22:00:00Z
order_items-001322,OR-000122,2,PR-00122,3,277.00,3.00,2026-01-12T22:13:00Z
order_items-001323,OR-000123,2,PR-00123,1,46.00,7.00,2026-01-12T22:26:00Z
order_items-001324,OR-000124,2,PR-00124,2,155.00,9.00,2026-01-12T22:39:00Z
order_items-001325,OR-000125,2,PR-00125,3,286.00,4.00,2026-01-12T22:52:00Z
order_items-001326,OR-000126,2,PR-00126,1,285.00,5.00,2026-01-12T23:05:00Z
order_items-001327,OR-000127,2,PR-00127,1,215.00,0.00,2026-01-12T23:18:00Z
order_items-001328,OR-000128,2,PR-00128,2,227.00,10.00,2026-01-12T23:31:00Z
order_items-001329,OR-000129,2,PR-00129,4,243.00,1.00,2026-01-12T23:44:00Z
order_items-001330,OR-000130,2,PR-00130,1,276.00,6.00,2026-01-12T23:57:00Z
order_items-001331,OR-000131,2,PR-00131,1,124.00,5.00,2026-01-13T00:10:00Z
order_items-001332,OR-000132,2,PR-00132,2,48.00,4.00,2026-01-13T00:23:00Z
order_items-001333,OR-000133,2,PR-00133,3,287.00,6.00,2026-01-13T00:36:00Z
order_items-001334,OR-000134,2,PR-00134,1,289.00,7.00,2026-01-13T00:49:00Z
order_items-001335,OR-000135,2,PR-00135,1,24.00,8.00,2026-01-13T01:02:00Z
order_items-001336,OR-000136,2,PR-00136,2,98.00,7.00,2026-01-13T01:15:00Z
order_items-001337,OR-000137,2,PR-00137,3,171.00,10.00,2026-01-13T01:28:00Z
order_items-001338,OR-000138,2,PR-00138,1,226.00,6.00,2026-01-13T01:41:00Z
order_items-001339,OR-000139,2,PR-00139,1,298.00,6.00,2026-01-13T01:54:00Z
order_items-001340,OR-000140,2,PR-00140,1,260.00,8.00,2026-01-13T02:07:00Z
order_items-001341,OR-000141,2,PR-00141,4,298.00,10.00,2026-01-13T02:20:00Z
order_items-001342,OR-000142,2,PR-00142,4,219.00,4.00,2026-01-13T02:33:00Z
order_items-001343,OR-000143,2,PR-00143,1,213.00,7.00,2026-01-13T02:46:00Z
order_items-001344,OR-000144,2,PR-00144,3,133.00,9.00,2026-01-13T02:59:00Z
order_items-001345,OR-000145,2,PR-00145,1,157.00,4.00,2026-01-13T03:12:00Z
order_items-001346,OR-000146,2,PR-00146,3,64.00,9.00,2026-01-13T03:25:00Z
order_items-001347,OR-000147,2,PR-00147,3,56.00,9.00,2026-01-13T03:38:00Z
order_items-001348,OR-000148,2,PR-00148,4,108.00,7.00,2026-01-13T03:51:00Z
order_items-001349,OR-000149,2,PR-00149,2,255.00,8.00,2026-01-13T04:04:00Z
order_items-001350,OR-000150,2,PR-00150,4,44.00,5.00,2026-01-13T04:17:00Z
order_items-001351,OR-000151,2,PR-00001,3,186.00,7.00,2026-01-13T04:30:00Z
order_items-001352,OR-000152,2,PR-00002,3,133.00,7.00,2026-01-13T04:43:00Z
order_items-001353,OR-000153,2,PR-00003,2,191.00,9.00,2026-01-13T04:56:00Z
order_items-001354,OR-000154,2,PR-00004,3,110.00,6.00,2026-01-13T05:09:00Z
order_items-001355,OR-000155,2,PR-00005,2,268.00,4.00,2026-01-13T05:22:00Z
order_items-001356,OR-000156,2,PR-00006,2,11.00,8.00,2026-01-13T05:35:00Z
order_items-001357,OR-000157,2,PR-00007,1,169.00,9.00,2026-01-13T05:48:00Z
order_items-001358,OR-000158,2,PR-00008,2,154.00,3.00,2026-01-13T06:01:00Z
order_items-001359,OR-000159,2,PR-00009,2,216.00,8.00,2026-01-13T06:14:00Z
order_items-001360,OR-000160,2,PR-00010,1,51.00,7.00,2026-01-13T06:27:00Z
order_items-001361,OR-000161,2,PR-00011,4,266.00,3.00,2026-01-13T06:40:00Z
order_items-001362,OR-000162,2,PR-00012,1,289.00,10.00,2026-01-13T06:53:00Z
order_items-001363,OR-000163,2,PR-00013,2,104.00,5.00,2026-01-13T07:06:00Z
order_items-001364,OR-000164,2,PR-00014,4,298.00,2.00,2026-01-13T07:19:00Z
order_items-001365,OR-000165,2,PR-00015,1,98.00,5.00,2026-01-13T07:32:00Z
order_items-001366,OR-000166,2,PR-00016,3,273.00,5.00,2026-01-13T07:45:00Z
order_items-001367,OR-000167,2,PR-00017,3,235.00,4.00,2026-01-13T07:58:00Z
order_items-001368,OR-000168,2,PR-00018,3,135.00,7.00,2026-01-13T08:11:00Z
order_items-001369,OR-000169,2,PR-00019,3,279.00,0.00,2026-01-13T08:24:00Z
order_items-001370,OR-000170,2,PR-00020,1,228.00,5.00,2026-01-13T08:37:00Z
order_items-001371,OR-000171,2,PR-00021,1,273.00,0.00,2026-01-13T08:50:00Z
order_items-001372,OR-000172,2,PR-00022,2,57.00,0.00,2026-01-13T09:03:00Z
order_items-001373,OR-000173,2,PR-00023,4,194.00,3.00,2026-01-13T09:16:00Z
order_items-001374,OR-000174,2,PR-00024,2,221.00,0.00,2026-01-13T09:29:00Z
order_items-001375,OR-000175,2,PR-00025,1,122.00,7.00,2026-01-13T09:42:00Z
order_items-001376,OR-000176,2,PR-00026,3,32.00,6.00,2026-01-13T09:55:00Z
order_items-001377,OR-000177,2,PR-00027,4,241.00,5.00,2026-01-13T10:08:00Z
order_items-001378,OR-000178,2,PR-00028,3,46.00,7.00,2026-01-13T10:21:00Z
order_items-001379,OR-000179,2,PR-00029,4,72.00,6.00,2026-01-13T10:34:00Z
order_items-001380,OR-000180,2,PR-00030,1,182.00,7.00,2026-01-13T10:47:00Z
order_items-001381,OR-000181,2,PR-00031,1,123.00,10.00,2026-01-13T11:00:00Z
order_items-001382,OR-000182,2,PR-00032,4,260.00,7.00,2026-01-13T11:13:00Z
order_items-001383,OR-000183,2,PR-00033,3,295.00,0.00,2026-01-13T11:26:00Z
order_items-001384,OR-000184,2,PR-00034,4,251.00,3.00,2026-01-13T11:39:00Z
order_items-001385,OR-000185,2,PR-00035,4,271.00,8.00,2026-01-13T11:52:00Z
order_items-001386,OR-000186,2,PR-00036,2,128.00,7.00,2026-01-13T12:05:00Z
order_items-001387,OR-000187,2,PR-00037,2,291.00,6.00,2026-01-13T12:18:00Z
order_items-001388,OR-000188,2,PR-00038,1,182.00,3.00,2026-01-13T12:31:00Z
order_items-001389,OR-000189,2,PR-00039,1,217.00,6.00,2026-01-13T12:44:00Z
order_items-001390,OR-000190,2,PR-00040,1,127.00,2.00,2026-01-13T12:57:00Z
order_items-001391,OR-000191,2,PR-00041,2,31.00,4.00,2026-01-13T13:10:00Z
order_items-001392,OR-000192,2,PR-00042,3,73.00,8.00,2026-01-13T13:23:00Z
order_items-001393,OR-000193,2,PR-00043,1,49.00,3.00,2026-01-13T13:36:00Z
order_items-001394,OR-000194,2,PR-00044,4,132.00,7.00,2026-01-13T13:49:00Z
order_items-001395,OR-000195,2,PR-00045,2,179.00,9.00,2026-01-13T14:02:00Z
order_items-001396,OR-000196,2,PR-00046,2,148.00,5.00,2026-01-13T14:15:00Z
order_items-001397,OR-000197,2,PR-00047,1,215.00,0.00,2026-01-13T14:28:00Z
order_items-001398,OR-000198,2,PR-00048,2,79.00,10.00,2026-01-13T14:41:00Z
order_items-001399,OR-000199,2,PR-00049,3,148.00,4.00,2026-01-13T14:54:00Z
order_items-001400,OR-000200,2,PR-00050,3,212.00,9.00,2026-01-13T15:07:00Z
order_items-001401,OR-000201,2,PR-00051,2,159.00,5.00,2026-01-13T15:20:00Z
order_items-001402,OR-000202,2,PR-00052,3,259.00,0.00,2026-01-13T15:33:00Z
order_items-001403,OR-000203,2,PR-00053,1,241.00,3.00,2026-01-13T15:46:00Z
order_items-001404,OR-000204,2,PR-00054,4,77.00,1.00,2026-01-13T15:59:00Z
order_items-001405,OR-000205,2,PR-00055,1,176.00,6.00,2026-01-13T16:12:00Z
order_items-001406,OR-000206,2,PR-00056,3,86.00,4.00,2026-01-13T16:25:00Z
order_items-001407,OR-000207,2,PR-00057,1,95.00,9.00,2026-01-13T16:38:00Z
order_items-001408,OR-000208,2,PR-00058,4,265.00,2.00,2026-01-13T16:51:00Z
order_items-001409,OR-000209,2,PR-00059,4,119.00,5.00,2026-01-13T17:04:00Z
order_items-001410,OR-000210,2,PR-00060,3,281.00,7.00,2026-01-13T17:17:00Z
order_items-001411,OR-000211,2,PR-00061,4,126.00,4.00,2026-01-13T17:30:00Z
order_items-001412,OR-000212,2,PR-00062,1,269.00,9.00,2026-01-13T17:43:00Z
order_items-001413,OR-000213,2,PR-00063,3,273.00,1.00,2026-01-13T17:56:00Z
order_items-001414,OR-000214,2,PR-00064,4,212.00,5.00,2026-01-13T18:09:00Z
order_items-001415,OR-000215,2,PR-00065,2,288.00,7.00,2026-01-13T18:22:00Z
order_items-001416,OR-000216,2,PR-00066,4,84.00,10.00,2026-01-13T18:35:00Z
order_items-001417,OR-000217,2,PR-00067,1,24.00,6.00,2026-01-13T18:48:00Z
order_items-001418,OR-000218,2,PR-00068,3,119.00,8.00,2026-01-13T19:01:00Z
order_items-001419,OR-000219,2,PR-00069,4,132.00,6.00,2026-01-13T19:14:00Z
order_items-001420,OR-000220,2,PR-00070,2,284.00,8.00,2026-01-13T19:27:00Z
order_items-001421,OR-000221,2,PR-00071,3,108.00,6.00,2026-01-13T19:40:00Z
order_items-001422,OR-000222,2,PR-00072,2,106.00,2.00,2026-01-13T19:53:00Z
order_items-001423,OR-000223,2,PR-00073,2,73.00,10.00,2026-01-13T20:06:00Z
order_items-001424,OR-000224,2,PR-00074,2,239.00,6.00,2026-01-13T20:19:00Z
order_items-001425,OR-000225,2,PR-00075,2,86.00,10.00,2026-01-13T20:32:00Z
order_items-001426,OR-000226,2,PR-00076,3,35.00,8.00,2026-01-13T20:45:00Z
order_items-001427,OR-000227,2,PR-00077,2,243.00,3.00,2026-01-13T20:58:00Z
order_items-001428,OR-000228,2,PR-00078,4,282.00,7.00,2026-01-13T21:11:00Z
order_items-001429,OR-000229,2,PR-00079,1,160.00,4.00,2026-01-13T21:24:00Z
order_items-001430,OR-000230,2,PR-00080,4,176.00,6.00,2026-01-13T21:37:00Z
order_items-001431,OR-000231,2,PR-00081,2,42.00,1.00,2026-01-13T21:50:00Z
order_items-001432,OR-000232,2,PR-00082,3,192.00,5.00,2026-01-13T22:03:00Z
order_items-001433,OR-000233,2,PR-00083,4,62.00,9.00,2026-01-13T22:16:00Z
order_items-001434,OR-000234,2,PR-00084,3,297.00,6.00,2026-01-13T22:29:00Z
order_items-001435,OR-000235,2,PR-00085,2,88.00,1.00,2026-01-13T22:42:00Z
order_items-001436,OR-000236,2,PR-00086,4,60.00,4.00,2026-01-13T22:55:00Z
order_items-001437,OR-000237,2,PR-00087,2,11.00,1.00,2026-01-13T23:08:00Z
order_items-001438,OR-000238,2,PR-00088,1,279.00,9.00,2026-01-13T23:21:00Z
order_items-001439,OR-000239,2,PR-00089,4,34.00,1.00,2026-01-13T23:34:00Z
order_items-001440,OR-000240,2,PR-00090,2,252.00,9.00,2026-01-13T23:47:00Z
order_items-001441,OR-000241,2,PR-00091,4,27.00,7.00,2026-01-14T00:00:00Z
order_items-001442,OR-000242,2,PR-00092,3,147.00,3.00,2026-01-14T00:13:00Z
order_items-001443,OR-000243,2,PR-00093,2,14.00,10.00,2026-01-14T00:26:00Z
order_items-001444,OR-000244,2,PR-00094,2,36.00,5.00,2026-01-14T00:39:00Z
order_items-001445,OR-000245,2,PR-00095,3,202.00,9.00,2026-01-14T00:52:00Z
order_items-001446,OR-000246,2,PR-00096,3,99.00,8.00,2026-01-14T01:05:00Z
order_items-001447,OR-000247,2,PR-00097,1,209.00,10.00,2026-01-14T01:18:00Z
order_items-001448,OR-000248,2,PR-00098,1,266.00,1.00,2026-01-14T01:31:00Z
order_items-001449,OR-000249,2,PR-00099,1,292.00,1.00,2026-01-14T01:44:00Z
order_items-001450,OR-000250,2,PR-00100,3,232.00,4.00,2026-01-14T01:57:00Z
order_items-001451,OR-000251,2,PR-00101,1,161.00,1.00,2026-01-14T02:10:00Z
order_items-001452,OR-000252,2,PR-00102,3,280.00,5.00,2026-01-14T02:23:00Z
order_items-001453,OR-000253,2,PR-00103,2,140.00,5.00,2026-01-14T02:36:00Z
order_items-001454,OR-000254,2,PR-00104,3,194.00,8.00,2026-01-14T02:49:00Z
order_items-001455,OR-000255,2,PR-00105,2,51.00,6.00,2026-01-14T03:02:00Z
order_items-001456,OR-000256,2,PR-00106,4,168.00,0.00,2026-01-14T03:15:00Z
order_items-001457,OR-000257,2,PR-00107,4,185.00,1.00,2026-01-14T03:28:00Z
order_items-001458,OR-000258,2,PR-00108,2,210.00,9.00,2026-01-14T03:41:00Z
order_items-001459,OR-000259,2,PR-00109,2,64.00,3.00,2026-01-14T03:54:00Z
order_items-001460,OR-000260,2,PR-00110,3,121.00,8.00,2026-01-14T04:07:00Z
order_items-001461,OR-000261,2,PR-00111,4,29.00,8.00,2026-01-14T04:20:00Z
order_items-001462,OR-000262,2,PR-00112,1,142.00,9.00,2026-01-14T04:33:00Z
order_items-001463,OR-000263,2,PR-00113,1,207.00,6.00,2026-01-14T04:46:00Z
order_items-001464,OR-000264,2,PR-00114,1,202.00,6.00,2026-01-14T04:59:00Z
order_items-001465,OR-000265,2,PR-00115,4,128.00,7.00,2026-01-14T05:12:00Z
order_items-001466,OR-000266,2,PR-00116,1,286.00,7.00,2026-01-14T05:25:00Z
order_items-001467,OR-000267,2,PR-00117,3,213.00,6.00,2026-01-14T05:38:00Z
order_items-001468,OR-000268,2,PR-00118,4,26.00,1.00,2026-01-14T05:51:00Z
order_items-001469,OR-000269,2,PR-00119,1,37.00,5.00,2026-01-14T06:04:00Z
order_items-001470,OR-000270,2,PR-00120,1,130.00,8.00,2026-01-14T06:17:00Z
order_items-001471,OR-000271,2,PR-00121,2,290.00,6.00,2026-01-14T06:30:00Z
order_items-001472,OR-000272,2,PR-00122,1,169.00,6.00,2026-01-14T06:43:00Z
order_items-001473,OR-000273,2,PR-00123,3,216.00,5.00,2026-01-14T06:56:00Z
order_items-001474,OR-000274,2,PR-00124,2,134.00,5.00,2026-01-14T07:09:00Z
order_items-001475,OR-000275,2,PR-00125,2,277.00,2.00,2026-01-14T07:22:00Z
order_items-001476,OR-000276,2,PR-00126,3,73.00,1.00,2026-01-14T07:35:00Z
order_items-001477,OR-000277,2,PR-00127,4,183.00,10.00,2026-01-14T07:48:00Z
order_items-001478,OR-000278,2,PR-00128,1,193.00,6.00,2026-01-14T08:01:00Z
order_items-001479,OR-000279,2,PR-00129,2,5.00,9.00,2026-01-14T08:14:00Z
order_items-001480,OR-000280,2,PR-00130,3,169.00,3.00,2026-01-14T08:27:00Z
order_items-001481,OR-000281,2,PR-00131,4,7.00,5.00,2026-01-14T08:40:00Z
order_items-001482,OR-000282,2,PR-00132,1,81.00,3.00,2026-01-14T08:53:00Z
order_items-001483,OR-000283,2,PR-00133,2,118.00,8.00,2026-01-14T09:06:00Z
order_items-001484,OR-000284,2,PR-00134,4,32.00,5.00,2026-01-14T09:19:00Z
order_items-001485,OR-000285,2,PR-00135,3,258.00,8.00,2026-01-14T09:32:00Z
order_items-001486,OR-000286,2,PR-00136,4,97.00,10.00,2026-01-14T09:45:00Z
order_items-001487,OR-000287,2,PR-00137,1,131.00,9.00,2026-01-14T09:58:00Z
order_items-001488,OR-000288,2,PR-00138,3,143.00,8.00,2026-01-14T10:11:00Z
order_items-001489,OR-000289,2,PR-00139,2,28.00,0.00,2026-01-14T10:24:00Z
order_items-001490,OR-000290,2,PR-00140,4,27.00,5.00,2026-01-14T10:37:00Z
order_items-001491,OR-000291,2,PR-00141,4,279.00,4.00,2026-01-14T10:50:00Z
order_items-001492,OR-000292,2,PR-00142,2,40.00,10.00,2026-01-14T11:03:00Z
order_items-001493,OR-000293,2,PR-00143,2,81.00,9.00,2026-01-14T11:16:00Z
order_items-001494,OR-000294,2,PR-00144,1,111.00,0.00,2026-01-14T11:29:00Z
order_items-001495,OR-000295,2,PR-00145,4,257.00,6.00,2026-01-14T11:42:00Z
order_items-001496,OR-000296,2,PR-00146,1,122.00,1.00,2026-01-14T11:55:00Z
order_items-001497,OR-000297,2,PR-00147,3,66.00,6.00,2026-01-14T12:08:00Z
order_items-001498,OR-000298,2,PR-00148,4,68.00,0.00,2026-01-14T12:21:00Z
order_items-001499,OR-000299,2,PR-00149,3,297.00,5.00,2026-01-14T12:34:00Z
order_items-001500,OR-000300,2,PR-00150,4,266.00,10.00,2026-01-14T12:47:00Z
order_items-001501,OR-000301,2,PR-00001,4,292.00,5.00,2026-01-14T13:00:00Z
order_items-001502,OR-000302,2,PR-00002,2,269.00,7.00,2026-01-14T13:13:00Z
order_items-001503,OR-000303,2,PR-00003,2,200.00,4.00,2026-01-14T13:26:00Z
order_items-001504,OR-000304,2,PR-00004,2,242.00,6.00,2026-01-14T13:39:00Z
order_items-001505,OR-000305,2,PR-00005,3,187.00,6.00,2026-01-14T13:52:00Z
order_items-001506,OR-000306,2,PR-00006,2,193.00,4.00,2026-01-14T14:05:00Z
order_items-001507,OR-000307,2,PR-00007,3,40.00,3.00,2026-01-14T14:18:00Z
order_items-001508,OR-000308,2,PR-00008,2,155.00,10.00,2026-01-14T14:31:00Z
order_items-001509,OR-000309,2,PR-00009,1,138.00,5.00,2026-01-14T14:44:00Z
order_items-001510,OR-000310,2,PR-00010,2,182.00,6.00,2026-01-14T14:57:00Z
order_items-001511,OR-000311,2,PR-00011,3,140.00,0.00,2026-01-14T15:10:00Z
order_items-001512,OR-000312,2,PR-00012,2,206.00,0.00,2026-01-14T15:23:00Z
order_items-001513,OR-000313,2,PR-00013,2,178.00,8.00,2026-01-14T15:36:00Z
order_items-001514,OR-000314,2,PR-00014,4,271.00,1.00,2026-01-14T15:49:00Z
order_items-001515,OR-000315,2,PR-00015,2,237.00,3.00,2026-01-14T16:02:00Z
order_items-001516,OR-000316,2,PR-00016,1,138.00,6.00,2026-01-14T16:15:00Z
order_items-001517,OR-000317,2,PR-00017,3,216.00,7.00,2026-01-14T16:28:00Z
order_items-001518,OR-000318,2,PR-00018,4,10.00,2.00,2026-01-14T16:41:00Z
order_items-001519,OR-000319,2,PR-00019,3,235.00,0.00,2026-01-14T16:54:00Z
order_items-001520,OR-000320,2,PR-00020,2,30.00,5.00,2026-01-14T17:07:00Z
order_items-001521,OR-000321,2,PR-00021,4,254.00,4.00,2026-01-14T17:20:00Z
order_items-001522,OR-000322,2,PR-00022,2,60.00,2.00,2026-01-14T17:33:00Z
order_items-001523,OR-000323,2,PR-00023,2,282.00,9.00,2026-01-14T17:46:00Z
order_items-001524,OR-000324,2,PR-00024,4,274.00,0.00,2026-01-14T17:59:00Z
order_items-001525,OR-000325,2,PR-00025,2,190.00,6.00,2026-01-14T18:12:00Z
order_items-001526,OR-000326,2,PR-00026,4,85.00,9.00,2026-01-14T18:25:00Z
order_items-001527,OR-000327,2,PR-00027,4,159.00,1.00,2026-01-14T18:38:00Z
order_items-001528,OR-000328,2,PR-00028,2,207.00,5.00,2026-01-14T18:51:00Z
order_items-001529,OR-000329,2,PR-00029,4,252.00,5.00,2026-01-14T19:04:00Z
order_items-001530,OR-000330,2,PR-00030,3,13.00,9.00,2026-01-14T19:17:00Z
order_items-001531,OR-000331,2,PR-00031,3,72.00,5.00,2026-01-14T19:30:00Z
order_items-001532,OR-000332,2,PR-00032,3,168.00,6.00,2026-01-14T19:43:00Z
order_items-001533,OR-000333,2,PR-00033,1,12.00,3.00,2026-01-14T19:56:00Z
order_items-001534,OR-000334,2,PR-00034,4,131.00,1.00,2026-01-14T20:09:00Z
order_items-001535,OR-000335,2,PR-00035,3,54.00,5.00,2026-01-14T20:22:00Z
order_items-001536,OR-000336,2,PR-00036,2,105.00,3.00,2026-01-14T20:35:00Z
order_items-001537,OR-000337,2,PR-00037,2,92.00,5.00,2026-01-14T20:48:00Z
order_items-001538,OR-000338,2,PR-00038,2,300.00,5.00,2026-01-14T21:01:00Z
order_items-001539,OR-000339,2,PR-00039,2,5.00,3.00,2026-01-14T21:14:00Z
order_items-001540,OR-000340,2,PR-00040,3,159.00,2.00,2026-01-14T21:27:00Z
order_items-001541,OR-000341,2,PR-00041,1,60.00,7.00,2026-01-14T21:40:00Z
order_items-001542,OR-000342,2,PR-00042,1,208.00,0.00,2026-01-14T21:53:00Z
order_items-001543,OR-000343,2,PR-00043,1,256.00,10.00,2026-01-14T22:06:00Z
order_items-001544,OR-000344,2,PR-00044,1,129.00,9.00,2026-01-14T22:19:00Z
order_items-001545,OR-000345,2,PR-00045,3,237.00,1.00,2026-01-14T22:32:00Z
order_items-001546,OR-000346,2,PR-00046,2,183.00,2.00,2026-01-14T22:45:00Z
order_items-001547,OR-000347,2,PR-00047,4,63.00,7.00,2026-01-14T22:58:00Z
order_items-001548,OR-000348,2,PR-00048,3,48.00,10.00,2026-01-14T23:11:00Z
order_items-001549,OR-000349,2,PR-00049,1,235.00,10.00,2026-01-14T23:24:00Z
order_items-001550,OR-000350,2,PR-00050,2,31.00,3.00,2026-01-14T23:37:00Z
order_items-001551,OR-000351,2,PR-00051,2,103.00,10.00,2026-01-14T23:50:00Z
order_items-001552,OR-000352,2,PR-00052,3,5.00,10.00,2026-01-15T00:03:00Z
order_items-001553,OR-000353,2,PR-00053,3,26.00,9.00,2026-01-15T00:16:00Z
order_items-001554,OR-000354,2,PR-00054,4,165.00,8.00,2026-01-15T00:29:00Z
order_items-001555,OR-000355,2,PR-00055,2,251.00,2.00,2026-01-15T00:42:00Z
order_items-001556,OR-000356,2,PR-00056,3,295.00,2.00,2026-01-15T00:55:00Z
order_items-001557,OR-000357,2,PR-00057,2,152.00,6.00,2026-01-15T01:08:00Z
order_items-001558,OR-000358,2,PR-00058,4,195.00,6.00,2026-01-15T01:21:00Z
order_items-001559,OR-000359,2,PR-00059,1,90.00,4.00,2026-01-15T01:34:00Z
order_items-001560,OR-000360,2,PR-00060,4,256.00,4.00,2026-01-15T01:47:00Z
order_items-001561,OR-000361,2,PR-00061,3,277.00,10.00,2026-01-15T02:00:00Z
order_items-001562,OR-000362,2,PR-00062,1,134.00,3.00,2026-01-15T02:13:00Z
order_items-001563,OR-000363,2,PR-00063,4,207.00,4.00,2026-01-15T02:26:00Z
order_items-001564,OR-000364,2,PR-00064,3,163.00,9.00,2026-01-15T02:39:00Z
order_items-001565,OR-000365,2,PR-00065,2,132.00,1.00,2026-01-15T02:52:00Z
order_items-001566,OR-000366,2,PR-00066,4,26.00,0.00,2026-01-15T03:05:00Z
order_items-001567,OR-000367,2,PR-00067,1,247.00,9.00,2026-01-15T03:18:00Z
order_items-001568,OR-000368,2,PR-00068,2,229.00,6.00,2026-01-15T03:31:00Z
order_items-001569,OR-000369,2,PR-00069,4,220.00,4.00,2026-01-15T03:44:00Z
order_items-001570,OR-000370,2,PR-00070,1,139.00,3.00,2026-01-15T03:57:00Z
order_items-001571,OR-000371,2,PR-00071,2,79.00,8.00,2026-01-15T04:10:00Z
order_items-001572,OR-000372,2,PR-00072,3,290.00,1.00,2026-01-15T04:23:00Z
order_items-001573,OR-000373,2,PR-00073,1,119.00,5.00,2026-01-15T04:36:00Z
order_items-001574,OR-000374,2,PR-00074,3,106.00,8.00,2026-01-15T04:49:00Z
order_items-001575,OR-000375,2,PR-00075,3,198.00,4.00,2026-01-15T05:02:00Z
order_items-001576,OR-000376,2,PR-00076,1,11.00,6.00,2026-01-15T05:15:00Z
order_items-001577,OR-000377,2,PR-00077,2,264.00,9.00,2026-01-15T05:28:00Z
order_items-001578,OR-000378,2,PR-00078,3,130.00,10.00,2026-01-15T05:41:00Z
order_items-001579,OR-000379,2,PR-00079,4,171.00,10.00,2026-01-15T05:54:00Z
order_items-001580,OR-000380,2,PR-00080,2,284.00,1.00,2026-01-15T06:07:00Z
order_items-001581,OR-000381,2,PR-00081,4,66.00,3.00,2026-01-15T06:20:00Z
order_items-001582,OR-000382,2,PR-00082,4,191.00,4.00,2026-01-15T06:33:00Z
order_items-001583,OR-000383,2,PR-00083,4,216.00,10.00,2026-01-15T06:46:00Z
order_items-001584,OR-000384,2,PR-00084,1,49.00,0.00,2026-01-15T06:59:00Z
order_items-001585,OR-000385,2,PR-00085,3,226.00,9.00,2026-01-15T07:12:00Z
order_items-001586,OR-000386,2,PR-00086,1,30.00,8.00,2026-01-15T07:25:00Z
order_items-001587,OR-000387,2,PR-00087,1,143.00,6.00,2026-01-15T07:38:00Z
order_items-001588,OR-000388,2,PR-00088,1,162.00,8.00,2026-01-15T07:51:00Z
order_items-001589,OR-000389,2,PR-00089,1,236.00,1.00,2026-01-15T08:04:00Z
order_items-001590,OR-000390,2,PR-00090,1,107.00,4.00,2026-01-15T08:17:00Z
order_items-001591,OR-000391,2,PR-00091,1,89.00,9.00,2026-01-15T08:30:00Z
order_items-001592,OR-000392,2,PR-00092,1,285.00,0.00,2026-01-15T08:43:00Z
order_items-001593,OR-000393,2,PR-00093,3,61.00,2.00,2026-01-15T08:56:00Z
order_items-001594,OR-000394,2,PR-00094,2,190.00,9.00,2026-01-15T09:09:00Z
order_items-001595,OR-000395,2,PR-00095,2,288.00,4.00,2026-01-15T09:22:00Z
order_items-001596,OR-000396,2,PR-00096,2,209.00,5.00,2026-01-15T09:35:00Z
order_items-001597,OR-000397,2,PR-00097,2,60.00,3.00,2026-01-15T09:48:00Z
order_items-001598,OR-000398,2,PR-00098,1,202.00,4.00,2026-01-15T10:01:00Z
order_items-001599,OR-000399,2,PR-00099,4,136.00,5.00,2026-01-15T10:14:00Z
order_items-001600,OR-000400,2,PR-00100,4,201.00,1.00,2026-01-15T10:27:00Z
order_items-001601,OR-000401,2,PR-00101,1,135.00,6.00,2026-01-15T10:40:00Z
order_items-001602,OR-000402,2,PR-00102,2,32.00,0.00,2026-01-15T10:53:00Z
order_items-001603,OR-000403,2,PR-00103,1,192.00,5.00,2026-01-15T11:06:00Z
order_items-001604,OR-000404,2,PR-00104,1,32.00,9.00,2026-01-15T11:19:00Z
order_items-001605,OR-000405,2,PR-00105,2,193.00,9.00,2026-01-15T11:32:00Z
order_items-001606,OR-000406,2,PR-00106,3,125.00,9.00,2026-01-15T11:45:00Z
order_items-001607,OR-000407,2,PR-00107,3,68.00,9.00,2026-01-15T11:58:00Z
order_items-001608,OR-000408,2,PR-00108,2,37.00,2.00,2026-01-15T12:11:00Z
order_items-001609,OR-000409,2,PR-00109,4,295.00,4.00,2026-01-15T12:24:00Z
order_items-001610,OR-000410,2,PR-00110,1,145.00,4.00,2026-01-15T12:37:00Z
order_items-001611,OR-000411,2,PR-00111,2,205.00,7.00,2026-01-15T12:50:00Z
order_items-001612,OR-000412,2,PR-00112,3,98.00,8.00,2026-01-15T13:03:00Z
order_items-001613,OR-000413,2,PR-00113,1,90.00,6.00,2026-01-15T13:16:00Z
order_items-001614,OR-000414,2,PR-00114,1,50.00,2.00,2026-01-15T13:29:00Z
order_items-001615,OR-000415,2,PR-00115,3,225.00,9.00,2026-01-15T13:42:00Z
order_items-001616,OR-000416,2,PR-00116,2,137.00,0.00,2026-01-15T13:55:00Z
order_items-001617,OR-000417,2,PR-00117,2,196.00,2.00,2026-01-15T14:08:00Z
order_items-001618,OR-000418,2,PR-00118,4,45.00,0.00,2026-01-15T14:21:00Z
order_items-001619,OR-000419,2,PR-00119,2,247.00,8.00,2026-01-15T14:34:00Z
order_items-001620,OR-000420,2,PR-00120,4,106.00,0.00,2026-01-15T14:47:00Z
order_items-001621,OR-000421,2,PR-00121,1,269.00,10.00,2026-01-15T15:00:00Z
order_items-001622,OR-000422,2,PR-00122,3,163.00,8.00,2026-01-15T15:13:00Z
order_items-001623,OR-000423,2,PR-00123,3,239.00,0.00,2026-01-15T15:26:00Z
order_items-001624,OR-000424,2,PR-00124,4,60.00,8.00,2026-01-15T15:39:00Z
order_items-001625,OR-000425,2,PR-00125,1,162.00,5.00,2026-01-15T15:52:00Z
order_items-001626,OR-000426,2,PR-00126,1,224.00,0.00,2026-01-15T16:05:00Z
order_items-001627,OR-000427,2,PR-00127,4,220.00,2.00,2026-01-15T16:18:00Z
order_items-001628,OR-000428,2,PR-00128,1,53.00,8.00,2026-01-15T16:31:00Z
order_items-001629,OR-000429,2,PR-00129,3,198.00,10.00,2026-01-15T16:44:00Z
order_items-001630,OR-000430,2,PR-00130,1,249.00,4.00,2026-01-15T16:57:00Z
order_items-001631,OR-000431,2,PR-00131,4,29.00,3.00,2026-01-15T17:10:00Z
order_items-001632,OR-000432,2,PR-00132,3,242.00,3.00,2026-01-15T17:23:00Z
order_items-001633,OR-000433,2,PR-00133,1,16.00,10.00,2026-01-15T17:36:00Z
order_items-001634,OR-000434,2,PR-00134,4,5.00,10.00,2026-01-15T17:49:00Z
order_items-001635,OR-000435,2,PR-00135,4,212.00,5.00,2026-01-15T18:02:00Z
order_items-001636,OR-000436,2,PR-00136,1,94.00,3.00,2026-01-15T18:15:00Z
order_items-001637,OR-000437,2,PR-00137,2,292.00,3.00,2026-01-15T18:28:00Z
order_items-001638,OR-000438,2,PR-00138,3,105.00,8.00,2026-01-15T18:41:00Z
order_items-001639,OR-000439,2,PR-00139,4,123.00,9.00,2026-01-15T18:54:00Z
order_items-001640,OR-000440,2,PR-00140,3,160.00,2.00,2026-01-15T19:07:00Z
order_items-001641,OR-000441,2,PR-00141,2,282.00,2.00,2026-01-15T19:20:00Z
order_items-001642,OR-000442,2,PR-00142,4,128.00,10.00,2026-01-15T19:33:00Z
order_items-001643,OR-000443,2,PR-00143,4,49.00,9.00,2026-01-15T19:46:00Z
order_items-001644,OR-000444,2,PR-00144,3,93.00,5.00,2026-01-15T19:59:00Z
order_items-001645,OR-000445,2,PR-00145,1,155.00,9.00,2026-01-15T20:12:00Z
order_items-001646,OR-000446,2,PR-00146,4,231.00,9.00,2026-01-15T20:25:00Z
order_items-001647,OR-000447,2,PR-00147,4,174.00,6.00,2026-01-15T20:38:00Z
order_items-001648,OR-000448,2,PR-00148,3,36.00,9.00,2026-01-15T20:51:00Z
order_items-001649,OR-000449,2,PR-00149,1,272.00,8.00,2026-01-15T21:04:00Z
order_items-001650,OR-000450,2,PR-00150,3,36.00,10.00,2026-01-15T21:17:00Z
order_items-001651,OR-000451,2,PR-00001,1,264.00,4.00,2026-01-15T21:30:00Z
order_items-001652,OR-000452,2,PR-00002,3,15.00,5.00,2026-01-15T21:43:00Z
order_items-001653,OR-000453,2,PR-00003,3,275.00,2.00,2026-01-15T21:56:00Z
order_items-001654,OR-000454,2,PR-00004,3,136.00,3.00,2026-01-15T22:09:00Z
order_items-001655,OR-000455,2,PR-00005,3,208.00,8.00,2026-01-15T22:22:00Z
order_items-001656,OR-000456,2,PR-00006,2,181.00,2.00,2026-01-15T22:35:00Z
order_items-001657,OR-000457,2,PR-00007,3,295.00,2.00,2026-01-15T22:48:00Z
order_items-001658,OR-000458,2,PR-00008,2,111.00,8.00,2026-01-15T23:01:00Z
order_items-001659,OR-000459,2,PR-00009,3,197.00,9.00,2026-01-15T23:14:00Z
order_items-001660,OR-000460,2,PR-00010,4,94.00,2.00,2026-01-15T23:27:00Z
order_items-001661,OR-000461,2,PR-00011,1,40.00,6.00,2026-01-15T23:40:00Z
order_items-001662,OR-000462,2,PR-00012,1,113.00,7.00,2026-01-15T23:53:00Z
order_items-001663,OR-000463,2,PR-00013,2,140.00,5.00,2026-01-16T00:06:00Z
order_items-001664,OR-000464,2,PR-00014,2,178.00,8.00,2026-01-16T00:19:00Z
order_items-001665,OR-000465,2,PR-00015,3,189.00,2.00,2026-01-16T00:32:00Z
order_items-001666,OR-000466,2,PR-00016,4,89.00,1.00,2026-01-16T00:45:00Z
order_items-001667,OR-000467,2,PR-00017,2,50.00,2.00,2026-01-16T00:58:00Z
order_items-001668,OR-000468,2,PR-00018,4,189.00,4.00,2026-01-16T01:11:00Z
order_items-001669,OR-000469,2,PR-00019,3,139.00,1.00,2026-01-16T01:24:00Z
order_items-001670,OR-000470,2,PR-00020,3,43.00,3.00,2026-01-16T01:37:00Z
order_items-001671,OR-000471,2,PR-00021,3,99.00,7.00,2026-01-16T01:50:00Z
order_items-001672,OR-000472,2,PR-00022,2,122.00,8.00,2026-01-16T02:03:00Z
order_items-001673,OR-000473,2,PR-00023,1,232.00,6.00,2026-01-16T02:16:00Z
order_items-001674,OR-000474,2,PR-00024,3,243.00,3.00,2026-01-16T02:29:00Z
order_items-001675,OR-000475,2,PR-00025,4,219.00,10.00,2026-01-16T02:42:00Z
order_items-001676,OR-000476,2,PR-00026,2,148.00,10.00,2026-01-16T02:55:00Z
order_items-001677,OR-000477,2,PR-00027,4,258.00,0.00,2026-01-16T03:08:00Z
order_items-001678,OR-000478,2,PR-00028,1,143.00,2.00,2026-01-16T03:21:00Z
order_items-001679,OR-000479,2,PR-00029,3,55.00,1.00,2026-01-16T03:34:00Z
order_items-001680,OR-000480,2,PR-00030,4,96.00,7.00,2026-01-16T03:47:00Z
order_items-001681,OR-000481,2,PR-00031,3,88.00,4.00,2026-01-16T04:00:00Z
order_items-001682,OR-000482,2,PR-00032,1,157.00,8.00,2026-01-16T04:13:00Z
order_items-001683,OR-000483,2,PR-00033,2,275.00,3.00,2026-01-16T04:26:00Z
order_items-001684,OR-000484,2,PR-00034,2,194.00,6.00,2026-01-16T04:39:00Z
order_items-001685,OR-000485,2,PR-00035,4,298.00,3.00,2026-01-16T04:52:00Z
order_items-001686,OR-000486,2,PR-00036,4,61.00,1.00,2026-01-16T05:05:00Z
order_items-001687,OR-000487,2,PR-00037,3,234.00,10.00,2026-01-16T05:18:00Z
order_items-001688,OR-000488,2,PR-00038,2,61.00,1.00,2026-01-16T05:31:00Z
order_items-001689,OR-000489,2,PR-00039,4,126.00,7.00,2026-01-16T05:44:00Z
order_items-001690,OR-000490,2,PR-00040,3,99.00,3.00,2026-01-16T05:57:00Z
order_items-001691,OR-000491,2,PR-00041,4,51.00,10.00,2026-01-16T06:10:00Z
order_items-001692,OR-000492,2,PR-00042,3,174.00,1.00,2026-01-16T06:23:00Z
order_items-001693,OR-000493,2,PR-00043,1,144.00,0.00,2026-01-16T06:36:00Z
order_items-001694,OR-000494,2,PR-00044,3,98.00,8.00,2026-01-16T06:49:00Z
order_items-001695,OR-000495,2,PR-00045,1,111.00,5.00,2026-01-16T07:02:00Z
order_items-001696,OR-000496,2,PR-00046,4,209.00,8.00,2026-01-16T07:15:00Z
order_items-001697,OR-000497,2,PR-00047,4,206.00,8.00,2026-01-16T07:28:00Z
order_items-001698,OR-000498,2,PR-00048,3,48.00,3.00,2026-01-16T07:41:00Z
order_items-001699,OR-000499,2,PR-00049,2,80.00,5.00,2026-01-16T07:54:00Z
order_items-001700,OR-000500,2,PR-00050,1,232.00,0.00,2026-01-16T08:07:00Z
order_items-001701,OR-000501,2,PR-00051,1,30.00,4.00,2026-01-16T08:20:00Z
order_items-001702,OR-000502,2,PR-00052,2,39.00,1.00,2026-01-16T08:33:00Z
order_items-001703,OR-000503,2,PR-00053,1,71.00,3.00,2026-01-16T08:46:00Z
order_items-001704,OR-000504,2,PR-00054,1,69.00,8.00,2026-01-16T08:59:00Z
order_items-001705,OR-000505,2,PR-00055,3,156.00,4.00,2026-01-16T09:12:00Z
order_items-001706,OR-000506,2,PR-00056,1,256.00,6.00,2026-01-16T09:25:00Z
order_items-001707,OR-000507,2,PR-00057,2,51.00,1.00,2026-01-16T09:38:00Z
order_items-001708,OR-000508,2,PR-00058,3,248.00,5.00,2026-01-16T09:51:00Z
order_items-001709,OR-000509,2,PR-00059,3,118.00,4.00,2026-01-16T10:04:00Z
order_items-001710,OR-000510,2,PR-00060,3,28.00,10.00,2026-01-16T10:17:00Z
order_items-001711,OR-000511,2,PR-00061,2,293.00,4.00,2026-01-16T10:30:00Z
order_items-001712,OR-000512,2,PR-00062,2,265.00,5.00,2026-01-16T10:43:00Z
order_items-001713,OR-000513,2,PR-00063,1,73.00,8.00,2026-01-16T10:56:00Z
order_items-001714,OR-000514,2,PR-00064,2,100.00,8.00,2026-01-16T11:09:00Z
order_items-001715,OR-000515,2,PR-00065,3,94.00,6.00,2026-01-16T11:22:00Z
order_items-001716,OR-000516,2,PR-00066,3,12.00,0.00,2026-01-16T11:35:00Z
order_items-001717,OR-000517,2,PR-00067,2,249.00,1.00,2026-01-16T11:48:00Z
order_items-001718,OR-000518,2,PR-00068,2,268.00,1.00,2026-01-16T12:01:00Z
order_items-001719,OR-000519,2,PR-00069,3,177.00,6.00,2026-01-16T12:14:00Z
order_items-001720,OR-000520,2,PR-00070,1,150.00,8.00,2026-01-16T12:27:00Z
order_items-001721,OR-000521,2,PR-00071,3,10.00,8.00,2026-01-16T12:40:00Z
order_items-001722,OR-000522,2,PR-00072,3,88.00,10.00,2026-01-16T12:53:00Z
order_items-001723,OR-000523,2,PR-00073,1,269.00,0.00,2026-01-16T13:06:00Z
order_items-001724,OR-000524,2,PR-00074,1,186.00,10.00,2026-01-16T13:19:00Z
order_items-001725,OR-000525,2,PR-00075,2,208.00,3.00,2026-01-16T13:32:00Z
order_items-001726,OR-000526,2,PR-00076,3,31.00,2.00,2026-01-16T13:45:00Z
order_items-001727,OR-000527,2,PR-00077,3,297.00,5.00,2026-01-16T13:58:00Z
order_items-001728,OR-000528,2,PR-00078,2,26.00,0.00,2026-01-16T14:11:00Z
order_items-001729,OR-000529,2,PR-00079,1,228.00,1.00,2026-01-16T14:24:00Z
order_items-001730,OR-000530,2,PR-00080,2,121.00,1.00,2026-01-16T14:37:00Z
order_items-001731,OR-000531,2,PR-00081,1,165.00,3.00,2026-01-16T14:50:00Z
order_items-001732,OR-000532,2,PR-00082,2,134.00,3.00,2026-01-16T15:03:00Z
order_items-001733,OR-000533,2,PR-00083,1,92.00,9.00,2026-01-16T15:16:00Z
order_items-001734,OR-000534,2,PR-00084,1,136.00,1.00,2026-01-16T15:29:00Z
order_items-001735,OR-000535,2,PR-00085,2,205.00,7.00,2026-01-16T15:42:00Z
order_items-001736,OR-000536,2,PR-00086,1,66.00,10.00,2026-01-16T15:55:00Z
order_items-001737,OR-000537,2,PR-00087,1,85.00,5.00,2026-01-16T16:08:00Z
order_items-001738,OR-000538,2,PR-00088,3,36.00,5.00,2026-01-16T16:21:00Z
order_items-001739,OR-000539,2,PR-00089,3,104.00,3.00,2026-01-16T16:34:00Z
order_items-001740,OR-000540,2,PR-00090,2,114.00,1.00,2026-01-16T16:47:00Z
order_items-001741,OR-000541,2,PR-00091,3,129.00,2.00,2026-01-16T17:00:00Z
order_items-001742,OR-000542,2,PR-00092,3,208.00,1.00,2026-01-16T17:13:00Z
order_items-001743,OR-000543,2,PR-00093,1,26.00,4.00,2026-01-16T17:26:00Z
order_items-001744,OR-000544,2,PR-00094,4,109.00,8.00,2026-01-16T17:39:00Z
order_items-001745,OR-000545,2,PR-00095,4,200.00,9.00,2026-01-16T17:52:00Z
order_items-001746,OR-000546,2,PR-00096,1,291.00,0.00,2026-01-16T18:05:00Z
order_items-001747,OR-000547,2,PR-00097,1,57.00,4.00,2026-01-16T18:18:00Z
order_items-001748,OR-000548,2,PR-00098,1,297.00,1.00,2026-01-16T18:31:00Z
order_items-001749,OR-000549,2,PR-00099,4,267.00,3.00,2026-01-16T18:44:00Z
order_items-001750,OR-000550,2,PR-00100,1,129.00,6.00,2026-01-16T18:57:00Z
order_items-001751,OR-000551,2,PR-00101,2,101.00,3.00,2026-01-16T19:10:00Z
order_items-001752,OR-000552,2,PR-00102,4,31.00,3.00,2026-01-16T19:23:00Z
order_items-001753,OR-000553,2,PR-00103,1,247.00,8.00,2026-01-16T19:36:00Z
order_items-001754,OR-000554,2,PR-00104,3,218.00,1.00,2026-01-16T19:49:00Z
order_items-001755,OR-000555,2,PR-00105,4,244.00,3.00,2026-01-16T20:02:00Z
order_items-001756,OR-000556,2,PR-00106,4,135.00,5.00,2026-01-16T20:15:00Z
order_items-001757,OR-000557,2,PR-00107,1,251.00,7.00,2026-01-16T20:28:00Z
order_items-001758,OR-000558,2,PR-00108,1,223.00,0.00,2026-01-16T20:41:00Z
order_items-001759,OR-000559,2,PR-00109,4,116.00,0.00,2026-01-16T20:54:00Z
order_items-001760,OR-000560,2,PR-00110,1,129.00,2.00,2026-01-16T21:07:00Z
order_items-001761,OR-000561,2,PR-00111,4,185.00,5.00,2026-01-16T21:20:00Z
order_items-001762,OR-000562,2,PR-00112,2,247.00,4.00,2026-01-16T21:33:00Z
order_items-001763,OR-000563,2,PR-00113,2,217.00,8.00,2026-01-16T21:46:00Z
order_items-001764,OR-000564,2,PR-00114,4,44.00,1.00,2026-01-16T21:59:00Z
order_items-001765,OR-000565,2,PR-00115,4,49.00,7.00,2026-01-16T22:12:00Z
order_items-001766,OR-000566,2,PR-00116,4,77.00,2.00,2026-01-16T22:25:00Z
order_items-001767,OR-000567,2,PR-00117,4,138.00,2.00,2026-01-16T22:38:00Z
order_items-001768,OR-000568,2,PR-00118,3,137.00,10.00,2026-01-16T22:51:00Z
order_items-001769,OR-000569,2,PR-00119,3,103.00,3.00,2026-01-16T23:04:00Z
order_items-001770,OR-000570,2,PR-00120,2,128.00,9.00,2026-01-16T23:17:00Z
order_items-001771,OR-000571,2,PR-00121,3,277.00,3.00,2026-01-16T23:30:00Z
order_items-001772,OR-000572,2,PR-00122,2,251.00,8.00,2026-01-16T23:43:00Z
order_items-001773,OR-000573,2,PR-00123,2,159.00,6.00,2026-01-16T23:56:00Z
order_items-001774,OR-000574,2,PR-00124,1,188.00,2.00,2026-01-17T00:09:00Z
order_items-001775,OR-000575,2,PR-00125,3,98.00,7.00,2026-01-17T00:22:00Z
order_items-001776,OR-000576,2,PR-00126,4,151.00,9.00,2026-01-17T00:35:00Z
order_items-001777,OR-000577,2,PR-00127,4,111.00,6.00,2026-01-17T00:48:00Z
order_items-001778,OR-000578,2,PR-00128,1,281.00,5.00,2026-01-17T01:01:00Z
order_items-001779,OR-000579,2,PR-00129,1,219.00,1.00,2026-01-17T01:14:00Z
order_items-001780,OR-000580,2,PR-00130,4,38.00,10.00,2026-01-17T01:27:00Z
order_items-001781,OR-000581,2,PR-00131,3,207.00,0.00,2026-01-17T01:40:00Z
order_items-001782,OR-000582,2,PR-00132,4,234.00,7.00,2026-01-17T01:53:00Z
order_items-001783,OR-000583,2,PR-00133,1,292.00,9.00,2026-01-17T02:06:00Z
order_items-001784,OR-000584,2,PR-00134,2,42.00,8.00,2026-01-17T02:19:00Z
order_items-001785,OR-000585,2,PR-00135,3,143.00,10.00,2026-01-17T02:32:00Z
order_items-001786,OR-000586,2,PR-00136,4,227.00,6.00,2026-01-17T02:45:00Z
order_items-001787,OR-000587,2,PR-00137,3,253.00,0.00,2026-01-17T02:58:00Z
order_items-001788,OR-000588,2,PR-00138,2,195.00,2.00,2026-01-17T03:11:00Z
order_items-001789,OR-000589,2,PR-00139,2,100.00,5.00,2026-01-17T03:24:00Z
order_items-001790,OR-000590,2,PR-00140,2,87.00,9.00,2026-01-17T03:37:00Z
order_items-001791,OR-000591,2,PR-00141,1,12.00,10.00,2026-01-17T03:50:00Z
order_items-001792,OR-000592,2,PR-00142,3,204.00,9.00,2026-01-17T04:03:00Z
order_items-001793,OR-000593,2,PR-00143,3,117.00,2.00,2026-01-17T04:16:00Z
order_items-001794,OR-000594,2,PR-00144,3,213.00,0.00,2026-01-17T04:29:00Z
order_items-001795,OR-000595,2,PR-00145,2,203.00,6.00,2026-01-17T04:42:00Z
order_items-001796,OR-000596,2,PR-00146,3,181.00,0.00,2026-01-17T04:55:00Z
order_items-001797,OR-000597,2,PR-00147,4,221.00,9.00,2026-01-17T05:08:00Z
order_items-001798,OR-000598,2,PR-00148,2,167.00,5.00,2026-01-17T05:21:00Z
order_items-001799,OR-000599,2,PR-00149,2,182.00,0.00,2026-01-17T05:34:00Z
order_items-001800,OR-000600,2,PR-00150,3,133.00,0.00,2026-01-17T05:47:00Z
order_items-001801,OR-000601,2,PR-00001,2,218.00,7.00,2026-01-17T06:00:00Z
order_items-001802,OR-000602,2,PR-00002,3,182.00,2.00,2026-01-17T06:13:00Z
order_items-001803,OR-000603,2,PR-00003,2,71.00,0.00,2026-01-17T06:26:00Z
order_items-001804,OR-000604,2,PR-00004,3,50.00,2.00,2026-01-17T06:39:00Z
order_items-001805,OR-000605,2,PR-00005,4,263.00,5.00,2026-01-17T06:52:00Z
order_items-001806,OR-000606,2,PR-00006,1,11.00,7.00,2026-01-17T07:05:00Z
order_items-001807,OR-000607,2,PR-00007,2,127.00,6.00,2026-01-17T07:18:00Z
order_items-001808,OR-000608,2,PR-00008,3,50.00,8.00,2026-01-17T07:31:00Z
order_items-001809,OR-000609,2,PR-00009,1,244.00,10.00,2026-01-17T07:44:00Z
order_items-001810,OR-000610,2,PR-00010,2,242.00,2.00,2026-01-17T07:57:00Z
order_items-001811,OR-000611,2,PR-00011,1,171.00,6.00,2026-01-17T08:10:00Z
order_items-001812,OR-000612,2,PR-00012,1,107.00,8.00,2026-01-17T08:23:00Z
order_items-001813,OR-000613,2,PR-00013,4,283.00,0.00,2026-01-17T08:36:00Z
order_items-001814,OR-000614,2,PR-00014,4,228.00,5.00,2026-01-17T08:49:00Z
order_items-001815,OR-000615,2,PR-00015,1,236.00,7.00,2026-01-17T09:02:00Z
order_items-001816,OR-000616,2,PR-00016,1,59.00,4.00,2026-01-17T09:15:00Z
order_items-001817,OR-000617,2,PR-00017,2,185.00,4.00,2026-01-17T09:28:00Z
order_items-001818,OR-000618,2,PR-00018,2,299.00,7.00,2026-01-17T09:41:00Z
order_items-001819,OR-000619,2,PR-00019,3,39.00,2.00,2026-01-17T09:54:00Z
order_items-001820,OR-000620,2,PR-00020,4,154.00,0.00,2026-01-17T10:07:00Z
order_items-001821,OR-000621,2,PR-00021,4,227.00,2.00,2026-01-17T10:20:00Z
order_items-001822,OR-000622,2,PR-00022,2,196.00,9.00,2026-01-17T10:33:00Z
order_items-001823,OR-000623,2,PR-00023,2,243.00,2.00,2026-01-17T10:46:00Z
order_items-001824,OR-000624,2,PR-00024,3,95.00,4.00,2026-01-17T10:59:00Z
order_items-001825,OR-000625,2,PR-00025,3,153.00,9.00,2026-01-17T11:12:00Z
order_items-001826,OR-000626,2,PR-00026,1,50.00,10.00,2026-01-17T11:25:00Z
order_items-001827,OR-000627,2,PR-00027,2,291.00,3.00,2026-01-17T11:38:00Z
order_items-001828,OR-000628,2,PR-00028,3,296.00,1.00,2026-01-17T11:51:00Z
order_items-001829,OR-000629,2,PR-00029,1,104.00,6.00,2026-01-17T12:04:00Z
order_items-001830,OR-000630,2,PR-00030,2,143.00,5.00,2026-01-17T12:17:00Z
order_items-001831,OR-000631,2,PR-00031,3,68.00,3.00,2026-01-17T12:30:00Z
order_items-001832,OR-000632,2,PR-00032,1,291.00,8.00,2026-01-17T12:43:00Z
order_items-001833,OR-000633,2,PR-00033,3,240.00,2.00,2026-01-17T12:56:00Z
order_items-001834,OR-000634,2,PR-00034,2,22.00,1.00,2026-01-17T13:09:00Z
order_items-001835,OR-000635,2,PR-00035,2,109.00,2.00,2026-01-17T13:22:00Z
order_items-001836,OR-000636,2,PR-00036,2,296.00,0.00,2026-01-17T13:35:00Z
order_items-001837,OR-000637,2,PR-00037,3,54.00,7.00,2026-01-17T13:48:00Z
order_items-001838,OR-000638,2,PR-00038,1,68.00,6.00,2026-01-17T14:01:00Z
order_items-001839,OR-000639,2,PR-00039,2,285.00,1.00,2026-01-17T14:14:00Z
order_items-001840,OR-000640,2,PR-00040,4,17.00,1.00,2026-01-17T14:27:00Z
order_items-001841,OR-000641,2,PR-00041,2,88.00,8.00,2026-01-17T14:40:00Z
order_items-001842,OR-000642,2,PR-00042,3,281.00,3.00,2026-01-17T14:53:00Z
order_items-001843,OR-000643,2,PR-00043,4,23.00,9.00,2026-01-17T15:06:00Z
order_items-001844,OR-000644,2,PR-00044,2,180.00,0.00,2026-01-17T15:19:00Z
order_items-001845,OR-000645,2,PR-00045,1,264.00,2.00,2026-01-17T15:32:00Z
order_items-001846,OR-000646,2,PR-00046,3,295.00,1.00,2026-01-17T15:45:00Z
order_items-001847,OR-000647,2,PR-00047,3,62.00,0.00,2026-01-17T15:58:00Z
order_items-001848,OR-000648,2,PR-00048,4,278.00,1.00,2026-01-17T16:11:00Z
order_items-001849,OR-000649,2,PR-00049,2,154.00,10.00,2026-01-17T16:24:00Z
order_items-001850,OR-000650,2,PR-00050,1,206.00,6.00,2026-01-17T16:37:00Z
order_items-001851,OR-000651,2,PR-00051,1,30.00,4.00,2026-01-17T16:50:00Z
order_items-001852,OR-000652,2,PR-00052,2,251.00,6.00,2026-01-17T17:03:00Z
order_items-001853,OR-000653,2,PR-00053,3,65.00,0.00,2026-01-17T17:16:00Z
order_items-001854,OR-000654,2,PR-00054,2,252.00,10.00,2026-01-17T17:29:00Z
order_items-001855,OR-000655,2,PR-00055,2,113.00,1.00,2026-01-17T17:42:00Z
order_items-001856,OR-000656,2,PR-00056,3,170.00,2.00,2026-01-17T17:55:00Z
order_items-001857,OR-000657,2,PR-00057,2,229.00,10.00,2026-01-17T18:08:00Z
order_items-001858,OR-000658,2,PR-00058,1,192.00,2.00,2026-01-17T18:21:00Z
order_items-001859,OR-000659,2,PR-00059,2,278.00,1.00,2026-01-17T18:34:00Z
order_items-001860,OR-000660,2,PR-00060,2,171.00,10.00,2026-01-17T18:47:00Z
order_items-001861,OR-000661,2,PR-00061,3,287.00,0.00,2026-01-17T19:00:00Z
order_items-001862,OR-000662,2,PR-00062,3,41.00,6.00,2026-01-17T19:13:00Z
order_items-001863,OR-000663,2,PR-00063,4,274.00,9.00,2026-01-17T19:26:00Z
order_items-001864,OR-000664,2,PR-00064,3,162.00,0.00,2026-01-17T19:39:00Z
order_items-001865,OR-000665,2,PR-00065,3,255.00,4.00,2026-01-17T19:52:00Z
order_items-001866,OR-000666,2,PR-00066,4,276.00,9.00,2026-01-17T20:05:00Z
order_items-001867,OR-000667,2,PR-00067,1,145.00,0.00,2026-01-17T20:18:00Z
order_items-001868,OR-000668,2,PR-00068,4,20.00,7.00,2026-01-17T20:31:00Z
order_items-001869,OR-000669,2,PR-00069,3,234.00,10.00,2026-01-17T20:44:00Z
order_items-001870,OR-000670,2,PR-00070,4,219.00,1.00,2026-01-17T20:57:00Z
order_items-001871,OR-000671,2,PR-00071,3,87.00,5.00,2026-01-17T21:10:00Z
order_items-001872,OR-000672,2,PR-00072,2,235.00,2.00,2026-01-17T21:23:00Z
order_items-001873,OR-000673,2,PR-00073,3,150.00,8.00,2026-01-17T21:36:00Z
order_items-001874,OR-000674,2,PR-00074,1,175.00,5.00,2026-01-17T21:49:00Z
order_items-001875,OR-000675,2,PR-00075,3,287.00,3.00,2026-01-17T22:02:00Z
order_items-001876,OR-000676,2,PR-00076,3,297.00,2.00,2026-01-17T22:15:00Z
order_items-001877,OR-000677,2,PR-00077,1,146.00,4.00,2026-01-17T22:28:00Z
order_items-001878,OR-000678,2,PR-00078,2,127.00,2.00,2026-01-17T22:41:00Z
order_items-001879,OR-000679,2,PR-00079,2,196.00,9.00,2026-01-17T22:54:00Z
order_items-001880,OR-000680,2,PR-00080,1,109.00,6.00,2026-01-17T23:07:00Z
order_items-001881,OR-000681,2,PR-00081,4,14.00,0.00,2026-01-17T23:20:00Z
order_items-001882,OR-000682,2,PR-00082,2,162.00,10.00,2026-01-17T23:33:00Z
order_items-001883,OR-000683,2,PR-00083,2,231.00,0.00,2026-01-17T23:46:00Z
order_items-001884,OR-000684,2,PR-00084,1,122.00,9.00,2026-01-17T23:59:00Z
order_items-001885,OR-000685,2,PR-00085,2,213.00,7.00,2026-01-18T00:12:00Z
order_items-001886,OR-000686,2,PR-00086,4,135.00,3.00,2026-01-18T00:25:00Z
order_items-001887,OR-000687,2,PR-00087,1,267.00,5.00,2026-01-18T00:38:00Z
order_items-001888,OR-000688,2,PR-00088,2,175.00,0.00,2026-01-18T00:51:00Z
order_items-001889,OR-000689,2,PR-00089,4,298.00,9.00,2026-01-18T01:04:00Z
order_items-001890,OR-000690,2,PR-00090,3,157.00,7.00,2026-01-18T01:17:00Z
order_items-001891,OR-000691,2,PR-00091,4,243.00,3.00,2026-01-18T01:30:00Z
order_items-001892,OR-000692,2,PR-00092,1,249.00,10.00,2026-01-18T01:43:00Z
order_items-001893,OR-000693,2,PR-00093,4,181.00,0.00,2026-01-18T01:56:00Z
order_items-001894,OR-000694,2,PR-00094,1,289.00,1.00,2026-01-18T02:09:00Z
order_items-001895,OR-000695,2,PR-00095,1,82.00,0.00,2026-01-18T02:22:00Z
order_items-001896,OR-000696,2,PR-00096,4,126.00,6.00,2026-01-18T02:35:00Z
order_items-001897,OR-000697,2,PR-00097,3,291.00,0.00,2026-01-18T02:48:00Z
order_items-001898,OR-000698,2,PR-00098,3,278.00,7.00,2026-01-18T03:01:00Z
order_items-001899,OR-000699,2,PR-00099,2,92.00,9.00,2026-01-18T03:14:00Z
order_items-001900,OR-000700,2,PR-00100,4,136.00,8.00,2026-01-18T03:27:00Z
order_items-001901,OR-000701,2,PR-00101,1,267.00,9.00,2026-01-18T03:40:00Z
order_items-001902,OR-000702,2,PR-00102,3,295.00,2.00,2026-01-18T03:53:00Z
order_items-001903,OR-000703,2,PR-00103,2,126.00,1.00,2026-01-18T04:06:00Z
order_items-001904,OR-000704,2,PR-00104,1,126.00,2.00,2026-01-18T04:19:00Z
order_items-001905,OR-000705,2,PR-00105,1,176.00,7.00,2026-01-18T04:32:00Z
order_items-001906,OR-000706,2,PR-00106,4,213.00,0.00,2026-01-18T04:45:00Z
order_items-001907,OR-000707,2,PR-00107,2,233.00,0.00,2026-01-18T04:58:00Z
order_items-001908,OR-000708,2,PR-00108,4,78.00,6.00,2026-01-18T05:11:00Z
order_items-001909,OR-000709,2,PR-00109,4,239.00,8.00,2026-01-18T05:24:00Z
order_items-001910,OR-000710,2,PR-00110,4,11.00,2.00,2026-01-18T05:37:00Z
order_items-001911,OR-000711,2,PR-00111,3,143.00,4.00,2026-01-18T05:50:00Z
order_items-001912,OR-000712,2,PR-00112,1,79.00,6.00,2026-01-18T06:03:00Z
order_items-001913,OR-000713,2,PR-00113,4,161.00,0.00,2026-01-18T06:16:00Z
order_items-001914,OR-000714,2,PR-00114,2,110.00,1.00,2026-01-18T06:29:00Z
order_items-001915,OR-000715,2,PR-00115,2,11.00,8.00,2026-01-18T06:42:00Z
order_items-001916,OR-000716,2,PR-00116,1,91.00,10.00,2026-01-18T06:55:00Z
order_items-001917,OR-000717,2,PR-00117,2,45.00,5.00,2026-01-18T07:08:00Z
order_items-001918,OR-000718,2,PR-00118,4,52.00,7.00,2026-01-18T07:21:00Z
order_items-001919,OR-000719,2,PR-00119,4,172.00,4.00,2026-01-18T07:34:00Z
order_items-001920,OR-000720,2,PR-00120,2,29.00,2.00,2026-01-18T07:47:00Z
order_items-001921,OR-000721,2,PR-00121,2,40.00,8.00,2026-01-18T08:00:00Z
order_items-001922,OR-000722,2,PR-00122,4,51.00,2.00,2026-01-18T08:13:00Z
order_items-001923,OR-000723,2,PR-00123,3,264.00,2.00,2026-01-18T08:26:00Z
order_items-001924,OR-000724,2,PR-00124,4,33.00,3.00,2026-01-18T08:39:00Z
order_items-001925,OR-000725,2,PR-00125,3,163.00,8.00,2026-01-18T08:52:00Z
order_items-001926,OR-000726,2,PR-00126,4,252.00,7.00,2026-01-18T09:05:00Z
order_items-001927,OR-000727,2,PR-00127,2,149.00,3.00,2026-01-18T09:18:00Z
order_items-001928,OR-000728,2,PR-00128,2,200.00,5.00,2026-01-18T09:31:00Z
order_items-001929,OR-000729,2,PR-00129,4,213.00,4.00,2026-01-18T09:44:00Z
order_items-001930,OR-000730,2,PR-00130,1,113.00,5.00,2026-01-18T09:57:00Z
order_items-001931,OR-000731,2,PR-00131,2,59.00,3.00,2026-01-18T10:10:00Z
order_items-001932,OR-000732,2,PR-00132,2,244.00,2.00,2026-01-18T10:23:00Z
order_items-001933,OR-000733,2,PR-00133,3,152.00,4.00,2026-01-18T10:36:00Z
order_items-001934,OR-000734,2,PR-00134,2,106.00,8.00,2026-01-18T10:49:00Z
order_items-001935,OR-000735,2,PR-00135,3,289.00,2.00,2026-01-18T11:02:00Z
order_items-001936,OR-000736,2,PR-00136,4,160.00,3.00,2026-01-18T11:15:00Z
order_items-001937,OR-000737,2,PR-00137,3,290.00,5.00,2026-01-18T11:28:00Z
order_items-001938,OR-000738,2,PR-00138,3,114.00,10.00,2026-01-18T11:41:00Z
order_items-001939,OR-000739,2,PR-00139,3,211.00,5.00,2026-01-18T11:54:00Z
order_items-001940,OR-000740,2,PR-00140,1,212.00,1.00,2026-01-18T12:07:00Z
order_items-001941,OR-000741,2,PR-00141,4,76.00,6.00,2026-01-18T12:20:00Z
order_items-001942,OR-000742,2,PR-00142,3,215.00,6.00,2026-01-18T12:33:00Z
order_items-001943,OR-000743,2,PR-00143,3,253.00,6.00,2026-01-18T12:46:00Z
order_items-001944,OR-000744,2,PR-00144,4,13.00,5.00,2026-01-18T12:59:00Z
order_items-001945,OR-000745,2,PR-00145,1,97.00,5.00,2026-01-18T13:12:00Z
order_items-001946,OR-000746,2,PR-00146,1,196.00,5.00,2026-01-18T13:25:00Z
order_items-001947,OR-000747,2,PR-00147,4,51.00,7.00,2026-01-18T13:38:00Z
order_items-001948,OR-000748,2,PR-00148,4,168.00,0.00,2026-01-18T13:51:00Z
order_items-001949,OR-000749,2,PR-00149,4,179.00,2.00,2026-01-18T14:04:00Z
order_items-001950,OR-000750,2,PR-00150,2,260.00,4.00,2026-01-18T14:17:00Z
order_items-001951,OR-000751,2,PR-00001,1,122.00,9.00,2026-01-18T14:30:00Z
order_items-001952,OR-000752,2,PR-00002,1,270.00,8.00,2026-01-18T14:43:00Z
order_items-001953,OR-000753,2,PR-00003,3,163.00,3.00,2026-01-18T14:56:00Z
order_items-001954,OR-000754,2,PR-00004,4,60.00,6.00,2026-01-18T15:09:00Z
order_items-001955,OR-000755,2,PR-00005,2,199.00,10.00,2026-01-18T15:22:00Z
order_items-001956,OR-000756,2,PR-00006,4,232.00,8.00,2026-01-18T15:35:00Z
order_items-001957,OR-000757,2,PR-00007,1,233.00,4.00,2026-01-18T15:48:00Z
order_items-001958,OR-000758,2,PR-00008,3,276.00,9.00,2026-01-18T16:01:00Z
order_items-001959,OR-000759,2,PR-00009,1,224.00,4.00,2026-01-18T16:14:00Z
order_items-001960,OR-000760,2,PR-00010,4,9.00,6.00,2026-01-18T16:27:00Z
order_items-001961,OR-000761,2,PR-00011,4,45.00,8.00,2026-01-18T16:40:00Z
order_items-001962,OR-000762,2,PR-00012,1,137.00,6.00,2026-01-18T16:53:00Z
order_items-001963,OR-000763,2,PR-00013,4,236.00,9.00,2026-01-18T17:06:00Z
order_items-001964,OR-000764,2,PR-00014,2,131.00,8.00,2026-01-18T17:19:00Z
order_items-001965,OR-000765,2,PR-00015,1,103.00,0.00,2026-01-18T17:32:00Z
order_items-001966,OR-000766,2,PR-00016,2,11.00,1.00,2026-01-18T17:45:00Z
order_items-001967,OR-000767,2,PR-00017,4,153.00,4.00,2026-01-18T17:58:00Z
order_items-001968,OR-000768,2,PR-00018,3,11.00,1.00,2026-01-18T18:11:00Z
order_items-001969,OR-000769,2,PR-00019,4,165.00,9.00,2026-01-18T18:24:00Z
order_items-001970,OR-000770,2,PR-00020,2,14.00,4.00,2026-01-18T18:37:00Z
order_items-001971,OR-000771,2,PR-00021,4,276.00,9.00,2026-01-18T18:50:00Z
order_items-001972,OR-000772,2,PR-00022,1,88.00,6.00,2026-01-18T19:03:00Z
order_items-001973,OR-000773,2,PR-00023,4,202.00,5.00,2026-01-18T19:16:00Z
order_items-001974,OR-000774,2,PR-00024,2,116.00,4.00,2026-01-18T19:29:00Z
order_items-001975,OR-000775,2,PR-00025,4,206.00,4.00,2026-01-18T19:42:00Z
order_items-001976,OR-000776,2,PR-00026,3,212.00,8.00,2026-01-18T19:55:00Z
order_items-001977,OR-000777,2,PR-00027,1,84.00,2.00,2026-01-18T20:08:00Z
order_items-001978,OR-000778,2,PR-00028,3,133.00,6.00,2026-01-18T20:21:00Z
order_items-001979,OR-000779,2,PR-00029,3,113.00,9.00,2026-01-18T20:34:00Z
order_items-001980,OR-000780,2,PR-00030,1,50.00,3.00,2026-01-18T20:47:00Z
order_items-001981,OR-000781,2,PR-00031,1,271.00,10.00,2026-01-18T21:00:00Z
order_items-001982,OR-000782,2,PR-00032,4,139.00,2.00,2026-01-18T21:13:00Z
order_items-001983,OR-000783,2,PR-00033,2,40.00,7.00,2026-01-18T21:26:00Z
order_items-001984,OR-000784,2,PR-00034,4,276.00,9.00,2026-01-18T21:39:00Z
order_items-001985,OR-000785,2,PR-00035,3,51.00,2.00,2026-01-18T21:52:00Z
order_items-001986,OR-000786,2,PR-00036,1,198.00,0.00,2026-01-18T22:05:00Z
order_items-001987,OR-000787,2,PR-00037,1,49.00,8.00,2026-01-18T22:18:00Z
order_items-001988,OR-000788,2,PR-00038,4,221.00,4.00,2026-01-18T22:31:00Z
order_items-001989,OR-000789,2,PR-00039,3,286.00,3.00,2026-01-18T22:44:00Z
order_items-001990,OR-000790,2,PR-00040,4,247.00,0.00,2026-01-18T22:57:00Z
order_items-001991,OR-000791,2,PR-00041,1,33.00,5.00,2026-01-18T23:10:00Z
order_items-001992,OR-000792,2,PR-00042,1,151.00,4.00,2026-01-18T23:23:00Z
order_items-001993,OR-000793,2,PR-00043,2,58.00,4.00,2026-01-18T23:36:00Z
order_items-001994,OR-000794,2,PR-00044,1,6.00,7.00,2026-01-18T23:49:00Z
order_items-001995,OR-000795,2,PR-00045,4,136.00,7.00,2026-01-19T00:02:00Z
order_items-001996,OR-000796,2,PR-00046,2,226.00,7.00,2026-01-19T00:15:00Z
order_items-001997,OR-000797,2,PR-00047,1,81.00,4.00,2026-01-19T00:28:00Z
order_items-001998,OR-000798,2,PR-00048,3,124.00,1.00,2026-01-19T00:41:00Z
order_items-001999,OR-000799,2,PR-00049,3,241.00,0.00,2026-01-19T00:54:00Z
order_items-002000,OR-000800,2,PR-00050,2,134.00,7.00,2026-01-19T01:07:00Z
order_items-002001,OR-000801,2,PR-00051,1,70.00,7.00,2026-01-19T01:20:00Z
order_items-002002,OR-000802,2,PR-00052,3,120.00,2.00,2026-01-19T01:33:00Z
order_items-002003,OR-000803,2,PR-00053,4,114.00,2.00,2026-01-19T01:46:00Z
order_items-002004,OR-000804,2,PR-00054,3,262.00,7.00,2026-01-19T01:59:00Z
order_items-002005,OR-000805,2,PR-00055,3,202.00,10.00,2026-01-19T02:12:00Z
order_items-002006,OR-000806,2,PR-00056,3,85.00,3.00,2026-01-19T02:25:00Z
order_items-002007,OR-000807,2,PR-00057,4,116.00,0.00,2026-01-19T02:38:00Z
order_items-002008,OR-000808,2,PR-00058,4,284.00,10.00,2026-01-19T02:51:00Z
order_items-002009,OR-000809,2,PR-00059,2,291.00,0.00,2026-01-19T03:04:00Z
order_items-002010,OR-000810,2,PR-00060,2,47.00,6.00,2026-01-19T03:17:00Z
order_items-002011,OR-000811,2,PR-00061,3,275.00,2.00,2026-01-19T03:30:00Z
order_items-002012,OR-000812,2,PR-00062,3,241.00,8.00,2026-01-19T03:43:00Z
order_items-002013,OR-000813,2,PR-00063,4,252.00,5.00,2026-01-19T03:56:00Z
order_items-002014,OR-000814,2,PR-00064,4,213.00,2.00,2026-01-19T04:09:00Z
order_items-002015,OR-000815,2,PR-00065,2,109.00,7.00,2026-01-19T04:22:00Z
order_items-002016,OR-000816,2,PR-00066,3,255.00,3.00,2026-01-19T04:35:00Z
order_items-002017,OR-000817,2,PR-00067,4,125.00,6.00,2026-01-19T04:48:00Z
order_items-002018,OR-000818,2,PR-00068,4,150.00,7.00,2026-01-19T05:01:00Z
order_items-002019,OR-000819,2,PR-00069,2,299.00,4.00,2026-01-19T05:14:00Z
order_items-002020,OR-000820,2,PR-00070,1,132.00,1.00,2026-01-19T05:27:00Z
order_items-002021,OR-000821,2,PR-00071,2,243.00,6.00,2026-01-19T05:40:00Z
order_items-002022,OR-000822,2,PR-00072,3,300.00,3.00,2026-01-19T05:53:00Z
order_items-002023,OR-000823,2,PR-00073,4,173.00,7.00,2026-01-19T06:06:00Z
order_items-002024,OR-000824,2,PR-00074,3,285.00,1.00,2026-01-19T06:19:00Z
order_items-002025,OR-000825,2,PR-00075,1,120.00,6.00,2026-01-19T06:32:00Z
order_items-002026,OR-000826,2,PR-00076,3,60.00,7.00,2026-01-19T06:45:00Z
order_items-002027,OR-000827,2,PR-00077,3,151.00,8.00,2026-01-19T06:58:00Z
order_items-002028,OR-000828,2,PR-00078,3,270.00,9.00,2026-01-19T07:11:00Z
order_items-002029,OR-000829,2,PR-00079,4,20.00,6.00,2026-01-19T07:24:00Z
order_items-002030,OR-000830,2,PR-00080,2,296.00,1.00,2026-01-19T07:37:00Z
order_items-002031,OR-000831,2,PR-00081,1,99.00,6.00,2026-01-19T07:50:00Z
order_items-002032,OR-000832,2,PR-00082,1,236.00,4.00,2026-01-19T08:03:00Z
order_items-002033,OR-000833,2,PR-00083,1,74.00,3.00,2026-01-19T08:16:00Z
order_items-002034,OR-000834,2,PR-00084,3,28.00,4.00,2026-01-19T08:29:00Z
order_items-002035,OR-000835,2,PR-00085,4,13.00,2.00,2026-01-19T08:42:00Z
order_items-002036,OR-000836,2,PR-00086,1,110.00,2.00,2026-01-19T08:55:00Z
order_items-002037,OR-000837,2,PR-00087,3,182.00,1.00,2026-01-19T09:08:00Z
order_items-002038,OR-000838,2,PR-00088,2,81.00,10.00,2026-01-19T09:21:00Z
order_items-002039,OR-000839,2,PR-00089,2,85.00,5.00,2026-01-19T09:34:00Z
order_items-002040,OR-000840,2,PR-00090,3,257.00,4.00,2026-01-19T09:47:00Z
order_items-002041,OR-000841,2,PR-00091,3,22.00,7.00,2026-01-19T10:00:00Z
order_items-002042,OR-000842,2,PR-00092,3,31.00,0.00,2026-01-19T10:13:00Z
order_items-002043,OR-000843,2,PR-00093,1,11.00,3.00,2026-01-19T10:26:00Z
order_items-002044,OR-000844,2,PR-00094,2,152.00,7.00,2026-01-19T10:39:00Z
order_items-002045,OR-000845,2,PR-00095,2,89.00,3.00,2026-01-19T10:52:00Z
order_items-002046,OR-000846,2,PR-00096,4,159.00,10.00,2026-01-19T11:05:00Z
order_items-002047,OR-000847,2,PR-00097,4,38.00,8.00,2026-01-19T11:18:00Z
order_items-002048,OR-000848,2,PR-00098,1,133.00,7.00,2026-01-19T11:31:00Z
order_items-002049,OR-000849,2,PR-00099,3,84.00,8.00,2026-01-19T11:44:00Z
order_items-002050,OR-000850,2,PR-00100,3,119.00,9.00,2026-01-19T11:57:00Z
order_items-002051,OR-000851,2,PR-00101,2,287.00,9.00,2026-01-19T12:10:00Z
order_items-002052,OR-000852,2,PR-00102,3,240.00,4.00,2026-01-19T12:23:00Z
order_items-002053,OR-000853,2,PR-00103,1,226.00,6.00,2026-01-19T12:36:00Z
order_items-002054,OR-000854,2,PR-00104,2,154.00,9.00,2026-01-19T12:49:00Z
order_items-002055,OR-000855,2,PR-00105,4,83.00,1.00,2026-01-19T13:02:00Z
order_items-002056,OR-000856,2,PR-00106,4,160.00,7.00,2026-01-19T13:15:00Z
order_items-002057,OR-000857,2,PR-00107,3,22.00,0.00,2026-01-19T13:28:00Z
order_items-002058,OR-000858,2,PR-00108,3,232.00,3.00,2026-01-19T13:41:00Z
order_items-002059,OR-000859,2,PR-00109,4,289.00,5.00,2026-01-19T13:54:00Z
order_items-002060,OR-000860,2,PR-00110,2,272.00,3.00,2026-01-19T14:07:00Z
order_items-002061,OR-000861,2,PR-00111,4,80.00,1.00,2026-01-19T14:20:00Z
order_items-002062,OR-000862,2,PR-00112,1,92.00,3.00,2026-01-19T14:33:00Z
order_items-002063,OR-000863,2,PR-00113,3,231.00,10.00,2026-01-19T14:46:00Z
order_items-002064,OR-000864,2,PR-00114,2,237.00,9.00,2026-01-19T14:59:00Z
order_items-002065,OR-000865,2,PR-00115,4,42.00,1.00,2026-01-19T15:12:00Z
order_items-002066,OR-000866,2,PR-00116,1,299.00,1.00,2026-01-19T15:25:00Z
order_items-002067,OR-000867,2,PR-00117,2,16.00,3.00,2026-01-19T15:38:00Z
order_items-002068,OR-000868,2,PR-00118,3,269.00,7.00,2026-01-19T15:51:00Z
order_items-002069,OR-000869,2,PR-00119,1,208.00,10.00,2026-01-19T16:04:00Z
order_items-002070,OR-000870,2,PR-00120,2,123.00,5.00,2026-01-19T16:17:00Z
order_items-002071,OR-000871,2,PR-00121,3,140.00,7.00,2026-01-19T16:30:00Z
order_items-002072,OR-000872,2,PR-00122,1,284.00,1.00,2026-01-19T16:43:00Z
order_items-002073,OR-000873,2,PR-00123,3,175.00,0.00,2026-01-19T16:56:00Z
order_items-002074,OR-000874,2,PR-00124,3,67.00,8.00,2026-01-19T17:09:00Z
order_items-002075,OR-000875,2,PR-00125,1,70.00,9.00,2026-01-19T17:22:00Z
order_items-002076,OR-000876,2,PR-00126,1,250.00,8.00,2026-01-19T17:35:00Z
order_items-002077,OR-000877,2,PR-00127,4,198.00,7.00,2026-01-19T17:48:00Z
order_items-002078,OR-000878,2,PR-00128,4,154.00,10.00,2026-01-19T18:01:00Z
order_items-002079,OR-000879,2,PR-00129,4,189.00,8.00,2026-01-19T18:14:00Z
order_items-002080,OR-000880,2,PR-00130,4,93.00,2.00,2026-01-19T18:27:00Z
order_items-002081,OR-000881,2,PR-00131,2,225.00,0.00,2026-01-19T18:40:00Z
order_items-002082,OR-000882,2,PR-00132,2,279.00,5.00,2026-01-19T18:53:00Z
order_items-002083,OR-000883,2,PR-00133,2,270.00,2.00,2026-01-19T19:06:00Z
order_items-002084,OR-000884,2,PR-00134,2,205.00,8.00,2026-01-19T19:19:00Z
order_items-002085,OR-000885,2,PR-00135,2,200.00,7.00,2026-01-19T19:32:00Z
order_items-002086,OR-000886,2,PR-00136,2,268.00,5.00,2026-01-19T19:45:00Z
order_items-002087,OR-000887,2,PR-00137,1,299.00,10.00,2026-01-19T19:58:00Z
order_items-002088,OR-000888,2,PR-00138,4,298.00,1.00,2026-01-19T20:11:00Z
order_items-002089,OR-000889,2,PR-00139,4,125.00,8.00,2026-01-19T20:24:00Z
order_items-002090,OR-000890,2,PR-00140,3,106.00,5.00,2026-01-19T20:37:00Z
order_items-002091,OR-000891,2,PR-00141,2,144.00,5.00,2026-01-19T20:50:00Z
order_items-002092,OR-000892,2,PR-00142,1,230.00,9.00,2026-01-19T21:03:00Z
order_items-002093,OR-000893,2,PR-00143,2,239.00,1.00,2026-01-19T21:16:00Z
order_items-002094,OR-000894,2,PR-00144,1,27.00,10.00,2026-01-19T21:29:00Z
order_items-002095,OR-000895,2,PR-00145,1,261.00,6.00,2026-01-19T21:42:00Z
order_items-002096,OR-000896,2,PR-00146,4,74.00,1.00,2026-01-19T21:55:00Z
order_items-002097,OR-000897,2,PR-00147,1,223.00,5.00,2026-01-19T22:08:00Z
order_items-002098,OR-000898,2,PR-00148,4,82.00,1.00,2026-01-19T22:21:00Z
order_items-002099,OR-000899,2,PR-00149,3,142.00,5.00,2026-01-19T22:34:00Z
order_items-002100,OR-000900,2,PR-00150,3,296.00,7.00,2026-01-19T22:47:00Z
order_items-002101,OR-000901,2,PR-00001,1,119.00,9.00,2026-01-19T23:00:00Z
order_items-002102,OR-000902,2,PR-00002,2,259.00,5.00,2026-01-19T23:13:00Z
order_items-002103,OR-000903,2,PR-00003,2,244.00,6.00,2026-01-19T23:26:00Z
order_items-002104,OR-000904,2,PR-00004,1,119.00,8.00,2026-01-19T23:39:00Z
order_items-002105,OR-000905,2,PR-00005,1,130.00,5.00,2026-01-19T23:52:00Z
order_items-002106,OR-000906,2,PR-00006,1,216.00,1.00,2026-01-20T00:05:00Z
order_items-002107,OR-000907,2,PR-00007,1,278.00,7.00,2026-01-20T00:18:00Z
order_items-002108,OR-000908,2,PR-00008,2,31.00,0.00,2026-01-20T00:31:00Z
order_items-002109,OR-000909,2,PR-00009,1,73.00,9.00,2026-01-20T00:44:00Z
order_items-002110,OR-000910,2,PR-00010,1,30.00,2.00,2026-01-20T00:57:00Z
order_items-002111,OR-000911,2,PR-00011,3,39.00,7.00,2026-01-20T01:10:00Z
order_items-002112,OR-000912,2,PR-00012,4,45.00,2.00,2026-01-20T01:23:00Z
order_items-002113,OR-000913,2,PR-00013,4,173.00,6.00,2026-01-20T01:36:00Z
order_items-002114,OR-000914,2,PR-00014,4,237.00,0.00,2026-01-20T01:49:00Z
order_items-002115,OR-000915,2,PR-00015,3,257.00,5.00,2026-01-20T02:02:00Z
order_items-002116,OR-000916,2,PR-00016,2,219.00,5.00,2026-01-20T02:15:00Z
order_items-002117,OR-000917,2,PR-00017,1,98.00,8.00,2026-01-20T02:28:00Z
order_items-002118,OR-000918,2,PR-00018,1,276.00,10.00,2026-01-20T02:41:00Z
order_items-002119,OR-000919,2,PR-00019,3,137.00,1.00,2026-01-20T02:54:00Z
order_items-002120,OR-000920,2,PR-00020,2,279.00,4.00,2026-01-20T03:07:00Z
order_items-002121,OR-000921,2,PR-00021,2,99.00,1.00,2026-01-20T03:20:00Z
order_items-002122,OR-000922,2,PR-00022,2,66.00,1.00,2026-01-20T03:33:00Z
order_items-002123,OR-000923,2,PR-00023,2,50.00,3.00,2026-01-20T03:46:00Z
order_items-002124,OR-000924,2,PR-00024,3,200.00,6.00,2026-01-20T03:59:00Z
order_items-002125,OR-000925,2,PR-00025,2,276.00,3.00,2026-01-20T04:12:00Z
order_items-002126,OR-000926,2,PR-00026,4,280.00,10.00,2026-01-20T04:25:00Z
order_items-002127,OR-000927,2,PR-00027,4,55.00,6.00,2026-01-20T04:38:00Z
order_items-002128,OR-000928,2,PR-00028,3,156.00,10.00,2026-01-20T04:51:00Z
order_items-002129,OR-000929,2,PR-00029,4,239.00,5.00,2026-01-20T05:04:00Z
order_items-002130,OR-000930,2,PR-00030,2,101.00,3.00,2026-01-20T05:17:00Z
order_items-002131,OR-000931,2,PR-00031,2,247.00,7.00,2026-01-20T05:30:00Z
order_items-002132,OR-000932,2,PR-00032,2,157.00,1.00,2026-01-20T05:43:00Z
order_items-002133,OR-000933,2,PR-00033,3,212.00,4.00,2026-01-20T05:56:00Z
order_items-002134,OR-000934,2,PR-00034,4,152.00,5.00,2026-01-20T06:09:00Z
order_items-002135,OR-000935,2,PR-00035,2,201.00,10.00,2026-01-20T06:22:00Z
order_items-002136,OR-000936,2,PR-00036,3,220.00,1.00,2026-01-20T06:35:00Z
order_items-002137,OR-000937,2,PR-00037,2,205.00,1.00,2026-01-20T06:48:00Z
order_items-002138,OR-000938,2,PR-00038,1,195.00,3.00,2026-01-20T07:01:00Z
order_items-002139,OR-000939,2,PR-00039,3,195.00,5.00,2026-01-20T07:14:00Z
order_items-002140,OR-000940,2,PR-00040,4,36.00,3.00,2026-01-20T07:27:00Z
order_items-002141,OR-000941,2,PR-00041,2,126.00,7.00,2026-01-20T07:40:00Z
order_items-002142,OR-000942,2,PR-00042,2,174.00,10.00,2026-01-20T07:53:00Z
order_items-002143,OR-000943,2,PR-00043,3,68.00,10.00,2026-01-20T08:06:00Z
order_items-002144,OR-000944,2,PR-00044,2,51.00,2.00,2026-01-20T08:19:00Z
order_items-002145,OR-000945,2,PR-00045,2,20.00,8.00,2026-01-20T08:32:00Z
order_items-002146,OR-000946,2,PR-00046,3,262.00,10.00,2026-01-20T08:45:00Z
order_items-002147,OR-000947,2,PR-00047,3,125.00,3.00,2026-01-20T08:58:00Z
order_items-002148,OR-000948,2,PR-00048,1,199.00,6.00,2026-01-20T09:11:00Z
order_items-002149,OR-000949,2,PR-00049,4,140.00,3.00,2026-01-20T09:24:00Z
order_items-002150,OR-000950,2,PR-00050,2,127.00,8.00,2026-01-20T09:37:00Z
order_items-002151,OR-000951,2,PR-00051,3,268.00,10.00,2026-01-20T09:50:00Z
order_items-002152,OR-000952,2,PR-00052,3,285.00,4.00,2026-01-20T10:03:00Z
order_items-002153,OR-000953,2,PR-00053,1,69.00,9.00,2026-01-20T10:16:00Z
order_items-002154,OR-000954,2,PR-00054,1,80.00,6.00,2026-01-20T10:29:00Z
order_items-002155,OR-000955,2,PR-00055,4,279.00,6.00,2026-01-20T10:42:00Z
order_items-002156,OR-000956,2,PR-00056,3,168.00,10.00,2026-01-20T10:55:00Z
order_items-002157,OR-000957,2,PR-00057,4,246.00,10.00,2026-01-20T11:08:00Z
order_items-002158,OR-000958,2,PR-00058,1,115.00,5.00,2026-01-20T11:21:00Z
order_items-002159,OR-000959,2,PR-00059,3,19.00,4.00,2026-01-20T11:34:00Z
order_items-002160,OR-000960,2,PR-00060,2,57.00,7.00,2026-01-20T11:47:00Z
order_items-002161,OR-000961,2,PR-00061,3,225.00,8.00,2026-01-20T12:00:00Z
order_items-002162,OR-000962,2,PR-00062,2,102.00,8.00,2026-01-20T12:13:00Z
order_items-002163,OR-000963,2,PR-00063,3,106.00,0.00,2026-01-20T12:26:00Z
order_items-002164,OR-000964,2,PR-00064,4,122.00,0.00,2026-01-20T12:39:00Z
order_items-002165,OR-000965,2,PR-00065,2,220.00,4.00,2026-01-20T12:52:00Z
order_items-002166,OR-000966,2,PR-00066,4,215.00,6.00,2026-01-20T13:05:00Z
order_items-002167,OR-000967,2,PR-00067,4,72.00,5.00,2026-01-20T13:18:00Z
order_items-002168,OR-000968,2,PR-00068,4,109.00,4.00,2026-01-20T13:31:00Z
order_items-002169,OR-000969,2,PR-00069,3,125.00,9.00,2026-01-20T13:44:00Z
order_items-002170,OR-000970,2,PR-00070,1,75.00,0.00,2026-01-20T13:57:00Z
order_items-002171,OR-000971,2,PR-00071,3,215.00,8.00,2026-01-20T14:10:00Z
order_items-002172,OR-000972,2,PR-00072,4,212.00,0.00,2026-01-20T14:23:00Z
order_items-002173,OR-000973,2,PR-00073,3,31.00,2.00,2026-01-20T14:36:00Z
order_items-002174,OR-000974,2,PR-00074,2,18.00,3.00,2026-01-20T14:49:00Z
order_items-002175,OR-000975,2,PR-00075,4,103.00,9.00,2026-01-20T15:02:00Z
order_items-002176,OR-000976,2,PR-00076,3,219.00,10.00,2026-01-20T15:15:00Z
order_items-002177,OR-000977,2,PR-00077,1,229.00,10.00,2026-01-20T15:28:00Z
order_items-002178,OR-000978,2,PR-00078,2,148.00,3.00,2026-01-20T15:41:00Z
order_items-002179,OR-000979,2,PR-00079,2,99.00,7.00,2026-01-20T15:54:00Z
order_items-002180,OR-000980,2,PR-00080,4,89.00,0.00,2026-01-20T16:07:00Z
order_items-002181,OR-000981,2,PR-00081,3,55.00,5.00,2026-01-20T16:20:00Z
order_items-002182,OR-000982,2,PR-00082,1,32.00,6.00,2026-01-20T16:33:00Z
order_items-002183,OR-000983,2,PR-00083,2,108.00,10.00,2026-01-20T16:46:00Z
order_items-002184,OR-000984,2,PR-00084,2,226.00,2.00,2026-01-20T16:59:00Z
order_items-002185,OR-000985,2,PR-00085,3,233.00,7.00,2026-01-20T17:12:00Z
order_items-002186,OR-000986,2,PR-00086,4,186.00,4.00,2026-01-20T17:25:00Z
order_items-002187,OR-000987,2,PR-00087,2,175.00,6.00,2026-01-20T17:38:00Z
order_items-002188,OR-000988,2,PR-00088,2,51.00,5.00,2026-01-20T17:51:00Z
order_items-002189,OR-000989,2,PR-00089,1,223.00,2.00,2026-01-20T18:04:00Z
order_items-002190,OR-000990,2,PR-00090,3,189.00,7.00,2026-01-20T18:17:00Z
order_items-002191,OR-000991,2,PR-00091,1,159.00,10.00,2026-01-20T18:30:00Z
order_items-002192,OR-000992,2,PR-00092,4,243.00,9.00,2026-01-20T18:43:00Z
order_items-002193,OR-000993,2,PR-00093,4,121.00,5.00,2026-01-20T18:56:00Z
order_items-002194,OR-000994,2,PR-00094,1,129.00,10.00,2026-01-20T19:09:00Z
order_items-002195,OR-000995,2,PR-00095,4,270.00,5.00,2026-01-20T19:22:00Z
order_items-002196,OR-000996,2,PR-00096,4,171.00,1.00,2026-01-20T19:35:00Z
order_items-002197,OR-000997,2,PR-00097,4,285.00,6.00,2026-01-20T19:48:00Z
order_items-002198,OR-000998,2,PR-00098,4,108.00,6.00,2026-01-20T20:01:00Z
order_items-002199,OR-000999,2,PR-00099,2,168.00,8.00,2026-01-20T20:14:00Z
order_items-002200,OR-001000,2,PR-00100,4,201.00,9.00,2026-01-20T20:27:00Z
order_items-002201,OR-001001,2,PR-00101,3,267.00,3.00,2026-01-20T20:40:00Z
order_items-002202,OR-001002,2,PR-00102,1,193.00,2.00,2026-01-20T20:53:00Z
order_items-002203,OR-001003,2,PR-00103,4,169.00,4.00,2026-01-20T21:06:00Z
order_items-002204,OR-001004,2,PR-00104,4,204.00,1.00,2026-01-20T21:19:00Z
order_items-002205,OR-001005,2,PR-00105,3,139.00,4.00,2026-01-20T21:32:00Z
order_items-002206,OR-001006,2,PR-00106,1,37.00,2.00,2026-01-20T21:45:00Z
order_items-002207,OR-001007,2,PR-00107,1,15.00,5.00,2026-01-20T21:58:00Z
order_items-002208,OR-001008,2,PR-00108,2,83.00,7.00,2026-01-20T22:11:00Z
order_items-002209,OR-001009,2,PR-00109,2,212.00,5.00,2026-01-20T22:24:00Z
order_items-002210,OR-001010,2,PR-00110,3,186.00,7.00,2026-01-20T22:37:00Z
order_items-002211,OR-001011,2,PR-00111,1,256.00,9.00,2026-01-20T22:50:00Z
order_items-002212,OR-001012,2,PR-00112,2,39.00,8.00,2026-01-20T23:03:00Z
order_items-002213,OR-001013,2,PR-00113,2,234.00,1.00,2026-01-20T23:16:00Z
order_items-002214,OR-001014,2,PR-00114,4,156.00,8.00,2026-01-20T23:29:00Z
order_items-002215,OR-001015,2,PR-00115,3,132.00,6.00,2026-01-20T23:42:00Z
order_items-002216,OR-001016,2,PR-00116,1,210.00,6.00,2026-01-20T23:55:00Z
order_items-002217,OR-001017,2,PR-00117,1,195.00,0.00,2026-01-21T00:08:00Z
order_items-002218,OR-001018,2,PR-00118,1,233.00,6.00,2026-01-21T00:21:00Z
order_items-002219,OR-001019,2,PR-00119,4,249.00,1.00,2026-01-21T00:34:00Z
order_items-002220,OR-001020,2,PR-00120,2,248.00,1.00,2026-01-21T00:47:00Z
order_items-002221,OR-001021,2,PR-00121,3,220.00,8.00,2026-01-21T01:00:00Z
order_items-002222,OR-001022,2,PR-00122,1,132.00,8.00,2026-01-21T01:13:00Z
order_items-002223,OR-001023,2,PR-00123,3,96.00,1.00,2026-01-21T01:26:00Z
order_items-002224,OR-001024,2,PR-00124,2,234.00,1.00,2026-01-21T01:39:00Z
order_items-002225,OR-001025,2,PR-00125,1,189.00,7.00,2026-01-21T01:52:00Z
order_items-002226,OR-001026,2,PR-00126,3,125.00,8.00,2026-01-21T02:05:00Z
order_items-002227,OR-001027,2,PR-00127,1,45.00,2.00,2026-01-21T02:18:00Z
order_items-002228,OR-001028,2,PR-00128,1,29.00,0.00,2026-01-21T02:31:00Z
order_items-002229,OR-001029,2,PR-00129,1,253.00,2.00,2026-01-21T02:44:00Z
order_items-002230,OR-001030,2,PR-00130,1,89.00,3.00,2026-01-21T02:57:00Z
order_items-002231,OR-001031,2,PR-00131,3,220.00,9.00,2026-01-21T03:10:00Z
order_items-002232,OR-001032,2,PR-00132,1,104.00,5.00,2026-01-21T03:23:00Z
order_items-002233,OR-001033,2,PR-00133,2,170.00,1.00,2026-01-21T03:36:00Z
order_items-002234,OR-001034,2,PR-00134,4,185.00,0.00,2026-01-21T03:49:00Z
order_items-002235,OR-001035,2,PR-00135,3,105.00,3.00,2026-01-21T04:02:00Z
order_items-002236,OR-001036,2,PR-00136,3,162.00,9.00,2026-01-21T04:15:00Z
order_items-002237,OR-001037,2,PR-00137,1,31.00,7.00,2026-01-21T04:28:00Z
order_items-002238,OR-001038,2,PR-00138,4,300.00,0.00,2026-01-21T04:41:00Z
order_items-002239,OR-001039,2,PR-00139,2,38.00,2.00,2026-01-21T04:54:00Z
order_items-002240,OR-001040,2,PR-00140,2,175.00,3.00,2026-01-21T05:07:00Z
order_items-002241,OR-001041,2,PR-00141,1,292.00,1.00,2026-01-21T05:20:00Z
order_items-002242,OR-001042,2,PR-00142,3,84.00,7.00,2026-01-21T05:33:00Z
order_items-002243,OR-001043,2,PR-00143,1,152.00,7.00,2026-01-21T05:46:00Z
order_items-002244,OR-001044,2,PR-00144,1,187.00,4.00,2026-01-21T05:59:00Z
order_items-002245,OR-001045,2,PR-00145,4,211.00,6.00,2026-01-21T06:12:00Z
order_items-002246,OR-001046,2,PR-00146,2,229.00,8.00,2026-01-21T06:25:00Z
order_items-002247,OR-001047,2,PR-00147,4,288.00,6.00,2026-01-21T06:38:00Z
order_items-002248,OR-001048,2,PR-00148,1,249.00,5.00,2026-01-21T06:51:00Z
order_items-002249,OR-001049,2,PR-00149,2,243.00,2.00,2026-01-21T07:04:00Z
order_items-002250,OR-001050,2,PR-00150,1,8.00,1.00,2026-01-21T07:17:00Z
order_items-002251,OR-001051,2,PR-00001,1,219.00,9.00,2026-01-21T07:30:00Z
order_items-002252,OR-001052,2,PR-00002,4,86.00,1.00,2026-01-21T07:43:00Z
order_items-002253,OR-001053,2,PR-00003,3,7.00,2.00,2026-01-21T07:56:00Z
order_items-002254,OR-001054,2,PR-00004,4,102.00,2.00,2026-01-21T08:09:00Z
order_items-002255,OR-001055,2,PR-00005,4,252.00,5.00,2026-01-21T08:22:00Z
order_items-002256,OR-001056,2,PR-00006,1,173.00,4.00,2026-01-21T08:35:00Z
order_items-002257,OR-001057,2,PR-00007,1,21.00,1.00,2026-01-21T08:48:00Z
order_items-002258,OR-001058,2,PR-00008,3,276.00,0.00,2026-01-21T09:01:00Z
order_items-002259,OR-001059,2,PR-00009,3,246.00,3.00,2026-01-21T09:14:00Z
order_items-002260,OR-001060,2,PR-00010,3,170.00,8.00,2026-01-21T09:27:00Z
order_items-002261,OR-001061,2,PR-00011,2,69.00,6.00,2026-01-21T09:40:00Z
order_items-002262,OR-001062,2,PR-00012,4,120.00,4.00,2026-01-21T09:53:00Z
order_items-002263,OR-001063,2,PR-00013,4,264.00,0.00,2026-01-21T10:06:00Z
order_items-002264,OR-001064,2,PR-00014,3,159.00,0.00,2026-01-21T10:19:00Z
order_items-002265,OR-001065,2,PR-00015,1,299.00,2.00,2026-01-21T10:32:00Z
order_items-002266,OR-001066,2,PR-00016,2,232.00,2.00,2026-01-21T10:45:00Z
order_items-002267,OR-001067,2,PR-00017,1,89.00,10.00,2026-01-21T10:58:00Z
order_items-002268,OR-001068,2,PR-00018,2,228.00,8.00,2026-01-21T11:11:00Z
order_items-002269,OR-001069,2,PR-00019,1,23.00,10.00,2026-01-21T11:24:00Z
order_items-002270,OR-001070,2,PR-00020,1,286.00,8.00,2026-01-21T11:37:00Z
order_items-002271,OR-001071,2,PR-00021,1,150.00,8.00,2026-01-21T11:50:00Z
order_items-002272,OR-001072,2,PR-00022,1,128.00,7.00,2026-01-21T12:03:00Z
order_items-002273,OR-001073,2,PR-00023,1,6.00,1.00,2026-01-21T12:16:00Z
order_items-002274,OR-001074,2,PR-00024,3,77.00,2.00,2026-01-21T12:29:00Z
order_items-002275,OR-001075,2,PR-00025,2,72.00,3.00,2026-01-21T12:42:00Z
order_items-002276,OR-001076,2,PR-00026,2,137.00,7.00,2026-01-21T12:55:00Z
order_items-002277,OR-001077,2,PR-00027,1,97.00,8.00,2026-01-21T13:08:00Z
order_items-002278,OR-001078,2,PR-00028,1,44.00,5.00,2026-01-21T13:21:00Z
order_items-002279,OR-001079,2,PR-00029,3,287.00,2.00,2026-01-21T13:34:00Z
order_items-002280,OR-001080,2,PR-00030,3,157.00,1.00,2026-01-21T13:47:00Z
order_items-002281,OR-001081,2,PR-00031,4,207.00,4.00,2026-01-21T14:00:00Z
order_items-002282,OR-001082,2,PR-00032,2,238.00,5.00,2026-01-21T14:13:00Z
order_items-002283,OR-001083,2,PR-00033,1,46.00,8.00,2026-01-21T14:26:00Z
order_items-002284,OR-001084,2,PR-00034,1,147.00,7.00,2026-01-21T14:39:00Z
order_items-002285,OR-001085,2,PR-00035,4,189.00,8.00,2026-01-21T14:52:00Z
order_items-002286,OR-001086,2,PR-00036,3,214.00,1.00,2026-01-21T15:05:00Z
order_items-002287,OR-001087,2,PR-00037,4,272.00,0.00,2026-01-21T15:18:00Z
order_items-002288,OR-001088,2,PR-00038,3,275.00,0.00,2026-01-21T15:31:00Z
order_items-002289,OR-001089,2,PR-00039,2,25.00,1.00,2026-01-21T15:44:00Z
order_items-002290,OR-001090,2,PR-00040,3,114.00,0.00,2026-01-21T15:57:00Z
order_items-002291,OR-001091,2,PR-00041,2,127.00,5.00,2026-01-21T16:10:00Z
order_items-002292,OR-001092,2,PR-00042,1,255.00,5.00,2026-01-21T16:23:00Z
order_items-002293,OR-001093,2,PR-00043,1,129.00,1.00,2026-01-21T16:36:00Z
order_items-002294,OR-001094,2,PR-00044,2,120.00,10.00,2026-01-21T16:49:00Z
order_items-002295,OR-001095,2,PR-00045,3,282.00,8.00,2026-01-21T17:02:00Z
order_items-002296,OR-001096,2,PR-00046,2,296.00,9.00,2026-01-21T17:15:00Z
order_items-002297,OR-001097,2,PR-00047,2,111.00,3.00,2026-01-21T17:28:00Z
order_items-002298,OR-001098,2,PR-00048,4,255.00,7.00,2026-01-21T17:41:00Z
order_items-002299,OR-001099,2,PR-00049,2,209.00,2.00,2026-01-21T17:54:00Z
order_items-002300,OR-001100,2,PR-00050,1,198.00,6.00,2026-01-21T18:07:00Z
order_items-002301,OR-001101,2,PR-00051,1,172.00,9.00,2026-01-21T18:20:00Z
order_items-002302,OR-001102,2,PR-00052,4,215.00,4.00,2026-01-21T18:33:00Z
order_items-002303,OR-001103,2,PR-00053,3,287.00,7.00,2026-01-21T18:46:00Z
order_items-002304,OR-001104,2,PR-00054,3,237.00,0.00,2026-01-21T18:59:00Z
order_items-002305,OR-001105,2,PR-00055,1,203.00,3.00,2026-01-21T19:12:00Z
order_items-002306,OR-001106,2,PR-00056,4,128.00,6.00,2026-01-21T19:25:00Z
order_items-002307,OR-001107,2,PR-00057,4,207.00,0.00,2026-01-21T19:38:00Z
order_items-002308,OR-001108,2,PR-00058,2,209.00,0.00,2026-01-21T19:51:00Z
order_items-002309,OR-001109,2,PR-00059,2,100.00,8.00,2026-01-21T20:04:00Z
order_items-002310,OR-001110,2,PR-00060,2,13.00,10.00,2026-01-21T20:17:00Z
order_items-002311,OR-001111,2,PR-00061,1,264.00,6.00,2026-01-21T20:30:00Z
order_items-002312,OR-001112,2,PR-00062,3,160.00,0.00,2026-01-21T20:43:00Z
order_items-002313,OR-001113,2,PR-00063,2,96.00,0.00,2026-01-21T20:56:00Z
order_items-002314,OR-001114,2,PR-00064,1,18.00,0.00,2026-01-21T21:09:00Z
order_items-002315,OR-001115,2,PR-00065,2,206.00,4.00,2026-01-21T21:22:00Z
order_items-002316,OR-001116,2,PR-00066,3,100.00,7.00,2026-01-21T21:35:00Z
order_items-002317,OR-001117,2,PR-00067,2,191.00,6.00,2026-01-21T21:48:00Z
order_items-002318,OR-001118,2,PR-00068,2,158.00,0.00,2026-01-21T22:01:00Z
order_items-002319,OR-001119,2,PR-00069,4,52.00,0.00,2026-01-21T22:14:00Z
order_items-002320,OR-001120,2,PR-00070,4,82.00,6.00,2026-01-21T22:27:00Z
order_items-002321,OR-001121,2,PR-00071,3,260.00,4.00,2026-01-21T22:40:00Z
order_items-002322,OR-001122,2,PR-00072,3,171.00,5.00,2026-01-21T22:53:00Z
order_items-002323,OR-001123,2,PR-00073,1,284.00,4.00,2026-01-21T23:06:00Z
order_items-002324,OR-001124,2,PR-00074,2,25.00,8.00,2026-01-21T23:19:00Z
order_items-002325,OR-001125,2,PR-00075,2,108.00,3.00,2026-01-21T23:32:00Z
order_items-002326,OR-001126,2,PR-00076,3,106.00,7.00,2026-01-21T23:45:00Z
order_items-002327,OR-001127,2,PR-00077,1,19.00,0.00,2026-01-21T23:58:00Z
order_items-002328,OR-001128,2,PR-00078,3,270.00,2.00,2026-01-22T00:11:00Z
order_items-002329,OR-001129,2,PR-00079,3,148.00,9.00,2026-01-22T00:24:00Z
order_items-002330,OR-001130,2,PR-00080,4,56.00,5.00,2026-01-22T00:37:00Z
order_items-002331,OR-001131,2,PR-00081,4,194.00,9.00,2026-01-22T00:50:00Z
order_items-002332,OR-001132,2,PR-00082,4,221.00,5.00,2026-01-22T01:03:00Z
order_items-002333,OR-001133,2,PR-00083,1,294.00,6.00,2026-01-22T01:16:00Z
order_items-002334,OR-001134,2,PR-00084,1,235.00,1.00,2026-01-22T01:29:00Z
order_items-002335,OR-001135,2,PR-00085,3,70.00,2.00,2026-01-22T01:42:00Z
order_items-002336,OR-001136,2,PR-00086,1,178.00,8.00,2026-01-22T01:55:00Z
order_items-002337,OR-001137,2,PR-00087,4,153.00,2.00,2026-01-22T02:08:00Z
order_items-002338,OR-001138,2,PR-00088,4,277.00,4.00,2026-01-22T02:21:00Z
order_items-002339,OR-001139,2,PR-00089,2,233.00,5.00,2026-01-22T02:34:00Z
order_items-002340,OR-001140,2,PR-00090,2,80.00,7.00,2026-01-22T02:47:00Z
order_items-002341,OR-001141,2,PR-00091,3,76.00,3.00,2026-01-22T03:00:00Z
order_items-002342,OR-001142,2,PR-00092,4,218.00,7.00,2026-01-22T03:13:00Z
order_items-002343,OR-001143,2,PR-00093,2,96.00,2.00,2026-01-22T03:26:00Z
order_items-002344,OR-001144,2,PR-00094,4,139.00,3.00,2026-01-22T03:39:00Z
order_items-002345,OR-001145,2,PR-00095,3,127.00,5.00,2026-01-22T03:52:00Z
order_items-002346,OR-001146,2,PR-00096,2,28.00,9.00,2026-01-22T04:05:00Z
order_items-002347,OR-001147,2,PR-00097,3,34.00,10.00,2026-01-22T04:18:00Z
order_items-002348,OR-001148,2,PR-00098,2,167.00,2.00,2026-01-22T04:31:00Z
order_items-002349,OR-001149,2,PR-00099,2,150.00,10.00,2026-01-22T04:44:00Z
order_items-002350,OR-001150,2,PR-00100,4,81.00,6.00,2026-01-22T04:57:00Z
order_items-002351,OR-001151,2,PR-00101,3,234.00,4.00,2026-01-22T05:10:00Z
order_items-002352,OR-001152,2,PR-00102,2,183.00,1.00,2026-01-22T05:23:00Z
order_items-002353,OR-001153,2,PR-00103,4,132.00,0.00,2026-01-22T05:36:00Z
order_items-002354,OR-001154,2,PR-00104,3,196.00,5.00,2026-01-22T05:49:00Z
order_items-002355,OR-001155,2,PR-00105,2,298.00,4.00,2026-01-22T06:02:00Z
order_items-002356,OR-001156,2,PR-00106,1,292.00,4.00,2026-01-22T06:15:00Z
order_items-002357,OR-001157,2,PR-00107,3,93.00,0.00,2026-01-22T06:28:00Z
order_items-002358,OR-001158,2,PR-00108,3,16.00,2.00,2026-01-22T06:41:00Z
order_items-002359,OR-001159,2,PR-00109,1,68.00,6.00,2026-01-22T06:54:00Z
order_items-002360,OR-001160,2,PR-00110,1,202.00,10.00,2026-01-22T07:07:00Z
order_items-002361,OR-001161,2,PR-00111,1,274.00,8.00,2026-01-22T07:20:00Z
order_items-002362,OR-001162,2,PR-00112,1,167.00,2.00,2026-01-22T07:33:00Z
order_items-002363,OR-001163,2,PR-00113,2,120.00,4.00,2026-01-22T07:46:00Z
order_items-002364,OR-001164,2,PR-00114,1,271.00,0.00,2026-01-22T07:59:00Z
order_items-002365,OR-001165,2,PR-00115,2,212.00,10.00,2026-01-22T08:12:00Z
order_items-002366,OR-001166,2,PR-00116,1,259.00,3.00,2026-01-22T08:25:00Z
order_items-002367,OR-001167,2,PR-00117,4,255.00,6.00,2026-01-22T08:38:00Z
order_items-002368,OR-001168,2,PR-00118,3,225.00,10.00,2026-01-22T08:51:00Z
order_items-002369,OR-001169,2,PR-00119,3,78.00,2.00,2026-01-22T09:04:00Z
order_items-002370,OR-001170,2,PR-00120,4,287.00,9.00,2026-01-22T09:17:00Z
order_items-002371,OR-001171,2,PR-00121,3,120.00,10.00,2026-01-22T09:30:00Z
order_items-002372,OR-001172,2,PR-00122,3,216.00,4.00,2026-01-22T09:43:00Z
order_items-002373,OR-001173,2,PR-00123,1,46.00,5.00,2026-01-22T09:56:00Z
order_items-002374,OR-001174,2,PR-00124,1,292.00,6.00,2026-01-22T10:09:00Z
order_items-002375,OR-001175,2,PR-00125,4,204.00,5.00,2026-01-22T10:22:00Z
order_items-002376,OR-001176,2,PR-00126,4,245.00,6.00,2026-01-22T10:35:00Z
order_items-002377,OR-001177,2,PR-00127,3,283.00,7.00,2026-01-22T10:48:00Z
order_items-002378,OR-001178,2,PR-00128,3,197.00,4.00,2026-01-22T11:01:00Z
order_items-002379,OR-001179,2,PR-00129,2,194.00,10.00,2026-01-22T11:14:00Z
order_items-002380,OR-001180,2,PR-00130,2,7.00,1.00,2026-01-22T11:27:00Z
order_items-002381,OR-001181,2,PR-00131,2,176.00,6.00,2026-01-22T11:40:00Z
order_items-002382,OR-001182,2,PR-00132,3,51.00,10.00,2026-01-22T11:53:00Z
order_items-002383,OR-001183,2,PR-00133,3,272.00,3.00,2026-01-22T12:06:00Z
order_items-002384,OR-001184,2,PR-00134,4,195.00,0.00,2026-01-22T12:19:00Z
order_items-002385,OR-001185,2,PR-00135,2,284.00,9.00,2026-01-22T12:32:00Z
order_items-002386,OR-001186,2,PR-00136,3,294.00,0.00,2026-01-22T12:45:00Z
order_items-002387,OR-001187,2,PR-00137,1,270.00,1.00,2026-01-22T12:58:00Z
order_items-002388,OR-001188,2,PR-00138,3,247.00,9.00,2026-01-22T13:11:00Z
order_items-002389,OR-001189,2,PR-00139,3,127.00,1.00,2026-01-22T13:24:00Z
order_items-002390,OR-001190,2,PR-00140,2,116.00,5.00,2026-01-22T13:37:00Z
order_items-002391,OR-001191,2,PR-00141,3,243.00,6.00,2026-01-22T13:50:00Z
order_items-002392,OR-001192,2,PR-00142,3,46.00,4.00,2026-01-22T14:03:00Z
order_items-002393,OR-001193,2,PR-00143,1,72.00,10.00,2026-01-22T14:16:00Z
order_items-002394,OR-001194,2,PR-00144,3,56.00,1.00,2026-01-22T14:29:00Z
order_items-002395,OR-001195,2,PR-00145,4,257.00,1.00,2026-01-22T14:42:00Z
order_items-002396,OR-001196,2,PR-00146,1,193.00,0.00,2026-01-22T14:55:00Z
order_items-002397,OR-001197,2,PR-00147,1,129.00,1.00,2026-01-22T15:08:00Z
order_items-002398,OR-001198,2,PR-00148,1,226.00,6.00,2026-01-22T15:21:00Z
order_items-002399,OR-001199,2,PR-00149,2,79.00,6.00,2026-01-22T15:34:00Z
order_items-002400,OR-001200,2,PR-00150,1,254.00,10.00,2026-01-22T15:47:00Z
order_items-002401,OR-000001,3,PR-00001,4,189.00,0.00,2026-01-22T16:00:00Z
order_items-002402,OR-000002,3,PR-00002,3,272.00,6.00,2026-01-22T16:13:00Z
order_items-002403,OR-000003,3,PR-00003,2,197.00,1.00,2026-01-22T16:26:00Z
order_items-002404,OR-000004,3,PR-00004,3,237.00,3.00,2026-01-22T16:39:00Z
order_items-002405,OR-000005,3,PR-00005,3,88.00,8.00,2026-01-22T16:52:00Z
order_items-002406,OR-000006,3,PR-00006,1,128.00,0.00,2026-01-22T17:05:00Z
order_items-002407,OR-000007,3,PR-00007,2,126.00,8.00,2026-01-22T17:18:00Z
order_items-002408,OR-000008,3,PR-00008,3,251.00,4.00,2026-01-22T17:31:00Z
order_items-002409,OR-000009,3,PR-00009,1,24.00,2.00,2026-01-22T17:44:00Z
order_items-002410,OR-000010,3,PR-00010,4,49.00,4.00,2026-01-22T17:57:00Z
order_items-002411,OR-000011,3,PR-00011,1,211.00,1.00,2026-01-22T18:10:00Z
order_items-002412,OR-000012,3,PR-00012,4,119.00,1.00,2026-01-22T18:23:00Z
order_items-002413,OR-000013,3,PR-00013,3,253.00,3.00,2026-01-22T18:36:00Z
order_items-002414,OR-000014,3,PR-00014,2,264.00,8.00,2026-01-22T18:49:00Z
order_items-002415,OR-000015,3,PR-00015,3,292.00,3.00,2026-01-22T19:02:00Z
order_items-002416,OR-000016,3,PR-00016,1,18.00,5.00,2026-01-22T19:15:00Z
order_items-002417,OR-000017,3,PR-00017,3,167.00,3.00,2026-01-22T19:28:00Z
order_items-002418,OR-000018,3,PR-00018,2,220.00,0.00,2026-01-22T19:41:00Z
order_items-002419,OR-000019,3,PR-00019,1,15.00,9.00,2026-01-22T19:54:00Z
order_items-002420,OR-000020,3,PR-00020,2,132.00,1.00,2026-01-22T20:07:00Z
order_items-002421,OR-000021,3,PR-00021,4,225.00,1.00,2026-01-22T20:20:00Z
order_items-002422,OR-000022,3,PR-00022,1,176.00,3.00,2026-01-22T20:33:00Z
order_items-002423,OR-000023,3,PR-00023,4,183.00,3.00,2026-01-22T20:46:00Z
order_items-002424,OR-000024,3,PR-00024,3,254.00,4.00,2026-01-22T20:59:00Z
order_items-002425,OR-000025,3,PR-00025,2,54.00,3.00,2026-01-22T21:12:00Z
order_items-002426,OR-000026,3,PR-00026,4,288.00,5.00,2026-01-22T21:25:00Z
order_items-002427,OR-000027,3,PR-00027,2,229.00,4.00,2026-01-22T21:38:00Z
order_items-002428,OR-000028,3,PR-00028,4,208.00,10.00,2026-01-22T21:51:00Z
order_items-002429,OR-000029,3,PR-00029,3,124.00,6.00,2026-01-22T22:04:00Z
order_items-002430,OR-000030,3,PR-00030,3,292.00,9.00,2026-01-22T22:17:00Z
order_items-002431,OR-000031,3,PR-00031,2,152.00,3.00,2026-01-22T22:30:00Z
order_items-002432,OR-000032,3,PR-00032,2,18.00,7.00,2026-01-22T22:43:00Z
order_items-002433,OR-000033,3,PR-00033,1,35.00,8.00,2026-01-22T22:56:00Z
order_items-002434,OR-000034,3,PR-00034,3,155.00,4.00,2026-01-22T23:09:00Z
order_items-002435,OR-000035,3,PR-00035,2,195.00,6.00,2026-01-22T23:22:00Z
order_items-002436,OR-000036,3,PR-00036,2,74.00,0.00,2026-01-22T23:35:00Z
order_items-002437,OR-000037,3,PR-00037,1,198.00,10.00,2026-01-22T23:48:00Z
order_items-002438,OR-000038,3,PR-00038,4,79.00,2.00,2026-01-23T00:01:00Z
order_items-002439,OR-000039,3,PR-00039,2,160.00,10.00,2026-01-23T00:14:00Z
order_items-002440,OR-000040,3,PR-00040,4,37.00,10.00,2026-01-23T00:27:00Z
order_items-002441,OR-000041,3,PR-00041,2,187.00,4.00,2026-01-23T00:40:00Z
order_items-002442,OR-000042,3,PR-00042,3,215.00,7.00,2026-01-23T00:53:00Z
order_items-002443,OR-000043,3,PR-00043,3,157.00,8.00,2026-01-23T01:06:00Z
order_items-002444,OR-000044,3,PR-00044,4,227.00,1.00,2026-01-23T01:19:00Z
order_items-002445,OR-000045,3,PR-00045,3,281.00,7.00,2026-01-23T01:32:00Z
order_items-002446,OR-000046,3,PR-00046,4,218.00,9.00,2026-01-23T01:45:00Z
order_items-002447,OR-000047,3,PR-00047,3,251.00,1.00,2026-01-23T01:58:00Z
order_items-002448,OR-000048,3,PR-00048,3,125.00,9.00,2026-01-23T02:11:00Z
order_items-002449,OR-000049,3,PR-00049,1,139.00,2.00,2026-01-23T02:24:00Z
order_items-002450,OR-000050,3,PR-00050,1,26.00,5.00,2026-01-23T02:37:00Z
order_items-002451,OR-000051,3,PR-00051,4,34.00,5.00,2026-01-23T02:50:00Z
order_items-002452,OR-000052,3,PR-00052,4,183.00,3.00,2026-01-23T03:03:00Z
order_items-002453,OR-000053,3,PR-00053,4,143.00,6.00,2026-01-23T03:16:00Z
order_items-002454,OR-000054,3,PR-00054,2,216.00,9.00,2026-01-23T03:29:00Z
order_items-002455,OR-000055,3,PR-00055,4,37.00,3.00,2026-01-23T03:42:00Z
order_items-002456,OR-000056,3,PR-00056,1,273.00,10.00,2026-01-23T03:55:00Z
order_items-002457,OR-000057,3,PR-00057,4,145.00,8.00,2026-01-23T04:08:00Z
order_items-002458,OR-000058,3,PR-00058,4,275.00,0.00,2026-01-23T04:21:00Z
order_items-002459,OR-000059,3,PR-00059,1,177.00,5.00,2026-01-23T04:34:00Z
order_items-002460,OR-000060,3,PR-00060,3,43.00,2.00,2026-01-23T04:47:00Z
order_items-002461,OR-000061,3,PR-00061,1,115.00,0.00,2026-01-23T05:00:00Z
order_items-002462,OR-000062,3,PR-00062,2,40.00,0.00,2026-01-23T05:13:00Z
order_items-002463,OR-000063,3,PR-00063,3,146.00,3.00,2026-01-23T05:26:00Z
order_items-002464,OR-000064,3,PR-00064,4,83.00,7.00,2026-01-23T05:39:00Z
order_items-002465,OR-000065,3,PR-00065,1,196.00,0.00,2026-01-23T05:52:00Z
order_items-002466,OR-000066,3,PR-00066,4,280.00,9.00,2026-01-23T06:05:00Z
order_items-002467,OR-000067,3,PR-00067,4,105.00,5.00,2026-01-23T06:18:00Z
order_items-002468,OR-000068,3,PR-00068,3,126.00,7.00,2026-01-23T06:31:00Z
order_items-002469,OR-000069,3,PR-00069,2,229.00,9.00,2026-01-23T06:44:00Z
order_items-002470,OR-000070,3,PR-00070,2,233.00,9.00,2026-01-23T06:57:00Z
order_items-002471,OR-000071,3,PR-00071,4,205.00,7.00,2026-01-23T07:10:00Z
order_items-002472,OR-000072,3,PR-00072,3,124.00,5.00,2026-01-23T07:23:00Z
order_items-002473,OR-000073,3,PR-00073,4,101.00,7.00,2026-01-23T07:36:00Z
order_items-002474,OR-000074,3,PR-00074,4,300.00,9.00,2026-01-23T07:49:00Z
order_items-002475,OR-000075,3,PR-00075,4,79.00,7.00,2026-01-23T08:02:00Z
order_items-002476,OR-000076,3,PR-00076,1,249.00,1.00,2026-01-23T08:15:00Z
order_items-002477,OR-000077,3,PR-00077,3,296.00,4.00,2026-01-23T08:28:00Z
order_items-002478,OR-000078,3,PR-00078,4,147.00,1.00,2026-01-23T08:41:00Z
order_items-002479,OR-000079,3,PR-00079,2,187.00,10.00,2026-01-23T08:54:00Z
order_items-002480,OR-000080,3,PR-00080,3,274.00,6.00,2026-01-23T09:07:00Z
order_items-002481,OR-000081,3,PR-00081,2,169.00,9.00,2026-01-23T09:20:00Z
order_items-002482,OR-000082,3,PR-00082,2,234.00,1.00,2026-01-23T09:33:00Z
order_items-002483,OR-000083,3,PR-00083,3,267.00,8.00,2026-01-23T09:46:00Z
order_items-002484,OR-000084,3,PR-00084,2,156.00,1.00,2026-01-23T09:59:00Z
order_items-002485,OR-000085,3,PR-00085,3,295.00,2.00,2026-01-23T10:12:00Z
order_items-002486,OR-000086,3,PR-00086,1,184.00,3.00,2026-01-23T10:25:00Z
order_items-002487,OR-000087,3,PR-00087,4,101.00,10.00,2026-01-23T10:38:00Z
order_items-002488,OR-000088,3,PR-00088,1,132.00,3.00,2026-01-23T10:51:00Z
order_items-002489,OR-000089,3,PR-00089,1,198.00,6.00,2026-01-23T11:04:00Z
order_items-002490,OR-000090,3,PR-00090,2,175.00,9.00,2026-01-23T11:17:00Z
order_items-002491,OR-000091,3,PR-00091,4,142.00,1.00,2026-01-23T11:30:00Z
order_items-002492,OR-000092,3,PR-00092,3,71.00,10.00,2026-01-23T11:43:00Z
order_items-002493,OR-000093,3,PR-00093,2,154.00,4.00,2026-01-23T11:56:00Z
order_items-002494,OR-000094,3,PR-00094,2,116.00,7.00,2026-01-23T12:09:00Z
order_items-002495,OR-000095,3,PR-00095,2,277.00,5.00,2026-01-23T12:22:00Z
order_items-002496,OR-000096,3,PR-00096,1,127.00,4.00,2026-01-23T12:35:00Z
order_items-002497,OR-000097,3,PR-00097,2,114.00,3.00,2026-01-23T12:48:00Z
order_items-002498,OR-000098,3,PR-00098,4,300.00,6.00,2026-01-23T13:01:00Z
order_items-002499,OR-000099,3,PR-00099,4,183.00,3.00,2026-01-23T13:14:00Z
order_items-002500,OR-000100,3,PR-00100,1,295.00,7.00,2026-01-23T13:27:00Z
order_items-002501,OR-000101,3,PR-00101,3,217.00,0.00,2026-01-23T13:40:00Z
order_items-002502,OR-000102,3,PR-00102,3,42.00,4.00,2026-01-23T13:53:00Z
order_items-002503,OR-000103,3,PR-00103,1,178.00,10.00,2026-01-23T14:06:00Z
order_items-002504,OR-000104,3,PR-00104,3,155.00,6.00,2026-01-23T14:19:00Z
order_items-002505,OR-000105,3,PR-00105,2,64.00,10.00,2026-01-23T14:32:00Z
order_items-002506,OR-000106,3,PR-00106,1,300.00,8.00,2026-01-23T14:45:00Z
order_items-002507,OR-000107,3,PR-00107,3,272.00,4.00,2026-01-23T14:58:00Z
order_items-002508,OR-000108,3,PR-00108,4,189.00,4.00,2026-01-23T15:11:00Z
order_items-002509,OR-000109,3,PR-00109,2,105.00,1.00,2026-01-23T15:24:00Z
order_items-002510,OR-000110,3,PR-00110,4,11.00,7.00,2026-01-23T15:37:00Z
order_items-002511,OR-000111,3,PR-00111,1,56.00,4.00,2026-01-23T15:50:00Z
order_items-002512,OR-000112,3,PR-00112,1,44.00,10.00,2026-01-23T16:03:00Z
order_items-002513,OR-000113,3,PR-00113,2,262.00,10.00,2026-01-23T16:16:00Z
order_items-002514,OR-000114,3,PR-00114,4,57.00,2.00,2026-01-23T16:29:00Z
order_items-002515,OR-000115,3,PR-00115,3,167.00,10.00,2026-01-23T16:42:00Z
order_items-002516,OR-000116,3,PR-00116,1,271.00,0.00,2026-01-23T16:55:00Z
order_items-002517,OR-000117,3,PR-00117,2,210.00,7.00,2026-01-23T17:08:00Z
order_items-002518,OR-000118,3,PR-00118,3,82.00,9.00,2026-01-23T17:21:00Z
order_items-002519,OR-000119,3,PR-00119,1,88.00,8.00,2026-01-23T17:34:00Z
order_items-002520,OR-000120,3,PR-00120,3,174.00,5.00,2026-01-23T17:47:00Z
order_items-002521,OR-000121,3,PR-00121,3,205.00,1.00,2026-01-23T18:00:00Z
order_items-002522,OR-000122,3,PR-00122,4,16.00,2.00,2026-01-23T18:13:00Z
order_items-002523,OR-000123,3,PR-00123,1,224.00,5.00,2026-01-23T18:26:00Z
order_items-002524,OR-000124,3,PR-00124,3,106.00,6.00,2026-01-23T18:39:00Z
order_items-002525,OR-000125,3,PR-00125,2,236.00,6.00,2026-01-23T18:52:00Z
order_items-002526,OR-000126,3,PR-00126,2,182.00,9.00,2026-01-23T19:05:00Z
order_items-002527,OR-000127,3,PR-00127,1,293.00,6.00,2026-01-23T19:18:00Z
order_items-002528,OR-000128,3,PR-00128,2,43.00,8.00,2026-01-23T19:31:00Z
order_items-002529,OR-000129,3,PR-00129,3,218.00,9.00,2026-01-23T19:44:00Z
order_items-002530,OR-000130,3,PR-00130,1,177.00,1.00,2026-01-23T19:57:00Z
order_items-002531,OR-000131,3,PR-00131,4,157.00,1.00,2026-01-23T20:10:00Z
order_items-002532,OR-000132,3,PR-00132,4,234.00,9.00,2026-01-23T20:23:00Z
order_items-002533,OR-000133,3,PR-00133,3,228.00,8.00,2026-01-23T20:36:00Z
order_items-002534,OR-000134,3,PR-00134,4,117.00,0.00,2026-01-23T20:49:00Z
order_items-002535,OR-000135,3,PR-00135,3,283.00,6.00,2026-01-23T21:02:00Z
order_items-002536,OR-000136,3,PR-00136,3,49.00,5.00,2026-01-23T21:15:00Z
order_items-002537,OR-000137,3,PR-00137,2,27.00,10.00,2026-01-23T21:28:00Z
order_items-002538,OR-000138,3,PR-00138,3,141.00,5.00,2026-01-23T21:41:00Z
order_items-002539,OR-000139,3,PR-00139,3,146.00,9.00,2026-01-23T21:54:00Z
order_items-002540,OR-000140,3,PR-00140,1,251.00,10.00,2026-01-23T22:07:00Z
order_items-002541,OR-000141,3,PR-00141,1,176.00,5.00,2026-01-23T22:20:00Z
order_items-002542,OR-000142,3,PR-00142,1,172.00,10.00,2026-01-23T22:33:00Z
order_items-002543,OR-000143,3,PR-00143,2,298.00,2.00,2026-01-23T22:46:00Z
order_items-002544,OR-000144,3,PR-00144,4,168.00,4.00,2026-01-23T22:59:00Z
order_items-002545,OR-000145,3,PR-00145,1,102.00,6.00,2026-01-23T23:12:00Z
order_items-002546,OR-000146,3,PR-00146,2,79.00,1.00,2026-01-23T23:25:00Z
order_items-002547,OR-000147,3,PR-00147,2,254.00,9.00,2026-01-23T23:38:00Z
order_items-002548,OR-000148,3,PR-00148,3,210.00,2.00,2026-01-23T23:51:00Z
order_items-002549,OR-000149,3,PR-00149,2,148.00,10.00,2026-01-24T00:04:00Z
order_items-002550,OR-000150,3,PR-00150,4,51.00,0.00,2026-01-24T00:17:00Z
order_items-002551,OR-000151,3,PR-00001,2,273.00,4.00,2026-01-24T00:30:00Z
order_items-002552,OR-000152,3,PR-00002,1,33.00,7.00,2026-01-24T00:43:00Z
order_items-002553,OR-000153,3,PR-00003,3,112.00,1.00,2026-01-24T00:56:00Z
order_items-002554,OR-000154,3,PR-00004,4,276.00,7.00,2026-01-24T01:09:00Z
order_items-002555,OR-000155,3,PR-00005,4,166.00,10.00,2026-01-24T01:22:00Z
order_items-002556,OR-000156,3,PR-00006,2,5.00,3.00,2026-01-24T01:35:00Z
order_items-002557,OR-000157,3,PR-00007,3,259.00,9.00,2026-01-24T01:48:00Z
order_items-002558,OR-000158,3,PR-00008,3,165.00,7.00,2026-01-24T02:01:00Z
order_items-002559,OR-000159,3,PR-00009,2,203.00,5.00,2026-01-24T02:14:00Z
order_items-002560,OR-000160,3,PR-00010,2,180.00,2.00,2026-01-24T02:27:00Z
order_items-002561,OR-000161,3,PR-00011,4,117.00,8.00,2026-01-24T02:40:00Z
order_items-002562,OR-000162,3,PR-00012,4,10.00,1.00,2026-01-24T02:53:00Z
order_items-002563,OR-000163,3,PR-00013,1,192.00,3.00,2026-01-24T03:06:00Z
order_items-002564,OR-000164,3,PR-00014,4,295.00,1.00,2026-01-24T03:19:00Z
order_items-002565,OR-000165,3,PR-00015,1,240.00,10.00,2026-01-24T03:32:00Z
order_items-002566,OR-000166,3,PR-00016,3,161.00,2.00,2026-01-24T03:45:00Z
order_items-002567,OR-000167,3,PR-00017,1,278.00,6.00,2026-01-24T03:58:00Z
order_items-002568,OR-000168,3,PR-00018,2,284.00,1.00,2026-01-24T04:11:00Z
order_items-002569,OR-000169,3,PR-00019,3,236.00,2.00,2026-01-24T04:24:00Z
order_items-002570,OR-000170,3,PR-00020,3,255.00,4.00,2026-01-24T04:37:00Z
order_items-002571,OR-000171,3,PR-00021,2,34.00,4.00,2026-01-24T04:50:00Z
order_items-002572,OR-000172,3,PR-00022,2,134.00,6.00,2026-01-24T05:03:00Z
order_items-002573,OR-000173,3,PR-00023,3,212.00,0.00,2026-01-24T05:16:00Z
order_items-002574,OR-000174,3,PR-00024,4,144.00,4.00,2026-01-24T05:29:00Z
order_items-002575,OR-000175,3,PR-00025,2,166.00,0.00,2026-01-24T05:42:00Z
order_items-002576,OR-000176,3,PR-00026,4,12.00,8.00,2026-01-24T05:55:00Z
order_items-002577,OR-000177,3,PR-00027,4,178.00,9.00,2026-01-24T06:08:00Z
order_items-002578,OR-000178,3,PR-00028,4,153.00,2.00,2026-01-24T06:21:00Z
order_items-002579,OR-000179,3,PR-00029,2,194.00,5.00,2026-01-24T06:34:00Z
order_items-002580,OR-000180,3,PR-00030,2,42.00,4.00,2026-01-24T06:47:00Z
order_items-002581,OR-000181,3,PR-00031,1,151.00,2.00,2026-01-24T07:00:00Z
order_items-002582,OR-000182,3,PR-00032,2,159.00,8.00,2026-01-24T07:13:00Z
order_items-002583,OR-000183,3,PR-00033,2,207.00,1.00,2026-01-24T07:26:00Z
order_items-002584,OR-000184,3,PR-00034,1,66.00,8.00,2026-01-24T07:39:00Z
order_items-002585,OR-000185,3,PR-00035,4,191.00,3.00,2026-01-24T07:52:00Z
order_items-002586,OR-000186,3,PR-00036,2,8.00,4.00,2026-01-24T08:05:00Z
order_items-002587,OR-000187,3,PR-00037,3,167.00,0.00,2026-01-24T08:18:00Z
order_items-002588,OR-000188,3,PR-00038,3,237.00,5.00,2026-01-24T08:31:00Z
order_items-002589,OR-000189,3,PR-00039,3,144.00,4.00,2026-01-24T08:44:00Z
order_items-002590,OR-000190,3,PR-00040,2,134.00,0.00,2026-01-24T08:57:00Z
order_items-002591,OR-000191,3,PR-00041,3,21.00,3.00,2026-01-24T09:10:00Z
order_items-002592,OR-000192,3,PR-00042,4,270.00,3.00,2026-01-24T09:23:00Z
order_items-002593,OR-000193,3,PR-00043,3,262.00,2.00,2026-01-24T09:36:00Z
order_items-002594,OR-000194,3,PR-00044,2,162.00,5.00,2026-01-24T09:49:00Z
order_items-002595,OR-000195,3,PR-00045,1,252.00,5.00,2026-01-24T10:02:00Z
order_items-002596,OR-000196,3,PR-00046,2,253.00,2.00,2026-01-24T10:15:00Z
order_items-002597,OR-000197,3,PR-00047,2,5.00,8.00,2026-01-24T10:28:00Z
order_items-002598,OR-000198,3,PR-00048,4,230.00,3.00,2026-01-24T10:41:00Z
order_items-002599,OR-000199,3,PR-00049,2,96.00,7.00,2026-01-24T10:54:00Z
order_items-002600,OR-000200,3,PR-00050,1,116.00,9.00,2026-01-24T11:07:00Z
order_items-002601,OR-000201,3,PR-00051,1,258.00,7.00,2026-01-24T11:20:00Z
order_items-002602,OR-000202,3,PR-00052,4,292.00,8.00,2026-01-24T11:33:00Z
order_items-002603,OR-000203,3,PR-00053,3,23.00,7.00,2026-01-24T11:46:00Z
order_items-002604,OR-000204,3,PR-00054,4,69.00,4.00,2026-01-24T11:59:00Z
order_items-002605,OR-000205,3,PR-00055,1,130.00,0.00,2026-01-24T12:12:00Z
order_items-002606,OR-000206,3,PR-00056,3,69.00,5.00,2026-01-24T12:25:00Z
order_items-002607,OR-000207,3,PR-00057,3,14.00,10.00,2026-01-24T12:38:00Z
order_items-002608,OR-000208,3,PR-00058,3,28.00,3.00,2026-01-24T12:51:00Z
order_items-002609,OR-000209,3,PR-00059,2,286.00,10.00,2026-01-24T13:04:00Z
order_items-002610,OR-000210,3,PR-00060,4,230.00,8.00,2026-01-24T13:17:00Z
order_items-002611,OR-000211,3,PR-00061,4,195.00,9.00,2026-01-24T13:30:00Z
order_items-002612,OR-000212,3,PR-00062,4,224.00,6.00,2026-01-24T13:43:00Z
order_items-002613,OR-000213,3,PR-00063,1,182.00,6.00,2026-01-24T13:56:00Z
order_items-002614,OR-000214,3,PR-00064,3,296.00,10.00,2026-01-24T14:09:00Z
order_items-002615,OR-000215,3,PR-00065,3,265.00,2.00,2026-01-24T14:22:00Z
order_items-002616,OR-000216,3,PR-00066,1,227.00,7.00,2026-01-24T14:35:00Z
order_items-002617,OR-000217,3,PR-00067,1,111.00,3.00,2026-01-24T14:48:00Z
order_items-002618,OR-000218,3,PR-00068,3,296.00,10.00,2026-01-24T15:01:00Z
order_items-002619,OR-000219,3,PR-00069,3,72.00,3.00,2026-01-24T15:14:00Z
order_items-002620,OR-000220,3,PR-00070,3,68.00,3.00,2026-01-24T15:27:00Z
order_items-002621,OR-000221,3,PR-00071,1,247.00,6.00,2026-01-24T15:40:00Z
order_items-002622,OR-000222,3,PR-00072,4,149.00,0.00,2026-01-24T15:53:00Z
order_items-002623,OR-000223,3,PR-00073,3,245.00,6.00,2026-01-24T16:06:00Z
order_items-002624,OR-000224,3,PR-00074,3,278.00,7.00,2026-01-24T16:19:00Z
order_items-002625,OR-000225,3,PR-00075,2,125.00,7.00,2026-01-24T16:32:00Z
order_items-002626,OR-000226,3,PR-00076,2,170.00,10.00,2026-01-24T16:45:00Z
order_items-002627,OR-000227,3,PR-00077,3,134.00,3.00,2026-01-24T16:58:00Z
order_items-002628,OR-000228,3,PR-00078,4,153.00,3.00,2026-01-24T17:11:00Z
order_items-002629,OR-000229,3,PR-00079,1,294.00,2.00,2026-01-24T17:24:00Z
order_items-002630,OR-000230,3,PR-00080,2,269.00,4.00,2026-01-24T17:37:00Z
order_items-002631,OR-000231,3,PR-00081,3,244.00,9.00,2026-01-24T17:50:00Z
order_items-002632,OR-000232,3,PR-00082,3,188.00,4.00,2026-01-24T18:03:00Z
order_items-002633,OR-000233,3,PR-00083,4,19.00,6.00,2026-01-24T18:16:00Z
order_items-002634,OR-000234,3,PR-00084,3,132.00,7.00,2026-01-24T18:29:00Z
order_items-002635,OR-000235,3,PR-00085,3,244.00,3.00,2026-01-24T18:42:00Z
order_items-002636,OR-000236,3,PR-00086,1,258.00,5.00,2026-01-24T18:55:00Z
order_items-002637,OR-000237,3,PR-00087,4,253.00,9.00,2026-01-24T19:08:00Z
order_items-002638,OR-000238,3,PR-00088,4,253.00,10.00,2026-01-24T19:21:00Z
order_items-002639,OR-000239,3,PR-00089,3,259.00,7.00,2026-01-24T19:34:00Z
order_items-002640,OR-000240,3,PR-00090,1,164.00,8.00,2026-01-24T19:47:00Z
order_items-002641,OR-000241,3,PR-00091,3,255.00,0.00,2026-01-24T20:00:00Z
order_items-002642,OR-000242,3,PR-00092,1,228.00,2.00,2026-01-24T20:13:00Z
order_items-002643,OR-000243,3,PR-00093,1,245.00,6.00,2026-01-24T20:26:00Z
order_items-002644,OR-000244,3,PR-00094,1,296.00,9.00,2026-01-24T20:39:00Z
order_items-002645,OR-000245,3,PR-00095,3,141.00,1.00,2026-01-24T20:52:00Z
order_items-002646,OR-000246,3,PR-00096,4,173.00,5.00,2026-01-24T21:05:00Z
order_items-002647,OR-000247,3,PR-00097,4,103.00,8.00,2026-01-24T21:18:00Z
order_items-002648,OR-000248,3,PR-00098,2,200.00,3.00,2026-01-24T21:31:00Z
order_items-002649,OR-000249,3,PR-00099,2,264.00,10.00,2026-01-24T21:44:00Z
order_items-002650,OR-000250,3,PR-00100,1,238.00,5.00,2026-01-24T21:57:00Z
order_items-002651,OR-000251,3,PR-00101,3,237.00,5.00,2026-01-24T22:10:00Z
order_items-002652,OR-000252,3,PR-00102,3,86.00,8.00,2026-01-24T22:23:00Z
order_items-002653,OR-000253,3,PR-00103,4,20.00,5.00,2026-01-24T22:36:00Z
order_items-002654,OR-000254,3,PR-00104,2,59.00,10.00,2026-01-24T22:49:00Z
order_items-002655,OR-000255,3,PR-00105,4,85.00,3.00,2026-01-24T23:02:00Z
order_items-002656,OR-000256,3,PR-00106,2,154.00,2.00,2026-01-24T23:15:00Z
order_items-002657,OR-000257,3,PR-00107,1,233.00,7.00,2026-01-24T23:28:00Z
order_items-002658,OR-000258,3,PR-00108,2,89.00,0.00,2026-01-24T23:41:00Z
order_items-002659,OR-000259,3,PR-00109,4,151.00,0.00,2026-01-24T23:54:00Z
order_items-002660,OR-000260,3,PR-00110,1,158.00,1.00,2026-01-25T00:07:00Z
order_items-002661,OR-000261,3,PR-00111,1,136.00,5.00,2026-01-25T00:20:00Z
order_items-002662,OR-000262,3,PR-00112,2,173.00,0.00,2026-01-25T00:33:00Z
order_items-002663,OR-000263,3,PR-00113,3,196.00,4.00,2026-01-25T00:46:00Z
order_items-002664,OR-000264,3,PR-00114,3,45.00,2.00,2026-01-25T00:59:00Z
order_items-002665,OR-000265,3,PR-00115,3,251.00,3.00,2026-01-25T01:12:00Z
order_items-002666,OR-000266,3,PR-00116,4,160.00,3.00,2026-01-25T01:25:00Z
order_items-002667,OR-000267,3,PR-00117,1,244.00,4.00,2026-01-25T01:38:00Z
order_items-002668,OR-000268,3,PR-00118,4,231.00,8.00,2026-01-25T01:51:00Z
order_items-002669,OR-000269,3,PR-00119,1,65.00,7.00,2026-01-25T02:04:00Z
order_items-002670,OR-000270,3,PR-00120,2,9.00,5.00,2026-01-25T02:17:00Z
order_items-002671,OR-000271,3,PR-00121,3,143.00,10.00,2026-01-25T02:30:00Z
order_items-002672,OR-000272,3,PR-00122,2,24.00,0.00,2026-01-25T02:43:00Z
order_items-002673,OR-000273,3,PR-00123,3,282.00,0.00,2026-01-25T02:56:00Z
order_items-002674,OR-000274,3,PR-00124,2,287.00,1.00,2026-01-25T03:09:00Z
order_items-002675,OR-000275,3,PR-00125,4,228.00,10.00,2026-01-25T03:22:00Z
order_items-002676,OR-000276,3,PR-00126,4,10.00,9.00,2026-01-25T03:35:00Z
order_items-002677,OR-000277,3,PR-00127,3,72.00,8.00,2026-01-25T03:48:00Z
order_items-002678,OR-000278,3,PR-00128,1,262.00,6.00,2026-01-25T04:01:00Z
order_items-002679,OR-000279,3,PR-00129,3,164.00,10.00,2026-01-25T04:14:00Z
order_items-002680,OR-000280,3,PR-00130,3,18.00,9.00,2026-01-25T04:27:00Z
order_items-002681,OR-000281,3,PR-00131,4,120.00,6.00,2026-01-25T04:40:00Z
order_items-002682,OR-000282,3,PR-00132,1,45.00,5.00,2026-01-25T04:53:00Z
order_items-002683,OR-000283,3,PR-00133,3,263.00,9.00,2026-01-25T05:06:00Z
order_items-002684,OR-000284,3,PR-00134,1,213.00,0.00,2026-01-25T05:19:00Z
order_items-002685,OR-000285,3,PR-00135,3,56.00,6.00,2026-01-25T05:32:00Z
order_items-002686,OR-000286,3,PR-00136,4,189.00,4.00,2026-01-25T05:45:00Z
order_items-002687,OR-000287,3,PR-00137,1,220.00,8.00,2026-01-25T05:58:00Z
order_items-002688,OR-000288,3,PR-00138,2,8.00,4.00,2026-01-25T06:11:00Z
order_items-002689,OR-000289,3,PR-00139,4,240.00,10.00,2026-01-25T06:24:00Z
order_items-002690,OR-000290,3,PR-00140,1,84.00,7.00,2026-01-25T06:37:00Z
order_items-002691,OR-000291,3,PR-00141,4,28.00,5.00,2026-01-25T06:50:00Z
order_items-002692,OR-000292,3,PR-00142,2,146.00,2.00,2026-01-25T07:03:00Z
order_items-002693,OR-000293,3,PR-00143,2,62.00,5.00,2026-01-25T07:16:00Z
order_items-002694,OR-000294,3,PR-00144,3,85.00,2.00,2026-01-25T07:29:00Z
order_items-002695,OR-000295,3,PR-00145,3,35.00,2.00,2026-01-25T07:42:00Z
order_items-002696,OR-000296,3,PR-00146,1,43.00,0.00,2026-01-25T07:55:00Z
order_items-002697,OR-000297,3,PR-00147,4,70.00,7.00,2026-01-25T08:08:00Z
order_items-002698,OR-000298,3,PR-00148,4,81.00,2.00,2026-01-25T08:21:00Z
order_items-002699,OR-000299,3,PR-00149,3,172.00,0.00,2026-01-25T08:34:00Z
order_items-002700,OR-000300,3,PR-00150,3,219.00,10.00,2026-01-25T08:47:00Z
order_items-002701,OR-000301,3,PR-00001,4,82.00,6.00,2026-01-25T09:00:00Z
order_items-002702,OR-000302,3,PR-00002,3,269.00,2.00,2026-01-25T09:13:00Z
order_items-002703,OR-000303,3,PR-00003,3,85.00,10.00,2026-01-25T09:26:00Z
order_items-002704,OR-000304,3,PR-00004,1,233.00,0.00,2026-01-25T09:39:00Z
order_items-002705,OR-000305,3,PR-00005,4,16.00,9.00,2026-01-25T09:52:00Z
order_items-002706,OR-000306,3,PR-00006,3,155.00,10.00,2026-01-25T10:05:00Z
order_items-002707,OR-000307,3,PR-00007,4,262.00,1.00,2026-01-25T10:18:00Z
order_items-002708,OR-000308,3,PR-00008,4,225.00,5.00,2026-01-25T10:31:00Z
order_items-002709,OR-000309,3,PR-00009,1,125.00,10.00,2026-01-25T10:44:00Z
order_items-002710,OR-000310,3,PR-00010,1,29.00,4.00,2026-01-25T10:57:00Z
order_items-002711,OR-000311,3,PR-00011,3,180.00,1.00,2026-01-25T11:10:00Z
order_items-002712,OR-000312,3,PR-00012,1,129.00,7.00,2026-01-25T11:23:00Z
order_items-002713,OR-000313,3,PR-00013,1,126.00,9.00,2026-01-25T11:36:00Z
order_items-002714,OR-000314,3,PR-00014,3,43.00,5.00,2026-01-25T11:49:00Z
order_items-002715,OR-000315,3,PR-00015,3,59.00,4.00,2026-01-25T12:02:00Z
order_items-002716,OR-000316,3,PR-00016,2,168.00,8.00,2026-01-25T12:15:00Z
order_items-002717,OR-000317,3,PR-00017,4,116.00,3.00,2026-01-25T12:28:00Z
order_items-002718,OR-000318,3,PR-00018,1,270.00,2.00,2026-01-25T12:41:00Z
order_items-002719,OR-000319,3,PR-00019,3,52.00,8.00,2026-01-25T12:54:00Z
order_items-002720,OR-000320,3,PR-00020,2,22.00,4.00,2026-01-25T13:07:00Z
order_items-002721,OR-000321,3,PR-00021,2,71.00,2.00,2026-01-25T13:20:00Z
order_items-002722,OR-000322,3,PR-00022,3,18.00,5.00,2026-01-25T13:33:00Z
order_items-002723,OR-000323,3,PR-00023,4,63.00,10.00,2026-01-25T13:46:00Z
order_items-002724,OR-000324,3,PR-00024,2,114.00,7.00,2026-01-25T13:59:00Z
order_items-002725,OR-000325,3,PR-00025,4,81.00,5.00,2026-01-25T14:12:00Z
order_items-002726,OR-000326,3,PR-00026,3,11.00,0.00,2026-01-25T14:25:00Z
order_items-002727,OR-000327,3,PR-00027,4,19.00,10.00,2026-01-25T14:38:00Z
order_items-002728,OR-000328,3,PR-00028,1,69.00,9.00,2026-01-25T14:51:00Z
order_items-002729,OR-000329,3,PR-00029,2,133.00,3.00,2026-01-25T15:04:00Z
order_items-002730,OR-000330,3,PR-00030,1,141.00,1.00,2026-01-25T15:17:00Z
order_items-002731,OR-000331,3,PR-00031,2,94.00,10.00,2026-01-25T15:30:00Z
order_items-002732,OR-000332,3,PR-00032,4,58.00,6.00,2026-01-25T15:43:00Z
order_items-002733,OR-000333,3,PR-00033,1,148.00,10.00,2026-01-25T15:56:00Z
order_items-002734,OR-000334,3,PR-00034,4,87.00,0.00,2026-01-25T16:09:00Z
order_items-002735,OR-000335,3,PR-00035,4,206.00,3.00,2026-01-25T16:22:00Z
order_items-002736,OR-000336,3,PR-00036,1,160.00,2.00,2026-01-25T16:35:00Z
order_items-002737,OR-000337,3,PR-00037,2,44.00,0.00,2026-01-25T16:48:00Z
order_items-002738,OR-000338,3,PR-00038,3,68.00,5.00,2026-01-25T17:01:00Z
order_items-002739,OR-000339,3,PR-00039,1,146.00,10.00,2026-01-25T17:14:00Z
order_items-002740,OR-000340,3,PR-00040,4,170.00,6.00,2026-01-25T17:27:00Z
order_items-002741,OR-000341,3,PR-00041,4,40.00,0.00,2026-01-25T17:40:00Z
order_items-002742,OR-000342,3,PR-00042,4,216.00,10.00,2026-01-25T17:53:00Z
order_items-002743,OR-000343,3,PR-00043,4,233.00,2.00,2026-01-25T18:06:00Z
order_items-002744,OR-000344,3,PR-00044,3,169.00,2.00,2026-01-25T18:19:00Z
order_items-002745,OR-000345,3,PR-00045,1,267.00,1.00,2026-01-25T18:32:00Z
order_items-002746,OR-000346,3,PR-00046,3,217.00,6.00,2026-01-25T18:45:00Z
order_items-002747,OR-000347,3,PR-00047,2,15.00,2.00,2026-01-25T18:58:00Z
order_items-002748,OR-000348,3,PR-00048,4,295.00,0.00,2026-01-25T19:11:00Z
order_items-002749,OR-000349,3,PR-00049,4,232.00,8.00,2026-01-25T19:24:00Z
order_items-002750,OR-000350,3,PR-00050,1,103.00,9.00,2026-01-25T19:37:00Z
order_items-002751,OR-000351,3,PR-00051,2,127.00,4.00,2026-01-25T19:50:00Z
order_items-002752,OR-000352,3,PR-00052,3,284.00,8.00,2026-01-25T20:03:00Z
order_items-002753,OR-000353,3,PR-00053,1,121.00,9.00,2026-01-25T20:16:00Z
order_items-002754,OR-000354,3,PR-00054,1,91.00,10.00,2026-01-25T20:29:00Z
order_items-002755,OR-000355,3,PR-00055,3,81.00,2.00,2026-01-25T20:42:00Z
order_items-002756,OR-000356,3,PR-00056,3,16.00,8.00,2026-01-25T20:55:00Z
order_items-002757,OR-000357,3,PR-00057,3,250.00,5.00,2026-01-25T21:08:00Z
order_items-002758,OR-000358,3,PR-00058,2,276.00,10.00,2026-01-25T21:21:00Z
order_items-002759,OR-000359,3,PR-00059,2,65.00,1.00,2026-01-25T21:34:00Z
order_items-002760,OR-000360,3,PR-00060,1,218.00,10.00,2026-01-25T21:47:00Z
order_items-002761,OR-000361,3,PR-00061,2,192.00,0.00,2026-01-25T22:00:00Z
order_items-002762,OR-000362,3,PR-00062,2,191.00,10.00,2026-01-25T22:13:00Z
order_items-002763,OR-000363,3,PR-00063,4,201.00,9.00,2026-01-25T22:26:00Z
order_items-002764,OR-000364,3,PR-00064,1,10.00,10.00,2026-01-25T22:39:00Z
order_items-002765,OR-000365,3,PR-00065,4,225.00,0.00,2026-01-25T22:52:00Z
order_items-002766,OR-000366,3,PR-00066,4,232.00,2.00,2026-01-25T23:05:00Z
order_items-002767,OR-000367,3,PR-00067,2,75.00,3.00,2026-01-25T23:18:00Z
order_items-002768,OR-000368,3,PR-00068,3,219.00,0.00,2026-01-25T23:31:00Z
order_items-002769,OR-000369,3,PR-00069,4,261.00,6.00,2026-01-25T23:44:00Z
order_items-002770,OR-000370,3,PR-00070,3,58.00,3.00,2026-01-25T23:57:00Z
order_items-002771,OR-000371,3,PR-00071,3,223.00,7.00,2026-01-26T00:10:00Z
order_items-002772,OR-000372,3,PR-00072,1,11.00,0.00,2026-01-26T00:23:00Z
order_items-002773,OR-000373,3,PR-00073,3,258.00,0.00,2026-01-26T00:36:00Z
order_items-002774,OR-000374,3,PR-00074,1,66.00,0.00,2026-01-26T00:49:00Z
order_items-002775,OR-000375,3,PR-00075,2,35.00,4.00,2026-01-26T01:02:00Z
order_items-002776,OR-000376,3,PR-00076,1,145.00,6.00,2026-01-26T01:15:00Z
order_items-002777,OR-000377,3,PR-00077,4,261.00,6.00,2026-01-26T01:28:00Z
order_items-002778,OR-000378,3,PR-00078,4,42.00,3.00,2026-01-26T01:41:00Z
order_items-002779,OR-000379,3,PR-00079,4,292.00,6.00,2026-01-26T01:54:00Z
order_items-002780,OR-000380,3,PR-00080,1,298.00,5.00,2026-01-26T02:07:00Z
order_items-002781,OR-000381,3,PR-00081,1,247.00,8.00,2026-01-26T02:20:00Z
order_items-002782,OR-000382,3,PR-00082,4,233.00,5.00,2026-01-26T02:33:00Z
order_items-002783,OR-000383,3,PR-00083,3,272.00,9.00,2026-01-26T02:46:00Z
order_items-002784,OR-000384,3,PR-00084,2,126.00,8.00,2026-01-26T02:59:00Z
order_items-002785,OR-000385,3,PR-00085,1,164.00,3.00,2026-01-26T03:12:00Z
order_items-002786,OR-000386,3,PR-00086,3,127.00,4.00,2026-01-26T03:25:00Z
order_items-002787,OR-000387,3,PR-00087,1,82.00,8.00,2026-01-26T03:38:00Z
order_items-002788,OR-000388,3,PR-00088,4,192.00,2.00,2026-01-26T03:51:00Z
order_items-002789,OR-000389,3,PR-00089,3,66.00,7.00,2026-01-26T04:04:00Z
order_items-002790,OR-000390,3,PR-00090,3,142.00,10.00,2026-01-26T04:17:00Z
order_items-002791,OR-000391,3,PR-00091,1,68.00,10.00,2026-01-26T04:30:00Z
order_items-002792,OR-000392,3,PR-00092,3,212.00,2.00,2026-01-26T04:43:00Z
order_items-002793,OR-000393,3,PR-00093,1,149.00,2.00,2026-01-26T04:56:00Z
order_items-002794,OR-000394,3,PR-00094,4,184.00,6.00,2026-01-26T05:09:00Z
order_items-002795,OR-000395,3,PR-00095,1,228.00,4.00,2026-01-26T05:22:00Z
order_items-002796,OR-000396,3,PR-00096,2,20.00,10.00,2026-01-26T05:35:00Z
order_items-002797,OR-000397,3,PR-00097,1,240.00,2.00,2026-01-26T05:48:00Z
order_items-002798,OR-000398,3,PR-00098,2,237.00,9.00,2026-01-26T06:01:00Z
order_items-002799,OR-000399,3,PR-00099,2,140.00,10.00,2026-01-26T06:14:00Z
order_items-002800,OR-000400,3,PR-00100,3,83.00,10.00,2026-01-26T06:27:00Z
order_items-002801,OR-000401,3,PR-00101,3,152.00,10.00,2026-01-26T06:40:00Z
order_items-002802,OR-000402,3,PR-00102,1,56.00,8.00,2026-01-26T06:53:00Z
order_items-002803,OR-000403,3,PR-00103,1,133.00,7.00,2026-01-26T07:06:00Z
order_items-002804,OR-000404,3,PR-00104,4,202.00,5.00,2026-01-26T07:19:00Z
order_items-002805,OR-000405,3,PR-00105,2,31.00,0.00,2026-01-26T07:32:00Z
order_items-002806,OR-000406,3,PR-00106,1,71.00,9.00,2026-01-26T07:45:00Z
order_items-002807,OR-000407,3,PR-00107,1,224.00,9.00,2026-01-26T07:58:00Z
order_items-002808,OR-000408,3,PR-00108,4,15.00,6.00,2026-01-26T08:11:00Z
order_items-002809,OR-000409,3,PR-00109,3,124.00,7.00,2026-01-26T08:24:00Z
order_items-002810,OR-000410,3,PR-00110,1,171.00,2.00,2026-01-26T08:37:00Z
order_items-002811,OR-000411,3,PR-00111,1,20.00,3.00,2026-01-26T08:50:00Z
order_items-002812,OR-000412,3,PR-00112,3,42.00,9.00,2026-01-26T09:03:00Z
order_items-002813,OR-000413,3,PR-00113,3,99.00,1.00,2026-01-26T09:16:00Z
order_items-002814,OR-000414,3,PR-00114,3,51.00,5.00,2026-01-26T09:29:00Z
order_items-002815,OR-000415,3,PR-00115,1,226.00,8.00,2026-01-26T09:42:00Z
order_items-002816,OR-000416,3,PR-00116,4,205.00,3.00,2026-01-26T09:55:00Z
order_items-002817,OR-000417,3,PR-00117,4,93.00,3.00,2026-01-26T10:08:00Z
order_items-002818,OR-000418,3,PR-00118,1,165.00,3.00,2026-01-26T10:21:00Z
order_items-002819,OR-000419,3,PR-00119,3,234.00,4.00,2026-01-26T10:34:00Z
order_items-002820,OR-000420,3,PR-00120,4,235.00,7.00,2026-01-26T10:47:00Z
order_items-002821,OR-000421,3,PR-00121,4,151.00,10.00,2026-01-26T11:00:00Z
order_items-002822,OR-000422,3,PR-00122,1,275.00,7.00,2026-01-26T11:13:00Z
order_items-002823,OR-000423,3,PR-00123,1,91.00,9.00,2026-01-26T11:26:00Z
order_items-002824,OR-000424,3,PR-00124,2,157.00,1.00,2026-01-26T11:39:00Z
order_items-002825,OR-000425,3,PR-00125,1,73.00,3.00,2026-01-26T11:52:00Z
order_items-002826,OR-000426,3,PR-00126,3,84.00,8.00,2026-01-26T12:05:00Z
order_items-002827,OR-000427,3,PR-00127,3,196.00,9.00,2026-01-26T12:18:00Z
order_items-002828,OR-000428,3,PR-00128,2,196.00,5.00,2026-01-26T12:31:00Z
order_items-002829,OR-000429,3,PR-00129,4,34.00,7.00,2026-01-26T12:44:00Z
order_items-002830,OR-000430,3,PR-00130,2,288.00,10.00,2026-01-26T12:57:00Z
order_items-002831,OR-000431,3,PR-00131,3,196.00,7.00,2026-01-26T13:10:00Z
order_items-002832,OR-000432,3,PR-00132,2,147.00,4.00,2026-01-26T13:23:00Z
order_items-002833,OR-000433,3,PR-00133,2,134.00,4.00,2026-01-26T13:36:00Z
order_items-002834,OR-000434,3,PR-00134,2,206.00,1.00,2026-01-26T13:49:00Z
order_items-002835,OR-000435,3,PR-00135,4,90.00,6.00,2026-01-26T14:02:00Z
order_items-002836,OR-000436,3,PR-00136,4,203.00,8.00,2026-01-26T14:15:00Z
order_items-002837,OR-000437,3,PR-00137,4,47.00,4.00,2026-01-26T14:28:00Z
order_items-002838,OR-000438,3,PR-00138,2,298.00,9.00,2026-01-26T14:41:00Z
order_items-002839,OR-000439,3,PR-00139,2,93.00,1.00,2026-01-26T14:54:00Z
order_items-002840,OR-000440,3,PR-00140,3,44.00,2.00,2026-01-26T15:07:00Z
order_items-002841,OR-000441,3,PR-00141,2,181.00,1.00,2026-01-26T15:20:00Z
order_items-002842,OR-000442,3,PR-00142,3,122.00,4.00,2026-01-26T15:33:00Z
order_items-002843,OR-000443,3,PR-00143,2,105.00,10.00,2026-01-26T15:46:00Z
order_items-002844,OR-000444,3,PR-00144,3,111.00,3.00,2026-01-26T15:59:00Z
order_items-002845,OR-000445,3,PR-00145,3,204.00,5.00,2026-01-26T16:12:00Z
order_items-002846,OR-000446,3,PR-00146,3,300.00,10.00,2026-01-26T16:25:00Z
order_items-002847,OR-000447,3,PR-00147,2,218.00,4.00,2026-01-26T16:38:00Z
order_items-002848,OR-000448,3,PR-00148,3,208.00,2.00,2026-01-26T16:51:00Z
order_items-002849,OR-000449,3,PR-00149,4,186.00,7.00,2026-01-26T17:04:00Z
order_items-002850,OR-000450,3,PR-00150,2,169.00,8.00,2026-01-26T17:17:00Z
order_items-002851,OR-000451,3,PR-00001,3,96.00,3.00,2026-01-26T17:30:00Z
order_items-002852,OR-000452,3,PR-00002,4,141.00,5.00,2026-01-26T17:43:00Z
order_items-002853,OR-000453,3,PR-00003,4,19.00,8.00,2026-01-26T17:56:00Z
order_items-002854,OR-000454,3,PR-00004,2,55.00,10.00,2026-01-26T18:09:00Z
order_items-002855,OR-000455,3,PR-00005,4,68.00,4.00,2026-01-26T18:22:00Z
order_items-002856,OR-000456,3,PR-00006,4,176.00,7.00,2026-01-26T18:35:00Z
order_items-002857,OR-000457,3,PR-00007,2,165.00,1.00,2026-01-26T18:48:00Z
order_items-002858,OR-000458,3,PR-00008,4,157.00,1.00,2026-01-26T19:01:00Z
order_items-002859,OR-000459,3,PR-00009,2,130.00,7.00,2026-01-26T19:14:00Z
order_items-002860,OR-000460,3,PR-00010,4,128.00,2.00,2026-01-26T19:27:00Z
order_items-002861,OR-000461,3,PR-00011,1,184.00,7.00,2026-01-26T19:40:00Z
order_items-002862,OR-000462,3,PR-00012,4,35.00,6.00,2026-01-26T19:53:00Z
order_items-002863,OR-000463,3,PR-00013,4,41.00,2.00,2026-01-26T20:06:00Z
order_items-002864,OR-000464,3,PR-00014,2,185.00,9.00,2026-01-26T20:19:00Z
order_items-002865,OR-000465,3,PR-00015,2,281.00,4.00,2026-01-26T20:32:00Z
order_items-002866,OR-000466,3,PR-00016,3,77.00,4.00,2026-01-26T20:45:00Z
order_items-002867,OR-000467,3,PR-00017,2,202.00,8.00,2026-01-26T20:58:00Z
order_items-002868,OR-000468,3,PR-00018,2,288.00,2.00,2026-01-26T21:11:00Z
order_items-002869,OR-000469,3,PR-00019,4,10.00,4.00,2026-01-26T21:24:00Z
order_items-002870,OR-000470,3,PR-00020,1,289.00,1.00,2026-01-26T21:37:00Z
order_items-002871,OR-000471,3,PR-00021,2,130.00,9.00,2026-01-26T21:50:00Z
order_items-002872,OR-000472,3,PR-00022,3,299.00,1.00,2026-01-26T22:03:00Z
order_items-002873,OR-000473,3,PR-00023,4,85.00,0.00,2026-01-26T22:16:00Z
order_items-002874,OR-000474,3,PR-00024,4,44.00,10.00,2026-01-26T22:29:00Z
order_items-002875,OR-000475,3,PR-00025,4,195.00,3.00,2026-01-26T22:42:00Z
order_items-002876,OR-000476,3,PR-00026,3,285.00,10.00,2026-01-26T22:55:00Z
order_items-002877,OR-000477,3,PR-00027,3,84.00,0.00,2026-01-26T23:08:00Z
order_items-002878,OR-000478,3,PR-00028,2,256.00,10.00,2026-01-26T23:21:00Z
order_items-002879,OR-000479,3,PR-00029,4,143.00,2.00,2026-01-26T23:34:00Z
order_items-002880,OR-000480,3,PR-00030,3,249.00,9.00,2026-01-26T23:47:00Z
order_items-002881,OR-000481,3,PR-00031,2,108.00,6.00,2026-01-27T00:00:00Z
order_items-002882,OR-000482,3,PR-00032,3,108.00,6.00,2026-01-27T00:13:00Z
order_items-002883,OR-000483,3,PR-00033,3,201.00,2.00,2026-01-27T00:26:00Z
order_items-002884,OR-000484,3,PR-00034,3,254.00,0.00,2026-01-27T00:39:00Z
order_items-002885,OR-000485,3,PR-00035,4,124.00,8.00,2026-01-27T00:52:00Z
order_items-002886,OR-000486,3,PR-00036,1,111.00,9.00,2026-01-27T01:05:00Z
order_items-002887,OR-000487,3,PR-00037,4,180.00,10.00,2026-01-27T01:18:00Z
order_items-002888,OR-000488,3,PR-00038,2,221.00,9.00,2026-01-27T01:31:00Z
order_items-002889,OR-000489,3,PR-00039,1,105.00,8.00,2026-01-27T01:44:00Z
order_items-002890,OR-000490,3,PR-00040,3,252.00,1.00,2026-01-27T01:57:00Z
order_items-002891,OR-000491,3,PR-00041,2,215.00,3.00,2026-01-27T02:10:00Z
order_items-002892,OR-000492,3,PR-00042,3,84.00,7.00,2026-01-27T02:23:00Z
order_items-002893,OR-000493,3,PR-00043,1,298.00,1.00,2026-01-27T02:36:00Z
order_items-002894,OR-000494,3,PR-00044,4,173.00,10.00,2026-01-27T02:49:00Z
order_items-002895,OR-000495,3,PR-00045,3,258.00,2.00,2026-01-27T03:02:00Z
order_items-002896,OR-000496,3,PR-00046,1,126.00,5.00,2026-01-27T03:15:00Z
order_items-002897,OR-000497,3,PR-00047,1,95.00,3.00,2026-01-27T03:28:00Z
order_items-002898,OR-000498,3,PR-00048,4,95.00,7.00,2026-01-27T03:41:00Z
order_items-002899,OR-000499,3,PR-00049,2,10.00,4.00,2026-01-27T03:54:00Z
order_items-002900,OR-000500,3,PR-00050,1,82.00,9.00,2026-01-27T04:07:00Z
order_items-002901,OR-000501,3,PR-00051,4,47.00,0.00,2026-01-27T04:20:00Z
order_items-002902,OR-000502,3,PR-00052,2,297.00,4.00,2026-01-27T04:33:00Z
order_items-002903,OR-000503,3,PR-00053,3,263.00,8.00,2026-01-27T04:46:00Z
order_items-002904,OR-000504,3,PR-00054,4,59.00,4.00,2026-01-27T04:59:00Z
order_items-002905,OR-000505,3,PR-00055,4,189.00,6.00,2026-01-27T05:12:00Z
order_items-002906,OR-000506,3,PR-00056,3,69.00,8.00,2026-01-27T05:25:00Z
order_items-002907,OR-000507,3,PR-00057,2,263.00,2.00,2026-01-27T05:38:00Z
order_items-002908,OR-000508,3,PR-00058,4,147.00,0.00,2026-01-27T05:51:00Z
order_items-002909,OR-000509,3,PR-00059,1,290.00,3.00,2026-01-27T06:04:00Z
order_items-002910,OR-000510,3,PR-00060,2,245.00,1.00,2026-01-27T06:17:00Z
order_items-002911,OR-000511,3,PR-00061,4,166.00,2.00,2026-01-27T06:30:00Z
order_items-002912,OR-000512,3,PR-00062,4,276.00,10.00,2026-01-27T06:43:00Z
order_items-002913,OR-000513,3,PR-00063,2,242.00,4.00,2026-01-27T06:56:00Z
order_items-002914,OR-000514,3,PR-00064,3,62.00,5.00,2026-01-27T07:09:00Z
order_items-002915,OR-000515,3,PR-00065,3,204.00,3.00,2026-01-27T07:22:00Z
order_items-002916,OR-000516,3,PR-00066,4,104.00,0.00,2026-01-27T07:35:00Z
order_items-002917,OR-000517,3,PR-00067,1,248.00,0.00,2026-01-27T07:48:00Z
order_items-002918,OR-000518,3,PR-00068,4,209.00,7.00,2026-01-27T08:01:00Z
order_items-002919,OR-000519,3,PR-00069,2,35.00,8.00,2026-01-27T08:14:00Z
order_items-002920,OR-000520,3,PR-00070,1,271.00,1.00,2026-01-27T08:27:00Z
order_items-002921,OR-000521,3,PR-00071,4,272.00,6.00,2026-01-27T08:40:00Z
order_items-002922,OR-000522,3,PR-00072,2,55.00,9.00,2026-01-27T08:53:00Z
order_items-002923,OR-000523,3,PR-00073,1,62.00,2.00,2026-01-27T09:06:00Z
order_items-002924,OR-000524,3,PR-00074,1,296.00,9.00,2026-01-27T09:19:00Z
order_items-002925,OR-000525,3,PR-00075,4,64.00,1.00,2026-01-27T09:32:00Z
order_items-002926,OR-000526,3,PR-00076,3,264.00,7.00,2026-01-27T09:45:00Z
order_items-002927,OR-000527,3,PR-00077,1,117.00,4.00,2026-01-27T09:58:00Z
order_items-002928,OR-000528,3,PR-00078,4,166.00,5.00,2026-01-27T10:11:00Z
order_items-002929,OR-000529,3,PR-00079,2,255.00,3.00,2026-01-27T10:24:00Z
order_items-002930,OR-000530,3,PR-00080,2,12.00,7.00,2026-01-27T10:37:00Z
order_items-002931,OR-000531,3,PR-00081,1,160.00,3.00,2026-01-27T10:50:00Z
order_items-002932,OR-000532,3,PR-00082,4,112.00,4.00,2026-01-27T11:03:00Z
order_items-002933,OR-000533,3,PR-00083,4,299.00,9.00,2026-01-27T11:16:00Z
order_items-002934,OR-000534,3,PR-00084,2,147.00,6.00,2026-01-27T11:29:00Z
order_items-002935,OR-000535,3,PR-00085,3,139.00,8.00,2026-01-27T11:42:00Z
order_items-002936,OR-000536,3,PR-00086,1,300.00,1.00,2026-01-27T11:55:00Z
order_items-002937,OR-000537,3,PR-00087,3,121.00,7.00,2026-01-27T12:08:00Z
order_items-002938,OR-000538,3,PR-00088,4,162.00,5.00,2026-01-27T12:21:00Z
order_items-002939,OR-000539,3,PR-00089,3,165.00,1.00,2026-01-27T12:34:00Z
order_items-002940,OR-000540,3,PR-00090,2,250.00,1.00,2026-01-27T12:47:00Z
order_items-002941,OR-000541,3,PR-00091,3,147.00,10.00,2026-01-27T13:00:00Z
order_items-002942,OR-000542,3,PR-00092,1,189.00,9.00,2026-01-27T13:13:00Z
order_items-002943,OR-000543,3,PR-00093,4,150.00,0.00,2026-01-27T13:26:00Z
order_items-002944,OR-000544,3,PR-00094,4,201.00,3.00,2026-01-27T13:39:00Z
order_items-002945,OR-000545,3,PR-00095,3,171.00,6.00,2026-01-27T13:52:00Z
order_items-002946,OR-000546,3,PR-00096,1,173.00,0.00,2026-01-27T14:05:00Z
order_items-002947,OR-000547,3,PR-00097,2,202.00,2.00,2026-01-27T14:18:00Z
order_items-002948,OR-000548,3,PR-00098,2,292.00,10.00,2026-01-27T14:31:00Z
order_items-002949,OR-000549,3,PR-00099,2,270.00,9.00,2026-01-27T14:44:00Z
order_items-002950,OR-000550,3,PR-00100,3,205.00,3.00,2026-01-27T14:57:00Z
order_items-002951,OR-000551,3,PR-00101,2,143.00,7.00,2026-01-27T15:10:00Z
order_items-002952,OR-000552,3,PR-00102,3,106.00,1.00,2026-01-27T15:23:00Z
order_items-002953,OR-000553,3,PR-00103,4,260.00,5.00,2026-01-27T15:36:00Z
order_items-002954,OR-000554,3,PR-00104,4,236.00,5.00,2026-01-27T15:49:00Z
order_items-002955,OR-000555,3,PR-00105,2,182.00,9.00,2026-01-27T16:02:00Z
order_items-002956,OR-000556,3,PR-00106,4,272.00,1.00,2026-01-27T16:15:00Z
order_items-002957,OR-000557,3,PR-00107,4,230.00,8.00,2026-01-27T16:28:00Z
order_items-002958,OR-000558,3,PR-00108,1,67.00,4.00,2026-01-27T16:41:00Z
order_items-002959,OR-000559,3,PR-00109,2,54.00,5.00,2026-01-27T16:54:00Z
order_items-002960,OR-000560,3,PR-00110,3,284.00,3.00,2026-01-27T17:07:00Z
order_items-002961,OR-000561,3,PR-00111,2,156.00,8.00,2026-01-27T17:20:00Z
order_items-002962,OR-000562,3,PR-00112,3,295.00,8.00,2026-01-27T17:33:00Z
order_items-002963,OR-000563,3,PR-00113,4,232.00,9.00,2026-01-27T17:46:00Z
order_items-002964,OR-000564,3,PR-00114,2,65.00,3.00,2026-01-27T17:59:00Z
order_items-002965,OR-000565,3,PR-00115,2,291.00,4.00,2026-01-27T18:12:00Z
order_items-002966,OR-000566,3,PR-00116,2,132.00,8.00,2026-01-27T18:25:00Z
order_items-002967,OR-000567,3,PR-00117,2,255.00,2.00,2026-01-27T18:38:00Z
order_items-002968,OR-000568,3,PR-00118,3,19.00,3.00,2026-01-27T18:51:00Z
order_items-002969,OR-000569,3,PR-00119,4,152.00,8.00,2026-01-27T19:04:00Z
order_items-002970,OR-000570,3,PR-00120,1,159.00,5.00,2026-01-27T19:17:00Z
order_items-002971,OR-000571,3,PR-00121,3,162.00,2.00,2026-01-27T19:30:00Z
order_items-002972,OR-000572,3,PR-00122,4,28.00,7.00,2026-01-27T19:43:00Z
order_items-002973,OR-000573,3,PR-00123,2,30.00,2.00,2026-01-27T19:56:00Z
order_items-002974,OR-000574,3,PR-00124,3,152.00,10.00,2026-01-27T20:09:00Z
order_items-002975,OR-000575,3,PR-00125,3,83.00,4.00,2026-01-27T20:22:00Z
order_items-002976,OR-000576,3,PR-00126,2,287.00,1.00,2026-01-27T20:35:00Z
order_items-002977,OR-000577,3,PR-00127,4,46.00,8.00,2026-01-27T20:48:00Z
order_items-002978,OR-000578,3,PR-00128,2,146.00,9.00,2026-01-27T21:01:00Z
order_items-002979,OR-000579,3,PR-00129,3,170.00,6.00,2026-01-27T21:14:00Z
order_items-002980,OR-000580,3,PR-00130,1,192.00,8.00,2026-01-27T21:27:00Z
order_items-002981,OR-000581,3,PR-00131,4,145.00,3.00,2026-01-27T21:40:00Z
order_items-002982,OR-000582,3,PR-00132,4,169.00,5.00,2026-01-27T21:53:00Z
order_items-002983,OR-000583,3,PR-00133,2,70.00,10.00,2026-01-27T22:06:00Z
order_items-002984,OR-000584,3,PR-00134,4,227.00,9.00,2026-01-27T22:19:00Z
order_items-002985,OR-000585,3,PR-00135,3,200.00,1.00,2026-01-27T22:32:00Z
order_items-002986,OR-000586,3,PR-00136,4,45.00,3.00,2026-01-27T22:45:00Z
order_items-002987,OR-000587,3,PR-00137,4,67.00,1.00,2026-01-27T22:58:00Z
order_items-002988,OR-000588,3,PR-00138,2,11.00,0.00,2026-01-27T23:11:00Z
order_items-002989,OR-000589,3,PR-00139,3,209.00,9.00,2026-01-27T23:24:00Z
order_items-002990,OR-000590,3,PR-00140,2,32.00,0.00,2026-01-27T23:37:00Z
order_items-002991,OR-000591,3,PR-00141,2,32.00,9.00,2026-01-27T23:50:00Z
order_items-002992,OR-000592,3,PR-00142,2,33.00,8.00,2026-01-28T00:03:00Z
order_items-002993,OR-000593,3,PR-00143,2,130.00,6.00,2026-01-28T00:16:00Z
order_items-002994,OR-000594,3,PR-00144,1,241.00,2.00,2026-01-28T00:29:00Z
order_items-002995,OR-000595,3,PR-00145,4,236.00,9.00,2026-01-28T00:42:00Z
order_items-002996,OR-000596,3,PR-00146,3,180.00,1.00,2026-01-28T00:55:00Z
order_items-002997,OR-000597,3,PR-00147,0,86.00,7.00,2026-01-28T01:08:00Z
order_items-002998,OR-000598,3,PR-ORPHAN,4,195.00,10.00,2026-01-28T01:21:00Z
order_items-002999,OR-000599,3,PR-00149,1,157.00,4.00,2026-01-28T01:34:00Z
order_items-003000,OR-000599,3,PR-00150,3,80.00,0.00,2026-01-28T01:47:00Z
