source_row_id,order_id,customer_id,order_time,channel,region,currency,order_status,discount_amount,declared_total,updated_at
orders-000001,OR-000001,RC-00001,2026-01-01T00:00:00Z,store,north,USD,refunded,2.00,344.00,2026-01-01T00:00:00Z
orders-000002,OR-000002,RC-00002,2026-01-01T00:29:00Z,mobile,south,USD,completed,1.00,477.00,2026-01-01T00:29:00Z
orders-000003,OR-000003,RC-00003,2026-01-01T00:58:00Z,store,north,USD,refunded,15.00,110.00,2026-01-01T00:58:00Z
orders-000004,OR-000004,RC-00004,2026-01-01T01:27:00Z,mobile,west,USD,refunded,16.00,391.00,2026-01-01T01:27:00Z
orders-000005,OR-000005,RC-00005,2026-01-01T01:56:00Z,web,north,USD,completed,9.00,197.00,2026-01-01T01:56:00Z
orders-000006,OR-000006,RC-00006,2026-01-01T02:25:00Z,store,south,USD,refunded,3.00,72.00,2026-01-01T02:25:00Z
orders-000007,OR-000007,RC-00007,2026-01-01T02:54:00Z,store,north,USD,completed,12.00,91.00,2026-01-01T02:54:00Z
orders-000008,OR-000008,RC-00008,2026-01-01T03:23:00Z,mobile,north,USD,completed,10.00,68.00,2026-01-01T03:23:00Z
orders-000009,OR-000009,RC-00009,2026-01-01T03:52:00Z,mobile,west,USD,completed,16.00,170.00,2026-01-01T03:52:00Z
orders-000010,OR-000010,RC-00010,2026-01-01T04:21:00Z,store,east,USD,completed,11.00,194.00,2026-01-01T04:21:00Z
orders-000011,OR-000011,RC-00011,2026-01-01T04:50:00Z,mobile,north,USD,completed,4.00,106.00,2026-01-01T04:50:00Z
orders-000012,OR-000012,RC-00012,2026-01-01T05:19:00Z,store,west,USD,completed,2.00,394.00,2026-01-01T05:19:00Z
orders-000013,OR-000013,RC-00013,2026-01-01T05:48:00Z,store,west,USD,refunded,20.00,306.00,2026-01-01T05:48:00Z
orders-000014,OR-000014,RC-00014,2026-01-01T06:17:00Z,mobile,north,USD,completed,4.00,121.00,2026-01-01T06:17:00Z
orders-000015,OR-000015,RC-00015,2026-01-01T06:46:00Z,store,south,USD,completed,9.00,43.00,2026-01-01T06:46:00Z
orders-000016,OR-000016,RC-00016,2026-01-01T07:15:00Z,web,west,USD,completed,12.00,233.00,2026-01-01T07:15:00Z
orders-000017,OR-000017,RC-00017,2026-01-01T07:44:00Z,mobile,east,USD,completed,15.00,56.00,2026-01-01T07:44:00Z
orders-000018,OR-000018,RC-00018,2026-01-01T08:13:00Z,web,east,USD,completed,2.00,220.00,2026-01-01T08:13:00Z
orders-000019,OR-000019,RC-00019,2026-01-01T08:42:00Z,mobile,west,USD,completed,13.00,472.00,2026-01-01T08:42:00Z
orders-000020,OR-000020,RC-00020,2026-01-01T09:11:00Z,mobile,east,USD,completed,13.00,206.00,2026-01-01T09:11:00Z
orders-000021,OR-000021,RC-00021,2026-01-01T09:40:00Z,mobile,north,USD,completed,11.00,105.00,2026-01-01T09:40:00Z
orders-000022,OR-000022,RC-00022,2026-01-01T10:09:00Z,store,south,USD,refunded,18.00,422.00,2026-01-01T10:09:00Z
orders-000023,OR-000023,RC-00023,2026-01-01T10:38:00Z,web,south,USD,refunded,20.00,420.00,2026-01-01T10:38:00Z
orders-000024,OR-000024,RC-00024,2026-01-01T11:07:00Z,store,south,USD,completed,12.00,172.00,2026-01-01T11:07:00Z
orders-000025,OR-000025,RC-00025,2026-01-01T11:36:00Z,mobile,west,USD,refunded,18.00,231.00,2026-01-01T11:36:00Z
orders-000026,OR-000026,RC-00026,2026-01-01T12:05:00Z,store,north,USD,completed,16.00,51.00,2026-01-01T12:05:00Z
orders-000027,OR-000027,RC-00027,2026-01-01T12:34:00Z,web,south,USD,completed,14.00,320.00,2026-01-01T12:34:00Z
orders-000028,OR-000028,RC-00028,2026-01-01T13:03:00Z,mobile,north,USD,refunded,2.00,139.00,2026-01-01T13:03:00Z
orders-000029,OR-000029,RC-00029,2026-01-01T13:32:00Z,mobile,north,USD,completed,0.00,293.00,2026-01-01T13:32:00Z
orders-000030,OR-000030,RC-00030,2026-01-01T14:01:00Z,store,east,USD,completed,7.00,283.00,2026-01-01T14:01:00Z
orders-000031,OR-000031,RC-00031,2026-01-01T14:30:00Z,mobile,north,USD,completed,12.00,74.00,2026-01-01T14:30:00Z
orders-000032,OR-000032,RC-00032,2026-01-01T14:59:00Z,web,east,USD,refunded,14.00,376.00,2026-01-01T14:59:00Z
orders-000033,OR-000033,RC-00033,2026-01-01T15:28:00Z,mobile,west,USD,completed,19.00,315.00,2026-01-01T15:28:00Z
orders-000034,OR-000034,RC-00034,2026-01-01T15:57:00Z,mobile,north,USD,refunded,19.00,240.00,2026-01-01T15:57:00Z
orders-000035,OR-000035,RC-00035,2026-01-01T16:26:00Z,mobile,east,USD,refunded,2.00,435.00,2026-01-01T16:26:00Z
orders-000036,OR-000036,RC-00036,2026-01-01T16:55:00Z,store,east,USD,refunded,13.00,24.00,2026-01-01T16:55:00Z
orders-000037,OR-000037,RC-00037,2026-01-01T17:24:00Z,web,east,USD,completed,18.00,188.00,2026-01-01T17:24:00Z
orders-000038,OR-000038,RC-00038,2026-01-01T17:53:00Z,mobile,south,USD,refunded,9.00,289.00,2026-01-01T17:53:00Z
orders-000039,OR-000039,RC-00039,2026-01-01T18:22:00Z,mobile,south,USD,completed,3.00,224.00,2026-01-01T18:22:00Z
orders-000040,OR-000040,RC-00040,2026-01-01T18:51:00Z,mobile,east,USD,completed,7.00,118.00,2026-01-01T18:51:00Z
orders-000041,OR-000041,RC-00041,2026-01-01T19:20:00Z,store,east,USD,completed,12.00,341.00,2026-01-01T19:20:00Z
orders-000042,OR-000042,RC-00042,2026-01-01T19:49:00Z,store,east,USD,refunded,9.00,199.00,2026-01-01T19:49:00Z
orders-000043,OR-000043,RC-00043,2026-01-01T20:18:00Z,store,north,USD,completed,9.00,384.00,2026-01-01T20:18:00Z
orders-000044,OR-000044,RC-00044,2026-01-01T20:47:00Z,mobile,east,USD,completed,2.00,182.00,2026-01-01T20:47:00Z
orders-000045,OR-000045,RC-00045,2026-01-01T21:16:00Z,mobile,south,USD,completed,11.00,464.00,2026-01-01T21:16:00Z
orders-000046,OR-000046,RC-00046,2026-01-01T21:45:00Z,store,north,USD,refunded,17.00,159.00,2026-01-01T21:45:00Z
orders-000047,OR-000047,RC-00047,2026-01-01T22:14:00Z,mobile,west,USD,completed,16.00,323.00,2026-01-01T22:14:00Z
orders-000048,OR-000048,RC-00048,2026-01-01T22:43:00Z,store,west,USD,refunded,10.00,500.00,2026-01-01T22:43:00Z
orders-000049,OR-000049,RC-00049,2026-01-01T23:12:00Z,mobile,east,USD,refunded,6.00,394.00,2026-01-01T23:12:00Z
orders-000050,OR-000050,RC-00050,2026-01-01T23:41:00Z,web,south,USD,completed,7.00,84.00,2026-01-01T23:41:00Z
orders-000051,OR-000051,RC-00051,2026-01-02T00:10:00Z,mobile,west,USD,refunded,12.00,334.00,2026-01-02T00:10:00Z
orders-000052,OR-000052,RC-00052,2026-01-02T00:39:00Z,store,south,USD,completed,14.00,135.00,2026-01-02T00:39:00Z
orders-000053,OR-000053,RC-00053,2026-01-02T01:08:00Z,mobile,north,USD,refunded,4.00,264.00,2026-01-02T01:08:00Z
orders-000054,OR-000054,RC-00054,2026-01-02T01:37:00Z,store,west,USD,refunded,4.00,261.00,2026-01-02T01:37:00Z
orders-000055,OR-000055,RC-00055,2026-01-02T02:06:00Z,web,south,USD,refunded,19.00,374.00,2026-01-02T02:06:00Z
orders-000056,OR-000056,RC-00056,2026-01-02T02:35:00Z,mobile,south,USD,completed,12.00,266.00,2026-01-02T02:35:00Z
orders-000057,OR-000057,RC-00057,2026-01-02T03:04:00Z,mobile,north,USD,completed,8.00,64.00,2026-01-02T03:04:00Z
orders-000058,OR-000058,RC-00058,2026-01-02T03:33:00Z,store,south,USD,completed,11.00,301.00,2026-01-02T03:33:00Z
orders-000059,OR-000059,RC-00059,2026-01-02T04:02:00Z,store,east,USD,completed,19.00,214.00,2026-01-02T04:02:00Z
orders-000060,OR-000060,RC-00060,2026-01-02T04:31:00Z,mobile,west,USD,completed,13.00,398.00,2026-01-02T04:31:00Z
orders-000061,OR-000061,RC-00061,2026-01-02T05:00:00Z,web,south,USD,completed,10.00,242.00,2026-01-02T05:00:00Z
orders-000062,OR-000062,RC-00062,2026-01-02T05:29:00Z,web,east,USD,refunded,19.00,380.00,2026-01-02T05:29:00Z
orders-000063,OR-000063,RC-00063,2026-01-02T05:58:00Z,store,east,USD,refunded,0.00,65.00,2026-01-02T05:58:00Z
orders-000064,OR-000064,RC-00064,2026-01-02T06:27:00Z,store,north,USD,completed,9.00,497.00,2026-01-02T06:27:00Z
orders-000065,OR-000065,RC-00065,2026-01-02T06:56:00Z,web,east,USD,completed,9.00,410.00,2026-01-02T06:56:00Z
orders-000066,OR-000066,RC-00066,2026-01-02T07:25:00Z,mobile,north,USD,completed,18.00,194.00,2026-01-02T07:25:00Z
orders-000067,OR-000067,RC-00067,2026-01-02T07:54:00Z,store,north,USD,completed,3.00,443.00,2026-01-02T07:54:00Z
orders-000068,OR-000068,RC-00068,2026-01-02T08:23:00Z,web,south,USD,completed,17.00,134.00,2026-01-02T08:23:00Z
orders-000069,OR-000069,RC-00069,2026-01-02T08:52:00Z,web,east,USD,completed,16.00,477.00,2026-01-02T08:52:00Z
orders-000070,OR-000070,RC-00070,2026-01-02T09:21:00Z,store,south,USD,refunded,10.00,280.00,2026-01-02T09:21:00Z
orders-000071,OR-000071,RC-00071,2026-01-02T09:50:00Z,web,east,USD,completed,12.00,181.00,2026-01-02T09:50:00Z
orders-000072,OR-000072,RC-00072,2026-01-02T10:19:00Z,web,south,USD,completed,12.00,168.00,2026-01-02T10:19:00Z
orders-000073,OR-000073,RC-00073,2026-01-02T10:48:00Z,web,east,USD,refunded,2.00,142.00,2026-01-02T10:48:00Z
orders-000074,OR-000074,RC-00074,2026-01-02T11:17:00Z,web,west,USD,refunded,8.00,261.00,2026-01-02T11:17:00Z
orders-000075,OR-000075,RC-00075,2026-01-02T11:46:00Z,store,west,USD,refunded,14.00,256.00,2026-01-02T11:46:00Z
orders-000076,OR-000076,RC-00076,2026-01-02T12:15:00Z,mobile,west,USD,completed,9.00,168.00,2026-01-02T12:15:00Z
orders-000077,OR-000077,RC-00077,2026-01-02T12:44:00Z,web,west,USD,completed,5.00,326.00,2026-01-02T12:44:00Z
orders-000078,OR-000078,RC-00078,2026-01-02T13:13:00Z,web,west,USD,completed,8.00,335.00,2026-01-02T13:13:00Z
orders-000079,OR-000079,RC-00079,2026-01-02T13:42:00Z,mobile,east,USD,completed,0.00,299.00,2026-01-02T13:42:00Z
orders-000080,OR-000080,RC-00080,2026-01-02T14:11:00Z,mobile,west,USD,refunded,18.00,239.00,2026-01-02T14:11:00Z
orders-000081,OR-000081,RC-00081,2026-01-02T14:40:00Z,mobile,east,USD,completed,5.00,359.00,2026-01-02T14:40:00Z
orders-000082,OR-000082,RC-00082,2026-01-02T15:09:00Z,web,north,USD,completed,7.00,51.00,2026-01-02T15:09:00Z
orders-000083,OR-000083,RC-00083,2026-01-02T15:38:00Z,web,south,USD,completed,2.00,255.00,2026-01-02T15:38:00Z
orders-000084,OR-000084,RC-00084,2026-01-02T16:07:00Z,mobile,north,USD,completed,20.00,490.00,2026-01-02T16:07:00Z
orders-000085,OR-000085,RC-00085,2026-01-02T16:36:00Z,mobile,north,USD,refunded,10.00,251.00,2026-01-02T16:36:00Z
orders-000086,OR-000086,RC-00086,2026-01-02T17:05:00Z,web,north,USD,refunded,0.00,26.00,2026-01-02T17:05:00Z
orders-000087,OR-000087,RC-00087,2026-01-02T17:34:00Z,mobile,south,USD,refunded,17.00,354.00,2026-01-02T17:34:00Z
orders-000088,OR-000088,RC-00088,2026-01-02T18:03:00Z,store,west,USD,completed,18.00,286.00,2026-01-02T18:03:00Z
orders-000089,OR-000089,RC-00089,2026-01-02T18:32:00Z,store,west,USD,completed,12.00,235.00,2026-01-02T18:32:00Z
orders-000090,OR-000090,RC-00090,2026-01-02T19:01:00Z,store,north,USD,refunded,9.00,264.00,2026-01-02T19:01:00Z
orders-000091,OR-000091,RC-00091,2026-01-02T19:30:00Z,web,east,USD,refunded,10.00,34.00,2026-01-02T19:30:00Z
orders-000092,OR-000092,RC-00092,2026-01-02T19:59:00Z,store,east,USD,completed,16.00,350.00,2026-01-02T19:59:00Z
orders-000093,OR-000093,RC-00093,2026-01-02T20:28:00Z,web,south,USD,completed,16.00,388.00,2026-01-02T20:28:00Z
orders-000094,OR-000094,RC-00094,2026-01-02T20:57:00Z,mobile,east,USD,completed,10.00,263.00,2026-01-02T20:57:00Z
orders-000095,OR-000095,RC-00095,2026-01-02T21:26:00Z,store,east,USD,refunded,15.00,352.00,2026-01-02T21:26:00Z
orders-000096,OR-000096,RC-00096,2026-01-02T21:55:00Z,web,east,USD,completed,18.00,412.00,2026-01-02T21:55:00Z
orders-000097,OR-000097,RC-00097,2026-01-02T22:24:00Z,web,east,USD,refunded,13.00,270.00,2026-01-02T22:24:00Z
orders-000098,OR-000098,RC-00098,2026-01-02T22:53:00Z,store,south,USD,refunded,1.00,274.00,2026-01-02T22:53:00Z
orders-000099,OR-000099,RC-00099,2026-01-02T23:22:00Z,store,south,USD,completed,13.00,22.00,2026-01-02T23:22:00Z
orders-000100,OR-000100,RC-00100,2026-01-02T23:51:00Z,mobile,north,USD,completed,8.00,415.00,2026-01-02T23:51:00Z
orders-000101,OR-000101,RC-00101,2026-01-03T00:20:00Z,mobile,east,USD,refunded,17.00,135.00,2026-01-03T00:20:00Z
orders-000102,OR-000102,RC-00102,2026-01-03T00:49:00Z,web,south,USD,completed,3.00,396.00,2026-01-03T00:49:00Z
orders-000103,OR-000103,RC-00103,2026-01-03T01:18:00Z,store,south,USD,completed,9.00,261.00,2026-01-03T01:18:00Z
orders-000104,OR-000104,RC-00104,2026-01-03T01:47:00Z,store,east,USD,refunded,5.00,442.00,2026-01-03T01:47:00Z
orders-000105,OR-000105,RC-00105,2026-01-03T02:16:00Z,store,west,USD,completed,2.00,117.00,2026-01-03T02:16:00Z
orders-000106,OR-000106,RC-00106,2026-01-03T02:45:00Z,mobile,south,USD,completed,14.00,421.00,2026-01-03T02:45:00Z
orders-000107,OR-000107,RC-00107,2026-01-03T03:14:00Z,web,south,USD,refunded,15.00,385.00,2026-01-03T03:14:00Z
orders-000108,OR-000108,RC-00108,2026-01-03T03:43:00Z,web,south,USD,refunded,11.00,53.00,2026-01-03T03:43:00Z
orders-000109,OR-000109,RC-00109,2026-01-03T04:12:00Z,mobile,south,USD,completed,9.00,433.00,2026-01-03T04:12:00Z
orders-000110,OR-000110,RC-00110,2026-01-03T04:41:00Z,store,north,USD,refunded,18.00,341.00,2026-01-03T04:41:00Z
orders-000111,OR-000111,RC-00111,2026-01-03T05:10:00Z,web,west,USD,completed,10.00,217.00,2026-01-03T05:10:00Z
orders-000112,OR-000112,RC-00112,2026-01-03T05:39:00Z,web,south,USD,completed,16.00,315.00,2026-01-03T05:39:00Z
orders-000113,OR-000113,RC-00113,2026-01-03T06:08:00Z,web,west,USD,completed,9.00,352.00,2026-01-03T06:08:00Z
orders-000114,OR-000114,RC-00114,2026-01-03T06:37:00Z,web,east,USD,refunded,15.00,394.00,2026-01-03T06:37:00Z
orders-000115,OR-000115,RC-00115,2026-01-03T07:06:00Z,store,north,USD,completed,10.00,362.00,2026-01-03T07:06:00Z
orders-000116,OR-000116,RC-00116,2026-01-03T07:35:00Z,web,east,USD,refunded,10.00,131.00,2026-01-03T07:35:00Z
orders-000117,OR-000117,RC-00117,2026-01-03T08:04:00Z,store,south,USD,completed,13.00,254.00,2026-01-03T08:04:00Z
orders-000118,OR-000118,RC-00118,2026-01-03T08:33:00Z,mobile,north,USD,completed,13.00,437.00,2026-01-03T08:33:00Z
orders-000119,OR-000119,RC-00119,2026-01-03T09:02:00Z,store,south,USD,refunded,8.00,394.00,2026-01-03T09:02:00Z
orders-000120,OR-000120,RC-00120,2026-01-03T09:31:00Z,store,east,USD,completed,16.00,253.00,2026-01-03T09:31:00Z
orders-000121,OR-000121,RC-00121,2026-01-03T10:00:00Z,mobile,west,USD,refunded,4.00,147.00,2026-01-03T10:00:00Z
orders-000122,OR-000122,RC-00122,2026-01-03T10:29:00Z,mobile,south,USD,completed,8.00,121.00,2026-01-03T10:29:00Z
orders-000123,OR-000123,RC-00123,2026-01-03T10:58:00Z,web,north,USD,completed,14.00,214.00,2026-01-03T10:58:00Z
orders-000124,OR-000124,RC-00124,2026-01-03T11:27:00Z,store,south,USD,completed,2.00,167.00,2026-01-03T11:27:00Z
orders-000125,OR-000125,RC-00125,2026-01-03T11:56:00Z,store,south,USD,completed,16.00,387.00,2026-01-03T11:56:00Z
orders-000126,OR-000126,RC-00126,2026-01-03T12:25:00Z,store,west,USD,refunded,14.00,26.00,2026-01-03T12:25:00Z
orders-000127,OR-000127,RC-00127,2026-01-03T12:54:00Z,web,east,USD,completed,2.00,156.00,2026-01-03T12:54:00Z
orders-000128,OR-000128,RC-00128,2026-01-03T13:23:00Z,web,north,USD,refunded,17.00,302.00,2026-01-03T13:23:00Z
orders-000129,OR-000129,RC-00129,2026-01-03T13:52:00Z,mobile,west,USD,completed,16.00,452.00,2026-01-03T13:52:00Z
orders-000130,OR-000130,RC-00130,2026-01-03T14:21:00Z,mobile,south,USD,completed,11.00,324.00,2026-01-03T14:21:00Z
orders-000131,OR-000131,RC-00131,2026-01-03T14:50:00Z,mobile,west,USD,completed,14.00,251.00,2026-01-03T14:50:00Z
orders-000132,OR-000132,RC-00132,2026-01-03T15:19:00Z,store,east,USD,completed,6.00,55.00,2026-01-03T15:19:00Z
orders-000133,OR-000133,RC-00133,2026-01-03T15:48:00Z,web,east,USD,completed,20.00,234.00,2026-01-03T15:48:00Z
orders-000134,OR-000134,RC-00134,2026-01-03T16:17:00Z,web,north,USD,completed,5.00,106.00,2026-01-03T16:17:00Z
orders-000135,OR-000135,RC-00135,2026-01-03T16:46:00Z,mobile,west,USD,completed,6.00,467.00,2026-01-03T16:46:00Z
orders-000136,OR-000136,RC-00136,2026-01-03T17:15:00Z,store,west,USD,refunded,17.00,264.00,2026-01-03T17:15:00Z
orders-000137,OR-000137,RC-00137,2026-01-03T17:44:00Z,mobile,north,USD,refunded,9.00,422.00,2026-01-03T17:44:00Z
orders-000138,OR-000138,RC-00138,2026-01-03T18:13:00Z,mobile,south,USD,refunded,13.00,483.00,2026-01-03T18:13:00Z
orders-000139,OR-000139,RC-00139,2026-01-03T18:42:00Z,store,west,USD,completed,10.00,281.00,2026-01-03T18:42:00Z
orders-000140,OR-000140,RC-00140,2026-01-03T19:11:00Z,web,south,USD,refunded,16.00,186.00,2026-01-03T19:11:00Z
orders-000141,OR-000141,RC-00141,2026-01-03T19:40:00Z,store,east,USD,completed,10.00,102.00,2026-01-03T19:40:00Z
orders-000142,OR-000142,RC-00142,2026-01-03T20:09:00Z,store,west,USD,completed,17.00,304.00,2026-01-03T20:09:00Z
orders-000143,OR-000143,RC-00143,2026-01-03T20:38:00Z,web,east,USD,completed,6.00,149.00,2026-01-03T20:38:00Z
orders-000144,OR-000144,RC-00144,2026-01-03T21:07:00Z,web,south,USD,completed,13.00,483.00,2026-01-03T21:07:00Z
orders-000145,OR-000145,RC-00145,2026-01-03T21:36:00Z,web,north,USD,completed,10.00,177.00,2026-01-03T21:36:00Z
orders-000146,OR-000146,RC-00146,2026-01-03T22:05:00Z,web,east,USD,refunded,1.00,408.00,2026-01-03T22:05:00Z
orders-000147,OR-000147,RC-00147,2026-01-03T22:34:00Z,store,east,USD,completed,15.00,138.00,2026-01-03T22:34:00Z
orders-000148,OR-000148,RC-00148,2026-01-03T23:03:00Z,mobile,east,USD,completed,13.00,147.00,2026-01-03T23:03:00Z
orders-000149,OR-000149,RC-00149,2026-01-03T23:32:00Z,store,south,USD,refunded,1.00,140.00,2026-01-03T23:32:00Z
orders-000150,OR-000150,RC-00150,2026-01-04T00:01:00Z,store,west,USD,refunded,10.00,37.00,2026-01-04T00:01:00Z
orders-000151,OR-000151,RC-00151,2026-01-04T00:30:00Z,web,east,USD,completed,15.00,172.00,2026-01-04T00:30:00Z
orders-000152,OR-000152,RC-00152,2026-01-04T00:59:00Z,store,north,USD,refunded,16.00,216.00,2026-01-04T00:59:00Z
orders-000153,OR-000153,RC-00153,2026-01-04T01:28:00Z,store,east,USD,refunded,20.00,53.00,2026-01-04T01:28:00Z
orders-000154,OR-000154,RC-00154,2026-01-04T01:57:00Z,store,west,USD,completed,11.00,70.00,2026-01-04T01:57:00Z
orders-000155,OR-000155,RC-00155,2026-01-04T02:26:00Z,web,south,USD,refunded,5.00,76.00,2026-01-04T02:26:00Z
orders-000156,OR-000156,RC-00156,2026-01-04T02:55:00Z,store,east,USD,completed,13.00,363.00,2026-01-04T02:55:00Z
orders-000157,OR-000157,RC-00157,2026-01-04T03:24:00Z,web,east,USD,completed,14.00,138.00,2026-01-04T03:24:00Z
orders-000158,OR-000158,RC-00158,2026-01-04T03:53:00Z,web,south,USD,refunded,4.00,166.00,2026-01-04T03:53:00Z
orders-000159,OR-000159,RC-00159,2026-01-04T04:22:00Z,store,south,USD,completed,13.00,155.00,2026-01-04T04:22:00Z
orders-000160,OR-000160,RC-00160,2026-01-04T04:51:00Z,mobile,south,USD,completed,19.00,46.00,2026-01-04T04:51:00Z
orders-000161,OR-000161,RC-00161,2026-01-04T05:20:00Z,web,south,USD,refunded,1.00,425.00,2026-01-04T05:20:00Z
orders-000162,OR-000162,RC-00162,2026-01-04T05:49:00Z,web,west,USD,refunded,8.00,391.00,2026-01-04T05:49:00Z
orders-000163,OR-000163,RC-00163,2026-01-04T06:18:00Z,store,north,USD,refunded,6.00,93.00,2026-01-04T06:18:00Z
orders-000164,OR-000164,RC-00164,2026-01-04T06:47:00Z,store,south,USD,completed,0.00,31.00,2026-01-04T06:47:00Z
orders-000165,OR-000165,RC-00165,2026-01-04T07:16:00Z,web,south,USD,refunded,1.00,311.00,2026-01-04T07:16:00Z
orders-000166,OR-000166,RC-00166,2026-01-04T07:45:00Z,web,east,USD,completed,11.00,492.00,2026-01-04T07:45:00Z
orders-000167,OR-000167,RC-00167,2026-01-04T08:14:00Z,mobile,south,USD,completed,8.00,179.00,2026-01-04T08:14:00Z
orders-000168,OR-000168,RC-00168,2026-01-04T08:43:00Z,mobile,west,USD,completed,13.00,57.00,2026-01-04T08:43:00Z
orders-000169,OR-000169,RC-00169,2026-01-04T09:12:00Z,web,east,USD,completed,5.00,133.00,2026-01-04T09:12:00Z
orders-000170,OR-000170,RC-00170,2026-01-04T09:41:00Z,mobile,north,USD,completed,17.00,449.00,2026-01-04T09:41:00Z
orders-000171,OR-000171,RC-00171,2026-01-04T10:10:00Z,web,north,USD,completed,12.00,309.00,2026-01-04T10:10:00Z
orders-000172,OR-000172,RC-00172,2026-01-04T10:39:00Z,mobile,north,USD,completed,0.00,300.00,2026-01-04T10:39:00Z
orders-000173,OR-000173,RC-00173,2026-01-04T11:08:00Z,store,south,USD,refunded,9.00,56.00,2026-01-04T11:08:00Z
orders-000174,OR-000174,RC-00174,2026-01-04T11:37:00Z,store,west,USD,completed,3.00,329.00,2026-01-04T11:37:00Z
orders-000175,OR-000175,RC-00175,2026-01-04T12:06:00Z,web,south,USD,refunded,3.00,92.00,2026-01-04T12:06:00Z
orders-000176,OR-000176,RC-00176,2026-01-04T12:35:00Z,mobile,east,USD,completed,18.00,265.00,2026-01-04T12:35:00Z
orders-000177,OR-000177,RC-00177,2026-01-04T13:04:00Z,mobile,north,USD,completed,8.00,144.00,2026-01-04T13:04:00Z
orders-000178,OR-000178,RC-00178,2026-01-04T13:33:00Z,web,north,USD,completed,20.00,419.00,2026-01-04T13:33:00Z
orders-000179,OR-000179,RC-00179,2026-01-04T14:02:00Z,mobile,north,USD,refunded,14.00,36.00,2026-01-04T14:02:00Z
orders-000180,OR-000180,RC-00180,2026-01-04T14:31:00Z,store,east,USD,completed,5.00,216.00,2026-01-04T14:31:00Z
orders-000181,OR-000181,RC-00181,2026-01-04T15:00:00Z,mobile,north,USD,refunded,4.00,118.00,2026-01-04T15:00:00Z
orders-000182,OR-000182,RC-00182,2026-01-04T15:29:00Z,store,east,USD,refunded,12.00,412.00,2026-01-04T15:29:00Z
orders-000183,OR-000183,RC-00183,2026-01-04T15:58:00Z,mobile,south,USD,refunded,5.00,311.00,2026-01-04T15:58:00Z
orders-000184,OR-000184,RC-00184,2026-01-04T16:27:00Z,store,west,USD,completed,15.00,380.00,2026-01-04T16:27:00Z
orders-000185,OR-000185,RC-00185,2026-01-04T16:56:00Z,mobile,west,USD,completed,14.00,227.00,2026-01-04T16:56:00Z
orders-000186,OR-000186,RC-00186,2026-01-04T17:25:00Z,web,north,USD,completed,16.00,69.00,2026-01-04T17:25:00Z
orders-000187,OR-000187,RC-00187,2026-01-04T17:54:00Z,mobile,east,USD,refunded,3.00,417.00,2026-01-04T17:54:00Z
orders-000188,OR-000188,RC-00188,2026-01-04T18:23:00Z,web,west,USD,completed,0.00,325.00,2026-01-04T18:23:00Z
orders-000189,OR-000189,RC-00189,2026-01-04T18:52:00Z,web,east,USD,completed,15.00,41.00,2026-01-04T18:52:00Z
orders-000190,OR-000190,RC-00190,2026-01-04T19:21:00Z,store,west,USD,completed,16.00,135.00,2026-01-04T19:21:00Z
orders-000191,OR-000191,RC-00191,2026-01-04T19:50:00Z,web,north,USD,completed,5.00,444.00,2026-01-04T19:50:00Z
orders-000192,OR-000192,RC-00192,2026-01-04T20:19:00Z,store,west,USD,refunded,11.00,457.00,2026-01-04T20:19:00Z
orders-000193,OR-000193,RC-00193,2026-01-04T20:48:00Z,web,east,USD,refunded,11.00,490.00,2026-01-04T20:48:00Z
orders-000194,OR-000194,RC-00194,2026-01-04T21:17:00Z,store,north,USD,refunded,1.00,271.00,2026-01-04T21:17:00Z
orders-000195,OR-000195,RC-00195,2026-01-04T21:46:00Z,store,north,USD,completed,12.00,302.00,2026-01-04T21:46:00Z
orders-000196,OR-000196,RC-00196,2026-01-04T22:15:00Z,mobile,north,USD,completed,11.00,284.00,2026-01-04T22:15:00Z
orders-000197,OR-000197,RC-00197,2026-01-04T22:44:00Z,mobile,north,USD,completed,18.00,418.00,2026-01-04T22:44:00Z
orders-000198,OR-000198,RC-00198,2026-01-04T23:13:00Z,web,north,USD,completed,1.00,371.00,2026-01-04T23:13:00Z
orders-000199,OR-000199,RC-00199,2026-01-04T23:42:00Z,store,east,USD,completed,5.00,68.00,2026-01-04T23:42:00Z
orders-000200,OR-000200,RC-00200,2026-01-05T00:11:00Z,store,south,USD,refunded,14.00,344.00,2026-01-05T00:11:00Z
orders-000201,OR-000201,RC-00201,2026-01-05T00:40:00Z,web,west,USD,completed,17.00,241.00,2026-01-05T00:40:00Z
orders-000202,OR-000202,RC-00202,2026-01-05T01:09:00Z,web,south,USD,completed,16.00,164.00,2026-01-05T01:09:00Z
orders-000203,OR-000203,RC-00203,2026-01-05T01:38:00Z,mobile,south,USD,completed,11.00,183.00,2026-01-05T01:38:00Z
orders-000204,OR-000204,RC-00204,2026-01-05T02:07:00Z,web,north,USD,completed,14.00,435.00,2026-01-05T02:07:00Z
orders-000205,OR-000205,RC-00205,2026-01-05T02:36:00Z,store,south,USD,completed,4.00,86.00,2026-01-05T02:36:00Z
orders-000206,OR-000206,RC-00206,2026-01-05T03:05:00Z,web,west,USD,completed,13.00,216.00,2026-01-05T03:05:00Z
orders-000207,OR-000207,RC-00207,2026-01-05T03:34:00Z,web,north,USD,completed,5.00,257.00,2026-01-05T03:34:00Z
orders-000208,OR-000208,RC-00208,2026-01-05T04:03:00Z,store,north,USD,refunded,13.00,318.00,2026-01-05T04:03:00Z
orders-000209,OR-000209,RC-00209,2026-01-05T04:32:00Z,store,west,USD,completed,20.00,202.00,2026-01-05T04:32:00Z
orders-000210,OR-000210,RC-00210,2026-01-05T05:01:00Z,mobile,east,USD,completed,17.00,202.00,2026-01-05T05:01:00Z
orders-000211,OR-000211,RC-00211,2026-01-05T05:30:00Z,store,south,USD,refunded,8.00,94.00,2026-01-05T05:30:00Z
orders-000212,OR-000212,RC-00212,2026-01-05T05:59:00Z,store,south,USD,completed,8.00,158.00,2026-01-05T05:59:00Z
orders-000213,OR-000213,RC-00213,2026-01-05T06:28:00Z,mobile,east,USD,completed,13.00,398.00,2026-01-05T06:28:00Z
orders-000214,OR-000214,RC-00214,2026-01-05T06:57:00Z,mobile,south,USD,completed,10.00,36.00,2026-01-05T06:57:00Z
orders-000215,OR-000215,RC-00215,2026-01-05T07:26:00Z,mobile,south,USD,refunded,8.00,93.00,2026-01-05T07:26:00Z
orders-000216,OR-000216,RC-00216,2026-01-05T07:55:00Z,mobile,north,USD,completed,6.00,382.00,2026-01-05T07:55:00Z
orders-000217,OR-000217,RC-00217,2026-01-05T08:24:00Z,store,north,USD,refunded,18.00,382.00,2026-01-05T08:24:00Z
orders-000218,OR-000218,RC-00218,2026-01-05T08:53:00Z,mobile,east,USD,refunded,0.00,360.00,2026-01-05T08:53:00Z
orders-000219,OR-000219,RC-00219,2026-01-05T09:22:00Z,store,north,USD,completed,3.00,277.00,2026-01-05T09:22:00Z
orders-000220,OR-000220,RC-00220,2026-01-05T09:51:00Z,mobile,south,USD,completed,1.00,498.00,2026-01-05T09:51:00Z
orders-000221,OR-000221,RC-00221,2026-01-05T10:20:00Z,web,west,USD,completed,19.00,171.00,2026-01-05T10:20:00Z
orders-000222,OR-000222,RC-00222,2026-01-05T10:49:00Z,store,west,USD,completed,13.00,452.00,2026-01-05T10:49:00Z
orders-000223,OR-000223,RC-00223,2026-01-05T11:18:00Z,web,east,USD,completed,15.00,461.00,2026-01-05T11:18:00Z
orders-000224,OR-000224,RC-00224,2026-01-05T11:47:00Z,store,west,USD,completed,9.00,268.00,2026-01-05T11:47:00Z
orders-000225,OR-000225,RC-00225,2026-01-05T12:16:00Z,web,north,USD,completed,11.00,419.00,2026-01-05T12:16:00Z
orders-000226,OR-000226,RC-00226,2026-01-05T12:45:00Z,web,south,USD,completed,0.00,382.00,2026-01-05T12:45:00Z
orders-000227,OR-000227,RC-00227,2026-01-05T13:14:00Z,mobile,south,USD,completed,9.00,262.00,2026-01-05T13:14:00Z
orders-000228,OR-000228,RC-00228,2026-01-05T13:43:00Z,web,west,USD,completed,1.00,40.00,2026-01-05T13:43:00Z
orders-000229,OR-000229,RC-00229,2026-01-05T14:12:00Z,web,north,USD,refunded,20.00,452.00,2026-01-05T14:12:00Z
orders-000230,OR-000230,RC-00230,2026-01-05T14:41:00Z,mobile,north,USD,completed,6.00,152.00,2026-01-05T14:41:00Z
orders-000231,OR-000231,RC-00231,2026-01-05T15:10:00Z,store,east,USD,refunded,10.00,27.00,2026-01-05T15:10:00Z
orders-000232,OR-000232,RC-00232,2026-01-05T15:39:00Z,mobile,west,USD,refunded,0.00,163.00,2026-01-05T15:39:00Z
orders-000233,OR-000233,RC-00233,2026-01-05T16:08:00Z,store,west,USD,completed,1.00,195.00,2026-01-05T16:08:00Z
orders-000234,OR-000234,RC-00234,2026-01-05T16:37:00Z,mobile,east,USD,completed,1.00,474.00,2026-01-05T16:37:00Z
orders-000235,OR-000235,RC-00235,2026-01-05T17:06:00Z,store,west,USD,completed,12.00,263.00,2026-01-05T17:06:00Z
orders-000236,OR-000236,RC-00236,2026-01-05T17:35:00Z,store,east,USD,completed,8.00,324.00,2026-01-05T17:35:00Z
orders-000237,OR-000237,RC-00237,2026-01-05T18:04:00Z,mobile,north,USD,refunded,18.00,418.00,2026-01-05T18:04:00Z
orders-000238,OR-000238,RC-00238,2026-01-05T18:33:00Z,mobile,west,USD,completed,20.00,121.00,2026-01-05T18:33:00Z
orders-000239,OR-000239,RC-00239,2026-01-05T19:02:00Z,web,west,USD,completed,18.00,304.00,2026-01-05T19:02:00Z
orders-000240,OR-000240,RC-00240,2026-01-05T19:31:00Z,web,south,USD,completed,3.00,183.00,2026-01-05T19:31:00Z
orders-000241,OR-000241,RC-00241,2026-01-05T20:00:00Z,web,north,USD,completed,6.00,476.00,2026-01-05T20:00:00Z
orders-000242,OR-000242,RC-00242,2026-01-05T20:29:00Z,store,south,USD,completed,9.00,428.00,2026-01-05T20:29:00Z
orders-000243,OR-000243,RC-00243,2026-01-05T20:58:00Z,mobile,east,USD,completed,18.00,305.00,2026-01-05T20:58:00Z
orders-000244,OR-000244,RC-00244,2026-01-05T21:27:00Z,web,north,USD,refunded,7.00,490.00,2026-01-05T21:27:00Z
orders-000245,OR-000245,RC-00245,2026-01-05T21:56:00Z,mobile,south,USD,completed,5.00,434.00,2026-01-05T21:56:00Z
orders-000246,OR-000246,RC-00246,2026-01-05T22:25:00Z,mobile,north,USD,refunded,3.00,237.00,2026-01-05T22:25:00Z
orders-000247,OR-000247,RC-00247,2026-01-05T22:54:00Z,web,east,USD,completed,20.00,125.00,2026-01-05T22:54:00Z
orders-000248,OR-000248,RC-00248,2026-01-05T23:23:00Z,store,south,USD,refunded,6.00,471.00,2026-01-05T23:23:00Z
orders-000249,OR-000249,RC-00249,2026-01-05T23:52:00Z,store,south,USD,refunded,13.00,333.00,2026-01-05T23:52:00Z
orders-000250,OR-000250,RC-00250,2026-01-06T00:21:00Z,mobile,west,USD,completed,14.00,77.00,2026-01-06T00:21:00Z
orders-000251,OR-000251,RC-00251,2026-01-06T00:50:00Z,web,south,USD,refunded,12.00,184.00,2026-01-06T00:50:00Z
orders-000252,OR-000252,RC-00252,2026-01-06T01:19:00Z,store,west,USD,completed,17.00,407.00,2026-01-06T01:19:00Z
orders-000253,OR-000253,RC-00253,2026-01-06T01:48:00Z,mobile,south,USD,completed,6.00,234.00,2026-01-06T01:48:00Z
orders-000254,OR-000254,RC-00254,2026-01-06T02:17:00Z,mobile,west,USD,completed,19.00,104.00,2026-01-06T02:17:00Z
orders-000255,OR-000255,RC-00255,2026-01-06T02:46:00Z,store,south,USD,completed,10.00,45.00,2026-01-06T02:46:00Z
orders-000256,OR-000256,RC-00256,2026-01-06T03:15:00Z,web,east,USD,completed,2.00,354.00,2026-01-06T03:15:00Z
orders-000257,OR-000257,RC-00257,2026-01-06T03:44:00Z,mobile,east,USD,completed,18.00,265.00,2026-01-06T03:44:00Z
orders-000258,OR-000258,RC-00258,2026-01-06T04:13:00Z,store,east,USD,refunded,8.00,488.00,2026-01-06T04:13:00Z
orders-000259,OR-000259,RC-00259,2026-01-06T04:42:00Z,mobile,north,USD,completed,14.00,118.00,2026-01-06T04:42:00Z
orders-000260,OR-000260,RC-00260,2026-01-06T05:11:00Z,mobile,east,USD,completed,19.00,434.00,2026-01-06T05:11:00Z
orders-000261,OR-000261,RC-00261,2026-01-06T05:40:00Z,web,east,USD,completed,19.00,419.00,2026-01-06T05:40:00Z
orders-000262,OR-000262,RC-00262,2026-01-06T06:09:00Z,web,south,USD,completed,2.00,487.00,2026-01-06T06:09:00Z
orders-000263,OR-000263,RC-00263,2026-01-06T06:38:00Z,store,west,USD,refunded,11.00,251.00,2026-01-06T06:38:00Z
orders-000264,OR-000264,RC-00264,2026-01-06T07:07:00Z,web,east,USD,refunded,3.00,280.00,2026-01-06T07:07:00Z
orders-000265,OR-000265,RC-00265,2026-01-06T07:36:00Z,store,east,USD,completed,5.00,183.00,2026-01-06T07:36:00Z
orders-000266,OR-000266,RC-00266,2026-01-06T08:05:00Z,mobile,south,USD,completed,3.00,313.00,2026-01-06T08:05:00Z
orders-000267,OR-000267,RC-00267,2026-01-06T08:34:00Z,web,north,USD,completed,19.00,344.00,2026-01-06T08:34:00Z
orders-000268,OR-000268,RC-00268,2026-01-06T09:03:00Z,mobile,west,USD,completed,2.00,89.00,2026-01-06T09:03:00Z
orders-000269,OR-000269,RC-00269,2026-01-06T09:32:00Z,store,west,USD,completed,11.00,332.00,2026-01-06T09:32:00Z
orders-000270,OR-000270,RC-00270,2026-01-06T10:01:00Z,mobile,east,USD,completed,11.00,378.00,2026-01-06T10:01:00Z
orders-000271,OR-000271,RC-00271,2026-01-06T10:30:00Z,store,east,USD,refunded,10.00,464.00,2026-01-06T10:30:00Z
orders-000272,OR-000272,RC-00272,2026-01-06T10:59:00Z,web,east,USD,completed,2.00,490.00,2026-01-06T10:59:00Z
orders-000273,OR-000273,RC-00273,2026-01-06T11:28:00Z,web,north,USD,completed,11.00,147.00,2026-01-06T11:28:00Z
orders-000274,OR-000274,RC-00274,2026-01-06T11:57:00Z,mobile,east,USD,refunded,3.00,377.00,2026-01-06T11:57:00Z
orders-000275,OR-000275,RC-00275,2026-01-06T12:26:00Z,web,west,USD,completed,13.00,190.00,2026-01-06T12:26:00Z
orders-000276,OR-000276,RC-00276,2026-01-06T12:55:00Z,mobile,north,USD,completed,16.00,52.00,2026-01-06T12:55:00Z
orders-000277,OR-000277,RC-00277,2026-01-06T13:24:00Z,web,south,USD,completed,11.00,25.00,2026-01-06T13:24:00Z
orders-000278,OR-000278,RC-00278,2026-01-06T13:53:00Z,mobile,west,USD,refunded,15.00,460.00,2026-01-06T13:53:00Z
orders-000279,OR-000279,RC-00279,2026-01-06T14:22:00Z,store,east,USD,completed,7.00,359.00,2026-01-06T14:22:00Z
orders-000280,OR-000280,RC-00280,2026-01-06T14:51:00Z,mobile,north,USD,refunded,6.00,31.00,2026-01-06T14:51:00Z
orders-000281,OR-000281,RC-00281,2026-01-06T15:20:00Z,web,east,USD,refunded,16.00,171.00,2026-01-06T15:20:00Z
orders-000282,OR-000282,RC-00282,2026-01-06T15:49:00Z,store,west,USD,completed,8.00,71.00,2026-01-06T15:49:00Z
orders-000283,OR-000283,RC-00283,2026-01-06T16:18:00Z,web,south,USD,completed,7.00,62.00,2026-01-06T16:18:00Z
orders-000284,OR-000284,RC-00284,2026-01-06T16:47:00Z,mobile,south,USD,completed,7.00,241.00,2026-01-06T16:47:00Z
orders-000285,OR-000285,RC-00285,2026-01-06T17:16:00Z,store,south,USD,refunded,17.00,370.00,2026-01-06T17:16:00Z
orders-000286,OR-000286,RC-00286,2026-01-06T17:45:00Z,mobile,west,USD,refunded,8.00,322.00,2026-01-06T17:45:00Z
orders-000287,OR-000287,RC-00287,2026-01-06T18:14:00Z,mobile,east,USD,completed,8.00,63.00,2026-01-06T18:14:00Z
orders-000288,OR-000288,RC-00288,2026-01-06T18:43:00Z,web,south,USD,completed,7.00,141.00,2026-01-06T18:43:00Z
orders-000289,OR-000289,RC-00289,2026-01-06T19:12:00Z,web,east,USD,refunded,10.00,345.00,2026-01-06T19:12:00Z
orders-000290,OR-000290,RC-00290,2026-01-06T19:41:00Z,web,north,USD,refunded,6.00,467.00,2026-01-06T19:41:00Z
orders-000291,OR-000291,RC-00291,2026-01-06T20:10:00Z,web,north,USD,completed,8.00,127.00,2026-01-06T20:10:00Z
orders-000292,OR-000292,RC-00292,2026-01-06T20:39:00Z,web,south,USD,completed,2.00,366.00,2026-01-06T20:39:00Z
orders-000293,OR-000293,RC-00293,2026-01-06T21:08:00Z,store,east,USD,completed,0.00,414.00,2026-01-06T21:08:00Z
orders-000294,OR-000294,RC-00294,2026-01-06T21:37:00Z,mobile,east,USD,completed,13.00,135.00,2026-01-06T21:37:00Z
orders-000295,OR-000295,RC-00295,2026-01-06T22:06:00Z,store,west,USD,completed,14.00,233.00,2026-01-06T22:06:00Z
orders-000296,OR-000296,RC-00296,2026-01-06T22:35:00Z,mobile,east,USD,completed,3.00,256.00,2026-01-06T22:35:00Z
orders-000297,OR-000297,RC-00297,2026-01-06T23:04:00Z,mobile,south,USD,completed,10.00,355.00,2026-01-06T23:04:00Z
orders-000298,OR-000298,RC-00298,2026-01-06T23:33:00Z,mobile,south,USD,completed,6.00,255.00,2026-01-06T23:33:00Z
orders-000299,OR-000299,RC-00299,2026-01-07T00:02:00Z,mobile,north,USD,completed,13.00,166.00,2026-01-07T00:02:00Z
orders-000300,OR-000300,RC-00300,2026-01-07T00:31:00Z,store,east,USD,refunded,12.00,481.00,2026-01-07T00:31:00Z
orders-000301,OR-000301,RC-00001,2026-01-07T01:00:00Z,mobile,north,USD,completed,10.00,222.00,2026-01-07T01:00:00Z
orders-000302,OR-000302,RC-00002,2026-01-07T01:29:00Z,store,east,USD,refunded,2.00,108.00,2026-01-07T01:29:00Z
orders-000303,OR-000303,RC-00003,2026-01-07T01:58:00Z,store,south,USD,completed,7.00,435.00,2026-01-07T01:58:00Z
orders-000304,OR-000304,RC-00004,2026-01-07T02:27:00Z,web,south,USD,refunded,13.00,336.00,2026-01-07T02:27:00Z
orders-000305,OR-000305,RC-00005,2026-01-07T02:56:00Z,web,south,USD,refunded,17.00,118.00,2026-01-07T02:56:00Z
orders-000306,OR-000306,RC-00006,2026-01-07T03:25:00Z,mobile,west,USD,completed,5.00,41.00,2026-01-07T03:25:00Z
orders-000307,OR-000307,RC-00007,2026-01-07T03:54:00Z,store,east,USD,completed,10.00,493.00,2026-01-07T03:54:00Z
orders-000308,OR-000308,RC-00008,2026-01-07T04:23:00Z,mobile,west,USD,completed,13.00,291.00,2026-01-07T04:23:00Z
orders-000309,OR-000309,RC-00009,2026-01-07T04:52:00Z,store,south,USD,completed,12.00,175.00,2026-01-07T04:52:00Z
orders-000310,OR-000310,RC-00010,2026-01-07T05:21:00Z,store,north,USD,refunded,9.00,391.00,2026-01-07T05:21:00Z
orders-000311,OR-000311,RC-00011,2026-01-07T05:50:00Z,store,south,USD,completed,14.00,241.00,2026-01-07T05:50:00Z
orders-000312,OR-000312,RC-00012,2026-01-07T06:19:00Z,web,west,USD,completed,14.00,82.00,2026-01-07T06:19:00Z
orders-000313,OR-000313,RC-00013,2026-01-07T06:48:00Z,store,north,USD,refunded,2.00,426.00,2026-01-07T06:48:00Z
orders-000314,OR-000314,RC-00014,2026-01-07T07:17:00Z,web,east,USD,completed,15.00,148.00,2026-01-07T07:17:00Z
orders-000315,OR-000315,RC-00015,2026-01-07T07:46:00Z,web,east,USD,completed,4.00,190.00,2026-01-07T07:46:00Z
orders-000316,OR-000316,RC-00016,2026-01-07T08:15:00Z,web,south,USD,completed,0.00,133.00,2026-01-07T08:15:00Z
orders-000317,OR-000317,RC-00017,2026-01-07T08:44:00Z,mobile,south,USD,completed,14.00,180.00,2026-01-07T08:44:00Z
orders-000318,OR-000318,RC-00018,2026-01-07T09:13:00Z,mobile,south,USD,completed,18.00,122.00,2026-01-07T09:13:00Z
orders-000319,OR-000319,RC-00019,2026-01-07T09:42:00Z,mobile,south,USD,completed,5.00,475.00,2026-01-07T09:42:00Z
orders-000320,OR-000320,RC-00020,2026-01-07T10:11:00Z,mobile,west,USD,completed,5.00,445.00,2026-01-07T10:11:00Z
orders-000321,OR-000321,RC-00021,2026-01-07T10:40:00Z,store,west,USD,completed,15.00,251.00,2026-01-07T10:40:00Z
orders-000322,OR-000322,RC-00022,2026-01-07T11:09:00Z,web,north,USD,refunded,6.00,454.00,2026-01-07T11:09:00Z
orders-000323,OR-000323,RC-00023,2026-01-07T11:38:00Z,mobile,north,USD,completed,7.00,352.00,2026-01-07T11:38:00Z
orders-000324,OR-000324,RC-00024,2026-01-07T12:07:00Z,mobile,east,USD,refunded,14.00,425.00,2026-01-07T12:07:00Z
orders-000325,OR-000325,RC-00025,2026-01-07T12:36:00Z,store,west,USD,refunded,5.00,421.00,2026-01-07T12:36:00Z
orders-000326,OR-000326,RC-00026,2026-01-07T13:05:00Z,store,south,USD,completed,15.00,300.00,2026-01-07T13:05:00Z
orders-000327,OR-000327,RC-00027,2026-01-07T13:34:00Z,store,south,USD,completed,13.00,173.00,2026-01-07T13:34:00Z
orders-000328,OR-000328,RC-00028,2026-01-07T14:03:00Z,mobile,west,USD,completed,8.00,150.00,2026-01-07T14:03:00Z
orders-000329,OR-000329,RC-00029,2026-01-07T14:32:00Z,mobile,west,USD,refunded,15.00,281.00,2026-01-07T14:32:00Z
orders-000330,OR-000330,RC-00030,2026-01-07T15:01:00Z,store,west,USD,completed,14.00,203.00,2026-01-07T15:01:00Z
orders-000331,OR-000331,RC-00031,2026-01-07T15:30:00Z,store,west,USD,completed,18.00,246.00,2026-01-07T15:30:00Z
orders-000332,OR-000332,RC-00032,2026-01-07T15:59:00Z,mobile,east,USD,refunded,12.00,341.00,2026-01-07T15:59:00Z
orders-000333,OR-000333,RC-00033,2026-01-07T16:28:00Z,mobile,west,USD,completed,0.00,381.00,2026-01-07T16:28:00Z
orders-000334,OR-000334,RC-00034,2026-01-07T16:57:00Z,store,south,USD,refunded,3.00,152.00,2026-01-07T16:57:00Z
orders-000335,OR-000335,RC-00035,2026-01-07T17:26:00Z,store,north,USD,completed,5.00,176.00,2026-01-07T17:26:00Z
orders-000336,OR-000336,RC-00036,2026-01-07T17:55:00Z,web,east,USD,completed,8.00,197.00,2026-01-07T17:55:00Z
orders-000337,OR-000337,RC-00037,2026-01-07T18:24:00Z,mobile,west,USD,completed,11.00,57.00,2026-01-07T18:24:00Z
orders-000338,OR-000338,RC-00038,2026-01-07T18:53:00Z,web,north,USD,completed,17.00,301.00,2026-01-07T18:53:00Z
orders-000339,OR-000339,RC-00039,2026-01-07T19:22:00Z,store,south,USD,completed,0.00,251.00,2026-01-07T19:22:00Z
orders-000340,OR-000340,RC-00040,2026-01-07T19:51:00Z,web,south,USD,refunded,8.00,264.00,2026-01-07T19:51:00Z
orders-000341,OR-000341,RC-00041,2026-01-07T20:20:00Z,mobile,west,USD,refunded,8.00,483.00,2026-01-07T20:20:00Z
orders-000342,OR-000342,RC-00042,2026-01-07T20:49:00Z,mobile,north,USD,refunded,16.00,238.00,2026-01-07T20:49:00Z
orders-000343,OR-000343,RC-00043,2026-01-07T21:18:00Z,web,south,USD,completed,1.00,315.00,2026-01-07T21:18:00Z
orders-000344,OR-000344,RC-00044,2026-01-07T21:47:00Z,mobile,west,USD,refunded,19.00,169.00,2026-01-07T21:47:00Z
orders-000345,OR-000345,RC-00045,2026-01-07T22:16:00Z,mobile,north,USD,completed,0.00,150.00,2026-01-07T22:16:00Z
orders-000346,OR-000346,RC-00046,2026-01-07T22:45:00Z,store,east,USD,completed,1.00,426.00,2026-01-07T22:45:00Z
orders-000347,OR-000347,RC-00047,2026-01-07T23:14:00Z,web,north,USD,refunded,4.00,120.00,2026-01-07T23:14:00Z
orders-000348,OR-000348,RC-00048,2026-01-07T23:43:00Z,store,south,USD,refunded,15.00,109.00,2026-01-07T23:43:00Z
orders-000349,OR-000349,RC-00049,2026-01-08T00:12:00Z,mobile,east,USD,refunded,7.00,121.00,2026-01-08T00:12:00Z
orders-000350,OR-000350,RC-00050,2026-01-08T00:41:00Z,store,west,USD,refunded,4.00,217.00,2026-01-08T00:41:00Z
orders-000351,OR-000351,RC-00051,2026-01-08T01:10:00Z,store,east,USD,completed,2.00,313.00,2026-01-08T01:10:00Z
orders-000352,OR-000352,RC-00052,2026-01-08T01:39:00Z,web,east,USD,refunded,7.00,377.00,2026-01-08T01:39:00Z
orders-000353,OR-000353,RC-00053,2026-01-08T02:08:00Z,web,north,USD,completed,9.00,266.00,2026-01-08T02:08:00Z
orders-000354,OR-000354,RC-00054,2026-01-08T02:37:00Z,web,south,USD,refunded,16.00,325.00,2026-01-08T02:37:00Z
orders-000355,OR-000355,RC-00055,2026-01-08T03:06:00Z,store,east,USD,completed,12.00,27.00,2026-01-08T03:06:00Z
orders-000356,OR-000356,RC-00056,2026-01-08T03:35:00Z,mobile,west,USD,refunded,2.00,193.00,2026-01-08T03:35:00Z
orders-000357,OR-000357,RC-00057,2026-01-08T04:04:00Z,web,west,USD,refunded,6.00,21.00,2026-01-08T04:04:00Z
orders-000358,OR-000358,RC-00058,2026-01-08T04:33:00Z,mobile,east,USD,completed,13.00,118.00,2026-01-08T04:33:00Z
orders-000359,OR-000359,RC-00059,2026-01-08T05:02:00Z,web,west,USD,completed,15.00,47.00,2026-01-08T05:02:00Z
orders-000360,OR-000360,RC-00060,2026-01-08T05:31:00Z,web,west,USD,completed,11.00,200.00,2026-01-08T05:31:00Z
orders-000361,OR-000361,RC-00061,2026-01-08T06:00:00Z,web,east,USD,completed,2.00,371.00,2026-01-08T06:00:00Z
orders-000362,OR-000362,RC-00062,2026-01-08T06:29:00Z,web,south,USD,refunded,1.00,61.00,2026-01-08T06:29:00Z
orders-000363,OR-000363,RC-00063,2026-01-08T06:58:00Z,web,south,USD,completed,10.00,222.00,2026-01-08T06:58:00Z
orders-000364,OR-000364,RC-00064,2026-01-08T07:27:00Z,store,east,USD,completed,4.00,397.00,2026-01-08T07:27:00Z
orders-000365,OR-000365,RC-00065,2026-01-08T07:56:00Z,web,east,USD,completed,14.00,421.00,2026-01-08T07:56:00Z
orders-000366,OR-000366,RC-00066,2026-01-08T08:25:00Z,web,west,USD,refunded,6.00,267.00,2026-01-08T08:25:00Z
orders-000367,OR-000367,RC-00067,2026-01-08T08:54:00Z,mobile,north,USD,refunded,19.00,245.00,2026-01-08T08:54:00Z
orders-000368,OR-000368,RC-00068,2026-01-08T09:23:00Z,web,west,USD,refunded,17.00,294.00,2026-01-08T09:23:00Z
orders-000369,OR-000369,RC-00069,2026-01-08T09:52:00Z,store,east,USD,completed,10.00,334.00,2026-01-08T09:52:00Z
orders-000370,OR-000370,RC-00070,2026-01-08T10:21:00Z,web,east,USD,completed,13.00,31.00,2026-01-08T10:21:00Z
orders-000371,OR-000371,RC-00071,2026-01-08T10:50:00Z,store,west,USD,completed,11.00,413.00,2026-01-08T10:50:00Z
orders-000372,OR-000372,RC-00072,2026-01-08T11:19:00Z,mobile,east,USD,completed,12.00,321.00,2026-01-08T11:19:00Z
orders-000373,OR-000373,RC-00073,2026-01-08T11:48:00Z,store,west,USD,completed,16.00,91.00,2026-01-08T11:48:00Z
orders-000374,OR-000374,RC-00074,2026-01-08T12:17:00Z,mobile,west,USD,refunded,13.00,69.00,2026-01-08T12:17:00Z
orders-000375,OR-000375,RC-00075,2026-01-08T12:46:00Z,web,west,USD,refunded,18.00,221.00,2026-01-08T12:46:00Z
orders-000376,OR-000376,RC-00076,2026-01-08T13:15:00Z,web,north,USD,completed,6.00,410.00,2026-01-08T13:15:00Z
orders-000377,OR-000377,RC-00077,2026-01-08T13:44:00Z,mobile,south,USD,completed,13.00,462.00,2026-01-08T13:44:00Z
orders-000378,OR-000378,RC-00078,2026-01-08T14:13:00Z,mobile,north,USD,completed,7.00,87.00,2026-01-08T14:13:00Z
orders-000379,OR-000379,RC-00079,2026-01-08T14:42:00Z,web,east,USD,completed,15.00,211.00,2026-01-08T14:42:00Z
orders-000380,OR-000380,RC-00080,2026-01-08T15:11:00Z,store,west,USD,refunded,7.00,266.00,2026-01-08T15:11:00Z
orders-000381,OR-000381,RC-00081,2026-01-08T15:40:00Z,web,north,USD,completed,1.00,367.00,2026-01-08T15:40:00Z
orders-000382,OR-000382,RC-00082,2026-01-08T16:09:00Z,web,east,USD,refunded,2.00,200.00,2026-01-08T16:09:00Z
orders-000383,OR-000383,RC-00083,2026-01-08T16:38:00Z,web,south,USD,completed,16.00,423.00,2026-01-08T16:38:00Z
orders-000384,OR-000384,RC-00084,2026-01-08T17:07:00Z,store,south,USD,completed,19.00,142.00,2026-01-08T17:07:00Z
orders-000385,OR-000385,RC-00085,2026-01-08T17:36:00Z,mobile,north,USD,completed,0.00,303.00,2026-01-08T17:36:00Z
orders-000386,OR-000386,RC-00086,2026-01-08T18:05:00Z,mobile,north,USD,completed,9.00,249.00,2026-01-08T18:05:00Z
orders-000387,OR-000387,RC-00087,2026-01-08T18:34:00Z,mobile,west,USD,completed,6.00,126.00,2026-01-08T18:34:00Z
orders-000388,OR-000388,RC-00088,2026-01-08T19:03:00Z,web,south,USD,refunded,17.00,325.00,2026-01-08T19:03:00Z
orders-000389,OR-000389,RC-00089,2026-01-08T19:32:00Z,store,east,USD,refunded,20.00,425.00,2026-01-08T19:32:00Z
orders-000390,OR-000390,RC-00090,2026-01-08T20:01:00Z,mobile,south,USD,completed,3.00,194.00,2026-01-08T20:01:00Z
orders-000391,OR-000391,RC-00091,2026-01-08T20:30:00Z,web,north,USD,completed,18.00,414.00,2026-01-08T20:30:00Z
orders-000392,OR-000392,RC-00092,2026-01-08T20:59:00Z,web,north,USD,refunded,14.00,216.00,2026-01-08T20:59:00Z
orders-000393,OR-000393,RC-00093,2026-01-08T21:28:00Z,web,west,USD,refunded,16.00,250.00,2026-01-08T21:28:00Z
orders-000394,OR-000394,RC-00094,2026-01-08T21:57:00Z,store,north,USD,completed,19.00,333.00,2026-01-08T21:57:00Z
orders-000395,OR-000395,RC-00095,2026-01-08T22:26:00Z,web,west,USD,refunded,17.00,355.00,2026-01-08T22:26:00Z
orders-000396,OR-000396,RC-00096,2026-01-08T22:55:00Z,web,west,USD,refunded,4.00,238.00,2026-01-08T22:55:00Z
orders-000397,OR-000397,RC-00097,2026-01-08T23:24:00Z,store,east,USD,refunded,16.00,496.00,2026-01-08T23:24:00Z
orders-000398,OR-000398,RC-00098,2026-01-08T23:53:00Z,mobile,north,USD,refunded,5.00,473.00,2026-01-08T23:53:00Z
orders-000399,OR-000399,RC-00099,2026-01-09T00:22:00Z,store,north,USD,completed,9.00,78.00,2026-01-09T00:22:00Z
orders-000400,OR-000400,RC-00100,2026-01-09T00:51:00Z,store,north,USD,completed,12.00,158.00,2026-01-09T00:51:00Z
orders-000401,OR-000401,RC-00101,2026-01-09T01:20:00Z,mobile,south,USD,completed,8.00,67.00,2026-01-09T01:20:00Z
orders-000402,OR-000402,RC-00102,2026-01-09T01:49:00Z,store,south,USD,refunded,4.00,250.00,2026-01-09T01:49:00Z
orders-000403,OR-000403,RC-00103,2026-01-09T02:18:00Z,web,east,USD,completed,15.00,475.00,2026-01-09T02:18:00Z
orders-000404,OR-000404,RC-00104,2026-01-09T02:47:00Z,mobile,east,USD,completed,11.00,151.00,2026-01-09T02:47:00Z
orders-000405,OR-000405,RC-00105,2026-01-09T03:16:00Z,web,west,USD,completed,13.00,466.00,2026-01-09T03:16:00Z
orders-000406,OR-000406,RC-00106,2026-01-09T03:45:00Z,mobile,east,USD,refunded,10.00,73.00,2026-01-09T03:45:00Z
orders-000407,OR-000407,RC-00107,2026-01-09T04:14:00Z,mobile,east,USD,completed,13.00,357.00,2026-01-09T04:14:00Z
orders-000408,OR-000408,RC-00108,2026-01-09T04:43:00Z,mobile,south,USD,completed,6.00,78.00,2026-01-09T04:43:00Z
orders-000409,OR-000409,RC-00109,2026-01-09T05:12:00Z,store,north,USD,completed,11.00,54.00,2026-01-09T05:12:00Z
orders-000410,OR-000410,RC-00110,2026-01-09T05:41:00Z,mobile,west,USD,completed,4.00,312.00,2026-01-09T05:41:00Z
orders-000411,OR-000411,RC-00111,2026-01-09T06:10:00Z,web,west,USD,completed,20.00,330.00,2026-01-09T06:10:00Z
orders-000412,OR-000412,RC-00112,2026-01-09T06:39:00Z,store,east,USD,completed,11.00,325.00,2026-01-09T06:39:00Z
orders-000413,OR-000413,RC-00113,2026-01-09T07:08:00Z,store,east,USD,completed,2.00,127.00,2026-01-09T07:08:00Z
orders-000414,OR-000414,RC-00114,2026-01-09T07:37:00Z,store,north,USD,completed,9.00,306.00,2026-01-09T07:37:00Z
orders-000415,OR-000415,RC-00115,2026-01-09T08:06:00Z,web,south,USD,refunded,4.00,455.00,2026-01-09T08:06:00Z
orders-000416,OR-000416,RC-00116,2026-01-09T08:35:00Z,mobile,east,USD,completed,4.00,138.00,2026-01-09T08:35:00Z
orders-000417,OR-000417,RC-00117,2026-01-09T09:04:00Z,mobile,north,USD,refunded,13.00,62.00,2026-01-09T09:04:00Z
orders-000418,OR-000418,RC-00118,2026-01-09T09:33:00Z,web,west,USD,completed,9.00,491.00,2026-01-09T09:33:00Z
orders-000419,OR-000419,RC-00119,2026-01-09T10:02:00Z,web,west,USD,completed,11.00,57.00,2026-01-09T10:02:00Z
orders-000420,OR-000420,RC-00120,2026-01-09T10:31:00Z,web,west,USD,completed,7.00,451.00,2026-01-09T10:31:00Z
orders-000421,OR-000421,RC-00121,2026-01-09T11:00:00Z,web,east,USD,completed,8.00,327.00,2026-01-09T11:00:00Z
orders-000422,OR-000422,RC-00122,2026-01-09T11:29:00Z,store,west,USD,refunded,18.00,480.00,2026-01-09T11:29:00Z
orders-000423,OR-000423,RC-00123,2026-01-09T11:58:00Z,mobile,south,USD,completed,18.00,119.00,2026-01-09T11:58:00Z
orders-000424,OR-000424,RC-00124,2026-01-09T12:27:00Z,mobile,west,USD,refunded,7.00,201.00,2026-01-09T12:27:00Z
orders-000425,OR-000425,RC-00125,2026-01-09T12:56:00Z,mobile,west,USD,refunded,1.00,308.00,2026-01-09T12:56:00Z
orders-000426,OR-000426,RC-00126,2026-01-09T13:25:00Z,mobile,east,USD,completed,20.00,280.00,2026-01-09T13:25:00Z
orders-000427,OR-000427,RC-00127,2026-01-09T13:54:00Z,store,east,USD,completed,13.00,437.00,2026-01-09T13:54:00Z
orders-000428,OR-000428,RC-00128,2026-01-09T14:23:00Z,mobile,north,USD,completed,20.00,174.00,2026-01-09T14:23:00Z
orders-000429,OR-000429,RC-00129,2026-01-09T14:52:00Z,store,east,USD,completed,11.00,193.00,2026-01-09T14:52:00Z
orders-000430,OR-000430,RC-00130,2026-01-09T15:21:00Z,store,east,USD,completed,13.00,174.00,2026-01-09T15:21:00Z
orders-000431,OR-000431,RC-00131,2026-01-09T15:50:00Z,store,north,USD,refunded,18.00,480.00,2026-01-09T15:50:00Z
orders-000432,OR-000432,RC-00132,2026-01-09T16:19:00Z,web,west,USD,completed,12.00,311.00,2026-01-09T16:19:00Z
orders-000433,OR-000433,RC-00133,2026-01-09T16:48:00Z,web,west,USD,refunded,3.00,497.00,2026-01-09T16:48:00Z
orders-000434,OR-000434,RC-00134,2026-01-09T17:17:00Z,mobile,west,USD,refunded,6.00,235.00,2026-01-09T17:17:00Z
orders-000435,OR-000435,RC-00135,2026-01-09T17:46:00Z,mobile,north,USD,refunded,2.00,80.00,2026-01-09T17:46:00Z
orders-000436,OR-000436,RC-00136,2026-01-09T18:15:00Z,web,south,USD,completed,6.00,475.00,2026-01-09T18:15:00Z
orders-000437,OR-000437,RC-00137,2026-01-09T18:44:00Z,web,east,USD,completed,11.00,482.00,2026-01-09T18:44:00Z
orders-000438,OR-000438,RC-00138,2026-01-09T19:13:00Z,web,west,USD,completed,9.00,44.00,2026-01-09T19:13:00Z
orders-000439,OR-000439,RC-00139,2026-01-09T19:42:00Z,web,north,USD,refunded,0.00,345.00,2026-01-09T19:42:00Z
orders-000440,OR-000440,RC-00140,2026-01-09T20:11:00Z,web,west,USD,completed,5.00,489.00,2026-01-09T20:11:00Z
orders-000441,OR-000441,RC-00141,2026-01-09T20:40:00Z,web,west,USD,refunded,6.00,404.00,2026-01-09T20:40:00Z
orders-000442,OR-000442,RC-00142,2026-01-09T21:09:00Z,mobile,north,USD,refunded,2.00,485.00,2026-01-09T21:09:00Z
orders-000443,OR-000443,RC-00143,2026-01-09T21:38:00Z,mobile,east,USD,refunded,3.00,52.00,2026-01-09T21:38:00Z
orders-000444,OR-000444,RC-00144,2026-01-09T22:07:00Z,store,north,USD,completed,6.00,131.00,2026-01-09T22:07:00Z
orders-000445,OR-000445,RC-00145,2026-01-09T22:36:00Z,store,north,USD,completed,16.00,323.00,2026-01-09T22:36:00Z
orders-000446,OR-000446,RC-00146,2026-01-09T23:05:00Z,mobile,east,USD,refunded,4.00,95.00,2026-01-09T23:05:00Z
orders-000447,OR-000447,RC-00147,2026-01-09T23:34:00Z,mobile,south,USD,completed,8.00,120.00,2026-01-09T23:34:00Z
orders-000448,OR-000448,RC-00148,2026-01-10T00:03:00Z,web,east,USD,refunded,15.00,293.00,2026-01-10T00:03:00Z
orders-000449,OR-000449,RC-00149,2026-01-10T00:32:00Z,mobile,west,USD,completed,7.00,65.00,2026-01-10T00:32:00Z
orders-000450,OR-000450,RC-00150,2026-01-10T01:01:00Z,web,north,USD,completed,19.00,252.00,2026-01-10T01:01:00Z
orders-000451,OR-000451,RC-00151,2026-01-10T01:30:00Z,mobile,west,USD,refunded,4.00,220.00,2026-01-10T01:30:00Z
orders-000452,OR-000452,RC-00152,2026-01-10T01:59:00Z,mobile,west,USD,completed,14.00,474.00,2026-01-10T01:59:00Z
orders-000453,OR-000453,RC-00153,2026-01-10T02:28:00Z,mobile,north,USD,completed,12.00,20.00,2026-01-10T02:28:00Z
orders-000454,OR-000454,RC-00154,2026-01-10T02:57:00Z,web,south,USD,completed,14.00,450.00,2026-01-10T02:57:00Z
orders-000455,OR-000455,RC-00155,2026-01-10T03:26:00Z,mobile,north,USD,completed,2.00,349.00,2026-01-10T03:26:00Z
orders-000456,OR-000456,RC-00156,2026-01-10T03:55:00Z,mobile,west,USD,refunded,20.00,324.00,2026-01-10T03:55:00Z
orders-000457,OR-000457,RC-00157,2026-01-10T04:24:00Z,mobile,south,USD,completed,9.00,338.00,2026-01-10T04:24:00Z
orders-000458,OR-000458,RC-00158,2026-01-10T04:53:00Z,web,south,USD,completed,3.00,446.00,2026-01-10T04:53:00Z
orders-000459,OR-000459,RC-00159,2026-01-10T05:22:00Z,web,north,USD,completed,6.00,209.00,2026-01-10T05:22:00Z
orders-000460,OR-000460,RC-00160,2026-01-10T05:51:00Z,store,east,USD,completed,8.00,496.00,2026-01-10T05:51:00Z
orders-000461,OR-000461,RC-00161,2026-01-10T06:20:00Z,mobile,east,USD,refunded,15.00,59.00,2026-01-10T06:20:00Z
orders-000462,OR-000462,RC-00162,2026-01-10T06:49:00Z,web,west,USD,completed,17.00,64.00,2026-01-10T06:49:00Z
orders-000463,OR-000463,RC-00163,2026-01-10T07:18:00Z,store,north,USD,completed,18.00,263.00,2026-01-10T07:18:00Z
orders-000464,OR-000464,RC-00164,2026-01-10T07:47:00Z,store,south,USD,refunded,3.00,164.00,2026-01-10T07:47:00Z
orders-000465,OR-000465,RC-00165,2026-01-10T08:16:00Z,mobile,north,USD,completed,14.00,359.00,2026-01-10T08:16:00Z
orders-000466,OR-000466,RC-00166,2026-01-10T08:45:00Z,store,north,USD,refunded,9.00,362.00,2026-01-10T08:45:00Z
orders-000467,OR-000467,RC-00167,2026-01-10T09:14:00Z,store,east,USD,refunded,20.00,220.00,2026-01-10T09:14:00Z
orders-000468,OR-000468,RC-00168,2026-01-10T09:43:00Z,web,north,USD,completed,12.00,261.00,2026-01-10T09:43:00Z
orders-000469,OR-000469,RC-00169,2026-01-10T10:12:00Z,mobile,east,USD,completed,0.00,344.00,2026-01-10T10:12:00Z
orders-000470,OR-000470,RC-00170,2026-01-10T10:41:00Z,mobile,west,USD,completed,1.00,362.00,2026-01-10T10:41:00Z
orders-000471,OR-000471,RC-00171,2026-01-10T11:10:00Z,mobile,south,USD,refunded,15.00,40.00,2026-01-10T11:10:00Z
orders-000472,OR-000472,RC-00172,2026-01-10T11:39:00Z,web,north,USD,refunded,8.00,370.00,2026-01-10T11:39:00Z
orders-000473,OR-000473,RC-00173,2026-01-10T12:08:00Z,mobile,east,USD,completed,8.00,158.00,2026-01-10T12:08:00Z
orders-000474,OR-000474,RC-00174,2026-01-10T12:37:00Z,store,south,USD,completed,2.00,467.00,2026-01-10T12:37:00Z
orders-000475,OR-000475,RC-00175,2026-01-10T13:06:00Z,web,west,USD,completed,3.00,235.00,2026-01-10T13:06:00Z
orders-000476,OR-000476,RC-00176,2026-01-10T13:35:00Z,mobile,north,USD,completed,19.00,317.00,2026-01-10T13:35:00Z
orders-000477,OR-000477,RC-00177,2026-01-10T14:04:00Z,store,west,USD,completed,0.00,252.00,2026-01-10T14:04:00Z
orders-000478,OR-000478,RC-00178,2026-01-10T14:33:00Z,store,south,USD,completed,11.00,318.00,2026-01-10T14:33:00Z
orders-000479,OR-000479,RC-00179,2026-01-10T15:02:00Z,web,west,USD,refunded,10.00,302.00,2026-01-10T15:02:00Z
orders-000480,OR-000480,RC-00180,2026-01-10T15:31:00Z,web,west,USD,completed,17.00,69.00,2026-01-10T15:31:00Z
orders-000481,OR-000481,RC-00181,2026-01-10T16:00:00Z,store,north,USD,refunded,4.00,359.00,2026-01-10T16:00:00Z
orders-000482,OR-000482,RC-00182,2026-01-10T16:29:00Z,mobile,north,USD,refunded,5.00,481.00,2026-01-10T16:29:00Z
orders-000483,OR-000483,RC-00183,2026-01-10T16:58:00Z,web,east,USD,completed,4.00,112.00,2026-01-10T16:58:00Z
orders-000484,OR-000484,RC-00184,2026-01-10T17:27:00Z,web,west,USD,completed,4.00,277.00,2026-01-10T17:27:00Z
orders-000485,OR-000485,RC-00185,2026-01-10T17:56:00Z,store,east,USD,completed,13.00,139.00,2026-01-10T17:56:00Z
orders-000486,OR-000486,RC-00186,2026-01-10T18:25:00Z,web,west,USD,refunded,17.00,198.00,2026-01-10T18:25:00Z
orders-000487,OR-000487,RC-00187,2026-01-10T18:54:00Z,mobile,east,USD,completed,4.00,251.00,2026-01-10T18:54:00Z
orders-000488,OR-000488,RC-00188,2026-01-10T19:23:00Z,mobile,south,USD,completed,0.00,299.00,2026-01-10T19:23:00Z
orders-000489,OR-000489,RC-00189,2026-01-10T19:52:00Z,store,south,USD,completed,4.00,176.00,2026-01-10T19:52:00Z
orders-000490,OR-000490,RC-00190,2026-01-10T20:21:00Z,mobile,east,USD,completed,13.00,245.00,2026-01-10T20:21:00Z
orders-000491,OR-000491,RC-00191,2026-01-10T20:50:00Z,store,north,USD,completed,16.00,262.00,2026-01-10T20:50:00Z
orders-000492,OR-000492,RC-00192,2026-01-10T21:19:00Z,web,north,USD,completed,5.00,221.00,2026-01-10T21:19:00Z
orders-000493,OR-000493,RC-00193,2026-01-10T21:48:00Z,web,west,USD,completed,6.00,430.00,2026-01-10T21:48:00Z
orders-000494,OR-000494,RC-00194,2026-01-10T22:17:00Z,mobile,west,USD,completed,3.00,351.00,2026-01-10T22:17:00Z
orders-000495,OR-000495,RC-00195,2026-01-10T22:46:00Z,mobile,south,USD,completed,12.00,72.00,2026-01-10T22:46:00Z
orders-000496,OR-000496,RC-00196,2026-01-10T23:15:00Z,mobile,south,USD,completed,19.00,224.00,2026-01-10T23:15:00Z
orders-000497,OR-000497,RC-00197,2026-01-10T23:44:00Z,mobile,west,USD,refunded,10.00,329.00,2026-01-10T23:44:00Z
orders-000498,OR-000498,RC-00198,2026-01-11T00:13:00Z,mobile,south,USD,completed,15.00,291.00,2026-01-11T00:13:00Z
orders-000499,OR-000499,RC-00199,2026-01-11T00:42:00Z,mobile,west,USD,completed,3.00,396.00,2026-01-11T00:42:00Z
orders-000500,OR-000500,RC-00200,2026-01-11T01:11:00Z,store,east,USD,refunded,3.00,149.00,2026-01-11T01:11:00Z
orders-000501,OR-000501,RC-00201,2026-01-11T01:40:00Z,mobile,east,USD,refunded,19.00,187.00,2026-01-11T01:40:00Z
orders-000502,OR-000502,RC-00202,2026-01-11T02:09:00Z,mobile,west,USD,completed,17.00,305.00,2026-01-11T02:09:00Z
orders-000503,OR-000503,RC-00203,2026-01-11T02:38:00Z,mobile,south,USD,completed,11.00,297.00,2026-01-11T02:38:00Z
orders-000504,OR-000504,RC-00204,2026-01-11T03:07:00Z,store,east,USD,completed,15.00,335.00,2026-01-11T03:07:00Z
orders-000505,OR-000505,RC-00205,2026-01-11T03:36:00Z,web,north,USD,refunded,12.00,204.00,2026-01-11T03:36:00Z
orders-000506,OR-000506,RC-00206,2026-01-11T04:05:00Z,mobile,east,USD,completed,10.00,246.00,2026-01-11T04:05:00Z
orders-000507,OR-000507,RC-00207,2026-01-11T04:34:00Z,mobile,north,USD,completed,5.00,450.00,2026-01-11T04:34:00Z
orders-000508,OR-000508,RC-00208,2026-01-11T05:03:00Z,store,west,USD,completed,15.00,323.00,2026-01-11T05:03:00Z
orders-000509,OR-000509,RC-00209,2026-01-11T05:32:00Z,web,east,USD,refunded,4.00,168.00,2026-01-11T05:32:00Z
orders-000510,OR-000510,RC-00210,2026-01-11T06:01:00Z,mobile,east,USD,refunded,17.00,244.00,2026-01-11T06:01:00Z
orders-000511,OR-000511,RC-00211,2026-01-11T06:30:00Z,web,south,USD,refunded,9.00,427.00,2026-01-11T06:30:00Z
orders-000512,OR-000512,RC-00212,2026-01-11T06:59:00Z,mobile,east,USD,completed,13.00,128.00,2026-01-11T06:59:00Z
orders-000513,OR-000513,RC-00213,2026-01-11T07:28:00Z,mobile,west,USD,completed,16.00,165.00,2026-01-11T07:28:00Z
orders-000514,OR-000514,RC-00214,2026-01-11T07:57:00Z,mobile,south,USD,refunded,9.00,305.00,2026-01-11T07:57:00Z
orders-000515,OR-000515,RC-00215,2026-01-11T08:26:00Z,web,west,USD,completed,6.00,299.00,2026-01-11T08:26:00Z
orders-000516,OR-000516,RC-00216,2026-01-11T08:55:00Z,store,south,USD,completed,5.00,149.00,2026-01-11T08:55:00Z
orders-000517,OR-000517,RC-00217,2026-01-11T09:24:00Z,store,south,USD,completed,5.00,284.00,2026-01-11T09:24:00Z
orders-000518,OR-000518,RC-00218,2026-01-11T09:53:00Z,store,east,USD,completed,20.00,385.00,2026-01-11T09:53:00Z
orders-000519,OR-000519,RC-00219,2026-01-11T10:22:00Z,web,east,USD,completed,2.00,446.00,2026-01-11T10:22:00Z
orders-000520,OR-000520,RC-00220,2026-01-11T10:51:00Z,mobile,west,USD,completed,18.00,219.00,2026-01-11T10:51:00Z
orders-000521,OR-000521,RC-00221,2026-01-11T11:20:00Z,store,west,USD,completed,19.00,145.00,2026-01-11T11:20:00Z
orders-000522,OR-000522,RC-00222,2026-01-11T11:49:00Z,web,west,USD,completed,17.00,61.00,2026-01-11T11:49:00Z
orders-000523,OR-000523,RC-00223,2026-01-11T12:18:00Z,mobile,east,USD,completed,19.00,52.00,2026-01-11T12:18:00Z
orders-000524,OR-000524,RC-00224,2026-01-11T12:47:00Z,mobile,south,USD,completed,18.00,499.00,2026-01-11T12:47:00Z
orders-000525,OR-000525,RC-00225,2026-01-11T13:16:00Z,store,south,USD,refunded,12.00,329.00,2026-01-11T13:16:00Z
orders-000526,OR-000526,RC-00226,2026-01-11T13:45:00Z,mobile,east,USD,completed,14.00,459.00,2026-01-11T13:45:00Z
orders-000527,OR-000527,RC-00227,2026-01-11T14:14:00Z,store,west,USD,completed,19.00,112.00,2026-01-11T14:14:00Z
orders-000528,OR-000528,RC-00228,2026-01-11T14:43:00Z,mobile,north,USD,completed,12.00,442.00,2026-01-11T14:43:00Z
orders-000529,OR-000529,RC-00229,2026-01-11T15:12:00Z,mobile,south,USD,refunded,8.00,473.00,2026-01-11T15:12:00Z
orders-000530,OR-000530,RC-00230,2026-01-11T15:41:00Z,web,west,USD,completed,4.00,173.00,2026-01-11T15:41:00Z
orders-000531,OR-000531,RC-00231,2026-01-11T16:10:00Z,web,south,USD,completed,5.00,438.00,2026-01-11T16:10:00Z
orders-000532,OR-000532,RC-00232,2026-01-11T16:39:00Z,store,west,USD,completed,19.00,363.00,2026-01-11T16:39:00Z
orders-000533,OR-000533,RC-00233,2026-01-11T17:08:00Z,web,east,USD,completed,5.00,411.00,2026-01-11T17:08:00Z
orders-000534,OR-000534,RC-00234,2026-01-11T17:37:00Z,web,north,USD,completed,3.00,82.00,2026-01-11T17:37:00Z
orders-000535,OR-000535,RC-00235,2026-01-11T18:06:00Z,store,west,USD,refunded,19.00,251.00,2026-01-11T18:06:00Z
orders-000536,OR-000536,RC-00236,2026-01-11T18:35:00Z,mobile,south,USD,completed,4.00,100.00,2026-01-11T18:35:00Z
orders-000537,OR-000537,RC-00237,2026-01-11T19:04:00Z,web,east,USD,completed,20.00,119.00,2026-01-11T19:04:00Z
orders-000538,OR-000538,RC-00238,2026-01-11T19:33:00Z,web,west,USD,completed,4.00,481.00,2026-01-11T19:33:00Z
orders-000539,OR-000539,RC-00239,2026-01-11T20:02:00Z,web,north,USD,completed,1.00,86.00,2026-01-11T20:02:00Z
orders-000540,OR-000540,RC-00240,2026-01-11T20:31:00Z,mobile,north,USD,refunded,12.00,168.00,2026-01-11T20:31:00Z
orders-000541,OR-000541,RC-00241,2026-01-11T21:00:00Z,store,west,USD,completed,8.00,441.00,2026-01-11T21:00:00Z
orders-000542,OR-000542,RC-00242,2026-01-11T21:29:00Z,web,west,USD,refunded,7.00,487.00,2026-01-11T21:29:00Z
orders-000543,OR-000543,RC-00243,2026-01-11T21:58:00Z,mobile,east,USD,completed,7.00,116.00,2026-01-11T21:58:00Z
orders-000544,OR-000544,RC-00244,2026-01-11T22:27:00Z,store,west,USD,completed,9.00,129.00,2026-01-11T22:27:00Z
orders-000545,OR-000545,RC-00245,2026-01-11T22:56:00Z,mobile,north,USD,completed,17.00,171.00,2026-01-11T22:56:00Z
orders-000546,OR-000546,RC-00246,2026-01-11T23:25:00Z,store,west,USD,completed,11.00,173.00,2026-01-11T23:25:00Z
orders-000547,OR-000547,RC-00247,2026-01-11T23:54:00Z,web,east,USD,completed,20.00,462.00,2026-01-11T23:54:00Z
orders-000548,OR-000548,RC-00248,2026-01-12T00:23:00Z,store,west,USD,completed,1.00,156.00,2026-01-12T00:23:00Z
orders-000549,OR-000549,RC-00249,2026-01-12T00:52:00Z,web,east,USD,completed,8.00,256.00,2026-01-12T00:52:00Z
orders-000550,OR-000550,RC-00250,2026-01-12T01:21:00Z,mobile,west,USD,completed,3.00,27.00,2026-01-12T01:21:00Z
orders-000551,OR-000551,RC-00251,2026-01-12T01:50:00Z,web,north,USD,completed,14.00,202.00,2026-01-12T01:50:00Z
orders-000552,OR-000552,RC-00252,2026-01-12T02:19:00Z,store,east,USD,completed,13.00,428.00,2026-01-12T02:19:00Z
orders-000553,OR-000553,RC-00253,2026-01-12T02:48:00Z,web,north,USD,completed,7.00,224.00,2026-01-12T02:48:00Z
orders-000554,OR-000554,RC-00254,2026-01-12T03:17:00Z,web,south,USD,completed,19.00,355.00,2026-01-12T03:17:00Z
orders-000555,OR-000555,RC-00255,2026-01-12T03:46:00Z,web,east,USD,refunded,13.00,40.00,2026-01-12T03:46:00Z
orders-000556,OR-000556,RC-00256,2026-01-12T04:15:00Z,web,south,USD,completed,18.00,297.00,2026-01-12T04:15:00Z
orders-000557,OR-000557,RC-00257,2026-01-12T04:44:00Z,store,east,USD,completed,9.00,143.00,2026-01-12T04:44:00Z
orders-000558,OR-000558,RC-00258,2026-01-12T05:13:00Z,mobile,north,USD,refunded,8.00,81.00,2026-01-12T05:13:00Z
orders-000559,OR-000559,RC-00259,2026-01-12T05:42:00Z,store,south,USD,completed,18.00,339.00,2026-01-12T05:42:00Z
orders-000560,OR-000560,RC-00260,2026-01-12T06:11:00Z,mobile,south,USD,refunded,15.00,218.00,2026-01-12T06:11:00Z
orders-000561,OR-000561,RC-00261,2026-01-12T06:40:00Z,store,north,USD,completed,16.00,426.00,2026-01-12T06:40:00Z
orders-000562,OR-000562,RC-00262,2026-01-12T07:09:00Z,store,south,USD,completed,0.00,485.00,2026-01-12T07:09:00Z
orders-000563,OR-000563,RC-00263,2026-01-12T07:38:00Z,store,north,USD,refunded,3.00,256.00,2026-01-12T07:38:00Z
orders-000564,OR-000564,RC-00264,2026-01-12T08:07:00Z,store,north,USD,completed,4.00,431.00,2026-01-12T08:07:00Z
orders-000565,OR-000565,RC-00265,2026-01-12T08:36:00Z,mobile,west,USD,completed,17.00,359.00,2026-01-12T08:36:00Z
orders-000566,OR-000566,RC-00266,2026-01-12T09:05:00Z,web,east,USD,completed,18.00,407.00,2026-01-12T09:05:00Z
orders-000567,OR-000567,RC-00267,2026-01-12T09:34:00Z,mobile,south,USD,completed,20.00,380.00,2026-01-12T09:34:00Z
orders-000568,OR-000568,RC-00268,2026-01-12T10:03:00Z,store,east,USD,refunded,13.00,387.00,2026-01-12T10:03:00Z
orders-000569,OR-000569,RC-00269,2026-01-12T10:32:00Z,web,east,USD,refunded,11.00,382.00,2026-01-12T10:32:00Z
orders-000570,OR-000570,RC-00270,2026-01-12T11:01:00Z,mobile,east,USD,refunded,9.00,480.00,2026-01-12T11:01:00Z
orders-000571,OR-000571,RC-00271,2026-01-12T11:30:00Z,mobile,south,USD,completed,14.00,370.00,2026-01-12T11:30:00Z
orders-000572,OR-000572,RC-00272,2026-01-12T11:59:00Z,web,south,USD,completed,18.00,247.00,2026-01-12T11:59:00Z
orders-000573,OR-000573,RC-00273,2026-01-12T12:28:00Z,web,south,USD,completed,15.00,370.00,2026-01-12T12:28:00Z
orders-000574,OR-000574,RC-00274,2026-01-12T12:57:00Z,web,west,USD,refunded,3.00,410.00,2026-01-12T12:57:00Z
orders-000575,OR-000575,RC-00275,2026-01-12T13:26:00Z,mobile,south,USD,refunded,16.00,308.00,2026-01-12T13:26:00Z
orders-000576,OR-000576,RC-00276,2026-01-12T13:55:00Z,mobile,west,USD,completed,1.00,468.00,2026-01-12T13:55:00Z
orders-000577,OR-000577,RC-00277,2026-01-12T14:24:00Z,store,west,USD,refunded,17.00,468.00,2026-01-12T14:24:00Z
orders-000578,OR-000578,RC-00278,2026-01-12T14:53:00Z,store,west,USD,completed,6.00,95.00,2026-01-12T14:53:00Z
orders-000579,OR-000579,RC-00279,2026-01-12T15:22:00Z,web,east,USD,completed,3.00,411.00,2026-01-12T15:22:00Z
orders-000580,OR-000580,RC-00280,2026-01-12T15:51:00Z,store,south,USD,completed,15.00,273.00,2026-01-12T15:51:00Z
orders-000581,OR-000581,RC-00281,2026-01-12T16:20:00Z,mobile,north,USD,refunded,12.00,189.00,2026-01-12T16:20:00Z
orders-000582,OR-000582,RC-00282,2026-01-12T16:49:00Z,web,north,USD,completed,6.00,332.00,2026-01-12T16:49:00Z
orders-000583,OR-000583,RC-00283,2026-01-12T17:18:00Z,mobile,east,USD,completed,14.00,89.00,2026-01-12T17:18:00Z
orders-000584,OR-000584,RC-00284,2026-01-12T17:47:00Z,store,north,USD,completed,14.00,183.00,2026-01-12T17:47:00Z
orders-000585,OR-000585,RC-00285,2026-01-12T18:16:00Z,mobile,south,USD,refunded,1.00,99.00,2026-01-12T18:16:00Z
orders-000586,OR-000586,RC-00286,2026-01-12T18:45:00Z,mobile,west,USD,completed,14.00,156.00,2026-01-12T18:45:00Z
orders-000587,OR-000587,RC-00287,2026-01-12T19:14:00Z,mobile,south,USD,completed,16.00,345.00,2026-01-12T19:14:00Z
orders-000588,OR-000588,RC-00288,2026-01-12T19:43:00Z,store,north,USD,completed,9.00,158.00,2026-01-12T19:43:00Z
orders-000589,OR-000589,RC-00289,2026-01-12T20:12:00Z,web,west,USD,completed,0.00,286.00,2026-01-12T20:12:00Z
orders-000590,OR-000590,RC-00290,2026-01-12T20:41:00Z,web,west,USD,completed,16.00,50.00,2026-01-12T20:41:00Z
orders-000591,OR-000591,RC-00291,2026-01-12T21:10:00Z,mobile,south,USD,completed,19.00,252.00,2026-01-12T21:10:00Z
orders-000592,OR-000592,RC-00292,2026-01-12T21:39:00Z,web,east,USD,completed,20.00,132.00,2026-01-12T21:39:00Z
orders-000593,OR-000593,RC-00293,2026-01-12T22:08:00Z,store,south,USD,refunded,2.00,277.00,2026-01-12T22:08:00Z
orders-000594,OR-000594,RC-00294,2026-01-12T22:37:00Z,web,west,USD,refunded,11.00,202.00,2026-01-12T22:37:00Z
orders-000595,OR-000595,RC-00295,2026-01-12T23:06:00Z,store,east,USD,refunded,8.00,227.00,2026-01-12T23:06:00Z
orders-000596,OR-000596,RC-00296,2026-01-12T23:35:00Z,mobile,east,USD,completed,20.00,352.00,2026-01-12T23:35:00Z
orders-000597,OR-000597,RC-00297,2026-01-13T00:04:00Z,mobile,north,USD,completed,16.00,57.00,2026-01-13T00:04:00Z
orders-000598,OR-000598,RC-00298,2026-01-13T00:33:00Z,store,west,USD,completed,11.00,381.00,2026-01-13T00:33:00Z
orders-000599,OR-000599,RC-00299,2026-01-13T01:02:00Z,store,east,USD,refunded,6.00,378.00,2026-01-13T01:02:00Z
orders-000600,OR-000600,RC-00300,2026-01-13T01:31:00Z,store,east,USD,completed,3.00,37.00,2026-01-13T01:31:00Z
orders-000601,OR-000601,RC-00001,2026-01-13T02:00:00Z,web,south,USD,refunded,18.00,420.00,2026-01-13T02:00:00Z
orders-000602,OR-000602,RC-00002,2026-01-13T02:29:00Z,mobile,south,USD,completed,9.00,133.00,2026-01-13T02:29:00Z
orders-000603,OR-000603,RC-00003,2026-01-13T02:58:00Z,store,west,USD,completed,20.00,249.00,2026-01-13T02:58:00Z
orders-000604,OR-000604,RC-00004,2026-01-13T03:27:00Z,web,east,USD,refunded,18.00,160.00,2026-01-13T03:27:00Z
orders-000605,OR-000605,RC-00005,2026-01-13T03:56:00Z,store,west,USD,completed,18.00,125.00,2026-01-13T03:56:00Z
orders-000606,OR-000606,RC-00006,2026-01-13T04:25:00Z,store,south,USD,refunded,1.00,495.00,2026-01-13T04:25:00Z
orders-000607,OR-000607,RC-00007,2026-01-13T04:54:00Z,mobile,east,USD,refunded,2.00,289.00,2026-01-13T04:54:00Z
orders-000608,OR-000608,RC-00008,2026-01-13T05:23:00Z,web,south,USD,completed,17.00,466.00,2026-01-13T05:23:00Z
orders-000609,OR-000609,RC-00009,2026-01-13T05:52:00Z,mobile,east,USD,refunded,6.00,453.00,2026-01-13T05:52:00Z
orders-000610,OR-000610,RC-00010,2026-01-13T06:21:00Z,web,south,USD,completed,16.00,228.00,2026-01-13T06:21:00Z
orders-000611,OR-000611,RC-00011,2026-01-13T06:50:00Z,store,west,USD,completed,2.00,74.00,2026-01-13T06:50:00Z
orders-000612,OR-000612,RC-00012,2026-01-13T07:19:00Z,web,north,USD,refunded,1.00,63.00,2026-01-13T07:19:00Z
orders-000613,OR-000613,RC-00013,2026-01-13T07:48:00Z,web,north,USD,completed,10.00,365.00,2026-01-13T07:48:00Z
orders-000614,OR-000614,RC-00014,2026-01-13T08:17:00Z,store,east,USD,refunded,3.00,479.00,2026-01-13T08:17:00Z
orders-000615,OR-000615,RC-00015,2026-01-13T08:46:00Z,web,west,USD,refunded,13.00,39.00,2026-01-13T08:46:00Z
orders-000616,OR-000616,RC-00016,2026-01-13T09:15:00Z,mobile,west,USD,completed,13.00,426.00,2026-01-13T09:15:00Z
orders-000617,OR-000617,RC-00017,2026-01-13T09:44:00Z,mobile,west,USD,completed,7.00,438.00,2026-01-13T09:44:00Z
orders-000618,OR-000618,RC-00018,2026-01-13T10:13:00Z,store,north,USD,completed,5.00,256.00,2026-01-13T10:13:00Z
orders-000619,OR-000619,RC-00019,2026-01-13T10:42:00Z,web,south,USD,completed,20.00,333.00,2026-01-13T10:42:00Z
orders-000620,OR-000620,RC-00020,2026-01-13T11:11:00Z,web,south,USD,completed,4.00,165.00,2026-01-13T11:11:00Z
orders-000621,OR-000621,RC-00021,2026-01-13T11:40:00Z,web,west,USD,refunded,19.00,441.00,2026-01-13T11:40:00Z
orders-000622,OR-000622,RC-00022,2026-01-13T12:09:00Z,mobile,west,USD,completed,4.00,354.00,2026-01-13T12:09:00Z
orders-000623,OR-000623,RC-00023,2026-01-13T12:38:00Z,mobile,west,USD,completed,0.00,30.00,2026-01-13T12:38:00Z
orders-000624,OR-000624,RC-00024,2026-01-13T13:07:00Z,web,west,USD,completed,5.00,464.00,2026-01-13T13:07:00Z
orders-000625,OR-000625,RC-00025,2026-01-13T13:36:00Z,mobile,south,USD,completed,6.00,82.00,2026-01-13T13:36:00Z
orders-000626,OR-000626,RC-00026,2026-01-13T14:05:00Z,store,east,USD,refunded,15.00,150.00,2026-01-13T14:05:00Z
orders-000627,OR-000627,RC-00027,2026-01-13T14:34:00Z,mobile,west,USD,refunded,14.00,497.00,2026-01-13T14:34:00Z
orders-000628,OR-000628,RC-00028,2026-01-13T15:03:00Z,mobile,west,USD,refunded,15.00,186.00,2026-01-13T15:03:00Z
orders-000629,OR-000629,RC-00029,2026-01-13T15:32:00Z,mobile,south,USD,refunded,16.00,212.00,2026-01-13T15:32:00Z
orders-000630,OR-000630,RC-00030,2026-01-13T16:01:00Z,mobile,south,USD,completed,15.00,197.00,2026-01-13T16:01:00Z
orders-000631,OR-000631,RC-00031,2026-01-13T16:30:00Z,store,west,USD,completed,7.00,342.00,2026-01-13T16:30:00Z
orders-000632,OR-000632,RC-00032,2026-01-13T16:59:00Z,web,north,USD,completed,17.00,167.00,2026-01-13T16:59:00Z
orders-000633,OR-000633,RC-00033,2026-01-13T17:28:00Z,store,east,USD,completed,0.00,246.00,2026-01-13T17:28:00Z
orders-000634,OR-000634,RC-00034,2026-01-13T17:57:00Z,mobile,north,USD,completed,12.00,119.00,2026-01-13T17:57:00Z
orders-000635,OR-000635,RC-00035,2026-01-13T18:26:00Z,store,east,USD,refunded,4.00,479.00,2026-01-13T18:26:00Z
orders-000636,OR-000636,RC-00036,2026-01-13T18:55:00Z,store,east,USD,completed,7.00,281.00,2026-01-13T18:55:00Z
orders-000637,OR-000637,RC-00037,2026-01-13T19:24:00Z,mobile,north,USD,completed,12.00,462.00,2026-01-13T19:24:00Z
orders-000638,OR-000638,RC-00038,2026-01-13T19:53:00Z,mobile,south,USD,refunded,5.00,69.00,2026-01-13T19:53:00Z
orders-000639,OR-000639,RC-00039,2026-01-13T20:22:00Z,store,north,USD,completed,19.00,296.00,2026-01-13T20:22:00Z
orders-000640,OR-000640,RC-00040,2026-01-13T20:51:00Z,web,south,USD,completed,18.00,149.00,2026-01-13T20:51:00Z
orders-000641,OR-000641,RC-00041,2026-01-13T21:20:00Z,mobile,east,USD,refunded,4.00,416.00,2026-01-13T21:20:00Z
orders-000642,OR-000642,RC-00042,2026-01-13T21:49:00Z,mobile,south,USD,completed,17.00,357.00,2026-01-13T21:49:00Z
orders-000643,OR-000643,RC-00043,2026-01-13T22:18:00Z,store,west,USD,completed,5.00,452.00,2026-01-13T22:18:00Z
orders-000644,OR-000644,RC-00044,2026-01-13T22:47:00Z,web,south,USD,refunded,17.00,283.00,2026-01-13T22:47:00Z
orders-000645,OR-000645,RC-00045,2026-01-13T23:16:00Z,web,north,USD,completed,19.00,20.00,2026-01-13T23:16:00Z
orders-000646,OR-000646,RC-00046,2026-01-13T23:45:00Z,web,north,USD,completed,6.00,240.00,2026-01-13T23:45:00Z
orders-000647,OR-000647,RC-00047,2026-01-14T00:14:00Z,mobile,south,USD,completed,11.00,206.00,2026-01-14T00:14:00Z
orders-000648,OR-000648,RC-00048,2026-01-14T00:43:00Z,store,west,USD,refunded,12.00,208.00,2026-01-14T00:43:00Z
orders-000649,OR-000649,RC-00049,2026-01-14T01:12:00Z,mobile,north,USD,refunded,0.00,486.00,2026-01-14T01:12:00Z
orders-000650,OR-000650,RC-00050,2026-01-14T01:41:00Z,mobile,north,USD,completed,5.00,164.00,2026-01-14T01:41:00Z
orders-000651,OR-000651,RC-00051,2026-01-14T02:10:00Z,mobile,south,USD,refunded,20.00,217.00,2026-01-14T02:10:00Z
orders-000652,OR-000652,RC-00052,2026-01-14T02:39:00Z,web,east,USD,completed,0.00,462.00,2026-01-14T02:39:00Z
orders-000653,OR-000653,RC-00053,2026-01-14T03:08:00Z,web,east,USD,refunded,15.00,212.00,2026-01-14T03:08:00Z
orders-000654,OR-000654,RC-00054,2026-01-14T03:37:00Z,web,south,USD,refunded,7.00,288.00,2026-01-14T03:37:00Z
orders-000655,OR-000655,RC-00055,2026-01-14T04:06:00Z,web,east,USD,refunded,9.00,192.00,2026-01-14T04:06:00Z
orders-000656,OR-000656,RC-00056,2026-01-14T04:35:00Z,mobile,south,USD,completed,13.00,400.00,2026-01-14T04:35:00Z
orders-000657,OR-000657,RC-00057,2026-01-14T05:04:00Z,mobile,west,USD,refunded,11.00,329.00,2026-01-14T05:04:00Z
orders-000658,OR-000658,RC-00058,2026-01-14T05:33:00Z,store,north,USD,refunded,0.00,390.00,2026-01-14T05:33:00Z
orders-000659,OR-000659,RC-00059,2026-01-14T06:02:00Z,web,south,USD,refunded,18.00,466.00,2026-01-14T06:02:00Z
orders-000660,OR-000660,RC-00060,2026-01-14T06:31:00Z,store,east,USD,refunded,6.00,293.00,2026-01-14T06:31:00Z
orders-000661,OR-000661,RC-00061,2026-01-14T07:00:00Z,store,south,USD,refunded,5.00,202.00,2026-01-14T07:00:00Z
orders-000662,OR-000662,RC-00062,2026-01-14T07:29:00Z,store,west,USD,refunded,7.00,113.00,2026-01-14T07:29:00Z
orders-000663,OR-000663,RC-00063,2026-01-14T07:58:00Z,mobile,west,USD,completed,10.00,368.00,2026-01-14T07:58:00Z
orders-000664,OR-000664,RC-00064,2026-01-14T08:27:00Z,mobile,north,USD,completed,17.00,341.00,2026-01-14T08:27:00Z
orders-000665,OR-000665,RC-00065,2026-01-14T08:56:00Z,mobile,east,USD,completed,10.00,322.00,2026-01-14T08:56:00Z
orders-000666,OR-000666,RC-00066,2026-01-14T09:25:00Z,web,west,USD,refunded,0.00,88.00,2026-01-14T09:25:00Z
orders-000667,OR-000667,RC-00067,2026-01-14T09:54:00Z,web,north,USD,refunded,0.00,336.00,2026-01-14T09:54:00Z
orders-000668,OR-000668,RC-00068,2026-01-14T10:23:00Z,mobile,south,USD,completed,12.00,337.00,2026-01-14T10:23:00Z
orders-000669,OR-000669,RC-00069,2026-01-14T10:52:00Z,web,south,USD,completed,6.00,42.00,2026-01-14T10:52:00Z
orders-000670,OR-000670,RC-00070,2026-01-14T11:21:00Z,web,north,USD,completed,20.00,404.00,2026-01-14T11:21:00Z
orders-000671,OR-000671,RC-00071,2026-01-14T11:50:00Z,mobile,south,USD,completed,4.00,361.00,2026-01-14T11:50:00Z
orders-000672,OR-000672,RC-00072,2026-01-14T12:19:00Z,mobile,south,USD,refunded,0.00,373.00,2026-01-14T12:19:00Z
orders-000673,OR-000673,RC-00073,2026-01-14T12:48:00Z,store,south,USD,refunded,3.00,32.00,2026-01-14T12:48:00Z
orders-000674,OR-000674,RC-00074,2026-01-14T13:17:00Z,web,west,USD,completed,18.00,405.00,2026-01-14T13:17:00Z
orders-000675,OR-000675,RC-00075,2026-01-14T13:46:00Z,store,south,USD,completed,3.00,145.00,2026-01-14T13:46:00Z
orders-000676,OR-000676,RC-00076,2026-01-14T14:15:00Z,mobile,north,USD,completed,6.00,436.00,2026-01-14T14:15:00Z
orders-000677,OR-000677,RC-00077,2026-01-14T14:44:00Z,web,north,USD,refunded,7.00,426.00,2026-01-14T14:44:00Z
orders-000678,OR-000678,RC-00078,2026-01-14T15:13:00Z,web,east,USD,completed,6.00,295.00,2026-01-14T15:13:00Z
orders-000679,OR-000679,RC-00079,2026-01-14T15:42:00Z,web,west,USD,completed,17.00,316.00,2026-01-14T15:42:00Z
orders-000680,OR-000680,RC-00080,2026-01-14T16:11:00Z,store,north,USD,refunded,18.00,201.00,2026-01-14T16:11:00Z
orders-000681,OR-000681,RC-00081,2026-01-14T16:40:00Z,mobile,north,USD,completed,20.00,175.00,2026-01-14T16:40:00Z
orders-000682,OR-000682,RC-00082,2026-01-14T17:09:00Z,web,south,USD,completed,19.00,118.00,2026-01-14T17:09:00Z
orders-000683,OR-000683,RC-00083,2026-01-14T17:38:00Z,mobile,east,USD,completed,12.00,50.00,2026-01-14T17:38:00Z
orders-000684,OR-000684,RC-00084,2026-01-14T18:07:00Z,store,east,USD,completed,5.00,138.00,2026-01-14T18:07:00Z
orders-000685,OR-000685,RC-00085,2026-01-14T18:36:00Z,store,east,USD,refunded,14.00,75.00,2026-01-14T18:36:00Z
orders-000686,OR-000686,RC-00086,2026-01-14T19:05:00Z,web,east,USD,refunded,7.00,88.00,2026-01-14T19:05:00Z
orders-000687,OR-000687,RC-00087,2026-01-14T19:34:00Z,mobile,north,USD,completed,0.00,49.00,2026-01-14T19:34:00Z
orders-000688,OR-000688,RC-00088,2026-01-14T20:03:00Z,web,east,USD,completed,14.00,58.00,2026-01-14T20:03:00Z
orders-000689,OR-000689,RC-00089,2026-01-14T20:32:00Z,store,east,USD,refunded,5.00,479.00,2026-01-14T20:32:00Z
orders-000690,OR-000690,RC-00090,2026-01-14T21:01:00Z,web,south,USD,completed,6.00,55.00,2026-01-14T21:01:00Z
orders-000691,OR-000691,RC-00091,2026-01-14T21:30:00Z,store,west,USD,refunded,17.00,399.00,2026-01-14T21:30:00Z
orders-000692,OR-000692,RC-00092,2026-01-14T21:59:00Z,store,east,USD,completed,5.00,454.00,2026-01-14T21:59:00Z
orders-000693,OR-000693,RC-00093,2026-01-14T22:28:00Z,web,east,USD,completed,4.00,27.00,2026-01-14T22:28:00Z
orders-000694,OR-000694,RC-00094,2026-01-14T22:57:00Z,mobile,south,USD,refunded,1.00,143.00,2026-01-14T22:57:00Z
orders-000695,OR-000695,RC-00095,2026-01-14T23:26:00Z,mobile,north,USD,completed,5.00,206.00,2026-01-14T23:26:00Z
orders-000696,OR-000696,RC-00096,2026-01-14T23:55:00Z,mobile,west,USD,completed,17.00,447.00,2026-01-14T23:55:00Z
orders-000697,OR-000697,RC-00097,2026-01-15T00:24:00Z,mobile,east,USD,refunded,11.00,46.00,2026-01-15T00:24:00Z
orders-000698,OR-000698,RC-00098,2026-01-15T00:53:00Z,web,east,USD,completed,11.00,417.00,2026-01-15T00:53:00Z
orders-000699,OR-000699,RC-00099,2026-01-15T01:22:00Z,mobile,east,USD,completed,14.00,170.00,2026-01-15T01:22:00Z
orders-000700,OR-000700,RC-00100,2026-01-15T01:51:00Z,mobile,north,USD,refunded,12.00,94.00,2026-01-15T01:51:00Z
orders-000701,OR-000701,RC-00101,2026-01-15T02:20:00Z,web,east,USD,completed,18.00,38.00,2026-01-15T02:20:00Z
orders-000702,OR-000702,RC-00102,2026-01-15T02:49:00Z,web,north,USD,refunded,13.00,308.00,2026-01-15T02:49:00Z
orders-000703,OR-000703,RC-00103,2026-01-15T03:18:00Z,web,west,USD,completed,17.00,249.00,2026-01-15T03:18:00Z
orders-000704,OR-000704,RC-00104,2026-01-15T03:47:00Z,mobile,east,USD,completed,5.00,486.00,2026-01-15T03:47:00Z
orders-000705,OR-000705,RC-00105,2026-01-15T04:16:00Z,store,east,USD,completed,5.00,435.00,2026-01-15T04:16:00Z
orders-000706,OR-000706,RC-00106,2026-01-15T04:45:00Z,mobile,south,USD,refunded,14.00,373.00,2026-01-15T04:45:00Z
orders-000707,OR-000707,RC-00107,2026-01-15T05:14:00Z,web,east,USD,completed,8.00,157.00,2026-01-15T05:14:00Z
orders-000708,OR-000708,RC-00108,2026-01-15T05:43:00Z,mobile,west,USD,completed,4.00,434.00,2026-01-15T05:43:00Z
orders-000709,OR-000709,RC-00109,2026-01-15T06:12:00Z,mobile,south,USD,completed,17.00,33.00,2026-01-15T06:12:00Z
orders-000710,OR-000710,RC-00110,2026-01-15T06:41:00Z,mobile,west,USD,refunded,18.00,122.00,2026-01-15T06:41:00Z
orders-000711,OR-000711,RC-00111,2026-01-15T07:10:00Z,store,north,USD,completed,3.00,194.00,2026-01-15T07:10:00Z
orders-000712,OR-000712,RC-00112,2026-01-15T07:39:00Z,web,north,USD,refunded,7.00,443.00,2026-01-15T07:39:00Z
orders-000713,OR-000713,RC-00113,2026-01-15T08:08:00Z,mobile,north,USD,completed,10.00,480.00,2026-01-15T08:08:00Z
orders-000714,OR-000714,RC-00114,2026-01-15T08:37:00Z,mobile,south,USD,completed,11.00,454.00,2026-01-15T08:37:00Z
orders-000715,OR-000715,RC-00115,2026-01-15T09:06:00Z,mobile,north,USD,refunded,2.00,181.00,2026-01-15T09:06:00Z
orders-000716,OR-000716,RC-00116,2026-01-15T09:35:00Z,mobile,east,USD,completed,1.00,213.00,2026-01-15T09:35:00Z
orders-000717,OR-000717,RC-00117,2026-01-15T10:04:00Z,web,east,USD,completed,13.00,320.00,2026-01-15T10:04:00Z
orders-000718,OR-000718,RC-00118,2026-01-15T10:33:00Z,store,south,USD,completed,14.00,135.00,2026-01-15T10:33:00Z
orders-000719,OR-000719,RC-00119,2026-01-15T11:02:00Z,mobile,south,USD,refunded,16.00,116.00,2026-01-15T11:02:00Z
orders-000720,OR-000720,RC-00120,2026-01-15T11:31:00Z,web,east,USD,completed,2.00,205.00,2026-01-15T11:31:00Z
orders-000721,OR-000721,RC-00121,2026-01-15T12:00:00Z,mobile,east,USD,completed,11.00,262.00,2026-01-15T12:00:00Z
orders-000722,OR-000722,RC-00122,2026-01-15T12:29:00Z,store,east,USD,refunded,19.00,350.00,2026-01-15T12:29:00Z
orders-000723,OR-000723,RC-00123,2026-01-15T12:58:00Z,store,east,USD,completed,8.00,164.00,2026-01-15T12:58:00Z
orders-000724,OR-000724,RC-00124,2026-01-15T13:27:00Z,store,north,USD,refunded,11.00,366.00,2026-01-15T13:27:00Z
orders-000725,OR-000725,RC-00125,2026-01-15T13:56:00Z,store,east,USD,completed,2.00,116.00,2026-01-15T13:56:00Z
orders-000726,OR-000726,RC-00126,2026-01-15T14:25:00Z,store,south,USD,completed,14.00,300.00,2026-01-15T14:25:00Z
orders-000727,OR-000727,RC-00127,2026-01-15T14:54:00Z,store,west,USD,completed,4.00,461.00,2026-01-15T14:54:00Z
orders-000728,OR-000728,RC-00128,2026-01-15T15:23:00Z,web,east,USD,refunded,17.00,431.00,2026-01-15T15:23:00Z
orders-000729,OR-000729,RC-00129,2026-01-15T15:52:00Z,store,east,USD,completed,20.00,128.00,2026-01-15T15:52:00Z
orders-000730,OR-000730,RC-00130,2026-01-15T16:21:00Z,web,east,USD,completed,8.00,481.00,2026-01-15T16:21:00Z
orders-000731,OR-000731,RC-00131,2026-01-15T16:50:00Z,web,west,USD,completed,10.00,235.00,2026-01-15T16:50:00Z
orders-000732,OR-000732,RC-00132,2026-01-15T17:19:00Z,mobile,east,USD,refunded,8.00,481.00,2026-01-15T17:19:00Z
orders-000733,OR-000733,RC-00133,2026-01-15T17:48:00Z,mobile,east,USD,completed,0.00,371.00,2026-01-15T17:48:00Z
orders-000734,OR-000734,RC-00134,2026-01-15T18:17:00Z,store,east,USD,completed,5.00,407.00,2026-01-15T18:17:00Z
orders-000735,OR-000735,RC-00135,2026-01-15T18:46:00Z,store,east,USD,refunded,9.00,58.00,2026-01-15T18:46:00Z
orders-000736,OR-000736,RC-00136,2026-01-15T19:15:00Z,mobile,west,USD,completed,5.00,498.00,2026-01-15T19:15:00Z
orders-000737,OR-000737,RC-00137,2026-01-15T19:44:00Z,web,south,USD,refunded,20.00,346.00,2026-01-15T19:44:00Z
orders-000738,OR-000738,RC-00138,2026-01-15T20:13:00Z,mobile,east,USD,refunded,9.00,180.00,2026-01-15T20:13:00Z
orders-000739,OR-000739,RC-00139,2026-01-15T20:42:00Z,mobile,north,USD,refunded,18.00,431.00,2026-01-15T20:42:00Z
orders-000740,OR-000740,RC-00140,2026-01-15T21:11:00Z,store,south,USD,completed,2.00,376.00,2026-01-15T21:11:00Z
orders-000741,OR-000741,RC-00141,2026-01-15T21:40:00Z,mobile,north,USD,refunded,6.00,136.00,2026-01-15T21:40:00Z
orders-000742,OR-000742,RC-00142,2026-01-15T22:09:00Z,store,west,USD,completed,6.00,32.00,2026-01-15T22:09:00Z
orders-000743,OR-000743,RC-00143,2026-01-15T22:38:00Z,mobile,south,USD,completed,4.00,55.00,2026-01-15T22:38:00Z
orders-000744,OR-000744,RC-00144,2026-01-15T23:07:00Z,store,north,USD,completed,19.00,186.00,2026-01-15T23:07:00Z
orders-000745,OR-000745,RC-00145,2026-01-15T23:36:00Z,web,north,USD,completed,9.00,103.00,2026-01-15T23:36:00Z
orders-000746,OR-000746,RC-00146,2026-01-16T00:05:00Z,store,south,USD,refunded,2.00,150.00,2026-01-16T00:05:00Z
orders-000747,OR-000747,RC-00147,2026-01-16T00:34:00Z,mobile,east,USD,refunded,18.00,22.00,2026-01-16T00:34:00Z
orders-000748,OR-000748,RC-00148,2026-01-16T01:03:00Z,web,north,USD,completed,7.00,345.00,2026-01-16T01:03:00Z
orders-000749,OR-000749,RC-00149,2026-01-16T01:32:00Z,mobile,north,USD,completed,10.00,238.00,2026-01-16T01:32:00Z
orders-000750,OR-000750,RC-00150,2026-01-16T02:01:00Z,store,east,USD,refunded,4.00,256.00,2026-01-16T02:01:00Z
orders-000751,OR-000751,RC-00151,2026-01-16T02:30:00Z,store,south,USD,completed,4.00,317.00,2026-01-16T02:30:00Z
orders-000752,OR-000752,RC-00152,2026-01-16T02:59:00Z,store,south,USD,completed,0.00,337.00,2026-01-16T02:59:00Z
orders-000753,OR-000753,RC-00153,2026-01-16T03:28:00Z,web,north,USD,completed,5.00,432.00,2026-01-16T03:28:00Z
orders-000754,OR-000754,RC-00154,2026-01-16T03:57:00Z,mobile,east,USD,completed,14.00,300.00,2026-01-16T03:57:00Z
orders-000755,OR-000755,RC-00155,2026-01-16T04:26:00Z,store,north,USD,completed,20.00,191.00,2026-01-16T04:26:00Z
orders-000756,OR-000756,RC-00156,2026-01-16T04:55:00Z,store,north,USD,completed,20.00,241.00,2026-01-16T04:55:00Z
orders-000757,OR-000757,RC-00157,2026-01-16T05:24:00Z,web,north,USD,completed,4.00,53.00,2026-01-16T05:24:00Z
orders-000758,OR-000758,RC-00158,2026-01-16T05:53:00Z,mobile,west,USD,refunded,0.00,292.00,2026-01-16T05:53:00Z
orders-000759,OR-000759,RC-00159,2026-01-16T06:22:00Z,mobile,east,USD,refunded,10.00,51.00,2026-01-16T06:22:00Z
orders-000760,OR-000760,RC-00160,2026-01-16T06:51:00Z,web,south,USD,completed,12.00,346.00,2026-01-16T06:51:00Z
orders-000761,OR-000761,RC-00161,2026-01-16T07:20:00Z,store,north,USD,completed,15.00,236.00,2026-01-16T07:20:00Z
orders-000762,OR-000762,RC-00162,2026-01-16T07:49:00Z,web,south,USD,completed,10.00,139.00,2026-01-16T07:49:00Z
orders-000763,OR-000763,RC-00163,2026-01-16T08:18:00Z,store,east,USD,refunded,9.00,474.00,2026-01-16T08:18:00Z
orders-000764,OR-000764,RC-00164,2026-01-16T08:47:00Z,mobile,east,USD,completed,20.00,244.00,2026-01-16T08:47:00Z
orders-000765,OR-000765,RC-00165,2026-01-16T09:16:00Z,web,west,USD,refunded,4.00,146.00,2026-01-16T09:16:00Z
orders-000766,OR-000766,RC-00166,2026-01-16T09:45:00Z,store,west,USD,refunded,5.00,483.00,2026-01-16T09:45:00Z
orders-000767,OR-000767,RC-00167,2026-01-16T10:14:00Z,mobile,south,USD,completed,20.00,152.00,2026-01-16T10:14:00Z
orders-000768,OR-000768,RC-00168,2026-01-16T10:43:00Z,web,north,USD,completed,11.00,160.00,2026-01-16T10:43:00Z
orders-000769,OR-000769,RC-00169,2026-01-16T11:12:00Z,store,east,USD,completed,15.00,486.00,2026-01-16T11:12:00Z
orders-000770,OR-000770,RC-00170,2026-01-16T11:41:00Z,store,west,USD,completed,19.00,481.00,2026-01-16T11:41:00Z
orders-000771,OR-000771,RC-00171,2026-01-16T12:10:00Z,store,south,USD,refunded,6.00,275.00,2026-01-16T12:10:00Z
orders-000772,OR-000772,RC-00172,2026-01-16T12:39:00Z,web,west,USD,refunded,17.00,181.00,2026-01-16T12:39:00Z
orders-000773,OR-000773,RC-00173,2026-01-16T13:08:00Z,store,west,USD,refunded,8.00,471.00,2026-01-16T13:08:00Z
orders-000774,OR-000774,RC-00174,2026-01-16T13:37:00Z,store,south,USD,completed,19.00,167.00,2026-01-16T13:37:00Z
orders-000775,OR-000775,RC-00175,2026-01-16T14:06:00Z,store,east,USD,refunded,4.00,166.00,2026-01-16T14:06:00Z
orders-000776,OR-000776,RC-00176,2026-01-16T14:35:00Z,mobile,east,USD,completed,10.00,147.00,2026-01-16T14:35:00Z
orders-000777,OR-000777,RC-00177,2026-01-16T15:04:00Z,web,west,USD,completed,7.00,223.00,2026-01-16T15:04:00Z
orders-000778,OR-000778,RC-00178,2026-01-16T15:33:00Z,store,west,USD,refunded,15.00,141.00,2026-01-16T15:33:00Z
orders-000779,OR-000779,RC-00179,2026-01-16T16:02:00Z,mobile,south,USD,refunded,8.00,170.00,2026-01-16T16:02:00Z
orders-000780,OR-000780,RC-00180,2026-01-16T16:31:00Z,store,north,USD,refunded,10.00,265.00,2026-01-16T16:31:00Z
orders-000781,OR-000781,RC-00181,2026-01-16T17:00:00Z,mobile,west,USD,refunded,5.00,310.00,2026-01-16T17:00:00Z
orders-000782,OR-000782,RC-00182,2026-01-16T17:29:00Z,mobile,north,USD,refunded,4.00,195.00,2026-01-16T17:29:00Z
orders-000783,OR-000783,RC-00183,2026-01-16T17:58:00Z,store,north,USD,refunded,5.00,22.00,2026-01-16T17:58:00Z
orders-000784,OR-000784,RC-00184,2026-01-16T18:27:00Z,web,south,USD,refunded,2.00,47.00,2026-01-16T18:27:00Z
orders-000785,OR-000785,RC-00185,2026-01-16T18:56:00Z,store,south,USD,refunded,4.00,316.00,2026-01-16T18:56:00Z
orders-000786,OR-000786,RC-00186,2026-01-16T19:25:00Z,web,west,USD,completed,0.00,83.00,2026-01-16T19:25:00Z
orders-000787,OR-000787,RC-00187,2026-01-16T19:54:00Z,store,north,USD,completed,15.00,268.00,2026-01-16T19:54:00Z
orders-000788,OR-000788,RC-00188,2026-01-16T20:23:00Z,mobile,east,USD,completed,9.00,364.00,2026-01-16T20:23:00Z
orders-000789,OR-000789,RC-00189,2026-01-16T20:52:00Z,store,east,USD,completed,11.00,188.00,2026-01-16T20:52:00Z
orders-000790,OR-000790,RC-00190,2026-01-16T21:21:00Z,store,north,USD,completed,15.00,180.00,2026-01-16T21:21:00Z
orders-000791,OR-000791,RC-00191,2026-01-16T21:50:00Z,web,north,USD,completed,10.00,214.00,2026-01-16T21:50:00Z
orders-000792,OR-000792,RC-00192,2026-01-16T22:19:00Z,web,north,USD,completed,17.00,410.00,2026-01-16T22:19:00Z
orders-000793,OR-000793,RC-00193,2026-01-16T22:48:00Z,web,west,USD,refunded,20.00,410.00,2026-01-16T22:48:00Z
orders-000794,OR-000794,RC-00194,2026-01-16T23:17:00Z,store,east,USD,completed,20.00,303.00,2026-01-16T23:17:00Z
orders-000795,OR-000795,RC-00195,2026-01-16T23:46:00Z,web,north,USD,refunded,4.00,424.00,2026-01-16T23:46:00Z
orders-000796,OR-000796,RC-00196,2026-01-17T00:15:00Z,mobile,west,USD,completed,8.00,82.00,2026-01-17T00:15:00Z
orders-000797,OR-000797,RC-00197,2026-01-17T00:44:00Z,store,west,USD,completed,19.00,372.00,2026-01-17T00:44:00Z
orders-000798,OR-000798,RC-00198,2026-01-17T01:13:00Z,web,east,USD,completed,3.00,212.00,2026-01-17T01:13:00Z
orders-000799,OR-000799,RC-00199,2026-01-17T01:42:00Z,store,south,USD,completed,1.00,416.00,2026-01-17T01:42:00Z
orders-000800,OR-000800,RC-00200,2026-01-17T02:11:00Z,mobile,south,USD,completed,16.00,161.00,2026-01-17T02:11:00Z
orders-000801,OR-000801,RC-00201,2026-01-17T02:40:00Z,web,south,USD,refunded,3.00,55.00,2026-01-17T02:40:00Z
orders-000802,OR-000802,RC-00202,2026-01-17T03:09:00Z,web,east,USD,completed,4.00,225.00,2026-01-17T03:09:00Z
orders-000803,OR-000803,RC-00203,2026-01-17T03:38:00Z,web,west,USD,refunded,14.00,432.00,2026-01-17T03:38:00Z
orders-000804,OR-000804,RC-00204,2026-01-17T04:07:00Z,store,west,USD,completed,8.00,398.00,2026-01-17T04:07:00Z
orders-000805,OR-000805,RC-00205,2026-01-17T04:36:00Z,web,east,USD,completed,11.00,253.00,2026-01-17T04:36:00Z
orders-000806,OR-000806,RC-00206,2026-01-17T05:05:00Z,web,east,USD,refunded,6.00,21.00,2026-01-17T05:05:00Z
orders-000807,OR-000807,RC-00207,2026-01-17T05:34:00Z,web,west,USD,completed,9.00,54.00,2026-01-17T05:34:00Z
orders-000808,OR-000808,RC-00208,2026-01-17T06:03:00Z,store,north,USD,completed,1.00,251.00,2026-01-17T06:03:00Z
orders-000809,OR-000809,RC-00209,2026-01-17T06:32:00Z,store,west,USD,refunded,1.00,351.00,2026-01-17T06:32:00Z
orders-000810,OR-000810,RC-00210,2026-01-17T07:01:00Z,web,north,USD,refunded,14.00,448.00,2026-01-17T07:01:00Z
orders-000811,OR-000811,RC-00211,2026-01-17T07:30:00Z,mobile,south,USD,refunded,12.00,455.00,2026-01-17T07:30:00Z
orders-000812,OR-000812,RC-00212,2026-01-17T07:59:00Z,web,south,USD,refunded,16.00,80.00,2026-01-17T07:59:00Z
orders-000813,OR-000813,RC-00213,2026-01-17T08:28:00Z,mobile,south,USD,completed,14.00,51.00,2026-01-17T08:28:00Z
orders-000814,OR-000814,RC-00214,2026-01-17T08:57:00Z,web,west,USD,completed,14.00,35.00,2026-01-17T08:57:00Z
orders-000815,OR-000815,RC-00215,2026-01-17T09:26:00Z,mobile,east,USD,completed,20.00,362.00,2026-01-17T09:26:00Z
orders-000816,OR-000816,RC-00216,2026-01-17T09:55:00Z,mobile,north,USD,completed,6.00,58.00,2026-01-17T09:55:00Z
orders-000817,OR-000817,RC-00217,2026-01-17T10:24:00Z,web,south,USD,completed,11.00,441.00,2026-01-17T10:24:00Z
orders-000818,OR-000818,RC-00218,2026-01-17T10:53:00Z,store,south,USD,refunded,17.00,207.00,2026-01-17T10:53:00Z
orders-000819,OR-000819,RC-00219,2026-01-17T11:22:00Z,store,west,USD,completed,3.00,237.00,2026-01-17T11:22:00Z
orders-000820,OR-000820,RC-00220,2026-01-17T11:51:00Z,mobile,south,USD,refunded,8.00,82.00,2026-01-17T11:51:00Z
orders-000821,OR-000821,RC-00221,2026-01-17T12:20:00Z,web,south,USD,completed,20.00,295.00,2026-01-17T12:20:00Z
orders-000822,OR-000822,RC-00222,2026-01-17T12:49:00Z,store,south,USD,refunded,5.00,318.00,2026-01-17T12:49:00Z
orders-000823,OR-000823,RC-00223,2026-01-17T13:18:00Z,web,west,USD,completed,5.00,368.00,2026-01-17T13:18:00Z
orders-000824,OR-000824,RC-00224,2026-01-17T13:47:00Z,store,east,USD,refunded,19.00,186.00,2026-01-17T13:47:00Z
orders-000825,OR-000825,RC-00225,2026-01-17T14:16:00Z,web,east,USD,completed,1.00,66.00,2026-01-17T14:16:00Z
orders-000826,OR-000826,RC-00226,2026-01-17T14:45:00Z,web,east,USD,refunded,19.00,234.00,2026-01-17T14:45:00Z
orders-000827,OR-000827,RC-00227,2026-01-17T15:14:00Z,web,west,USD,refunded,14.00,363.00,2026-01-17T15:14:00Z
orders-000828,OR-000828,RC-00228,2026-01-17T15:43:00Z,store,east,USD,refunded,10.00,67.00,2026-01-17T15:43:00Z
orders-000829,OR-000829,RC-00229,2026-01-17T16:12:00Z,store,west,USD,completed,7.00,338.00,2026-01-17T16:12:00Z
orders-000830,OR-000830,RC-00230,2026-01-17T16:41:00Z,store,south,USD,completed,17.00,401.00,2026-01-17T16:41:00Z
orders-000831,OR-000831,RC-00231,2026-01-17T17:10:00Z,store,west,USD,refunded,20.00,209.00,2026-01-17T17:10:00Z
orders-000832,OR-000832,RC-00232,2026-01-17T17:39:00Z,store,west,USD,completed,16.00,271.00,2026-01-17T17:39:00Z
orders-000833,OR-000833,RC-00233,2026-01-17T18:08:00Z,store,west,USD,refunded,10.00,194.00,2026-01-17T18:08:00Z
orders-000834,OR-000834,RC-00234,2026-01-17T18:37:00Z,web,south,USD,completed,18.00,358.00,2026-01-17T18:37:00Z
orders-000835,OR-000835,RC-00235,2026-01-17T19:06:00Z,mobile,west,USD,completed,1.00,424.00,2026-01-17T19:06:00Z
orders-000836,OR-000836,RC-00236,2026-01-17T19:35:00Z,web,south,USD,refunded,8.00,147.00,2026-01-17T19:35:00Z
orders-000837,OR-000837,RC-00237,2026-01-17T20:04:00Z,store,east,USD,completed,6.00,286.00,2026-01-17T20:04:00Z
orders-000838,OR-000838,RC-00238,2026-01-17T20:33:00Z,web,west,USD,refunded,2.00,253.00,2026-01-17T20:33:00Z
orders-000839,OR-000839,RC-00239,2026-01-17T21:02:00Z,mobile,west,USD,refunded,4.00,147.00,2026-01-17T21:02:00Z
orders-000840,OR-000840,RC-00240,2026-01-17T21:31:00Z,web,south,USD,refunded,15.00,142.00,2026-01-17T21:31:00Z
orders-000841,OR-000841,RC-00241,2026-01-17T22:00:00Z,store,south,USD,completed,9.00,153.00,2026-01-17T22:00:00Z
orders-000842,OR-000842,RC-00242,2026-01-17T22:29:00Z,web,north,USD,refunded,16.00,102.00,2026-01-17T22:29:00Z
orders-000843,OR-000843,RC-00243,2026-01-17T22:58:00Z,store,west,USD,completed,6.00,222.00,2026-01-17T22:58:00Z
orders-000844,OR-000844,RC-00244,2026-01-17T23:27:00Z,store,east,USD,completed,4.00,401.00,2026-01-17T23:27:00Z
orders-000845,OR-000845,RC-00245,2026-01-17T23:56:00Z,store,north,USD,completed,17.00,76.00,2026-01-17T23:56:00Z
orders-000846,OR-000846,RC-00246,2026-01-18T00:25:00Z,web,west,USD,refunded,7.00,271.00,2026-01-18T00:25:00Z
orders-000847,OR-000847,RC-00247,2026-01-18T00:54:00Z,mobile,west,USD,refunded,12.00,276.00,2026-01-18T00:54:00Z
orders-000848,OR-000848,RC-00248,2026-01-18T01:23:00Z,store,west,USD,refunded,12.00,95.00,2026-01-18T01:23:00Z
orders-000849,OR-000849,RC-00249,2026-01-18T01:52:00Z,web,west,USD,completed,1.00,251.00,2026-01-18T01:52:00Z
orders-000850,OR-000850,RC-00250,2026-01-18T02:21:00Z,mobile,west,USD,refunded,10.00,229.00,2026-01-18T02:21:00Z
orders-000851,OR-000851,RC-00251,2026-01-18T02:50:00Z,store,west,USD,completed,0.00,404.00,2026-01-18T02:50:00Z
orders-000852,OR-000852,RC-00252,2026-01-18T03:19:00Z,web,south,USD,completed,11.00,500.00,2026-01-18T03:19:00Z
orders-000853,OR-000853,RC-00253,2026-01-18T03:48:00Z,mobile,north,USD,refunded,12.00,131.00,2026-01-18T03:48:00Z
orders-000854,OR-000854,RC-00254,2026-01-18T04:17:00Z,store,east,USD,completed,10.00,130.00,2026-01-18T04:17:00Z
orders-000855,OR-000855,RC-00255,2026-01-18T04:46:00Z,mobile,south,USD,completed,10.00,267.00,2026-01-18T04:46:00Z
orders-000856,OR-000856,RC-00256,2026-01-18T05:15:00Z,store,east,USD,refunded,10.00,300.00,2026-01-18T05:15:00Z
orders-000857,OR-000857,RC-00257,2026-01-18T05:44:00Z,store,west,USD,refunded,1.00,178.00,2026-01-18T05:44:00Z
orders-000858,OR-000858,RC-00258,2026-01-18T06:13:00Z,mobile,west,USD,refunded,20.00,320.00,2026-01-18T06:13:00Z
orders-000859,OR-000859,RC-00259,2026-01-18T06:42:00Z,store,north,USD,refunded,2.00,284.00,2026-01-18T06:42:00Z
orders-000860,OR-000860,RC-00260,2026-01-18T07:11:00Z,mobile,east,USD,refunded,10.00,372.00,2026-01-18T07:11:00Z
orders-000861,OR-000861,RC-00261,2026-01-18T07:40:00Z,store,south,USD,refunded,7.00,424.00,2026-01-18T07:40:00Z
orders-000862,OR-000862,RC-00262,2026-01-18T08:09:00Z,web,south,USD,refunded,11.00,275.00,2026-01-18T08:09:00Z
orders-000863,OR-000863,RC-00263,2026-01-18T08:38:00Z,mobile,west,USD,refunded,5.00,490.00,2026-01-18T08:38:00Z
orders-000864,OR-000864,RC-00264,2026-01-18T09:07:00Z,store,south,USD,completed,2.00,425.00,2026-01-18T09:07:00Z
orders-000865,OR-000865,RC-00265,2026-01-18T09:36:00Z,web,south,USD,completed,19.00,237.00,2026-01-18T09:36:00Z
orders-000866,OR-000866,RC-00266,2026-01-18T10:05:00Z,store,north,USD,completed,2.00,330.00,2026-01-18T10:05:00Z
orders-000867,OR-000867,RC-00267,2026-01-18T10:34:00Z,web,north,USD,completed,20.00,168.00,2026-01-18T10:34:00Z
orders-000868,OR-000868,RC-00268,2026-01-18T11:03:00Z,web,east,USD,completed,5.00,254.00,2026-01-18T11:03:00Z
orders-000869,OR-000869,RC-00269,2026-01-18T11:32:00Z,store,north,USD,completed,5.00,25.00,2026-01-18T11:32:00Z
orders-000870,OR-000870,RC-00270,2026-01-18T12:01:00Z,web,west,USD,completed,12.00,143.00,2026-01-18T12:01:00Z
orders-000871,OR-000871,RC-00271,2026-01-18T12:30:00Z,store,west,USD,refunded,16.00,46.00,2026-01-18T12:30:00Z
orders-000872,OR-000872,RC-00272,2026-01-18T12:59:00Z,web,north,USD,completed,15.00,37.00,2026-01-18T12:59:00Z
orders-000873,OR-000873,RC-00273,2026-01-18T13:28:00Z,store,north,USD,completed,15.00,197.00,2026-01-18T13:28:00Z
orders-000874,OR-000874,RC-00274,2026-01-18T13:57:00Z,store,west,USD,completed,16.00,105.00,2026-01-18T13:57:00Z
orders-000875,OR-000875,RC-00275,2026-01-18T14:26:00Z,mobile,east,USD,completed,11.00,339.00,2026-01-18T14:26:00Z
orders-000876,OR-000876,RC-00276,2026-01-18T14:55:00Z,web,east,USD,refunded,5.00,273.00,2026-01-18T14:55:00Z
orders-000877,OR-000877,RC-00277,2026-01-18T15:24:00Z,web,east,USD,completed,9.00,102.00,2026-01-18T15:24:00Z
orders-000878,OR-000878,RC-00278,2026-01-18T15:53:00Z,web,west,USD,completed,7.00,259.00,2026-01-18T15:53:00Z
orders-000879,OR-000879,RC-00279,2026-01-18T16:22:00Z,web,west,USD,completed,13.00,99.00,2026-01-18T16:22:00Z
orders-000880,OR-000880,RC-00280,2026-01-18T16:51:00Z,store,north,USD,refunded,5.00,495.00,2026-01-18T16:51:00Z
orders-000881,OR-000881,RC-00281,2026-01-18T17:20:00Z,store,west,USD,completed,20.00,205.00,2026-01-18T17:20:00Z
orders-000882,OR-000882,RC-00282,2026-01-18T17:49:00Z,web,south,USD,refunded,5.00,270.00,2026-01-18T17:49:00Z
orders-000883,OR-000883,RC-00283,2026-01-18T18:18:00Z,store,west,USD,completed,3.00,121.00,2026-01-18T18:18:00Z
orders-000884,OR-000884,RC-00284,2026-01-18T18:47:00Z,store,east,USD,refunded,16.00,317.00,2026-01-18T18:47:00Z
orders-000885,OR-000885,RC-00285,2026-01-18T19:16:00Z,store,north,USD,completed,16.00,391.00,2026-01-18T19:16:00Z
orders-000886,OR-000886,RC-00286,2026-01-18T19:45:00Z,mobile,east,USD,completed,9.00,442.00,2026-01-18T19:45:00Z
orders-000887,OR-000887,RC-00287,2026-01-18T20:14:00Z,mobile,south,USD,refunded,10.00,356.00,2026-01-18T20:14:00Z
orders-000888,OR-000888,RC-00288,2026-01-18T20:43:00Z,store,east,USD,completed,4.00,244.00,2026-01-18T20:43:00Z
orders-000889,OR-000889,RC-00289,2026-01-18T21:12:00Z,web,east,USD,completed,17.00,180.00,2026-01-18T21:12:00Z
orders-000890,OR-000890,RC-00290,2026-01-18T21:41:00Z,mobile,south,USD,completed,8.00,295.00,2026-01-18T21:41:00Z
orders-000891,OR-000891,RC-00291,2026-01-18T22:10:00Z,web,east,USD,refunded,16.00,29.00,2026-01-18T22:10:00Z
orders-000892,OR-000892,RC-00292,2026-01-18T22:39:00Z,mobile,west,USD,refunded,0.00,241.00,2026-01-18T22:39:00Z
orders-000893,OR-000893,RC-00293,2026-01-18T23:08:00Z,mobile,east,USD,completed,5.00,487.00,2026-01-18T23:08:00Z
orders-000894,OR-000894,RC-00294,2026-01-18T23:37:00Z,mobile,north,USD,refunded,4.00,148.00,2026-01-18T23:37:00Z
orders-000895,OR-000895,RC-00295,2026-01-19T00:06:00Z,mobile,south,USD,refunded,16.00,251.00,2026-01-19T00:06:00Z
orders-000896,OR-000896,RC-00296,2026-01-19T00:35:00Z,store,north,USD,completed,18.00,304.00,2026-01-19T00:35:00Z
orders-000897,OR-000897,RC-00297,2026-01-19T01:04:00Z,web,east,USD,completed,16.00,278.00,2026-01-19T01:04:00Z
orders-000898,OR-000898,RC-00298,2026-01-19T01:33:00Z,web,east,USD,completed,4.00,96.00,2026-01-19T01:33:00Z
orders-000899,OR-000899,RC-00299,2026-01-19T02:02:00Z,web,north,USD,refunded,2.00,267.00,2026-01-19T02:02:00Z
orders-000900,OR-000900,RC-00300,2026-01-19T02:31:00Z,store,south,USD,completed,17.00,146.00,2026-01-19T02:31:00Z
orders-000901,OR-000901,RC-00001,2026-01-19T03:00:00Z,store,west,USD,completed,13.00,102.00,2026-01-19T03:00:00Z
orders-000902,OR-000902,RC-00002,2026-01-19T03:29:00Z,web,north,USD,completed,19.00,127.00,2026-01-19T03:29:00Z
orders-000903,OR-000903,RC-00003,2026-01-19T03:58:00Z,web,west,USD,completed,6.00,58.00,2026-01-19T03:58:00Z
orders-000904,OR-000904,RC-00004,2026-01-19T04:27:00Z,mobile,south,USD,completed,15.00,172.00,2026-01-19T04:27:00Z
orders-000905,OR-000905,RC-00005,2026-01-19T04:56:00Z,store,north,USD,refunded,8.00,53.00,2026-01-19T04:56:00Z
orders-000906,OR-000906,RC-00006,2026-01-19T05:25:00Z,store,south,USD,completed,17.00,129.00,2026-01-19T05:25:00Z
orders-000907,OR-000907,RC-00007,2026-01-19T05:54:00Z,mobile,west,USD,refunded,4.00,189.00,2026-01-19T05:54:00Z
orders-000908,OR-000908,RC-00008,2026-01-19T06:23:00Z,store,south,USD,completed,6.00,364.00,2026-01-19T06:23:00Z
orders-000909,OR-000909,RC-00009,2026-01-19T06:52:00Z,store,east,USD,refunded,2.00,148.00,2026-01-19T06:52:00Z
orders-000910,OR-000910,RC-00010,2026-01-19T07:21:00Z,web,south,USD,completed,7.00,30.00,2026-01-19T07:21:00Z
orders-000911,OR-000911,RC-00011,2026-01-19T07:50:00Z,mobile,west,USD,completed,20.00,320.00,2026-01-19T07:50:00Z
orders-000912,OR-000912,RC-00012,2026-01-19T08:19:00Z,mobile,east,USD,refunded,3.00,406.00,2026-01-19T08:19:00Z
orders-000913,OR-000913,RC-00013,2026-01-19T08:48:00Z,mobile,south,USD,completed,6.00,464.00,2026-01-19T08:48:00Z
orders-000914,OR-000914,RC-00014,2026-01-19T09:17:00Z,mobile,north,USD,completed,17.00,291.00,2026-01-19T09:17:00Z
orders-000915,OR-000915,RC-00015,2026-01-19T09:46:00Z,mobile,east,USD,completed,7.00,144.00,2026-01-19T09:46:00Z
orders-000916,OR-000916,RC-00016,2026-01-19T10:15:00Z,store,north,USD,refunded,17.00,460.00,2026-01-19T10:15:00Z
orders-000917,OR-000917,RC-00017,2026-01-19T10:44:00Z,web,south,USD,completed,20.00,298.00,2026-01-19T10:44:00Z
orders-000918,OR-000918,RC-00018,2026-01-19T11:13:00Z,web,south,USD,completed,3.00,257.00,2026-01-19T11:13:00Z
orders-000919,OR-000919,RC-00019,2026-01-19T11:42:00Z,mobile,south,USD,refunded,13.00,360.00,2026-01-19T11:42:00Z
orders-000920,OR-000920,RC-00020,2026-01-19T12:11:00Z,mobile,south,USD,refunded,18.00,282.00,2026-01-19T12:11:00Z
orders-000921,OR-000921,RC-00021,2026-01-19T12:40:00Z,mobile,west,USD,completed,19.00,347.00,2026-01-19T12:40:00Z
orders-000922,OR-000922,RC-00022,2026-01-19T13:09:00Z,web,west,USD,completed,1.00,183.00,2026-01-19T13:09:00Z
orders-000923,OR-000923,RC-00023,2026-01-19T13:38:00Z,mobile,north,USD,completed,6.00,89.00,2026-01-19T13:38:00Z
orders-000924,OR-000924,RC-00024,2026-01-19T14:07:00Z,mobile,south,USD,completed,9.00,405.00,2026-01-19T14:07:00Z
orders-000925,OR-000925,RC-00025,2026-01-19T14:36:00Z,web,east,USD,refunded,4.00,203.00,2026-01-19T14:36:00Z
orders-000926,OR-000926,RC-00026,2026-01-19T15:05:00Z,store,north,USD,completed,5.00,398.00,2026-01-19T15:05:00Z
orders-000927,OR-000927,RC-00027,2026-01-19T15:34:00Z,mobile,east,USD,completed,3.00,96.00,2026-01-19T15:34:00Z
orders-000928,OR-000928,RC-00028,2026-01-19T16:03:00Z,mobile,east,USD,completed,15.00,303.00,2026-01-19T16:03:00Z
orders-000929,OR-000929,RC-00029,2026-01-19T16:32:00Z,web,west,USD,refunded,16.00,297.00,2026-01-19T16:32:00Z
orders-000930,OR-000930,RC-00030,2026-01-19T17:01:00Z,web,east,USD,completed,6.00,193.00,2026-01-19T17:01:00Z
orders-000931,OR-000931,RC-00031,2026-01-19T17:30:00Z,mobile,east,USD,refunded,7.00,126.00,2026-01-19T17:30:00Z
orders-000932,OR-000932,RC-00032,2026-01-19T17:59:00Z,web,east,USD,completed,19.00,498.00,2026-01-19T17:59:00Z
orders-000933,OR-000933,RC-00033,2026-01-19T18:28:00Z,store,east,USD,refunded,4.00,423.00,2026-01-19T18:28:00Z
orders-000934,OR-000934,RC-00034,2026-01-19T18:57:00Z,mobile,north,USD,completed,8.00,134.00,2026-01-19T18:57:00Z
orders-000935,OR-000935,RC-00035,2026-01-19T19:26:00Z,web,south,USD,completed,7.00,373.00,2026-01-19T19:26:00Z
orders-000936,OR-000936,RC-00036,2026-01-19T19:55:00Z,web,north,USD,completed,11.00,176.00,2026-01-19T19:55:00Z
orders-000937,OR-000937,RC-00037,2026-01-19T20:24:00Z,store,east,USD,completed,6.00,228.00,2026-01-19T20:24:00Z
orders-000938,OR-000938,RC-00038,2026-01-19T20:53:00Z,mobile,east,USD,completed,17.00,397.00,2026-01-19T20:53:00Z
orders-000939,OR-000939,RC-00039,2026-01-19T21:22:00Z,store,west,USD,completed,6.00,332.00,2026-01-19T21:22:00Z
orders-000940,OR-000940,RC-00040,2026-01-19T21:51:00Z,web,west,USD,completed,4.00,86.00,2026-01-19T21:51:00Z
orders-000941,OR-000941,RC-00041,2026-01-19T22:20:00Z,store,north,USD,completed,20.00,248.00,2026-01-19T22:20:00Z
orders-000942,OR-000942,RC-00042,2026-01-19T22:49:00Z,mobile,north,USD,refunded,13.00,22.00,2026-01-19T22:49:00Z
orders-000943,OR-000943,RC-00043,2026-01-19T23:18:00Z,web,south,USD,completed,20.00,382.00,2026-01-19T23:18:00Z
orders-000944,OR-000944,RC-00044,2026-01-19T23:47:00Z,mobile,east,USD,completed,12.00,72.00,2026-01-19T23:47:00Z
orders-000945,OR-000945,RC-00045,2026-01-20T00:16:00Z,mobile,south,USD,completed,14.00,386.00,2026-01-20T00:16:00Z
orders-000946,OR-000946,RC-00046,2026-01-20T00:45:00Z,store,east,USD,refunded,16.00,265.00,2026-01-20T00:45:00Z
orders-000947,OR-000947,RC-00047,2026-01-20T01:14:00Z,web,north,USD,refunded,1.00,490.00,2026-01-20T01:14:00Z
orders-000948,OR-000948,RC-00048,2026-01-20T01:43:00Z,mobile,east,USD,completed,12.00,359.00,2026-01-20T01:43:00Z
orders-000949,OR-000949,RC-00049,2026-01-20T02:12:00Z,web,east,USD,refunded,1.00,55.00,2026-01-20T02:12:00Z
orders-000950,OR-000950,RC-00050,2026-01-20T02:41:00Z,web,west,USD,completed,9.00,128.00,2026-01-20T02:41:00Z
orders-000951,OR-000951,RC-00051,2026-01-20T03:10:00Z,store,north,USD,completed,6.00,330.00,2026-01-20T03:10:00Z
orders-000952,OR-000952,RC-00052,2026-01-20T03:39:00Z,web,west,USD,completed,5.00,347.00,2026-01-20T03:39:00Z
orders-000953,OR-000953,RC-00053,2026-01-20T04:08:00Z,web,east,USD,refunded,7.00,454.00,2026-01-20T04:08:00Z
orders-000954,OR-000954,RC-00054,2026-01-20T04:37:00Z,store,west,USD,refunded,1.00,421.00,2026-01-20T04:37:00Z
orders-000955,OR-000955,RC-00055,2026-01-20T05:06:00Z,web,south,USD,refunded,18.00,183.00,2026-01-20T05:06:00Z
orders-000956,OR-000956,RC-00056,2026-01-20T05:35:00Z,web,south,USD,completed,15.00,256.00,2026-01-20T05:35:00Z
orders-000957,OR-000957,RC-00057,2026-01-20T06:04:00Z,mobile,west,USD,completed,4.00,331.00,2026-01-20T06:04:00Z
orders-000958,OR-000958,RC-00058,2026-01-20T06:33:00Z,web,east,USD,completed,9.00,265.00,2026-01-20T06:33:00Z
orders-000959,OR-000959,RC-00059,2026-01-20T07:02:00Z,store,west,USD,completed,20.00,470.00,2026-01-20T07:02:00Z
orders-000960,OR-000960,RC-00060,2026-01-20T07:31:00Z,store,west,USD,refunded,2.00,492.00,2026-01-20T07:31:00Z
orders-000961,OR-000961,RC-00061,2026-01-20T08:00:00Z,mobile,north,USD,completed,15.00,443.00,2026-01-20T08:00:00Z
orders-000962,OR-000962,RC-00062,2026-01-20T08:29:00Z,web,north,USD,completed,5.00,164.00,2026-01-20T08:29:00Z
orders-000963,OR-000963,RC-00063,2026-01-20T08:58:00Z,mobile,north,USD,completed,7.00,440.00,2026-01-20T08:58:00Z
orders-000964,OR-000964,RC-00064,2026-01-20T09:27:00Z,web,north,USD,completed,20.00,343.00,2026-01-20T09:27:00Z
orders-000965,OR-000965,RC-00065,2026-01-20T09:56:00Z,store,north,USD,refunded,16.00,175.00,2026-01-20T09:56:00Z
orders-000966,OR-000966,RC-00066,2026-01-20T10:25:00Z,web,east,USD,completed,5.00,74.00,2026-01-20T10:25:00Z
orders-000967,OR-000967,RC-00067,2026-01-20T10:54:00Z,mobile,north,USD,completed,2.00,84.00,2026-01-20T10:54:00Z
orders-000968,OR-000968,RC-00068,2026-01-20T11:23:00Z,mobile,east,USD,refunded,6.00,250.00,2026-01-20T11:23:00Z
orders-000969,OR-000969,RC-00069,2026-01-20T11:52:00Z,web,west,USD,completed,4.00,231.00,2026-01-20T11:52:00Z
orders-000970,OR-000970,RC-00070,2026-01-20T12:21:00Z,store,east,USD,refunded,19.00,23.00,2026-01-20T12:21:00Z
orders-000971,OR-000971,RC-00071,2026-01-20T12:50:00Z,store,west,USD,completed,17.00,107.00,2026-01-20T12:50:00Z
orders-000972,OR-000972,RC-00072,2026-01-20T13:19:00Z,web,north,USD,completed,3.00,359.00,2026-01-20T13:19:00Z
orders-000973,OR-000973,RC-00073,2026-01-20T13:48:00Z,store,north,USD,completed,1.00,355.00,2026-01-20T13:48:00Z
orders-000974,OR-000974,RC-00074,2026-01-20T14:17:00Z,web,west,USD,completed,13.00,112.00,2026-01-20T14:17:00Z
orders-000975,OR-000975,RC-00075,2026-01-20T14:46:00Z,mobile,north,USD,completed,20.00,390.00,2026-01-20T14:46:00Z
orders-000976,OR-000976,RC-00076,2026-01-20T15:15:00Z,store,west,USD,completed,7.00,247.00,2026-01-20T15:15:00Z
orders-000977,OR-000977,RC-00077,2026-01-20T15:44:00Z,web,west,USD,completed,10.00,72.00,2026-01-20T15:44:00Z
orders-000978,OR-000978,RC-00078,2026-01-20T16:13:00Z,mobile,east,USD,refunded,9.00,207.00,2026-01-20T16:13:00Z
orders-000979,OR-000979,RC-00079,2026-01-20T16:42:00Z,web,west,USD,completed,16.00,442.00,2026-01-20T16:42:00Z
orders-000980,OR-000980,RC-00080,2026-01-20T17:11:00Z,store,south,USD,completed,1.00,152.00,2026-01-20T17:11:00Z
orders-000981,OR-000981,RC-00081,2026-01-20T17:40:00Z,store,east,USD,completed,16.00,357.00,2026-01-20T17:40:00Z
orders-000982,OR-000982,RC-00082,2026-01-20T18:09:00Z,mobile,east,USD,refunded,14.00,141.00,2026-01-20T18:09:00Z
orders-000983,OR-000983,RC-00083,2026-01-20T18:38:00Z,web,south,USD,completed,0.00,500.00,2026-01-20T18:38:00Z
orders-000984,OR-000984,RC-00084,2026-01-20T19:07:00Z,mobile,west,USD,refunded,7.00,208.00,2026-01-20T19:07:00Z
orders-000985,OR-000985,RC-00085,2026-01-20T19:36:00Z,store,north,USD,refunded,10.00,144.00,2026-01-20T19:36:00Z
orders-000986,OR-000986,RC-00086,2026-01-20T20:05:00Z,web,north,USD,completed,13.00,372.00,2026-01-20T20:05:00Z
orders-000987,OR-000987,RC-00087,2026-01-20T20:34:00Z,web,west,USD,refunded,5.00,235.00,2026-01-20T20:34:00Z
orders-000988,OR-000988,RC-00088,2026-01-20T21:03:00Z,mobile,north,USD,completed,8.00,211.00,2026-01-20T21:03:00Z
orders-000989,OR-000989,RC-00089,2026-01-20T21:32:00Z,store,south,USD,refunded,10.00,375.00,2026-01-20T21:32:00Z
orders-000990,OR-000990,RC-00090,2026-01-20T22:01:00Z,mobile,east,USD,refunded,6.00,63.00,2026-01-20T22:01:00Z
orders-000991,OR-000991,RC-00091,2026-01-20T22:30:00Z,mobile,west,USD,completed,7.00,256.00,2026-01-20T22:30:00Z
orders-000992,OR-000992,RC-00092,2026-01-20T22:59:00Z,mobile,west,USD,refunded,16.00,172.00,2026-01-20T22:59:00Z
orders-000993,OR-000993,RC-00093,2026-01-20T23:28:00Z,mobile,west,USD,completed,13.00,49.00,2026-01-20T23:28:00Z
orders-000994,OR-000994,RC-00094,2026-01-20T23:57:00Z,web,east,USD,refunded,20.00,69.00,2026-01-20T23:57:00Z
orders-000995,OR-000995,RC-00095,2026-01-21T00:26:00Z,store,west,USD,completed,9.00,281.00,2026-01-21T00:26:00Z
orders-000996,OR-000996,RC-00096,2026-01-21T00:55:00Z,store,south,USD,refunded,6.00,108.00,2026-01-21T00:55:00Z
orders-000997,OR-000997,RC-00097,2026-01-21T01:24:00Z,web,west,USD,refunded,20.00,209.00,2026-01-21T01:24:00Z
orders-000998,OR-000998,RC-00098,2026-01-21T01:53:00Z,mobile,south,USD,completed,4.00,211.00,2026-01-21T01:53:00Z
orders-000999,OR-000999,RC-00099,2026-01-21T02:22:00Z,web,east,USD,completed,19.00,233.00,2026-01-21T02:22:00Z
orders-001000,OR-001000,RC-00100,2026-01-21T02:51:00Z,store,west,USD,refunded,14.00,92.00,2026-01-21T02:51:00Z
orders-001001,OR-001001,RC-00101,2026-01-21T03:20:00Z,web,west,USD,completed,5.00,408.00,2026-01-21T03:20:00Z
orders-001002,OR-001002,RC-00102,2026-01-21T03:49:00Z,mobile,west,USD,completed,7.00,209.00,2026-01-21T03:49:00Z
orders-001003,OR-001003,RC-00103,2026-01-21T04:18:00Z,web,north,USD,completed,8.00,471.00,2026-01-21T04:18:00Z
orders-001004,OR-001004,RC-00104,2026-01-21T04:47:00Z,mobile,east,USD,completed,6.00,268.00,2026-01-21T04:47:00Z
orders-001005,OR-001005,RC-00105,2026-01-21T05:16:00Z,mobile,south,USD,completed,9.00,445.00,2026-01-21T05:16:00Z
orders-001006,OR-001006,RC-00106,2026-01-21T05:45:00Z,store,west,USD,completed,1.00,205.00,2026-01-21T05:45:00Z
orders-001007,OR-001007,RC-00107,2026-01-21T06:14:00Z,web,east,USD,refunded,8.00,443.00,2026-01-21T06:14:00Z
orders-001008,OR-001008,RC-00108,2026-01-21T06:43:00Z,store,north,USD,completed,2.00,138.00,2026-01-21T06:43:00Z
orders-001009,OR-001009,RC-00109,2026-01-21T07:12:00Z,mobile,south,USD,completed,4.00,356.00,2026-01-21T07:12:00Z
orders-001010,OR-001010,RC-00110,2026-01-21T07:41:00Z,mobile,east,USD,completed,18.00,264.00,2026-01-21T07:41:00Z
orders-001011,OR-001011,RC-00111,2026-01-21T08:10:00Z,store,south,USD,completed,18.00,383.00,2026-01-21T08:10:00Z
orders-001012,OR-001012,RC-00112,2026-01-21T08:39:00Z,mobile,west,USD,completed,14.00,85.00,2026-01-21T08:39:00Z
orders-001013,OR-001013,RC-00113,2026-01-21T09:08:00Z,mobile,south,USD,completed,2.00,293.00,2026-01-21T09:08:00Z
orders-001014,OR-001014,RC-00114,2026-01-21T09:37:00Z,mobile,east,USD,completed,4.00,44.00,2026-01-21T09:37:00Z
orders-001015,OR-001015,RC-00115,2026-01-21T10:06:00Z,web,south,USD,completed,4.00,197.00,2026-01-21T10:06:00Z
orders-001016,OR-001016,RC-00116,2026-01-21T10:35:00Z,store,east,USD,completed,3.00,133.00,2026-01-21T10:35:00Z
orders-001017,OR-001017,RC-00117,2026-01-21T11:04:00Z,mobile,south,USD,completed,11.00,409.00,2026-01-21T11:04:00Z
orders-001018,OR-001018,RC-00118,2026-01-21T11:33:00Z,mobile,east,USD,completed,9.00,234.00,2026-01-21T11:33:00Z
orders-001019,OR-001019,RC-00119,2026-01-21T12:02:00Z,web,south,USD,completed,16.00,263.00,2026-01-21T12:02:00Z
orders-001020,OR-001020,RC-00120,2026-01-21T12:31:00Z,web,north,USD,completed,4.00,402.00,2026-01-21T12:31:00Z
orders-001021,OR-001021,RC-00121,2026-01-21T13:00:00Z,mobile,north,USD,completed,18.00,27.00,2026-01-21T13:00:00Z
orders-001022,OR-001022,RC-00122,2026-01-21T13:29:00Z,store,south,USD,completed,4.00,204.00,2026-01-21T13:29:00Z
orders-001023,OR-001023,RC-00123,2026-01-21T13:58:00Z,web,north,USD,completed,4.00,389.00,2026-01-21T13:58:00Z
orders-001024,OR-001024,RC-00124,2026-01-21T14:27:00Z,store,west,USD,completed,14.00,128.00,2026-01-21T14:27:00Z
orders-001025,OR-001025,RC-00125,2026-01-21T14:56:00Z,store,south,USD,refunded,8.00,365.00,2026-01-21T14:56:00Z
orders-001026,OR-001026,RC-00126,2026-01-21T15:25:00Z,mobile,east,USD,refunded,9.00,365.00,2026-01-21T15:25:00Z
orders-001027,OR-001027,RC-00127,2026-01-21T15:54:00Z,web,south,USD,completed,7.00,128.00,2026-01-21T15:54:00Z
orders-001028,OR-001028,RC-00128,2026-01-21T16:23:00Z,web,east,USD,completed,1.00,430.00,2026-01-21T16:23:00Z
orders-001029,OR-001029,RC-00129,2026-01-21T16:52:00Z,store,north,USD,completed,0.00,420.00,2026-01-21T16:52:00Z
orders-001030,OR-001030,RC-00130,2026-01-21T17:21:00Z,mobile,south,USD,refunded,2.00,165.00,2026-01-21T17:21:00Z
orders-001031,OR-001031,RC-00131,2026-01-21T17:50:00Z,store,west,USD,completed,15.00,33.00,2026-01-21T17:50:00Z
orders-001032,OR-001032,RC-00132,2026-01-21T18:19:00Z,store,north,USD,completed,14.00,164.00,2026-01-21T18:19:00Z
orders-001033,OR-001033,RC-00133,2026-01-21T18:48:00Z,web,west,USD,completed,11.00,309.00,2026-01-21T18:48:00Z
orders-001034,OR-001034,RC-00134,2026-01-21T19:17:00Z,mobile,north,USD,refunded,17.00,412.00,2026-01-21T19:17:00Z
orders-001035,OR-001035,RC-00135,2026-01-21T19:46:00Z,web,west,USD,refunded,6.00,213.00,2026-01-21T19:46:00Z
orders-001036,OR-001036,RC-00136,2026-01-21T20:15:00Z,store,south,USD,refunded,17.00,366.00,2026-01-21T20:15:00Z
orders-001037,OR-001037,RC-00137,2026-01-21T20:44:00Z,store,south,USD,completed,12.00,327.00,2026-01-21T20:44:00Z
orders-001038,OR-001038,RC-00138,2026-01-21T21:13:00Z,store,south,USD,completed,8.00,265.00,2026-01-21T21:13:00Z
orders-001039,OR-001039,RC-00139,2026-01-21T21:42:00Z,mobile,east,USD,refunded,17.00,274.00,2026-01-21T21:42:00Z
orders-001040,OR-001040,RC-00140,2026-01-21T22:11:00Z,mobile,south,USD,completed,13.00,313.00,2026-01-21T22:11:00Z
orders-001041,OR-001041,RC-00141,2026-01-21T22:40:00Z,store,east,USD,completed,15.00,197.00,2026-01-21T22:40:00Z
orders-001042,OR-001042,RC-00142,2026-01-21T23:09:00Z,store,west,USD,refunded,2.00,364.00,2026-01-21T23:09:00Z
orders-001043,OR-001043,RC-00143,2026-01-21T23:38:00Z,mobile,west,USD,refunded,9.00,167.00,2026-01-21T23:38:00Z
orders-001044,OR-001044,RC-00144,2026-01-22T00:07:00Z,web,west,USD,refunded,1.00,375.00,2026-01-22T00:07:00Z
orders-001045,OR-001045,RC-00145,2026-01-22T00:36:00Z,web,west,USD,completed,17.00,166.00,2026-01-22T00:36:00Z
orders-001046,OR-001046,RC-00146,2026-01-22T01:05:00Z,web,south,USD,refunded,2.00,29.00,2026-01-22T01:05:00Z
orders-001047,OR-001047,RC-00147,2026-01-22T01:34:00Z,store,south,USD,completed,12.00,252.00,2026-01-22T01:34:00Z
orders-001048,OR-001048,RC-00148,2026-01-22T02:03:00Z,store,north,USD,completed,5.00,234.00,2026-01-22T02:03:00Z
orders-001049,OR-001049,RC-00149,2026-01-22T02:32:00Z,store,west,USD,completed,16.00,176.00,2026-01-22T02:32:00Z
orders-001050,OR-001050,RC-00150,2026-01-22T03:01:00Z,store,west,USD,completed,14.00,370.00,2026-01-22T03:01:00Z
orders-001051,OR-001051,RC-00151,2026-01-22T03:30:00Z,mobile,north,USD,completed,5.00,119.00,2026-01-22T03:30:00Z
orders-001052,OR-001052,RC-00152,2026-01-22T03:59:00Z,mobile,east,USD,completed,10.00,40.00,2026-01-22T03:59:00Z
orders-001053,OR-001053,RC-00153,2026-01-22T04:28:00Z,web,north,USD,refunded,5.00,151.00,2026-01-22T04:28:00Z
orders-001054,OR-001054,RC-00154,2026-01-22T04:57:00Z,web,east,USD,completed,11.00,66.00,2026-01-22T04:57:00Z
orders-001055,OR-001055,RC-00155,2026-01-22T05:26:00Z,mobile,north,USD,completed,0.00,115.00,2026-01-22T05:26:00Z
orders-001056,OR-001056,RC-00156,2026-01-22T05:55:00Z,web,north,USD,completed,10.00,47.00,2026-01-22T05:55:00Z
orders-001057,OR-001057,RC-00157,2026-01-22T06:24:00Z,web,west,USD,completed,3.00,310.00,2026-01-22T06:24:00Z
orders-001058,OR-001058,RC-00158,2026-01-22T06:53:00Z,web,west,USD,completed,17.00,376.00,2026-01-22T06:53:00Z
orders-001059,OR-001059,RC-00159,2026-01-22T07:22:00Z,mobile,south,USD,completed,1.00,375.00,2026-01-22T07:22:00Z
orders-001060,OR-001060,RC-00160,2026-01-22T07:51:00Z,mobile,east,USD,refunded,18.00,472.00,2026-01-22T07:51:00Z
orders-001061,OR-001061,RC-00161,2026-01-22T08:20:00Z,store,west,USD,refunded,8.00,252.00,2026-01-22T08:20:00Z
orders-001062,OR-001062,RC-00162,2026-01-22T08:49:00Z,web,south,USD,completed,8.00,176.00,2026-01-22T08:49:00Z
orders-001063,OR-001063,RC-00163,2026-01-22T09:18:00Z,mobile,south,USD,completed,3.00,249.00,2026-01-22T09:18:00Z
orders-001064,OR-001064,RC-00164,2026-01-22T09:47:00Z,mobile,south,USD,refunded,8.00,96.00,2026-01-22T09:47:00Z
orders-001065,OR-001065,RC-00165,2026-01-22T10:16:00Z,web,south,USD,completed,1.00,121.00,2026-01-22T10:16:00Z
orders-001066,OR-001066,RC-00166,2026-01-22T10:45:00Z,mobile,west,USD,completed,17.00,378.00,2026-01-22T10:45:00Z
orders-001067,OR-001067,RC-00167,2026-01-22T11:14:00Z,mobile,west,USD,refunded,11.00,312.00,2026-01-22T11:14:00Z
orders-001068,OR-001068,RC-00168,2026-01-22T11:43:00Z,mobile,east,USD,refunded,18.00,21.00,2026-01-22T11:43:00Z
orders-001069,OR-001069,RC-00169,2026-01-22T12:12:00Z,store,north,USD,completed,11.00,324.00,2026-01-22T12:12:00Z
orders-001070,OR-001070,RC-00170,2026-01-22T12:41:00Z,web,west,USD,completed,20.00,410.00,2026-01-22T12:41:00Z
orders-001071,OR-001071,RC-00171,2026-01-22T13:10:00Z,store,east,USD,completed,19.00,166.00,2026-01-22T13:10:00Z
orders-001072,OR-001072,RC-00172,2026-01-22T13:39:00Z,mobile,east,USD,refunded,20.00,288.00,2026-01-22T13:39:00Z
orders-001073,OR-001073,RC-00173,2026-01-22T14:08:00Z,mobile,west,USD,completed,13.00,204.00,2026-01-22T14:08:00Z
orders-001074,OR-001074,RC-00174,2026-01-22T14:37:00Z,web,north,USD,refunded,17.00,267.00,2026-01-22T14:37:00Z
orders-001075,OR-001075,RC-00175,2026-01-22T15:06:00Z,mobile,south,USD,completed,3.00,202.00,2026-01-22T15:06:00Z
orders-001076,OR-001076,RC-00176,2026-01-22T15:35:00Z,mobile,north,USD,refunded,4.00,195.00,2026-01-22T15:35:00Z
orders-001077,OR-001077,RC-00177,2026-01-22T16:04:00Z,mobile,east,USD,refunded,9.00,73.00,2026-01-22T16:04:00Z
orders-001078,OR-001078,RC-00178,2026-01-22T16:33:00Z,web,south,USD,completed,5.00,168.00,2026-01-22T16:33:00Z
orders-001079,OR-001079,RC-00179,2026-01-22T17:02:00Z,web,west,USD,completed,9.00,292.00,2026-01-22T17:02:00Z
orders-001080,OR-001080,RC-00180,2026-01-22T17:31:00Z,store,south,USD,completed,20.00,200.00,2026-01-22T17:31:00Z
orders-001081,OR-001081,RC-00181,2026-01-22T18:00:00Z,mobile,north,USD,completed,9.00,38.00,2026-01-22T18:00:00Z
orders-001082,OR-001082,RC-00182,2026-01-22T18:29:00Z,web,north,USD,refunded,1.00,48.00,2026-01-22T18:29:00Z
orders-001083,OR-001083,RC-00183,2026-01-22T18:58:00Z,store,east,USD,refunded,1.00,335.00,2026-01-22T18:58:00Z
orders-001084,OR-001084,RC-00184,2026-01-22T19:27:00Z,store,north,USD,refunded,16.00,54.00,2026-01-22T19:27:00Z
orders-001085,OR-001085,RC-00185,2026-01-22T19:56:00Z,store,west,USD,refunded,10.00,353.00,2026-01-22T19:56:00Z
orders-001086,OR-001086,RC-00186,2026-01-22T20:25:00Z,web,north,USD,completed,16.00,24.00,2026-01-22T20:25:00Z
orders-001087,OR-001087,RC-00187,2026-01-22T20:54:00Z,store,east,USD,completed,10.00,97.00,2026-01-22T20:54:00Z
orders-001088,OR-001088,RC-00188,2026-01-22T21:23:00Z,mobile,north,USD,refunded,15.00,25.00,2026-01-22T21:23:00Z
orders-001089,OR-001089,RC-00189,2026-01-22T21:52:00Z,store,west,USD,refunded,5.00,464.00,2026-01-22T21:52:00Z
orders-001090,OR-001090,RC-00190,2026-01-22T22:21:00Z,store,west,USD,completed,2.00,183.00,2026-01-22T22:21:00Z
orders-001091,OR-001091,RC-00191,2026-01-22T22:50:00Z,store,north,USD,completed,14.00,323.00,2026-01-22T22:50:00Z
orders-001092,OR-001092,RC-00192,2026-01-22T23:19:00Z,web,north,USD,refunded,3.00,394.00,2026-01-22T23:19:00Z
orders-001093,OR-001093,RC-00193,2026-01-22T23:48:00Z,store,west,USD,completed,10.00,261.00,2026-01-22T23:48:00Z
orders-001094,OR-001094,RC-00194,2026-01-23T00:17:00Z,web,east,USD,refunded,0.00,338.00,2026-01-23T00:17:00Z
orders-001095,OR-001095,RC-00195,2026-01-23T00:46:00Z,web,south,USD,refunded,12.00,420.00,2026-01-23T00:46:00Z
orders-001096,OR-001096,RC-00196,2026-01-23T01:15:00Z,mobile,west,USD,completed,5.00,194.00,2026-01-23T01:15:00Z
orders-001097,OR-001097,RC-00197,2026-01-23T01:44:00Z,web,west,USD,completed,15.00,415.00,2026-01-23T01:44:00Z
orders-001098,OR-001098,RC-00198,2026-01-23T02:13:00Z,web,east,USD,completed,4.00,328.00,2026-01-23T02:13:00Z
orders-001099,OR-001099,RC-00199,2026-01-23T02:42:00Z,web,north,USD,completed,6.00,362.00,2026-01-23T02:42:00Z
orders-001100,OR-001100,RC-00200,2026-01-23T03:11:00Z,store,west,USD,refunded,0.00,68.00,2026-01-23T03:11:00Z
orders-001101,OR-001101,RC-00201,2026-01-23T03:40:00Z,mobile,north,USD,refunded,4.00,286.00,2026-01-23T03:40:00Z
orders-001102,OR-001102,RC-00202,2026-01-23T04:09:00Z,store,east,USD,refunded,7.00,360.00,2026-01-23T04:09:00Z
orders-001103,OR-001103,RC-00203,2026-01-23T04:38:00Z,web,west,USD,refunded,14.00,146.00,2026-01-23T04:38:00Z
orders-001104,OR-001104,RC-00204,2026-01-23T05:07:00Z,store,south,USD,refunded,13.00,391.00,2026-01-23T05:07:00Z
orders-001105,OR-001105,RC-00205,2026-01-23T05:36:00Z,web,west,USD,completed,0.00,28.00,2026-01-23T05:36:00Z
orders-001106,OR-001106,RC-00206,2026-01-23T06:05:00Z,mobile,south,USD,completed,9.00,221.00,2026-01-23T06:05:00Z
orders-001107,OR-001107,RC-00207,2026-01-23T06:34:00Z,web,west,USD,completed,15.00,294.00,2026-01-23T06:34:00Z
orders-001108,OR-001108,RC-00208,2026-01-23T07:03:00Z,web,north,USD,completed,14.00,244.00,2026-01-23T07:03:00Z
orders-001109,OR-001109,RC-00209,2026-01-23T07:32:00Z,web,south,USD,completed,16.00,231.00,2026-01-23T07:32:00Z
orders-001110,OR-001110,RC-00210,2026-01-23T08:01:00Z,mobile,west,USD,completed,8.00,194.00,2026-01-23T08:01:00Z
orders-001111,OR-001111,RC-00211,2026-01-23T08:30:00Z,store,south,USD,completed,11.00,393.00,2026-01-23T08:30:00Z
orders-001112,OR-001112,RC-00212,2026-01-23T08:59:00Z,mobile,west,USD,completed,6.00,149.00,2026-01-23T08:59:00Z
orders-001113,OR-001113,RC-00213,2026-01-23T09:28:00Z,mobile,west,USD,completed,6.00,51.00,2026-01-23T09:28:00Z
orders-001114,OR-001114,RC-00214,2026-01-23T09:57:00Z,store,north,USD,refunded,0.00,22.00,2026-01-23T09:57:00Z
orders-001115,OR-001115,RC-00215,2026-01-23T10:26:00Z,mobile,east,USD,refunded,2.00,376.00,2026-01-23T10:26:00Z
orders-001116,OR-001116,RC-00216,2026-01-23T10:55:00Z,store,west,USD,completed,10.00,349.00,2026-01-23T10:55:00Z
orders-001117,OR-001117,RC-00217,2026-01-23T11:24:00Z,mobile,east,USD,refunded,18.00,185.00,2026-01-23T11:24:00Z
orders-001118,OR-001118,RC-00218,2026-01-23T11:53:00Z,web,south,USD,completed,18.00,474.00,2026-01-23T11:53:00Z
orders-001119,OR-001119,RC-00219,2026-01-23T12:22:00Z,web,west,USD,completed,20.00,279.00,2026-01-23T12:22:00Z
orders-001120,OR-001120,RC-00220,2026-01-23T12:51:00Z,store,east,USD,refunded,6.00,447.00,2026-01-23T12:51:00Z
orders-001121,OR-001121,RC-00221,2026-01-23T13:20:00Z,web,north,USD,completed,17.00,29.00,2026-01-23T13:20:00Z
orders-001122,OR-001122,RC-00222,2026-01-23T13:49:00Z,store,south,USD,completed,12.00,126.00,2026-01-23T13:49:00Z
orders-001123,OR-001123,RC-00223,2026-01-23T14:18:00Z,store,west,USD,completed,10.00,313.00,2026-01-23T14:18:00Z
orders-001124,OR-001124,RC-00224,2026-01-23T14:47:00Z,store,west,USD,completed,8.00,425.00,2026-01-23T14:47:00Z
orders-001125,OR-001125,RC-00225,2026-01-23T15:16:00Z,mobile,east,USD,completed,6.00,350.00,2026-01-23T15:16:00Z
orders-001126,OR-001126,RC-00226,2026-01-23T15:45:00Z,store,west,USD,completed,9.00,469.00,2026-01-23T15:45:00Z
orders-001127,OR-001127,RC-00227,2026-01-23T16:14:00Z,mobile,west,USD,completed,15.00,216.00,2026-01-23T16:14:00Z
orders-001128,OR-001128,RC-00228,2026-01-23T16:43:00Z,store,east,USD,completed,7.00,396.00,2026-01-23T16:43:00Z
orders-001129,OR-001129,RC-00229,2026-01-23T17:12:00Z,store,east,USD,refunded,2.00,248.00,2026-01-23T17:12:00Z
orders-001130,OR-001130,RC-00230,2026-01-23T17:41:00Z,mobile,south,USD,completed,11.00,33.00,2026-01-23T17:41:00Z
orders-001131,OR-001131,RC-00231,2026-01-23T18:10:00Z,mobile,north,USD,completed,20.00,302.00,2026-01-23T18:10:00Z
orders-001132,OR-001132,RC-00232,2026-01-23T18:39:00Z,web,east,USD,completed,18.00,216.00,2026-01-23T18:39:00Z
orders-001133,OR-001133,RC-00233,2026-01-23T19:08:00Z,web,east,USD,refunded,16.00,389.00,2026-01-23T19:08:00Z
orders-001134,OR-001134,RC-00234,2026-01-23T19:37:00Z,store,south,USD,completed,5.00,344.00,2026-01-23T19:37:00Z
orders-001135,OR-001135,RC-00235,2026-01-23T20:06:00Z,store,south,USD,refunded,11.00,247.00,2026-01-23T20:06:00Z
orders-001136,OR-001136,RC-00236,2026-01-23T20:35:00Z,store,north,USD,completed,12.00,267.00,2026-01-23T20:35:00Z
orders-001137,OR-001137,RC-00237,2026-01-23T21:04:00Z,store,north,USD,completed,2.00,162.00,2026-01-23T21:04:00Z
orders-001138,OR-001138,RC-00238,2026-01-23T21:33:00Z,web,east,USD,refunded,19.00,175.00,2026-01-23T21:33:00Z
orders-001139,OR-001139,RC-00239,2026-01-23T22:02:00Z,store,north,USD,refunded,8.00,141.00,2026-01-23T22:02:00Z
orders-001140,OR-001140,RC-00240,2026-01-23T22:31:00Z,web,east,USD,refunded,7.00,246.00,2026-01-23T22:31:00Z
orders-001141,OR-001141,RC-00241,2026-01-23T23:00:00Z,web,south,USD,completed,4.00,318.00,2026-01-23T23:00:00Z
orders-001142,OR-001142,RC-00242,2026-01-23T23:29:00Z,store,north,USD,refunded,2.00,216.00,2026-01-23T23:29:00Z
orders-001143,OR-001143,RC-00243,2026-01-23T23:58:00Z,web,south,USD,refunded,10.00,140.00,2026-01-23T23:58:00Z
orders-001144,OR-001144,RC-00244,2026-01-24T00:27:00Z,store,west,USD,completed,0.00,499.00,2026-01-24T00:27:00Z
orders-001145,OR-001145,RC-00245,2026-01-24T00:56:00Z,mobile,south,USD,refunded,8.00,62.00,2026-01-24T00:56:00Z
orders-001146,OR-001146,RC-00246,2026-01-24T01:25:00Z,web,north,USD,completed,18.00,294.00,2026-01-24T01:25:00Z
orders-001147,OR-001147,RC-00247,2026-01-24T01:54:00Z,mobile,west,USD,completed,11.00,464.00,2026-01-24T01:54:00Z
orders-001148,OR-001148,RC-00248,2026-01-24T02:23:00Z,mobile,west,USD,refunded,19.00,192.00,2026-01-24T02:23:00Z
orders-001149,OR-001149,RC-00249,2026-01-24T02:52:00Z,store,west,USD,refunded,16.00,425.00,2026-01-24T02:52:00Z
orders-001150,OR-001150,RC-00250,2026-01-24T03:21:00Z,mobile,west,USD,completed,20.00,411.00,2026-01-24T03:21:00Z
orders-001151,OR-001151,RC-00251,2026-01-24T03:50:00Z,web,east,USD,completed,1.00,161.00,2026-01-24T03:50:00Z
orders-001152,OR-001152,RC-00252,2026-01-24T04:19:00Z,web,south,USD,refunded,13.00,231.00,2026-01-24T04:19:00Z
orders-001153,OR-001153,RC-00253,2026-01-24T04:48:00Z,mobile,west,USD,completed,14.00,327.00,2026-01-24T04:48:00Z
orders-001154,OR-001154,RC-00254,2026-01-24T05:17:00Z,store,west,USD,refunded,14.00,155.00,2026-01-24T05:17:00Z
orders-001155,OR-001155,RC-00255,2026-01-24T05:46:00Z,mobile,east,USD,completed,10.00,153.00,2026-01-24T05:46:00Z
orders-001156,OR-001156,RC-00256,2026-01-24T06:15:00Z,web,south,USD,completed,18.00,319.00,2026-01-24T06:15:00Z
orders-001157,OR-001157,RC-00257,2026-01-24T06:44:00Z,web,north,USD,completed,0.00,423.00,2026-01-24T06:44:00Z
orders-001158,OR-001158,RC-00258,2026-01-24T07:13:00Z,mobile,south,USD,completed,12.00,170.00,2026-01-24T07:13:00Z
orders-001159,OR-001159,RC-00259,2026-01-24T07:42:00Z,web,north,USD,completed,0.00,168.00,2026-01-24T07:42:00Z
orders-001160,OR-001160,RC-00260,2026-01-24T08:11:00Z,web,south,USD,completed,4.00,485.00,2026-01-24T08:11:00Z
orders-001161,OR-001161,RC-00261,2026-01-24T08:40:00Z,store,south,USD,completed,9.00,400.00,2026-01-24T08:40:00Z
orders-001162,OR-001162,RC-00262,2026-01-24T09:09:00Z,mobile,east,USD,completed,14.00,226.00,2026-01-24T09:09:00Z
orders-001163,OR-001163,RC-00263,2026-01-24T09:38:00Z,web,east,USD,completed,14.00,416.00,2026-01-24T09:38:00Z
orders-001164,OR-001164,RC-00264,2026-01-24T10:07:00Z,web,west,USD,completed,12.00,237.00,2026-01-24T10:07:00Z
orders-001165,OR-001165,RC-00265,2026-01-24T10:36:00Z,web,east,USD,completed,5.00,391.00,2026-01-24T10:36:00Z
orders-001166,OR-001166,RC-00266,2026-01-24T11:05:00Z,store,south,USD,refunded,12.00,101.00,2026-01-24T11:05:00Z
orders-001167,OR-001167,RC-00267,2026-01-24T11:34:00Z,store,east,USD,completed,12.00,268.00,2026-01-24T11:34:00Z
orders-001168,OR-001168,RC-00268,2026-01-24T12:03:00Z,store,south,USD,completed,14.00,302.00,2026-01-24T12:03:00Z
orders-001169,OR-001169,RC-00269,2026-01-24T12:32:00Z,web,west,USD,refunded,14.00,294.00,2026-01-24T12:32:00Z
orders-001170,OR-001170,RC-00270,2026-01-24T13:01:00Z,mobile,west,USD,completed,1.00,113.00,2026-01-24T13:01:00Z
orders-001171,OR-001171,RC-00271,2026-01-24T13:30:00Z,web,east,USD,completed,13.00,207.00,2026-01-24T13:30:00Z
orders-001172,OR-001172,RC-00272,2026-01-24T13:59:00Z,mobile,south,USD,completed,9.00,491.00,2026-01-24T13:59:00Z
orders-001173,OR-001173,RC-00273,2026-01-24T14:28:00Z,store,west,USD,completed,9.00,224.00,2026-01-24T14:28:00Z
orders-001174,OR-001174,RC-00274,2026-01-24T14:57:00Z,mobile,south,USD,refunded,5.00,38.00,2026-01-24T14:57:00Z
orders-001175,OR-001175,RC-00275,2026-01-24T15:26:00Z,mobile,east,USD,completed,6.00,101.00,2026-01-24T15:26:00Z
orders-001176,OR-001176,RC-00276,2026-01-24T15:55:00Z,mobile,south,USD,completed,15.00,316.00,2026-01-24T15:55:00Z
orders-001177,OR-001177,RC-00277,2026-01-24T16:24:00Z,mobile,east,USD,completed,8.00,425.00,2026-01-24T16:24:00Z
orders-001178,OR-001178,RC-00278,2026-01-24T16:53:00Z,mobile,south,USD,completed,20.00,126.00,2026-01-24T16:53:00Z
orders-001179,OR-001179,RC-00279,2026-01-24T17:22:00Z,store,east,USD,completed,0.00,59.00,2026-01-24T17:22:00Z
orders-001180,OR-001180,RC-00280,2026-01-24T17:51:00Z,web,west,USD,completed,4.00,74.00,2026-01-24T17:51:00Z
orders-001181,OR-001181,RC-00281,2026-01-24T18:20:00Z,store,north,USD,completed,0.00,438.00,2026-01-24T18:20:00Z
orders-001182,OR-001182,RC-00282,2026-01-24T18:49:00Z,web,east,USD,refunded,8.00,165.00,2026-01-24T18:49:00Z
orders-001183,OR-001183,RC-00283,2026-01-24T19:18:00Z,mobile,south,USD,completed,1.00,215.00,2026-01-24T19:18:00Z
orders-001184,OR-001184,RC-00284,2026-01-24T19:47:00Z,mobile,north,USD,refunded,6.00,360.00,2026-01-24T19:47:00Z
orders-001185,OR-001185,RC-00285,2026-01-24T20:16:00Z,store,west,USD,completed,8.00,322.00,2026-01-24T20:16:00Z
orders-001186,OR-001186,RC-00286,2026-01-24T20:45:00Z,mobile,east,USD,completed,14.00,177.00,2026-01-24T20:45:00Z
orders-001187,OR-001187,RC-00287,2026-01-24T21:14:00Z,store,east,USD,completed,9.00,107.00,2026-01-24T21:14:00Z
orders-001188,OR-001188,RC-00288,2026-01-24T21:43:00Z,web,south,USD,completed,0.00,119.00,2026-01-24T21:43:00Z
orders-001189,OR-001189,RC-00289,2026-01-24T22:12:00Z,store,west,USD,refunded,19.00,25.00,2026-01-24T22:12:00Z
orders-001190,OR-001190,RC-00290,2026-01-24T22:41:00Z,store,north,USD,completed,0.00,336.00,2026-01-24T22:41:00Z
orders-001191,OR-001191,RC-00291,2026-01-24T23:10:00Z,store,north,USD,completed,11.00,451.00,2026-01-24T23:10:00Z
orders-001192,OR-001192,RC-00292,2026-01-24T23:39:00Z,store,west,USD,completed,13.00,336.00,2026-01-24T23:39:00Z
orders-001193,OR-001193,RC-00293,2026-01-25T00:08:00Z,mobile,east,USD,completed,2.00,297.00,2026-01-25T00:08:00Z
orders-001194,OR-001194,RC-00294,2026-01-25T00:37:00Z,store,east,USD,refunded,12.00,184.00,2026-01-25T00:37:00Z
orders-001195,OR-001195,RC-00295,2026-01-25T01:06:00Z,web,north,USD,completed,6.00,302.00,2026-01-25T01:06:00Z
orders-001196,OR-001196,RC-00296,2026-01-25T01:35:00Z,store,west,USD,unknown_state,7.00,473.00,2026-01-25T01:35:00Z
orders-001197,OR-001197,RC-00297,not-a-timestamp,mobile,north,USD,refunded,1.00,473.00,2026-01-25T02:04:00Z
orders-001198,OR-001198,RC-ORPHAN,2026-01-25T02:33:00Z,mobile,west,USD,refunded,7.00,396.00,2026-01-25T02:33:00Z
orders-001199,OR-001199,RC-00299,2026-01-25T03:02:00Z,mobile,south,USD,refunded,10.00,462.00,2026-01-25T03:02:00Z
orders-001200,OR-001199,RC-00300,2026-01-25T03:31:00Z,web,east,USD,completed,13.00,216.00,2026-01-25T03:31:00Z
